gene_id,source,candidate_target
A2M,go,False
A2M-AS1,go,False
A2ML1,go,False
AASS,go,False
AATBC,go,False
ABAT,go,False
ABC11-4932300O16.1,go,False
ABC12-49244600F4.4,go,False
ABCA1,go,False
ABCA13,go,False
ABCA4,go,False
ABCA5,go,False
ABCA6,go,False
ABCA9,go,False
ABCB1,go,False
ABCB11,go,False
ABCG2,go,False
ABHD1,go,False
ABHD11-AS1,go,False
ABHD12B,go,False
ABHD17C,go,False
ABHD4,go,False
ABI3BP,go,False
ABLIM1,go,False
ABLIM2,go,False
ABLIM3,go,False
ABTB1,go,False
AC002117.1,go,False
AC002331.1,go,False
AC002451.3,go,False
AC002456.2,go,False
AC002463.3,go,False
AC002511.2,go,False
AC003088.1,go,False
AC003092.1,go,False
AC003101.1,go,False
AC004051.2,go,False
AC004156.3,go,False
AC004158.3,go,False
AC004221.2,go,False
AC004490.1,go,False
AC004540.4,go,False
AC004540.5,go,False
AC004593.3,go,False
AC004702.2,go,False
AC004754.3,go,False
AC004791.2,go,False
AC004824.2,go,False
AC004878.8,go,False
AC004895.4,go,False
AC005009.1,go,False
AC005150.1,go,False
AC005197.2,go,False
AC005264.2,go,False
AC005281.2,go,False
AC005330.2,go,False
AC005477.1,go,False
AC005481.5,go,False
AC005540.3,go,False
AC005592.1,go,False
AC005616.2,go,False
AC005618.6,go,False
AC005754.8,go,False
AC005808.3,go,False
AC005932.1,go,False
AC005954.4,go,False
AC006042.7,go,False
AC006126.3,go,False
AC006129.2,go,False
AC006262.4,go,False
AC006262.5,go,False
AC006273.5,go,False
AC006378.2,go,False
AC006449.2,go,False
AC006547.15,go,False
AC006942.4,go,False
AC007038.7,go,False
AC007064.24,go,False
AC007131.1,go,False
AC007192.6,go,False
AC007193.6,go,False
AC007193.8,go,False
AC007193.9,go,False
AC007246.3,go,False
AC007277.3,go,False
AC007392.3,go,False
AC007556.3,go,False
AC007787.2,go,False
AC007879.2,go,False
AC007880.1,go,False
AC007950.1,go,False
AC008060.5,go,False
AC008592.7,go,False
AC009133.17,go,False
AC009410.1,go,False
AC009501.4,go,False
AC009506.1,go,False
AC010226.4,go,False
AC010525.4,go,False
AC010649.1,go,False
AC010746.3,go,False
AC010761.14,go,False
AC010761.6,go,False
AC010884.1,go,False
AC010983.1,go,False
AC011290.4,go,False
AC011298.2,go,False
AC011747.6,go,False
AC011893.3,go,False
AC011899.9,go,False
AC012314.20,go,False
AC012354.6,go,False
AC012442.6,go,False
AC012499.1,go,False
AC012507.3,go,False
AC012594.1,go,False
AC015691.13,go,False
AC015849.2,go,False
AC016629.3,go,False
AC016723.4,go,False
AC016735.2,go,False
AC016745.3,go,False
AC016907.3,go,False
AC017002.4,go,False
AC017028.10,go,False
AC017074.2,go,False
AC018737.3,go,False
AC018816.3,go,False
AC018878.3,go,False
AC020571.3,go,False
AC020594.5,go,False
AC020743.2,go,False
AC022007.5,go,False
AC022182.1,go,False
AC022182.3,go,False
AC023491.2,go,False
AC023590.1,go,False
AC024560.2,go,False
AC024592.9,go,False
AC024704.2,go,False
AC026150.8,go,False
AC026188.1,go,False
AC026202.3,go,False
AC034228.2,go,False
AC034228.4,go,False
AC058791.1,go,False
AC061992.2,go,False
AC064834.2,go,False
AC068831.15,go,False
AC073046.25,go,False
AC073133.2,go,False
AC073342.12,go,False
AC073834.3,go,False
AC073957.15,go,False
AC074289.1,go,False
AC078883.3,go,False
AC078941.1,go,False
AC079354.3,go,False
AC079466.1,go,False
AC079767.4,go,False
AC079807.4,go,False
AC090154.1,go,False
AC090505.4,go,False
AC091633.3,go,False
AC091814.3,go,False
AC092155.4,go,False
AC092159.2,go,False
AC092171.2,go,False
AC092431.3,go,False
AC092667.2,go,False
AC092835.2,go,False
AC092839.4,go,False
AC093074.1,go,False
AC093375.1,go,False
AC093609.1,go,False
AC093673.5,go,False
AC098820.4,go,False
AC098823.3,go,False
AC098973.2,go,False
AC099850.1,go,False
AC102953.4,go,False
AC104532.2,go,False
AC104534.2,go,False
AC104653.1,go,False
AC104654.2,go,False
AC104667.3,go,False
AC105052.2,go,False
AC105760.3,go,False
AC106900.6,go,False
AC108004.3,go,False
AC108051.3,go,False
AC108142.1,go,False
AC108868.6,go,False
AC109333.10,go,False
AC110781.3,go,False
AC114803.3,go,False
AC123023.1,go,False
AC124944.3,go,False
AC124944.5,go,False
AC131056.3,go,False
AC133633.2,go,False
AC136616.1,go,False
AC137932.4,go,False
AC138035.2,go,False
AC139099.6,go,False
AC139100.3,go,False
AC140725.4,go,False
AC142472.6,go,False
AC142528.1,go,False
AC144449.1,go,False
AC144568.2,go,False
AC144831.1,go,False
AC144831.3,go,False
AC145110.1,go,False
AC145343.2,go,False
AC195454.1,go,False
AC245100.1,go,False
ACAN,go,False
ACAP1,go,False
ACE,go,False
ACKR1,go,False
ACP5,go,False
ACPP,go,False
ACRBP,go,False
ACRC,go,False
ACSL5,go,False
ACSM1,go,False
ACSM5,go,False
ACTA2,go,False
ACTBL2,go,False
ACTC1,go,False
ACTL10,go,False
ACVRL1,go,False
AD000671.6,go,False
ADAM19,go,False
ADAM20,go,False
ADAM20P1,go,False
ADAM28,go,False
ADAM29,go,False
ADAM8,go,False
ADAMTS13,go,False
ADAMTS4,go,False
ADAMTS8,go,False
ADAP1,go,False
ADAP2,go,False
ADCK1,go,False
ADCY2,go,False
ADCY4,go,False
ADGB,go,False
ADGRD1,go,False
ADGRE1,go,False
ADGRE2,go,False
ADGRE3,go,False
ADGRE5,go,False
ADGRF1,go,False
ADGRF4,go,False
ADGRG1,go,False
ADGRG2,go,False
ADGRG3,go,False
ADGRG5,go,False
ADH1B,go,False
ADH6,go,False
ADHFE1,go,False
ADIRF,go,False
ADM,go,False
ADORA2A-AS1,go,False
ADORA3,go,False
ADPGK-AS1,go,False
ADRA2B,go,False
ADRB1,go,False
ADRB2,go,False
ADRB3,go,False
ADRBK2,go,False
AE000662.92,go,False
AF011889.2,go,False
AF064858.6,go,False
AF124730.4,go,False
AF127577.8,go,False
AF127936.3,go,False
AF127936.5,go,False
AF127936.7,go,False
AF146191.4,go,False
AF196970.3,go,False
AF240627.2,go,False
AGBL2,go,False
AGBL5-AS1,go,False
AGRP,go,False
AGXT,go,False
AIM1,go,False
AIPL1,go,False
AJ003147.8,go,False
AJ011932.1,go,False
AK8,go,False
AKAP12,go,False
AKAP3,go,False
AKR1B1,go,False
AKR1C4,go,False
AKT3,go,False
AL035610.2,go,False
AL136097.1,go,False
AL157902.3,go,False
AL357140.1,go,False
AL513523.2,go,False
ALCAM,go,False
ALDH1L1,go,False
ALDH3A2,go,False
ALDH3B1,go,False
ALDH3B2,go,False
ALDH7A1,go,False
ALDH8A1,go,False
ALLC,go,False
ALOX12,go,False
ALOX15,go,False
ALOX15B,go,False
ALOX5,go,False
ALOX5AP,go,False
ALPK1,go,False
ALPK2,go,False
ALS2CL,go,False
ALS2CR11,go,False
ALS2CR12,go,False
AMBN,go,False
AMDHD1,go,False
AMER3,go,False
AMIGO2,go,False
AMPH,go,False
ANGPT2,go,False
ANGPTL1,go,False
ANGPTL3,go,False
ANGPTL4,go,False
ANGPTL8,go,False
ANK2,go,False
ANKFN1,go,False
ANKK1,go,False
ANKRD22,go,False
ANKRD30A,go,False
ANKRD33,go,False
ANKRD35,go,False
ANKRD44,go,False
ANKRD55,go,False
ANKRD61,go,False
ANKRD62,go,False
ANKRD65,go,False
ANKRD7,go,False
ANKS4B,go,False
ANKUB1,go,False
AP000295.10,go,False
AP000302.58,go,False
AP000438.2,go,False
AP000654.4,go,False
AP000688.29,go,False
AP000695.4,go,False
AP000695.6,go,False
AP000708.1,go,False
AP000769.1,go,False
AP000936.4,go,False
AP001046.5,go,False
AP001046.6,go,False
AP001055.6,go,False
AP001059.5,go,False
AP001059.7,go,False
AP001171.1,go,False
AP001189.4,go,False
AP001258.4,go,False
AP001626.1,go,False
AP001626.2,go,False
AP003068.23,go,False
AP003774.1,go,False
AP006621.8,go,False
APBB1IP,go,False
APCDD1,go,False
APOBEC2,go,False
APOBEC3A,go,False
APOBEC3D,go,False
APOBEC3H,go,False
APOC1,go,False
APOC3,go,False
APOC4,go,False
APOC4-APOC2,go,False
APOD,go,False
APOF,go,False
APOL1,go,False
APOL3,go,False
APOL4,go,False
APOL6,go,False
APP,go,False
AQP1,go,False
AQP11,go,False
AQP12B,go,False
AQP2,go,False
AQP6,go,False
AQP8,go,False
ARAP1-AS1,go,False
ARAP2,go,False
ARAP3,go,False
ARC,go,False
ARHGAP30,go,False
ARHGAP42,go,False
ARHGAP9,go,False
ARHGEF17,go,False
ARHGEF26,go,False
ARHGEF28,go,False
ARHGEF33,go,False
ARIH2OS,go,False
ARL5C,go,False
ARPIN,go,False
ARPP21,go,False
ARSA,go,False
ARSB,go,False
ARSD,go,False
ARSG,go,False
ARSI,go,False
ART4,go,False
ASAP2,go,False
ASB4,go,False
ASB9,go,False
ASGR2,go,False
ASIP,go,False
ASPA,go,False
ASPHD1,go,False
ATCAY,go,False
ATE1-AS1,go,False
ATG16L2,go,False
ATP10D,go,False
ATP1A4,go,False
ATP1B1,go,False
ATP1B2,go,False
ATP1B4,go,False
ATP2B4,go,False
ATP6V1B1,go,False
ATP6V1G2-DDX39B,go,False
ATP8A1,go,False
ATP8A2,go,False
ATP8B4,go,False
ATP9A,go,False
AVP,go,False
AZU1,go,False
B3GALT4,go,False
B3GAT1,go,False
B3GNT8,go,False
B4GALNT2,go,False
BAALC,go,False
BAIAP2-AS1,go,False
BANCR,go,False
BARX1-AS1,go,False
BBS12,go,False
BCL2A1,go,False
BCL3,go,False
BCYRN1,go,False
BDNF-AS,go,False
BEND2,go,False
BFSP2,go,False
BFSP2-AS1,go,False
BIN2,go,False
BIRC3,go,False
BIRC7,go,False
BIRC8,go,False
BISPR,go,False
BLNK,go,False
BMF,go,False
BMP10,go,False
BMP7,go,False
BMP8A,go,False
BMS1P14,go,False
BMX,go,False
BNIPL,go,False
BPI,go,False
BPIFB1,go,False
BPIFC,go,False
BSN-AS2,go,False
BSND,go,False
BTBD16,go,False
BTBD19,go,False
BTBD8,go,False
BTLA,go,False
BTNL8,go,False
BZRAP1-AS1,go,False
C10orf10,go,False
C10orf11,go,False
C10orf126,go,False
C10orf53,go,False
C10orf54,go,False
C10orf90,go,False
C11orf21,go,False
C11orf63,go,False
C11orf70,go,False
C11orf96,go,False
C12orf54,go,False
C12orf56,go,False
C12orf77,go,False
C14orf105,go,False
C14orf180,go,False
C14orf37,go,False
C15orf43,go,False
C15orf53,go,False
C16orf45,go,False
C16orf54,go,False
C16orf89,go,False
C17orf64,go,False
C19orf33,go,False
C19orf35,go,False
C19orf38,go,False
C1QB,go,False
C1QTNF1-AS1,go,False
C1QTNF3-AMACR,go,False
C1orf127,go,False
C1orf132,go,False
C1orf140,go,False
C1orf141,go,False
C1orf162,go,False
C1orf186,go,False
C1orf194,go,False
C1orf204,go,False
C1orf210,go,False
C1orf228,go,False
C2,go,False
C20orf141,go,False
C20orf194,go,False
C20orf197,go,False
C20orf202,go,False
C21orf58,go,False
C21orf62-AS1,go,False
C22orf15,go,False
C2CD4D,go,False
C2orf66,go,False
C2orf78,go,False
C2orf91,go,False
C3,go,False
C3AR1,go,False
C3orf49,go,False
C4orf19,go,False
C4orf22,go,False
C4orf26,go,False
C4orf45,go,False
C6orf1,go,False
C6orf223,go,False
C6orf48,go,False
C7orf25,go,False
C7orf60,go,False
C7orf61,go,False
C7orf77,go,False
C8orf22,go,False
C8orf4,go,False
C8orf46,go,False
C8orf49,go,False
C8orf74,go,False
C8orf86,go,False
C8orf89,go,False
C9orf106,go,False
C9orf139,go,False
C9orf173,go,False
C9orf50,go,False
CA2,go,False
CA4,go,False
CA6,go,False
CABP4,go,False
CACNA1A,go,False
CACNA1C-AS2,go,False
CACNA1D,go,False
CACNA1E,go,False
CACNA1G,go,False
CACNA1S,go,False
CACNA2D4,go,False
CACNG3,go,False
CACNG8,go,False
CADM2,go,False
CALCR,go,False
CALHM1,go,False
CALHM3,go,False
CALML6,go,False
CALY,go,False
CAMK1D,go,False
CAMK2A,go,False
CAMK2D,go,False
CAMP,go,False
CAPN3,go,False
CAPN9,go,False
CARD16,go,False
CARD8-AS1,go,False
CARMN,go,False
CARTPT,go,False
CASC15,go,False
CASC16,go,False
CASC8,go,False
CASC9,go,False
CASP1,go,False
CASP4,go,False
CASQ1,go,False
CATSPER1,go,False
CATSPERD,go,False
CATSPERG,go,False
CAV1,go,False
CBLB,go,False
CBR3,go,False
CCDC122,go,False
CCDC141,go,False
CCDC144A,go,False
CCDC146,go,False
CCDC148,go,False
CCDC149,go,False
CCDC152,go,False
CCDC157,go,False
CCDC159,go,False
CCDC173,go,False
CCDC177,go,False
CCDC183,go,False
CCDC189,go,False
CCDC190,go,False
CCDC30,go,False
CCDC60,go,False
CCDC64B,go,False
CCDC70,go,False
CCDC74B,go,False
CCDC80,go,False
CCDC87,go,False
CCL16,go,False
CCL2,go,False
CCL22,go,False
CCL3,go,False
CCL3L3,go,False
CCL4,go,False
CCL4L2,go,False
CCL5,go,False
CCM2L,go,False
CCNG2,go,False
CCNJL,go,False
CCR1,go,False
CCR4,go,False
CCR7,go,False
CCR9,go,False
CCRL2,go,False
CD101,go,False
CD14,go,False
CD160,go,False
CD180,go,False
CD2,go,False
CD200R1L,go,False
CD209,go,False
CD24,go,False
CD244,go,False
CD248,go,False
CD28,go,False
CD300A,go,False
CD300LF,go,False
CD300LG,go,False
CD36,go,False
CD37,go,False
CD3G,go,False
CD4,go,False
CD44,go,False
CD48,go,False
CD70,go,False
CD72,go,False
CD74,go,False
CD82,go,False
CD84,go,False
CD86,go,False
CD93,go,False
CDC20B,go,False
CDC42EP5,go,False
CDCP1,go,False
CDH15,go,False
CDHR4,go,False
CDHR5,go,False
CDK14,go,False
CDK15,go,False
CDK18,go,False
CDK20,go,False
CDK5R2,go,False
CDKL5,go,False
CDRT4,go,False
CDSN,go,False
CEACAM1,go,False
CEACAM18,go,False
CEACAM20,go,False
CECR1,go,False
CECR5-AS1,go,False
CELA1,go,False
CELA2A,go,False
CELA2B,go,False
CELA3A,go,False
CELF3,go,False
CELF4,go,False
CENPU,go,False
CERS3,go,False
CES4A,go,False
CFAP126,go,False
CFAP46,go,False
CFAP52,go,False
CFAP53,go,False
CFAP57,go,False
CFAP58-AS1,go,False
CFAP70,go,False
CFHR3,go,False
CFHR5,go,False
CFLAR,go,False
CFLAR-AS1,go,False
CFP,go,False
CGA,go,False
CH17-125A10.2,go,False
CH17-189H20.1,go,False
CH17-340M24.3,go,False
CH17-353B19.1,go,False
CH507-216K13.2,go,False
CH507-42P11.5,go,False
CH507-513H4.1,go,False
CH507-528H12.1,go,False
CHD5,go,False
CHGB,go,False
CHIT1,go,False
CHRDL2,go,False
CHRFAM7A,go,False
CHRM5,go,False
CHRNA2,go,False
CHRNA3,go,False
CHRNA6,go,False
CHRNA9,go,False
CHRNE,go,False
CHRNG,go,False
CHST15,go,False
CHST3,go,False
CHST8,go,False
CIB3,go,False
CIDEB,go,False
CITED4,go,False
CITF22-49E9.3,go,False
CKAP4,go,False
CKM,go,False
CKMT2,go,False
CLC,go,False
CLDN14,go,False
CLDN18,go,False
CLDN19,go,False
CLDN4,go,False
CLDN9,go,False
CLEC10A,go,False
CLEC3B,go,False
CLEC4A,go,False
CLEC4D,go,False
CLEC4E,go,False
CLEC4G,go,False
CLEC4M,go,False
CLEC6A,go,False
CLIC3,go,False
CLIP2,go,False
CLLU1,go,False
CLNK,go,False
CLSTN2,go,False
CMB9-22P13.1,go,False
CMTM2,go,False
CMTM5,go,False
CMYA5,go,False
CNDP1,go,False
CNGB1,go,False
CNGB3,go,False
CNNM1,go,False
CNR2,go,False
CNTD2,go,False
CNTLN,go,False
CNTN2,go,False
CNTN5,go,False
COL14A1,go,False
COL15A1,go,False
COL18A1-AS1,go,False
COL18A1-AS2,go,False
COL21A1,go,False
COL24A1,go,False
COL27A1,go,False
COL6A1,go,False
COL6A3,go,False
COL6A5,go,False
COL8A1,go,False
COL9A2,go,False
COL9A3,go,False
COLCA1,go,False
COLQ,go,False
CORO6,go,False
COX4I2,go,False
COX6A2,go,False
CP,go,False
CPE,go,False
CPEB1-AS1,go,False
CPEB2-AS1,go,False
CPN2,go,False
CPNE5,go,False
CPO,go,False
CPZ,go,False
CR1,go,False
CRABP2,go,False
CRAT37,go,False
CRB1,go,False
CREBRF,go,False
CRHBP,go,False
CRHR2,go,False
CRISP2,go,False
CRISP3,go,False
CRISPLD2,go,False
CRLF2,go,False
CRTAC1,go,False
CRYBA2,go,False
CRYL1,go,False
CSF1R,go,False
CSF2,go,False
CSF2RA,go,False
CSF3R,go,False
CSMD3,go,False
CSNK1G2-AS1,go,False
CSRP3,go,False
CST1,go,False
CST7,go,False
CST9L,go,False
CSTA,go,False
CT45A1,go,False
CT45A3,go,False
CTA-212A2.4,go,False
CTA-221G9.12,go,False
CTA-228A9.3,go,False
CTA-228A9.4,go,False
CTA-243E7.4,go,False
CTA-268H5.14,go,False
CTA-305I2.1,go,False
CTA-31J9.2,go,False
CTA-373H7.7,go,False
CTA-384D8.34,go,False
CTA-384D8.35,go,False
CTA-390C10.9,go,False
CTA-407F11.7,go,False
CTA-992D9.11,go,False
CTB-113P19.5,go,False
CTB-114C7.4,go,False
CTB-118N6.2,go,False
CTB-118P15.2,go,False
CTB-127C13.1,go,False
CTB-133G6.1,go,False
CTB-133G6.2,go,False
CTB-138E5.1,go,False
CTB-13F3.1,go,False
CTB-161C1.1,go,False
CTB-175E5.7,go,False
CTB-178M22.2,go,False
CTB-179K24.3,go,False
CTB-186G2.1,go,False
CTB-35F21.5,go,False
CTB-47B11.3,go,False
CTB-49A3.5,go,False
CTB-50L17.16,go,False
CTB-55O6.12,go,False
CTB-58E17.9,go,False
CTB-60E11.9,go,False
CTB-61M7.2,go,False
CTB-92J24.3,go,False
CTBP1-AS,go,False
CTC-203F4.2,go,False
CTC-218B8.3,go,False
CTC-281F24.5,go,False
CTC-286N12.1,go,False
CTC-325J23.2,go,False
CTC-340A15.2,go,False
CTC-367J11.1,go,False
CTC-425F1.4,go,False
CTC-457L16.2,go,False
CTC-459M5.1,go,False
CTC-479C5.6,go,False
CTC-480C2.1,go,False
CTC-490E21.10,go,False
CTC-490E21.12,go,False
CTC-490E21.14,go,False
CTC-492K19.4,go,False
CTC-493L21.1,go,False
CTC-510F12.2,go,False
CTC-548K16.1,go,False
CTC-573N18.1,go,False
CTC-806A22.1,go,False
CTD-2008P7.1,go,False
CTD-2008P7.8,go,False
CTD-2012K14.6,go,False
CTD-2013N17.4,go,False
CTD-2015H3.1,go,False
CTD-2017C7.2,go,False
CTD-2017F17.1,go,False
CTD-2020K17.1,go,False
CTD-2021H9.2,go,False
CTD-2026D20.2,go,False
CTD-2026K11.4,go,False
CTD-2031P19.5,go,False
CTD-2035E11.3,go,False
CTD-2035E11.5,go,False
CTD-2036A18.2,go,False
CTD-2081C10.1,go,False
CTD-2083E4.6,go,False
CTD-2089N3.2,go,False
CTD-2091N23.1,go,False
CTD-2135D7.2,go,False
CTD-2135D7.5,go,False
CTD-2154B17.1,go,False
CTD-2176I21.2,go,False
CTD-2184C24.2,go,False
CTD-2184D3.7,go,False
CTD-2189E23.1,go,False
CTD-2196E14.5,go,False
CTD-2210P24.6,go,False
CTD-2213F21.3,go,False
CTD-2228A4.1,go,False
CTD-2231E14.8,go,False
CTD-2231H16.1,go,False
CTD-2246P4.1,go,False
CTD-2256P15.5,go,False
CTD-2260A17.1,go,False
CTD-2260A17.3,go,False
CTD-2288O8.1,go,False
CTD-2296D1.5,go,False
CTD-2302E22.4,go,False
CTD-2311M21.3,go,False
CTD-2314B22.1,go,False
CTD-2319I12.2,go,False
CTD-2325A15.5,go,False
CTD-2329C7.2,go,False
CTD-2330K9.3,go,False
CTD-2336O2.3,go,False
CTD-2337A12.1,go,False
CTD-2358C21.5,go,False
CTD-2377D24.6,go,False
CTD-2378E12.1,go,False
CTD-2501B8.1,go,False
CTD-2503O16.4,go,False
CTD-2507G9.1,go,False
CTD-2517M22.17,go,False
CTD-2521M24.8,go,False
CTD-2525I3.3,go,False
CTD-2525I3.6,go,False
CTD-2527I21.14,go,False
CTD-2527I21.7,go,False
CTD-2528A14.3,go,False
CTD-2530H12.4,go,False
CTD-2540B15.11,go,False
CTD-2540M10.1,go,False
CTD-2545H1.2,go,False
CTD-2545M3.8,go,False
CTD-2555O16.1,go,False
CTD-2562J15.4,go,False
CTD-2562J15.6,go,False
CTD-2566J3.1,go,False
CTD-2568A17.8,go,False
CTD-2589M5.4,go,False
CTD-2600O9.1,go,False
CTD-2616J11.16,go,False
CTD-2616J11.3,go,False
CTD-2616J11.9,go,False
CTD-2619J13.13,go,False
CTD-2623N2.5,go,False
CTD-2631K10.1,go,False
CTD-2639E6.9,go,False
CTD-2647E9.3,go,False
CTD-2653M23.3,go,False
CTD-2655K5.1,go,False
CTD-2666L21.1,go,False
CTD-3012A18.1,go,False
CTD-3032J10.3,go,False
CTD-3035K23.6,go,False
CTD-3037G24.4,go,False
CTD-3051D23.1,go,False
CTD-3064H18.4,go,False
CTD-3064M3.7,go,False
CTD-3065B20.3,go,False
CTD-3075F15.1,go,False
CTD-3076O17.1,go,False
CTD-3080P12.3,go,False
CTD-3126B10.4,go,False
CTD-3131K8.3,go,False
CTD-3149D2.4,go,False
CTD-3154N5.1,go,False
CTD-3154N5.2,go,False
CTD-3193K9.4,go,False
CTD-3193O13.1,go,False
CTD-3193O13.11,go,False
CTD-3193O13.13,go,False
CTD-3194G12.2,go,False
CTD-3195I5.3,go,False
CTD-3222D19.8,go,False
CTD-3252C9.4,go,False
CTNNA2,go,False
CTNNB1,go,False
CTSE,go,False
CTSK,go,False
CTSO,go,False
CTSW,go,False
CTTNBP2,go,False
CUBN,go,False
CXCL10,go,False
CXCL8,go,False
CXCR2,go,False
CXCR4,go,False
CXorf21,go,False
CXorf36,go,False
CYBA,go,False
CYBB,go,False
CYFIP2,go,False
CYP11A1,go,False
CYP19A1,go,False
CYP1A1,go,False
CYP1B1,go,False
CYP1B1-AS1,go,False
CYP27C1,go,False
CYP2C18,go,False
CYP2W1,go,False
CYP39A1,go,False
CYP3A4,go,False
CYP4F12,go,False
CYP4F3,go,False
CYP4F35P,go,False
CYSLTR1,go,False
CYSLTR2,go,False
CYTH4,go,False
CYTIP,go,False
CYTL1,go,False
DAAM2,go,False
DACT3,go,False
DAPK2,go,False
DAPP1,go,False
DCC,go,False
DCDC2B,go,False
DCLK3,go,False
DCN,go,False
DCST1,go,False
DDC,go,False
DDX4,go,False
DDX58,go,False
DDX60L,go,False
DEFB123,go,False
DENND1C,go,False
DENND2A,go,False
DENND3,go,False
DFNA5,go,False
DGKB,go,False
DGKG,go,False
DGKI,go,False
DHRS9,go,False
DHX58,go,False
DICER1-AS1,go,False
DKFZp779M0652,go,False
DKK3,go,False
DLEU7-AS1,go,False
DLGAP1-AS1,go,False
DLK1,go,False
DLL1,go,False
DNAAF1,go,False
DNAH10OS,go,False
DNAH2,go,False
DNAH9,go,False
DNAI2,go,False
DNAJB2,go,False
DNAJC15,go,False
DNAJC22,go,False
DNAJC28,go,False
DNAJC3-AS1,go,False
DNAJC5G,go,False
DNASE1,go,False
DNASE1L3,go,False
DNASE2B,go,False
DNM1P35,go,False
DNMBP-AS1,go,False
DNMT3L,go,False
DOK7,go,False
DOPEY2,go,False
DPCR1,go,False
DPEP2,go,False
DPP6,go,False
DPYS,go,False
DQX1,go,False
DRAXIN,go,False
DRC1,go,False
DRC7,go,False
DSC1,go,False
DSC3,go,False
DSCAM,go,False
DSCAS,go,False
DSCR8,go,False
DSE,go,False
DSG1-AS1,go,False
DSPP,go,False
DTX3,go,False
DUOXA1,go,False
DUOXA2,go,False
DUSP15,go,False
DUSP18,go,False
DUSP26,go,False
DUSP5,go,False
DUSP8,go,False
DYNC1I1,go,False
DYNLRB2,go,False
EAF1-AS1,go,False
EBI3,go,False
EDRF1-AS1,go,False
EFCAB12,go,False
EFEMP2,go,False
EFHC1,go,False
EFNB2,go,False
EGOT,go,False
ELANE,go,False
ELFN1,go,False
ELMOD1,go,False
EML6,go,False
EMP1,go,False
EMX2OS,go,False
ENAM,go,False
ENG,go,False
ENO4,go,False
ENPEP,go,False
ENPP5,go,False
ENPP6,go,False
ENTPD1,go,False
ENTPD8,go,False
EPB42,go,False
EPHB1,go,False
EPN3,go,False
EPS8,go,False
EPS8L3,go,False
EPSTI1,go,False
EPX,go,False
ERAP2,go,False
ERAS,go,False
ERMN,go,False
ERN2,go,False
ERO1B,go,False
ERP27,go,False
ERV3-1,go,False
ERVFRD-1,go,False
ERVH-1,go,False
EVA1A,go,False
EVC,go,False
EVI2A,go,False
EVI2B,go,False
EWSAT1,go,False
EXTL1,go,False
EYA4,go,False
EYS,go,False
F10-AS1,go,False
F13B,go,False
F2RL2,go,False
F3,go,False
FAAH,go,False
FABP2,go,False
FABP3,go,False
FABP7,go,False
FAIM2,go,False
FAM101B,go,False
FAM107A,go,False
FAM107B,go,False
FAM124A,go,False
FAM129A,go,False
FAM131A,go,False
FAM131B,go,False
FAM134B,go,False
FAM135B,go,False
FAM153B,go,False
FAM159A,go,False
FAM161B,go,False
FAM166B,go,False
FAM167A,go,False
FAM167B,go,False
FAM169A,go,False
FAM171B,go,False
FAM177B,go,False
FAM178B,go,False
FAM180B,go,False
FAM183A,go,False
FAM184B,go,False
FAM189A1,go,False
FAM19A2,go,False
FAM209A,go,False
FAM20A,go,False
FAM212B,go,False
FAM214B,go,False
FAM217A,go,False
FAM221B,go,False
FAM225B,go,False
FAM228B,go,False
FAM234A,go,False
FAM26F,go,False
FAM43A,go,False
FAM45A,go,False
FAM46A,go,False
FAM46C,go,False
FAM49A,go,False
FAM53B-AS1,go,False
FAM63A,go,False
FAM65B,go,False
FAM71B,go,False
FAM74A6,go,False
FAM74A7,go,False
FAM83E,go,False
FAM83F,go,False
FAM84B,go,False
FAM89A,go,False
FAM92B,go,False
FAM9C,go,False
FANCD2OS,go,False
FARP1-AS1,go,False
FAS,go,False
FAT4,go,False
FBLN1,go,False
FBLN2,go,False
FBN2,go,False
FBN3,go,False
FBP1,go,False
FBXO32,go,False
FBXO39,go,False
FBXO43,go,False
FBXW10,go,False
FCER2,go,False
FCGBP,go,False
FCGR1A,go,False
FCGR1B,go,False
FCGR2B,go,False
FCGR3A,go,False
FCMR,go,False
FCN1,go,False
FCRL2,go,False
FCRLA,go,False
FENDRR,go,False
FEZF1-AS1,go,False
FFAR2,go,False
FFAR4,go,False
FGD2,go,False
FGD3,go,False
FGD5,go,False
FGF19,go,False
FGF23,go,False
FGFBP1,go,False
FGFBP2,go,False
FGFR2,go,False
FGR,go,False
FHL1,go,False
FHOD3,go,False
FILIP1L,go,False
FLJ12825,go,False
FLJ27354,go,False
FLJ36000,go,False
FLJ42969,go,False
FLRT2,go,False
FLT1,go,False
FLT3LG,go,False
FMO1,go,False
FMO5,go,False
FMOD,go,False
FNDC7,go,False
FOLR1,go,False
FPGT-TNNI3K,go,False
FPR1,go,False
FRG2C,go,False
FRK,go,False
FRMD4B,go,False
FRMD7,go,False
FRMPD3,go,False
FRRS1L,go,False
FRY,go,False
FRZB,go,False
FSIP2,go,False
FSIP2-AS1,go,False
FST,go,False
FSTL1,go,False
FSTL4,go,False
FTCD-AS1,go,False
FTX,go,False
FUT2,go,False
FUT7,go,False
FUZ,go,False
FXYD4,go,False
FXYD6,go,False
FYB,go,False
FZD6,go,False
FZD7,go,False
GAB3,go,False
GABPB1-AS1,go,False
GABPB2,go,False
GABRA2,go,False
GABRG2,go,False
GABRP,go,False
GABRQ,go,False
GADD45B,go,False
GADD45G,go,False
GAGE12J,go,False
GALNT3,go,False
GALNT9,go,False
GALNTL6,go,False
GAPLINC,go,False
GAPT,go,False
GAS1,go,False
GAS2,go,False
GAS7,go,False
GAST,go,False
GATC,go,False
GATS,go,False
GATSL3,go,False
GBP1,go,False
GBP2,go,False
GBP3,go,False
GCA,go,False
GCGR,go,False
GCNT2,go,False
GDNF,go,False
GFAP,go,False
GGN,go,False
GGT5,go,False
GGT6,go,False
GH1,go,False
GH2,go,False
GHET1,go,False
GHRL,go,False
GIMAP2,go,False
GIMAP7,go,False
GIMAP8,go,False
GIP,go,False
GIPC2,go,False
GKN2,go,False
GLIPR1,go,False
GLRB,go,False
GLT8D2,go,False
GLYAT,go,False
GNA14,go,False
GNAI1,go,False
GNB5,go,False
GNG2,go,False
GNG8,go,False
GNGT2,go,False
GNRH2,go,False
GOLGA6L1,go,False
GOLGA6L22,go,False
GOLGA8N,go,False
GOLGA8Q,go,False
GOLT1A,go,False
GPAT3,go,False
GPBAR1,go,False
GPC1,go,False
GPHA2,go,False
GPR12,go,False
GPR132,go,False
GPR153,go,False
GPR157,go,False
GPR183,go,False
GPR20,go,False
GPR21,go,False
GPR34,go,False
GPR35,go,False
GPR39,go,False
GPR52,go,False
GPR65,go,False
GPR82,go,False
GPR84,go,False
GPR85,go,False
GPR88,go,False
GPX2,go,False
GPX6,go,False
GPX7,go,False
GRAMD3,go,False
GRAP,go,False
GRAPL,go,False
GRIK1,go,False
GRIK1-AS1,go,False
GRIK5,go,False
GRIN3A,go,False
GRIP2,go,False
GRK7,go,False
GRM3,go,False
GRM4,go,False
GRM5-AS1,go,False
GRM6,go,False
GRM7,go,False
GRTP1-AS1,go,False
GS1-124K5.11,go,False
GS1-279B7.1,go,False
GS1-304P7.3,go,False
GSDMB,go,False
GSG1,go,False
GSN-AS1,go,False
GSTA1,go,False
GSTM2,go,False
GSTT2B,go,False
GTSF1L,go,False
GUCA2A,go,False
GUCA2B,go,False
GUCY2D,go,False
GZMB,go,False
H1F0,go,False
H1FNT,go,False
H2BFWT,go,False
H6PD,go,False
HAAO,go,False
HAL,go,False
HAMP,go,False
HAP1,go,False
HAS1,go,False
HAVCR2,go,False
HBA1,go,False
HBB,go,False
HCAR2,go,False
HCG22,go,False
HCG9,go,False
HCK,go,False
HCN1,go,False
HCST,go,False
HDC,go,False
HEATR9,go,False
HECW2,go,False
HELZ2,go,False
HEPACAM2,go,False
HEPHL1,go,False
HERC5,go,False
HERC6,go,False
HFE2,go,False
HHIPL1,go,False
HID1,go,False
HIF1A-AS1,go,False
HIF1A-AS2,go,False
HIGD2B,go,False
HIP1,go,False
HIPK1-AS1,go,False
HIPK4,go,False
HK3,go,False
HLA-A,go,False
HLA-DMB,go,False
HLA-DOA,go,False
HLA-DPA1,go,False
HLA-DPB1,go,False
HLA-DQA1,go,False
HLA-DRA,go,False
HLA-DRB1,go,False
HLA-F,go,False
HMCN2,go,False
HMGA1P4,go,False
HMOX1,go,False
HMP19,go,False
HN1,go,False
HNMT,go,False
HOGA1,go,False
HOTAIRM1,go,False
HOTTIP,go,False
HOXB-AS1,go,False
HOXB-AS3,go,False
HOXB-AS4,go,False
HP,go,False
HP09025,go,False
HPGD,go,False
HPGDS,go,False
HPN,go,False
HPSE,go,False
HPSE2,go,False
HRASLS2,go,False
HRASLS5,go,False
HRH4,go,False
HS3ST6,go,False
HS6ST3,go,False
HSD17B14,go,False
HSD17B2,go,False
HSH2D,go,False
HSPA1A,go,False
HSPA2,go,False
HSPA6,go,False
HSPB8,go,False
HSPE1-MOB4,go,False
HTR3E-AS1,go,False
HTR7,go,False
HTRA4,go,False
HVCN1,go,False
HYDIN,go,False
IAPP,go,False
ICOSLG,go,False
ID2-AS1,go,False
IDNK,go,False
IER5L,go,True
IFFO1,go,False
IFI16,go,False
IFI44L,go,False
IFI6,go,False
IFIT1B,go,False
IFIT2,go,False
IFIT3,go,False
IFITM10,go,False
IFNL1,go,False
IGF2,go,False
IGFBP5,go,False
IGFBP6,go,False
IGFBP7,go,False
IGFL2,go,False
IGFL4,go,False
IGHEP2,go,False
IGHV2OR16-5,go,False
IGHV4-34,go,False
IGKC,go,False
IGLC6,go,False
IGLON5,go,False
IGSF23,go,False
IGSF6,go,False
IL10RA,go,False
IL10RB-AS1,go,False
IL11,go,False
IL16,go,False
IL17C,go,False
IL18,go,False
IL19,go,False
IL1B,go,False
IL1R2,go,False
IL1RN,go,False
IL20,go,False
IL21-AS1,go,False
IL21R,go,False
IL22RA1,go,False
IL22RA2,go,False
IL24,go,False
IL27,go,False
IL2RA,go,False
IL2RG,go,False
IL32,go,False
IL34,go,False
IL3RA,go,False
IL5RA,go,False
IL6,go,False
IL6R,go,False
IL6ST,go,False
IL9R,go,False
IMPG2,go,False
INADL,go,False
INHBA,go,False
INMT,go,False
INSL3,go,False
INSRR,go,False
INTS6-AS1,go,False
IP6K3,go,False
IPCEF1,go,False
IQCA1-AS1,go,False
IQCF2,go,False
IRGC,go,False
ISG20,go,False
ISLR2,go,False
ITFG1-AS1,go,False
ITGA3,go,False
ITGA4,go,False
ITGAL,go,False
ITGAM,go,False
ITGAX,go,False
ITGB2,go,False
ITGB2-AS1,go,False
ITGB7,go,False
ITGB8,go,False
ITIH4,go,False
ITIH5,go,False
ITK,go,False
ITLN1,go,False
ITLN2,go,False
ITPK1-AS1,go,False
ITPKB,go,False
ITPKB-AS1,go,False
ITPR1-AS1,go,False
ITPRIPL2,go,False
IZUMO4,go,False
JADE1,go,False
JAKMIP2,go,False
JAML,go,False
JAZF1-AS1,go,False
JCHAIN,go,False
JMJD1C-AS1,go,False
JMJD7-PLA2G4B,go,False
JPH4,go,False
KB-1125A3.12,go,False
KB-1410C5.5,go,False
KB-1507C5.4,go,False
KB-1732A1.1,go,False
KB-226F1.2,go,False
KB-431C1.5,go,False
KB-51A8.1,go,False
KC6,go,False
KCNAB1,go,False
KCNB2,go,False
KCNC1,go,False
KCNC3,go,False
KCNE4,go,False
KCNH1,go,False
KCNH3,go,False
KCNH6,go,False
KCNH7,go,False
KCNIP4,go,False
KCNJ13,go,False
KCNJ15,go,False
KCNJ3,go,False
KCNJ6,go,False
KCNK17,go,False
KCNK3,go,False
KCNK4,go,False
KCNK6,go,False
KCNMB1,go,False
KCNN2,go,False
KCNN3,go,False
KCNQ1,go,False
KCNQ1-AS1,go,False
KCNQ1DN,go,False
KCNQ1OT1,go,False
KCNT2,go,False
KCTD7,go,False
KDM6B,go,False
KIAA0101,go,False
KIAA0226L,go,False
KIAA0319,go,False
KIAA0930,go,False
KIAA1024L,go,False
KIAA1107,go,False
KIAA1211L,go,False
KIAA1456,go,False
KIAA1551,go,False
KIAA1683,go,False
KIAA1755,go,False
KIAA1804,go,True
KIAA2012,go,False
KIAA2022,go,False
KIF5C,go,False
KIF6,go,False
KIRREL3,go,False
KISS1,go,False
KIZ-AS1,go,False
KLB,go,False
KLHDC7B,go,False
KLHDC9,go,False
KLHL10,go,False
KLHL28,go,False
KLHL30,go,False
KLHL4,go,False
KLHL6-AS1,go,False
KLK11,go,False
KLK4,go,False
KLRB1,go,False
KLRC1,go,False
KLRC3,go,False
KMO,go,False
KNDC1,go,False
KRCC1,go,False
KRT14,go,False
KRT33B,go,False
KRT7,go,False
KRT79,go,False
KRT81,go,False
KRT86,go,False
KRTAP10-2,go,False
KRTAP5-11,go,False
KRTAP5-AS1,go,False
KRTAP9-9,go,False
KRTCAP3,go,False
KYNU,go,False
L3MBTL4-AS1,go,False
LA16c-306A4.1,go,False
LA16c-321D4.2,go,False
LA16c-349E10.1,go,False
LA16c-358B7.3,go,False
LA16c-360H6.3,go,False
LA16c-380H5.3,go,False
LA16c-390E6.4,go,False
LALBA,go,False
LAMA2,go,False
LAMC3,go,False
LARP6,go,False
LAX1,go,False
LCA5,go,False
LCK,go,False
LCMT1-AS2,go,False
LDB3,go,False
LDHC,go,False
LECT1,go,False
LEFTY1,go,False
LEFTY2,go,False
LEMD1,go,False
LGALS12,go,False
LGALS2,go,False
LGALS3,go,False
LGALS3BP,go,False
LGALS9,go,False
LGI2,go,False
LGI4,go,False
LGSN,go,False
LHX5-AS1,go,False
LIFR,go,False
LILRA1,go,False
LILRA2,go,False
LILRB1,go,False
LILRB2,go,False
LIMS3,go,False
LINC-PINT,go,False
LINC00028,go,False
LINC00202-1,go,False
LINC00202-2,go,False
LINC00266-1,go,False
LINC00290,go,False
LINC00294,go,False
LINC00304,go,False
LINC00315,go,False
LINC00319,go,False
LINC00327,go,False
LINC00334,go,False
LINC00337,go,False
LINC00346,go,False
LINC00370,go,False
LINC00379,go,False
LINC00427,go,False
LINC00431,go,False
LINC00437,go,False
LINC00449,go,False
LINC00460,go,False
LINC00461,go,False
LINC00462,go,False
LINC00467,go,False
LINC00479,go,False
LINC00487,go,False
LINC00500,go,False
LINC00504,go,False
LINC00507,go,False
LINC00520,go,False
LINC00539,go,False
LINC00540,go,False
LINC00545,go,False
LINC00548,go,False
LINC00565,go,False
LINC00571,go,False
LINC00574,go,False
LINC00577,go,False
LINC00578,go,False
LINC00620,go,False
LINC00626,go,False
LINC00629,go,False
LINC00635,go,False
LINC00637,go,False
LINC00645,go,False
LINC00649,go,False
LINC00656,go,False
LINC00659,go,False
LINC00664,go,False
LINC00665,go,False
LINC00672,go,False
LINC00685,go,False
LINC00691,go,False
LINC00694,go,False
LINC00858,go,False
LINC00862,go,False
LINC00868,go,False
LINC00871,go,False
LINC00877,go,False
LINC00886,go,False
LINC00891,go,False
LINC00893,go,False
LINC00895,go,False
LINC00898,go,False
LINC00910,go,False
LINC00921,go,False
LINC00936,go,False
LINC00939,go,False
LINC00944,go,False
LINC00957,go,False
LINC00996,go,False
LINC01003,go,False
LINC01010,go,False
LINC01032,go,False
LINC01063,go,False
LINC01091,go,False
LINC01094,go,False
LINC01118,go,False
LINC01124,go,False
LINC01127,go,False
LINC01137,go,False
LINC01139,go,False
LINC01140,go,False
LINC01146,go,False
LINC01151,go,False
LINC01163,go,False
LINC01170,go,False
LINC01202,go,False
LINC01205,go,False
LINC01213,go,False
LINC01220,go,False
LINC01226,go,False
LINC01227,go,False
LINC01249,go,False
LINC01252,go,False
LINC01254,go,False
LINC01267,go,False
LINC01269,go,False
LINC01272,go,False
LINC01281,go,False
LINC01297,go,False
LINC01305,go,False
LINC01320,go,False
LINC01322,go,False
LINC01338,go,False
LINC01342,go,False
LINC01348,go,False
LINC01352,go,False
LINC01353,go,False
LINC01356,go,False
LINC01358,go,False
LINC01376,go,False
LINC01378,go,False
LINC01393,go,False
LINC01395,go,False
LINC01402,go,False
LINC01420,go,False
LINC01422,go,False
LINC01429,go,False
LINC01433,go,False
LINC01435,go,False
LINC01436,go,False
LINC01441,go,False
LINC01473,go,False
LINC01476,go,False
LINC01480,go,False
LINC01483,go,False
LINC01484,go,False
LINC01505,go,False
LINC01511,go,False
LINC01514,go,False
LINC01537,go,False
LINC01550,go,False
LINC01556,go,False
LINC01562,go,False
LINC01583,go,False
LINC01607,go,False
LINC01618,go,False
LINC01625,go,False
LINC01626,go,False
LINGO1-AS1,go,False
LIPC,go,False
LIPG,go,False
LIX1,go,False
LL09NC01-139C3.1,go,False
LL22NC03-104C7.1,go,False
LLNLR-246C6.1,go,False
LLNLR-307A6.1,go,False
LMCD1,go,False
LMO4,go,False
LMO7DN,go,False
LMOD1,go,False
LMOD3,go,False
LNX1,go,False
LOR,go,False
LOXL2,go,False
LPAR2,go,False
LPAR4,go,False
LPAR5,go,False
LPAR6,go,False
LPXN,go,False
LRGUK,go,False
LRIG3,go,False
LRMP,go,False
LRP1,go,False
LRRC15,go,False
LRRC16A,go,False
LRRC17,go,False
LRRC25,go,False
LRRC36,go,False
LRRC39,go,False
LRRC43,go,False
LRRC55,go,False
LRRC71,go,False
LRRC74A,go,False
LRRC74B,go,False
LRRC75A,go,False
LRRTM4,go,False
LSAMP,go,False
LSAMP-AS1,go,False
LSP1,go,False
LTA,go,False
LTC4S,go,False
LUM,go,False
LVCAT1,go,False
LY6G5C,go,False
LY9,go,False
LY96,go,False
LYG2,go,False
LYPD3,go,False
LYPLAL1-AS1,go,False
LYRM9,go,False
LYSMD1,go,False
LYVE1,go,False
LYZL2,go,False
LYZL4,go,False
M1AP,go,False
MAB21L2,go,False
MAEL,go,False
MAGEA11,go,False
MALAT1,go,False
MAMDC2,go,False
MAOB,go,False
MAP3K13,go,False
MAP3K7CL,go,False
MAPT-AS1,go,False
MARC1,go,False
MARC2,go,False
MARCH2,go,False
MARCKS,go,False
MASP1,go,False
MASP2,go,False
MATN2,go,False
MB,go,False
MB21D1,go,False
MBP,go,False
MCC,go,False
MCEMP1,go,False
MCF2L,go,False
MCHR2,go,False
MDFI,go,False
MDGA1,go,False
MDGA2,go,False
MDK,go,False
MDS2,go,False
MEGF9,go,False
MEI1,go,False
MEIS1-AS2,go,False
MEP1A,go,False
MFAP4,go,False
MFSD2A,go,False
MGARP,go,False
MGLL,go,False
MGP,go,False
MIA,go,False
MILR1,go,False
MIR1539,go,False
MIR202HG,go,False
MIR22HG,go,False
MIR34AHG,go,False
MIR3681HG,go,False
MIR3945HG,go,False
MIR4458HG,go,False
MIR5689HG,go,False
MIR646HG,go,False
MIR7-3HG,go,False
MIR99AHG,go,False
MKNK1-AS1,go,False
MLC1,go,False
MME,go,False
MMP19,go,False
MMP2,go,False
MMP23B,go,False
MMP24-AS1,go,False
MMP25,go,False
MMP28,go,False
MMP3,go,False
MMP9,go,False
MMRN2,go,False
MNDA,go,False
MNX1-AS2,go,False
MOBP,go,False
MOGAT2,go,False
MORN3,go,False
MORN5,go,False
MPC2,go,False
MPPED2,go,False
MPRIP-AS1,go,False
MPZL2,go,False
MPZL3,go,False
MRAP,go,False
MRGPRG-AS1,go,False
MROH8,go,False
MRVI1-AS1,go,False
MS4A2,go,False
MS4A4E,go,False
MSH4,go,False
MSRB3,go,False
MT-ATP6,go,False
MT-CO1,go,False
MT-CO2,go,False
MT-CO3,go,False
MT-CYB,go,False
MT-ND1,go,False
MT-ND2,go,False
MT-ND3,go,False
MT-ND4,go,False
MT-ND4L,go,False
MT-ND5,go,False
MT-ND6,go,False
MT1E,go,False
MT1G,go,False
MT1M,go,False
MTHFR,go,False
MTMR11,go,False
MTRNR2L4,go,False
MTRNR2L8,go,False
MTURN,go,False
MTUS1,go,False
MUC12,go,False
MUC16,go,False
MUC17,go,False
MUC20,go,False
MUC21,go,False
MUC4,go,False
MUCL1,go,False
MVP,go,False
MYADM,go,False
MYB-AS1,go,False
MYBPC2,go,False
MYBPC3,go,False
MYBPHL,go,False
MYCNUT,go,False
MYEOV,go,False
MYH11,go,False
MYH14,go,False
MYH15,go,False
MYH6,go,False
MYH7B,go,False
MYL10,go,False
MYL9,go,False
MYLK,go,False
MYO15A,go,False
MYO15B,go,False
MYO1B,go,False
MYO1F,go,False
MYO1G,go,False
MYOM1,go,False
MYOM2,go,False
MYOZ1,go,False
MYOZ2,go,False
MYOZ3,go,False
MYZAP,go,False
N4BP2L1,go,False
NAALAD2,go,False
NAALADL1,go,False
NADK2-AS1,go,False
NALT1,go,False
NAMA,go,False
NAPSA,go,False
NAV3,go,False
NBEA,go,False
NCALD,go,False
NCBP2-AS1,go,False
NCF1,go,False
NCF2,go,False
NCF4,go,False
NDRG1,go,False
NDRG4,go,False
NEAT1,go,False
NEB,go,False
NECAB1,go,False
NEFM,go,False
NEK10,go,False
NEURL1B,go,False
NEXN-AS1,go,False
NFAM1,go,False
NFASC,go,False
NFKBIZ,go,False
NGFR,go,False
NGRN,go,False
NHLRC4,go,False
NIPSNAP3B,go,False
NKG7,go,False
NKILA,go,False
NLRC4,go,False
NLRC5,go,False
NLRP12,go,False
NLRX1,go,False
NNMT,go,False
NOD2,go,False
NOX1,go,False
NOX5,go,False
NOXA1,go,False
NOXO1,go,False
NPAP1,go,False
NPC1L1,go,False
NPFFR1,go,False
NPHP1,go,False
NPIPB8,go,False
NPNT,go,False
NPY1R,go,False
NR2F1-AS1,go,False
NR2F2-AS1,go,False
NRG4,go,False
NTM,go,False
NTN5,go,False
NTNG2,go,False
NTRK3,go,False
NTS,go,False
NUPR1,go,False
NUTM2B,go,False
NUTM2G,go,False
NWD1,go,False
NXF3,go,False
NXNL2,go,False
NXPE3,go,False
NXPH3,go,False
NYAP2,go,False
OASL,go,False
OBP2A,go,False
OBP2B,go,False
ODF3,go,False
ODF3B,go,False
ODF3L2,go,False
ODF4,go,False
OFCC1,go,False
OGFR-AS1,go,False
OGN,go,False
OLFM2,go,False
OLR1,go,False
OMG,go,False
OOEP,go,False
OPA1-AS1,go,False
OPN1SW,go,False
OPN5,go,False
OPRD1,go,False
OPRL1,go,False
OR1F1,go,False
OR2L13,go,False
OR2L2,go,False
OR2T4,go,False
OR3A1,go,False
OR51E1,go,False
OR51E2,go,False
OR5V1,go,False
OR6C2,go,False
OR6C76,go,False
OR8B8,go,False
OR8G1,go,False
OR8S1,go,False
ORM1,go,False
ORM2,go,False
OSBPL10,go,False
OSGIN1,go,False
OSM,go,False
OSMR,go,False
OSMR-AS1,go,False
OTOF,go,False
OTOG,go,False
OTUD1,go,False
OTX2-AS1,go,False
OVOL1-AS1,go,False
OXER1,go,False
P2RX3,go,False
P2RX6,go,False
P2RX7,go,False
P2RY14,go,False
P2RY2,go,False
P2RY6,go,False
P2RY8,go,False
PAEP,go,False
PAG1,go,False
PAGE5,go,False
PAK6,go,False
PALLD,go,False
PAMR1,go,False
PAPPA,go,False
PAQR7,go,False
PARP10,go,False
PARP8,go,False
PART1,go,False
PARVG,go,False
PATE2,go,False
PATL2,go,False
PAXBP1-AS1,go,False
PAXIP1-AS2,go,False
PCAT14,go,False
PCAT19,go,False
PCAT29,go,False
PCAT5,go,False
PCBP3,go,False
PCCA-AS1,go,False
PCDH10,go,False
PCDH11Y,go,False
PCDH12,go,False
PCDH17,go,False
PCDH8,go,False
PCDH9,go,False
PCDHA12,go,False
PCDHGA1,go,False
PCDHGA10,go,False
PCDHGA12,go,False
PCDHGA3,go,False
PCDHGA5,go,False
PCDHGA6,go,False
PCDHGA7,go,False
PCDHGA8,go,False
PCDHGB5,go,False
PCDHGB6,go,False
PCED1B,go,False
PCK1,go,False
PCLO,go,False
PCP2,go,False
PCYT1B,go,False
PDC,go,False
PDE11A,go,False
PDE1B,go,False
PDE2A,go,False
PDE4D,go,False
PDE6A,go,False
PDE6B,go,False
PDE6H,go,False
PDGFD,go,False
PDGFRA,go,False
PDK4,go,False
PDLIM3,go,False
PDPN,go,False
PDZD3,go,False
PDZK1,go,False
PDZK1IP1,go,False
PEBP4,go,False
PECAM1,go,False
PERM1,go,False
PFN2,go,False
PFN3,go,False
PGA3,go,False
PGA4,go,False
PGA5,go,False
PGAM2,go,False
PGAM4,go,False
PGBD3,go,False
PGBD5,go,False
PGC,go,False
PGLYRP2,go,False
PGLYRP4,go,False
PGM1,go,False
PHEX,go,False
PHF21B,go,False
PHF24,go,False
PHLDA1,go,False
PHLDA3,go,False
PHLPP2,go,False
PHOSPHO1,go,False
PHYHIP,go,False
PI16,go,False
PIF1,go,False
PIH1D3,go,False
PIK3CD-AS1,go,False
PIK3IP1,go,False
PIK3IP1-AS1,go,False
PILRA,go,False
PINK1-AS,go,False
PIP5KL1,go,False
PIPOX,go,False
PIWIL3,go,False
PKD1L3,go,False
PKD2L1,go,False
PKD2L2,go,False
PKDCC,go,False
PKHD1,go,False
PLA1A,go,False
PLA2G12B,go,False
PLA2G16,go,False
PLA2G1B,go,False
PLA2G2A,go,False
PLA2G2C,go,False
PLA2G2D,go,False
PLA2G4E-AS1,go,False
PLAC8,go,False
PLAT,go,False
PLAU,go,False
PLB1,go,False
PLCB2,go,False
PLCG1-AS1,go,False
PLCG2,go,False
PLCH2,go,False
PLCL1,go,False
PLCZ1,go,False
PLD4,go,False
PLEK,go,False
PLEKHB1,go,False
PLEKHG7,go,False
PLEKHH2,go,False
PLK2,go,False
PLN,go,False
PLPP1,go,False
PLPP3,go,False
PLPP4,go,False
PLXNA2,go,False
PLXNA4,go,False
PMCH,go,False
PMEPA1,go,False
PNMA2,go,False
PNMA5,go,False
PNMAL2,go,False
PNOC,go,False
PNPLA1,go,False
POC1B-GALNT4,go,False
PODNL1,go,False
POLN,go,False
PON3,go,False
POPDC2,go,False
PPFIA4,go,False
PPFIBP2,go,False
PPIAL4G,go,False
PPP1R14D,go,False
PPP1R1B,go,False
PPP1R27,go,False
PPP1R32,go,False
PPP2R2C,go,False
PPP2R5B,go,False
PPP3CA,go,False
PPP4R4,go,False
PRAM1,go,False
PRAP1,go,False
PRF1,go,False
PRG3,go,False
PRICKLE1,go,False
PRICKLE4,go,False
PRKAG2-AS1,go,False
PRKCG,go,False
PRL,go,False
PROC,go,False
PROCR,go,False
PROK1,go,False
PRR15,go,False
PRR16,go,False
PRR29-AS1,go,False
PRR9,go,False
PRRG4,go,False
PRRT2,go,False
PRRX2-AS1,go,False
PRSS2,go,False
PRSS22,go,False
PRSS23,go,False
PRSS3,go,False
PRSS35,go,False
PRSS38,go,False
PRSS8,go,False
PRTN3,go,False
PRX,go,False
PSAPL1,go,False
PSG1,go,False
PSG11,go,False
PSG9,go,False
PSMB8,go,False
PSMB8-AS1,go,False
PSMB9,go,False
PSMD5-AS1,go,False
PTAFR,go,False
PTCHD1,go,False
PTCRA,go,False
PTGDR2,go,False
PTGES,go,False
PTGIR,go,False
PTGIS,go,False
PTGS1,go,False
PTH1R,go,False
PTH2,go,False
PTH2R,go,False
PTHLH,go,False
PTPN14,go,False
PTPN20,go,False
PTPN22,go,False
PTPN6,go,False
PTPRC,go,False
PTPRE,go,False
PTRF,go,False
PTX3,go,False
PVALB,go,False
PVRL1,go,False
PVRL4,go,False
PYCARD,go,False
PYDC1,go,False
PYROXD2,go,False
QPCT,go,False
R3HDML,go,False
RAB11FIP1,go,False
RAB25,go,False
RAB33A,go,False
RAB37,go,False
RAB3B,go,False
RAB3D,go,False
RAB40A,go,False
RAB44,go,False
RAB7B,go,False
RAB9B,go,False
RAG2,go,False
RAI1-AS1,go,False
RAI2,go,False
RALYL,go,False
RAMP1,go,False
RAP2C-AS1,go,False
RAPSN,go,False
RARA-AS1,go,False
RARRES3,go,False
RASA4,go,False
RASAL1,go,False
RASD1,go,False
RASD2,go,False
RASGRF2,go,False
RASGRP3,go,False
RASGRP4,go,False
RASL12,go,False
RASSF2,go,False
RASSF4,go,False
RASSF8-AS1,go,False
RBFOX1,go,False
RBFOX3,go,False
RBM5-AS1,go,False
RBMS3,go,False
RBP2,go,False
RCAN2,go,False
REC8,go,False
RECK,go,False
REEP1,go,False
RELN,go,False
REN,go,False
RERGL,go,False
RETN,go,False
RFPL3S,go,False
RGAG1,go,False
RGAG4,go,False
RGL4,go,False
RGMA,go,False
RGMB,go,False
RGPD5,go,False
RGPD8,go,False
RGS1,go,False
RGS18,go,False
RGS6,go,False
RGS8,go,False
RGSL1,go,False
RHBDL2,go,False
RHOXF1-AS1,go,False
RHOXF2BB,go,True
RICTOR,go,False
RIIAD1,go,False
RIMBP3C,go,False
RIMS1,go,False
RLN3,go,False
RMDN2-AS1,go,False
RN7SL832P,go,False
RNASE2,go,False
RNASE3,go,False
RNASE6,go,False
RNASE7,go,False
RNASEL,go,False
RND1,go,False
RNF122,go,False
RNF175,go,False
RNF217-AS1,go,False
RNF222,go,False
RNF223,go,False
RNF43,go,False
ROBO1,go,False
RP1-102E24.10,go,False
RP1-102K2.6,go,False
RP1-102K2.8,go,False
RP1-10C16.1,go,False
RP1-111B22.3,go,False
RP1-111D6.3,go,False
RP1-122K4.3,go,False
RP1-122P22.4,go,False
RP1-127H14.3,go,False
RP1-136B1.1,go,False
RP1-138B7.6,go,False
RP1-142L7.5,go,False
RP1-150O5.3,go,False
RP1-153G14.4,go,False
RP1-170O19.14,go,False
RP1-187B23.1,go,False
RP1-191J18.66,go,False
RP1-212P9.3,go,False
RP1-23E21.2,go,False
RP1-253P7.4,go,False
RP1-261G23.7,go,False
RP1-266L20.4,go,False
RP1-273G13.3,go,False
RP1-286D6.5,go,False
RP1-293L8.2,go,False
RP1-302G2.5,go,False
RP1-30E17.2,go,False
RP1-310O13.7,go,False
RP1-34B20.21,go,False
RP1-34M23.5,go,False
RP1-40E16.11,go,False
RP1-43E13.2,go,False
RP1-45N11.1,go,False
RP1-50O24.6,go,False
RP1-56K13.2,go,False
RP1-59D14.10,go,False
RP1-59D14.5,go,False
RP1-60O19.1,go,False
RP1-69D17.3,go,False
RP1-76B20.11,go,False
RP1-84O15.2,go,False
RP11-1000B6.5,go,False
RP11-1000B6.8,go,False
RP11-1006G14.1,go,False
RP11-1017G21.6,go,False
RP11-1018N14.1,go,False
RP11-102G14.1,go,False
RP11-102M11.2,go,False
RP11-1038A11.3,go,False
RP11-104N10.1,go,False
RP11-1055B8.3,go,False
RP11-1079K10.3,go,False
RP11-107I14.4,go,False
RP11-107N15.1,go,False
RP11-1084A12.2,go,False
RP11-1085N6.3,go,False
RP11-108K3.2,go,False
RP11-109E24.2,go,False
RP11-10H3.1,go,False
RP11-10J21.6,go,False
RP11-10N16.2,go,False
RP11-10N23.5,go,False
RP11-1100L3.8,go,False
RP11-110I1.11,go,False
RP11-1114A5.4,go,False
RP11-111A21.1,go,False
RP11-111F5.3,go,False
RP11-112L6.2,go,False
RP11-1143G9.4,go,False
RP11-1143G9.5,go,False
RP11-1149M10.2,go,False
RP11-114B7.6,go,False
RP11-114H24.6,go,False
RP11-1151B14.4,go,False
RP11-1152H14.1,go,False
RP11-1152H15.1,go,False
RP11-115H18.1,go,False
RP11-117D22.2,go,False
RP11-118K6.3,go,False
RP11-1191J2.5,go,False
RP11-11C20.3,go,False
RP11-121A8.1,go,False
RP11-1223D19.1,go,False
RP11-123O10.4,go,False
RP11-126K1.8,go,False
RP11-127I20.5,go,False
RP11-128A17.1,go,False
RP11-128B16.3,go,False
RP11-1299A16.3,go,False
RP11-12M5.3,go,False
RP11-130C6.1,go,False
RP11-131K5.2,go,False
RP11-131L12.2,go,False
RP11-1336O20.2,go,False
RP11-133K1.6,go,False
RP11-133N21.10,go,False
RP11-1348G14.5,go,False
RP11-134D3.2,go,False
RP11-136H19.1,go,False
RP11-136L23.2,go,False
RP11-136O12.2,go,False
RP11-138A9.1,go,False
RP11-138A9.2,go,False
RP11-138E16.1,go,False
RP11-138E2.1,go,False
RP11-138P22.1,go,False
RP11-1398P2.1,go,False
RP11-1399P15.1,go,False
RP11-13J8.1,go,False
RP11-13K12.1,go,False
RP11-13K12.2,go,False
RP11-13N13.6,go,False
RP11-147L13.12,go,False
RP11-147L13.14,go,False
RP11-147L13.15,go,False
RP11-147L13.8,go,False
RP11-153K11.3,go,False
RP11-154H23.3,go,False
RP11-158D2.2,go,False
RP11-158M2.4,go,False
RP11-15H20.7,go,False
RP11-15I11.3,go,False
RP11-160H22.3,go,False
RP11-160N1.9,go,False
RP11-160O5.1,go,False
RP11-162A12.2,go,False
RP11-162G10.5,go,False
RP11-164H13.1,go,False
RP11-165E7.1,go,False
RP11-165F24.3,go,False
RP11-165J3.6,go,False
RP11-166P13.3,go,False
RP11-167H9.4,go,False
RP11-168E17.1,go,False
RP11-16B13.1,go,False
RP11-16C1.1,go,False
RP11-16E12.1,go,False
RP11-16K12.1,go,False
RP11-171I2.5,go,False
RP11-173E2.2,go,False
RP11-174G6.1,go,False
RP11-174O3.6,go,False
RP11-177H2.2,go,False
RP11-178F10.2,go,False
RP11-179K3.2,go,False
RP11-17A1.3,go,False
RP11-180M15.6,go,False
RP11-181B18.1,go,False
RP11-181C3.1,go,False
RP11-181G12.4,go,False
RP11-182J1.5,go,False
RP11-184E9.1,go,False
RP11-184I16.4,go,False
RP11-184M15.1,go,False
RP11-186N15.3,go,False
RP11-18B16.2,go,False
RP11-18D7.2,go,False
RP11-18H21.1,go,False
RP11-195B3.1,go,False
RP11-195C7.1,go,False
RP11-195M16.3,go,False
RP11-196G11.2,go,False
RP11-196G18.3,go,False
RP11-197N18.7,go,False
RP11-1C1.4,go,False
RP11-1C1.6,go,False
RP11-202A13.1,go,False
RP11-202G11.2,go,False
RP11-203B9.4,go,False
RP11-203L2.4,go,False
RP11-204L24.2,go,False
RP11-209D14.2,go,False
RP11-20B24.2,go,False
RP11-20D14.6,go,False
RP11-210M15.1,go,False
RP11-211N8.2,go,False
RP11-212I21.4,go,False
RP11-212P7.2,go,False
RP11-214F16.8,go,False
RP11-215P8.3,go,False
RP11-217B7.2,go,False
RP11-219B4.7,go,False
RP11-219E7.4,go,False
RP11-21L1.1,go,False
RP11-21M24.2,go,False
RP11-220C2.1,go,False
RP11-225H22.4,go,False
RP11-227G15.10,go,False
RP11-227G15.11,go,False
RP11-227G15.8,go,False
RP11-229P13.15,go,False
RP11-22C11.2,go,False
RP11-230G5.2,go,False
RP11-231D20.2,go,False
RP11-231E6.1,go,False
RP11-234K24.3,go,False
RP11-235C23.5,go,False
RP11-235E17.2,go,False
RP11-239H6.2,go,False
RP11-239L20.6,go,False
RP11-240G22.5,go,False
RP11-243M5.1,go,False
RP11-244F12.2,go,False
RP11-244H3.4,go,False
RP11-245J9.4,go,False
RP11-245P10.6,go,False
RP11-246A10.1,go,False
RP11-247A12.8,go,False
RP11-247I13.11,go,False
RP11-248M19.1,go,False
RP11-24F11.2,go,False
RP11-252A24.5,go,False
RP11-255E6.6,go,False
RP11-256L6.2,go,False
RP11-256L6.3,go,False
RP11-259K15.2,go,False
RP11-259K5.1,go,False
RP11-259P20.1,go,False
RP11-25G10.2,go,False
RP11-25H12.1,go,False
RP11-263K19.6,go,False
RP11-263K4.3,go,False
RP11-265D19.6,go,False
RP11-265N6.2,go,False
RP11-265O12.1,go,False
RP11-266A24.1,go,False
RP11-266J6.2,go,False
RP11-266L9.5,go,False
RP11-268F1.3,go,False
RP11-269G24.6,go,False
RP11-271M24.2,go,False
RP11-274B21.10,go,False
RP11-274B21.9,go,False
RP11-274H24.1,go,False
RP11-274J16.5,go,False
RP11-274M17.3,go,False
RP11-276E17.2,go,False
RP11-276H7.3,go,False
RP11-279N8.1,go,False
RP11-279O9.4,go,False
RP11-281A20.2,go,False
RP11-282I1.1,go,False
RP11-284J1.1,go,False
RP11-285E23.2,go,False
RP11-285F7.2,go,False
RP11-285J16.1,go,False
RP11-286H15.1,go,False
RP11-286O18.1,go,False
RP11-290D2.3,go,False
RP11-290F5.2,go,False
RP11-290K4.2,go,False
RP11-290L1.2,go,False
RP11-292E2.1,go,False
RP11-294J22.6,go,False
RP11-294N21.3,go,False
RP11-295I5.3,go,False
RP11-295M18.6,go,False
RP11-297A16.2,go,False
RP11-297C4.3,go,False
RP11-297N6.4,go,False
RP11-299H22.1,go,False
RP11-29B2.6,go,False
RP11-29B9.2,go,False
RP11-2B6.3,go,False
RP11-301G19.1,go,False
RP11-303E16.3,go,False
RP11-304F15.4,go,False
RP11-304M2.5,go,False
RP11-305L7.1,go,False
RP11-306G20.1,go,False
RP11-306O13.1,go,False
RP11-307C18.1,go,False
RP11-308D13.3,go,False
RP11-308N19.1,go,False
RP11-309N24.1,go,False
RP11-310I9.1,go,False
RP11-312J18.6,go,False
RP11-313D6.3,go,False
RP11-314C16.1,go,False
RP11-314D7.2,go,False
RP11-315I14.2,go,False
RP11-315O6.1,go,False
RP11-319E16.2,go,False
RP11-320G24.1,go,False
RP11-321L2.2,go,False
RP11-324D17.3,go,False
RP11-324O2.3,go,False
RP11-325L12.7,go,False
RP11-326I11.3,go,False
RP11-326I11.4,go,False
RP11-327F22.2,go,False
RP11-327I22.5,go,False
RP11-327J17.8,go,False
RP11-328C8.4,go,False
RP11-328J14.1,go,False
RP11-329B9.4,go,False
RP11-32B5.7,go,False
RP11-331F9.4,go,False
RP11-332J15.2,go,False
RP11-333I13.1,go,False
RP11-334C17.5,go,False
RP11-334J6.6,go,False
RP11-335E6.3,go,False
RP11-336A10.2,go,False
RP11-338C15.3,go,False
RP11-338E21.1,go,False
RP11-338I21.1,go,False
RP11-338K17.8,go,False
RP11-338L22.2,go,False
RP11-338N10.1,go,False
RP11-33I11.2,go,False
RP11-342A1.1,go,False
RP11-345P4.7,go,False
RP11-346C20.3,go,False
RP11-347I19.8,go,False
RP11-347P5.1,go,False
RP11-348F1.2,go,False
RP11-34F13.2,go,False
RP11-34P13.8,go,False
RP11-350J20.12,go,False
RP11-351D16.3,go,False
RP11-351I24.1,go,False
RP11-352D3.2,go,False
RP11-352M15.1,go,False
RP11-353K11.1,go,False
RP11-353N14.1,go,False
RP11-354A14.1,go,False
RP11-354E11.2,go,False
RP11-354M20.3,go,False
RP11-354P11.2,go,False
RP11-354P11.4,go,False
RP11-355B11.2,go,False
RP11-355F16.1,go,False
RP11-356C4.3,go,False
RP11-356J5.13,go,False
RP11-356K23.2,go,False
RP11-357N13.3,go,False
RP11-358B23.5,go,False
RP11-359E10.1,go,False
RP11-359M6.1,go,False
RP11-360O19.4,go,False
RP11-362J17.1,go,False
RP11-362K14.5,go,False
RP11-362K14.7,go,False
RP11-365N19.2,go,False
RP11-366F6.2,go,False
RP11-366H4.1,go,False
RP11-366H4.3,go,False
RP11-367G6.3,go,False
RP11-367J11.3,go,False
RP11-369K17.1,go,False
RP11-370I10.10,go,False
RP11-370I10.11,go,False
RP11-370I10.12,go,False
RP11-373D23.3,go,False
RP11-373N22.3,go,False
RP11-374M1.5,go,False
RP11-375A5.1,go,False
RP11-379F4.9,go,False
RP11-380D11.2,go,False
RP11-380L11.4,go,False
RP11-381N20.1,go,False
RP11-383C6.2,go,False
RP11-383J24.1,go,False
RP11-383M4.6,go,False
RP11-384F7.1,go,False
RP11-384P7.7,go,False
RP11-385D13.1,go,False
RP11-387H17.4,go,False
RP11-388M20.2,go,False
RP11-38J22.3,go,False
RP11-390F4.3,go,False
RP11-394I13.2,go,False
RP11-394O2.3,go,False
RP11-395B7.4,go,False
RP11-395E19.2,go,False
RP11-396B14.2,go,False
RP11-397A16.3,go,False
RP11-398H6.1,go,False
RP11-399K21.10,go,False
RP11-399K21.14,go,False
RP11-3B12.2,go,False
RP11-3B12.5,go,False
RP11-3D4.4,go,False
RP11-403I13.7,go,False
RP11-403P17.3,go,False
RP11-403P17.4,go,False
RP11-404E16.1,go,False
RP11-404F10.2,go,False
RP11-404O13.5,go,False
RP11-405F3.4,go,False
RP11-406A9.2,go,False
RP11-407N8.5,go,False
RP11-409I10.2,go,False
RP11-410N8.3,go,False
RP11-410N8.4,go,False
RP11-411K7.1,go,False
RP11-413H22.3,go,False
RP11-415D17.4,go,False
RP11-415I12.3,go,False
RP11-416I2.1,go,False
RP11-417L19.2,go,False
RP11-420K8.1,go,False
RP11-421F16.3,go,False
RP11-421M1.8,go,False
RP11-422P24.12,go,False
RP11-424I19.2,go,False
RP11-425A23.1,go,False
RP11-425A6.5,go,False
RP11-426C22.5,go,False
RP11-428O18.6,go,False
RP11-429A20.3,go,False
RP11-429E11.2,go,False
RP11-429J17.5,go,False
RP11-429J17.7,go,False
RP11-429J17.8,go,False
RP11-42I10.1,go,False
RP11-430C7.4,go,False
RP11-430C7.5,go,False
RP11-431J24.2,go,False
RP11-432J24.5,go,False
RP11-433J8.1,go,False
RP11-433J8.2,go,False
RP11-433M22.2,go,False
RP11-434D11.4,go,False
RP11-435D7.3,go,False
RP11-435O5.7,go,False
RP11-439A17.9,go,False
RP11-439K3.1,go,False
RP11-440G5.2,go,False
RP11-440I14.3,go,False
RP11-440L14.4,go,False
RP11-442H21.2,go,False
RP11-442J17.3,go,False
RP11-442O1.3,go,False
RP11-442O1.4,go,False
RP11-443B7.2,go,False
RP11-443F4.1,go,False
RP11-444E17.6,go,False
RP11-445F12.1,go,False
RP11-445F12.2,go,False
RP11-445N20.3,go,False
RP11-445O3.3,go,False
RP11-445P17.8,go,False
RP11-446H18.5,go,False
RP11-446J8.1,go,False
RP11-449P15.2,go,False
RP11-44D19.1,go,False
RP11-44F21.5,go,False
RP11-44N12.2,go,False
RP11-452C13.1,go,False
RP11-452C8.1,go,False
RP11-452H21.2,go,False
RP11-452L6.1,go,False
RP11-454P21.1,go,False
RP11-455F5.5,go,False
RP11-457M11.7,go,False
RP11-45P15.4,go,False
RP11-460I13.2,go,False
RP11-461A8.1,go,False
RP11-461A8.5,go,False
RP11-461L13.5,go,False
RP11-461M2.2,go,False
RP11-462G2.1,go,False
RP11-463O9.9,go,False
RP11-464F9.21,go,False
RP11-465N4.4,go,False
RP11-466A19.1,go,False
RP11-466P24.6,go,False
RP11-467L13.7,go,False
RP11-467P9.1,go,False
RP11-468E2.10,go,False
RP11-468E2.4,go,False
RP11-468E2.5,go,False
RP11-46D6.1,go,False
RP11-46H11.3,go,False
RP11-473E2.4,go,False
RP11-473M20.16,go,False
RP11-474C8.8,go,False
RP11-474P2.4,go,False
RP11-474P2.6,go,False
RP11-475I24.8,go,False
RP11-476B1.1,go,False
RP11-477N3.1,go,False
RP11-480C16.1,go,False
RP11-480D4.6,go,False
RP11-480I12.10,go,False
RP11-481J13.1,go,False
RP11-483I13.2,go,False
RP11-483I13.5,go,False
RP11-484L8.1,go,False
RP11-486A14.2,go,False
RP11-486I11.2,go,False
RP11-486L19.2,go,False
RP11-486O13.2,go,False
RP11-487E13.1,go,False
RP11-489O18.1,go,False
RP11-492E3.2,go,False
RP11-492E3.51,go,False
RP11-494O16.4,go,False
RP11-495P10.1,go,False
RP11-495P10.6,go,False
RP11-497G19.7,go,False
RP11-497H17.1,go,False
RP11-497K21.1,go,False
RP11-498C9.16,go,False
RP11-498P14.5,go,False
RP11-49I11.1,go,False
RP11-49K24.8,go,False
RP11-500G22.4,go,False
RP11-501O2.5,go,False
RP11-503C24.4,go,False
RP11-503E24.2,go,False
RP11-505E24.2,go,False
RP11-505E24.3,go,False
RP11-505P4.6,go,False
RP11-505P4.7,go,False
RP11-506F3.1,go,False
RP11-506H21.5,go,False
RP11-506O24.1,go,False
RP11-507K2.2,go,False
RP11-50C13.1,go,False
RP11-50I19.2,go,False
RP11-510J16.5,go,False
RP11-510M2.2,go,False
RP11-511B23.1,go,False
RP11-511B23.2,go,False
RP11-513G11.3,go,False
RP11-513M16.8,go,False
RP11-513O17.3,go,False
RP11-514P8.2,go,False
RP11-514P8.6,go,False
RP11-517I3.1,go,False
RP11-517P14.2,go,False
RP11-519G16.2,go,False
RP11-51J9.5,go,False
RP11-521C20.5,go,False
RP11-521D12.1,go,False
RP11-524K22.1,go,False
RP11-525J21.1,go,False
RP11-529E10.7,go,False
RP11-529K1.4,go,False
RP11-52L5.6,go,False
RP11-532F6.4,go,False
RP11-534L20.5,go,False
RP11-537A6.9,go,False
RP11-537H15.3,go,False
RP11-538I12.2,go,False
RP11-538P18.2,go,False
RP11-539I5.1,go,False
RP11-539L10.2,go,False
RP11-53B5.1,go,False
RP11-53I6.4,go,False
RP11-541P9.3,go,False
RP11-542K23.10,go,False
RP11-542K23.7,go,False
RP11-543C4.1,go,False
RP11-544A12.8,go,False
RP11-544D21.2,go,False
RP11-544M22.8,go,False
RP11-545H22.1,go,False
RP11-546K22.3,go,False
RP11-547C5.1,go,False
RP11-547C5.2,go,False
RP11-548P2.2,go,False
RP11-54H7.4,go,False
RP11-54O7.18,go,False
RP11-54O7.3,go,False
RP11-552D8.1,go,False
RP11-553A10.1,go,False
RP11-553L6.2,go,False
RP11-553L6.5,go,False
RP11-554A11.9,go,False
RP11-554D15.3,go,False
RP11-556I14.1,go,False
RP11-556I14.2,go,False
RP11-556N4.1,go,False
RP11-557H15.4,go,False
RP11-55K13.1,go,False
RP11-55L3.1,go,False
RP11-563D10.1,go,False
RP11-563J2.3,go,False
RP11-565P22.2,go,False
RP11-566K11.5,go,False
RP11-567N4.3,go,False
RP11-568J23.6,go,False
RP11-568N6.1,go,False
RP11-56B16.5,go,False
RP11-572B2.1,go,False
RP11-573D15.9,go,False
RP11-574F21.3,go,False
RP11-574O16.1,go,False
RP11-578F21.6,go,False
RP11-579D7.4,go,False
RP11-583F2.2,go,False
RP11-583F2.5,go,False
RP11-588G21.2,go,False
RP11-589M4.3,go,False
RP11-58B2.1,go,False
RP11-58C22.2,go,False
RP11-58K22.4,go,False
RP11-593F23.1,go,False
RP11-596D21.1,go,False
RP11-597D13.9,go,False
RP11-598F7.3,go,False
RP11-598F7.4,go,False
RP11-5C23.2,go,False
RP11-609N14.1,go,False
RP11-610P16.1,go,False
RP11-615I2.6,go,False
RP11-616M22.7,go,False
RP11-61E11.1,go,False
RP11-61I13.3,go,False
RP11-620J15.1,go,False
RP11-620J15.2,go,False
RP11-620J15.3,go,False
RP11-624M8.1,go,False
RP11-626G11.3,go,False
RP11-627G18.2,go,False
RP11-629N8.3,go,False
RP11-630C16.2,go,False
RP11-634B7.4,go,False
RP11-635N19.1,go,False
RP11-635O16.2,go,False
RP11-637A17.2,go,False
RP11-638I2.9,go,False
RP11-63L7.5,go,False
RP11-63P12.7,go,False
RP11-640L9.1,go,False
RP11-642C5.1,go,False
RP11-644N4.1,go,False
RP11-646I6.6,go,False
RP11-649G15.2,go,False
RP11-650L12.1,go,False
RP11-651L5.3,go,False
RP11-65D17.1,go,False
RP11-65G9.1,go,False
RP11-65J3.14,go,False
RP11-65J3.3,go,False
RP11-65L19.4,go,False
RP11-65M17.3,go,False
RP11-660M5.1,go,False
RP11-661A12.12,go,False
RP11-661A12.5,go,False
RP11-662B19.2,go,False
RP11-662J14.2,go,False
RP11-665C16.6,go,False
RP11-665G4.1,go,False
RP11-666A20.4,go,False
RP11-667K14.3,go,False
RP11-669N7.2,go,False
RP11-670E13.6,go,False
RP11-677M14.7,go,False
RP11-679C8.2,go,False
RP11-680A11.5,go,False
RP11-680F8.3,go,False
RP11-680G24.6,go,False
RP11-686F15.2,go,False
RP11-686O6.1,go,False
RP11-688G15.3,go,False
RP11-689P11.2,go,False
RP11-693J15.5,go,False
RP11-693J15.6,go,False
RP11-697E2.11,go,False
RP11-697E22.1,go,False
RP11-69G7.1,go,False
RP11-69I8.2,go,False
RP11-69L16.4,go,False
RP11-6D1.3,go,False
RP11-6F2.5,go,False
RP11-6I2.3,go,False
RP11-6N17.2,go,False
RP11-6O2.2,go,False
RP11-700H6.2,go,False
RP11-701P16.2,go,False
RP11-702H23.6,go,False
RP11-703H8.7,go,False
RP11-704M14.1,go,False
RP11-706O15.7,go,False
RP11-707A18.1,go,False
RP11-707G18.1,go,False
RP11-707P17.2,go,False
RP11-708J19.1,go,False
RP11-709A23.1,go,False
RP11-70C1.1,go,False
RP11-70D24.2,go,False
RP11-70F11.8,go,False
RP11-711D18.2,go,False
RP11-713N11.6,go,False
RP11-713P17.3,go,False
RP11-714G18.1,go,False
RP11-715J22.3,go,False
RP11-716H6.2,go,False
RP11-717F1.1,go,False
RP11-71G12.1,go,False
RP11-722G7.1,go,False
RP11-727F15.9,go,False
RP11-729L2.2,go,False
RP11-731C17.2,go,False
RP11-731K22.1,go,False
RP11-732A19.8,go,False
RP11-736K20.6,go,False
RP11-737O24.5,go,False
RP11-739N20.2,go,False
RP11-73M7.6,go,False
RP11-744K17.1,go,False
RP11-744N12.3,go,False
RP11-74C13.4,go,False
RP11-74E22.5,go,False
RP11-74E22.8,go,False
RP11-74H8.1,go,False
RP11-752D24.2,go,False
RP11-752G15.8,go,False
RP11-753H16.3,go,False
RP11-754N21.1,go,False
RP11-756H6.1,go,False
RP11-757G1.6,go,False
RP11-760H22.2,go,False
RP11-761B3.1,go,False
RP11-76E17.2,go,False
RP11-76E17.3,go,False
RP11-770G2.5,go,False
RP11-771K4.1,go,False
RP11-773H22.4,go,False
RP11-774D14.1,go,False
RP11-774O3.1,go,False
RP11-774O3.3,go,False
RP11-77A13.1,go,False
RP11-77E14.2,go,False
RP11-77H9.5,go,False
RP11-789C1.2,go,False
RP11-78B10.2,go,False
RP11-793H13.3,go,False
RP11-796E2.4,go,False
RP11-798G7.5,go,False
RP11-798K3.2,go,False
RP11-798L4.1,go,False
RP11-799M12.2,go,False
RP11-799O21.2,go,False
RP11-7F17.5,go,False
RP11-7F17.8,go,False
RP11-800A3.3,go,False
RP11-800A3.7,go,False
RP11-802O23.3,go,False
RP11-806L2.2,go,False
RP11-807H22.7,go,False
RP11-80A15.1,go,False
RP11-80H18.4,go,False
RP11-80H8.3,go,False
RP11-810M2.2,go,False
RP11-810P8.1,go,False
RP11-815J21.4,go,False
RP11-816J6.3,go,False
RP11-817G13.3,go,False
RP11-818F20.5,go,False
RP11-818O24.3,go,False
RP11-81A22.5,go,False
RP11-81H14.2,go,False
RP11-820I16.4,go,False
RP11-822E23.7,go,False
RP11-82O19.1,go,False
RP11-831F12.2,go,False
RP11-834C11.11,go,False
RP11-834C11.15,go,False
RP11-834C11.5,go,False
RP11-837J7.4,go,False
RP11-83A16.1,go,False
RP11-83A24.2,go,False
RP11-83C7.1,go,False
RP11-840I19.5,go,False
RP11-841O20.2,go,False
RP11-843A23.1,go,False
RP11-847H18.2,go,False
RP11-848P1.3,go,False
RP11-854K16.3,go,False
RP11-856F16.2,go,False
RP11-85G18.6,go,False
RP11-860B13.1,go,False
RP11-862L9.3,go,False
RP11-863K10.7,go,False
RP11-867G2.6,go,False
RP11-867O8.5,go,False
RP11-876N24.2,go,False
RP11-886P16.6,go,False
RP11-887P2.5,go,False
RP11-88I18.2,go,False
RP11-893F2.5,go,False
RP11-894J14.5,go,False
RP11-89F3.2,go,False
RP11-89H19.1,go,False
RP11-8L8.2,go,False
RP11-905K4.1,go,False
RP11-90D11.1,go,False
RP11-90K6.1,go,False
RP11-91A18.4,go,False
RP11-91I20.3,go,False
RP11-91K8.5,go,False
RP11-91P24.7,go,False
RP11-923I11.3,go,False
RP11-92C4.3,go,False
RP11-92C4.6,go,False
RP11-930O11.3,go,False
RP11-932A10.1,go,False
RP11-932O9.7,go,False
RP11-93B14.10,go,False
RP11-93B14.9,go,False
RP11-93G5.1,go,False
RP11-946L16.1,go,False
RP11-946L16.2,go,False
RP11-95H11.1,go,False
RP11-95I16.4,go,False
RP11-960L18.1,go,False
RP11-968A15.2,go,False
RP11-96B5.3,go,False
RP11-96D1.7,go,False
RP11-96H19.1,go,False
RP11-96K19.2,go,False
RP11-98O2.1,go,False
RP11-996F15.4,go,False
RP11-9M16.2,go,False
RP13-1016M1.2,go,False
RP13-131K19.1,go,False
RP13-131K19.6,go,False
RP13-314C10.5,go,False
RP13-317D12.3,go,False
RP13-39P12.3,go,False
RP13-463N16.6,go,False
RP13-467H17.1,go,False
RP13-49I15.6,go,False
RP13-507P19.2,go,False
RP13-514E23.2,go,False
RP13-516M14.4,go,False
RP13-539J13.1,go,False
RP13-631K18.2,go,False
RP13-672B3.2,go,False
RP13-714J12.1,go,False
RP13-870H17.3,go,False
RP13-890H12.2,go,False
RP13-895J2.6,go,False
RP13-977J11.2,go,False
RP13-977J11.9,go,False
RP3-323N1.2,go,False
RP3-324O17.8,go,False
RP3-325F22.3,go,False
RP3-329E20.2,go,False
RP3-333A15.1,go,False
RP3-333H23.8,go,False
RP3-355L5.4,go,False
RP3-382I10.7,go,False
RP3-388E23.2,go,False
RP3-388N13.5,go,False
RP3-395M20.12,go,False
RP3-395M20.8,go,False
RP3-402G11.25,go,False
RP3-403A15.5,go,False
RP3-406P24.3,go,False
RP3-439F8.1,go,False
RP3-448I9.2,go,False
RP3-449M8.9,go,False
RP3-453C12.15,go,False
RP3-467K16.2,go,False
RP3-467K16.4,go,False
RP3-473L9.4,go,False
RP3-477O4.14,go,False
RP3-483K16.4,go,False
RP3-508I15.14,go,False
RP3-510D11.2,go,False
RP3-510H16.3,go,False
RP3-512B11.3,go,False
RP3-522J7.6,go,False
RP3-525N10.2,go,False
RP4-530I15.6,go,False
RP4-533D7.4,go,False
RP4-541C22.5,go,False
RP4-548D19.3,go,False
RP4-550H1.4,go,False
RP4-565E6.1,go,False
RP4-569M23.5,go,False
RP4-583P15.15,go,False
RP4-584D14.5,go,False
RP4-604G5.1,go,False
RP4-613B23.5,go,False
RP4-622L5.7,go,False
RP4-625H18.2,go,False
RP4-633I8.4,go,False
RP4-633O19__A.1,go,False
RP4-635E18.8,go,False
RP4-635E18.9,go,False
RP4-639F20.1,go,False
RP4-639J15.3,go,False
RP4-640H8.2,go,False
RP4-644L1.2,go,False
RP4-647C14.2,go,False
RP4-655J12.4,go,False
RP4-669H2.1,go,False
RP4-671O14.7,go,False
RP4-680D5.9,go,False
RP4-682C21.5,go,False
RP4-693M11.3,go,False
RP4-706G24.1,go,False
RP4-742C19.13,go,False
RP4-761J14.10,go,False
RP4-777L9.3,go,False
RP4-777O23.1,go,False
RP4-777O23.3,go,False
RP4-781K5.4,go,False
RP4-781K5.6,go,False
RP4-790G17.7,go,False
RP4-794H19.1,go,False
RP4-794I6.4,go,False
RP4-798A10.7,go,False
RP4-799D16.1,go,False
RP4-803J11.2,go,False
RP5-1011O1.2,go,False
RP5-1021I20.1,go,False
RP5-1021I20.5,go,False
RP5-1022P6.5,go,False
RP5-1022P6.7,go,False
RP5-1024G6.5,go,False
RP5-1028K7.2,go,False
RP5-1030M6.3,go,False
RP5-1031J8.1,go,False
RP5-1039K5.18,go,False
RP5-1042K10.13,go,False
RP5-1050D4.2,go,False
RP5-1065J22.8,go,False
RP5-1066H13.4,go,False
RP5-1068H6.6,go,False
RP5-1069C8.2,go,False
RP5-1086K13.1,go,False
RP5-1092A3.5,go,False
RP5-1096D14.3,go,False
RP5-1096D14.6,go,False
RP5-1112D6.8,go,False
RP5-1115A15.1,go,False
RP5-1120P11.1,go,False
RP5-1139I1.1,go,False
RP5-1142A6.2,go,False
RP5-1142A6.5,go,False
RP5-1159O4.1,go,False
RP5-1164C1.2,go,False
RP5-1171I10.5,go,False
RP5-1172N10.2,go,False
RP5-1182A14.5,go,False
RP5-821D11.7,go,False
RP5-882C2.2,go,False
RP5-892K4.1,go,False
RP5-894D12.4,go,False
RP5-901A4.1,go,False
RP5-940J5.8,go,False
RP5-952N6.1,go,False
RP5-997D24.3,go,False
RP5-998N21.4,go,False
RP6-159A1.4,go,False
RP6-65G23.5,go,False
RPA4,go,False
RPGRIP1,go,False
RPL17-C18orf32,go,False
RPL22L1,go,False
RPL3L,go,False
RPS6KA2,go,False
RPS6KA6,go,False
RQCD1,go,False
RRAD,go,False
RRS1-AS1,go,False
RSAD2,go,False
RSPO4,go,False
RSRP1,go,False
RTBDN,go,False
RTP4,go,False
RUNDC3A-AS1,go,False
RUNDC3B,go,False
S100A3,go,False
S100A5,go,False
S100A7,go,False
S100A7A,go,False
S100A8,go,False
S100A9,go,False
S100B,go,False
S100Z,go,False
S1PR1,go,False
SAMD11,go,False
SAMD4A,go,False
SAMD7,go,False
SAMD9L,go,False
SARDH,go,False
SASH3,go,False
SATL1,go,False
SBSN,go,False
SCARNA2,go,False
SCG5,go,False
SCGB1D2,go,False
SCGB3A2,go,False
SCIMP,go,False
SCN11A,go,False
SCN4B,go,False
SCN9A,go,False
SCNN1A,go,False
SCPEP1,go,False
SCRG1,go,False
SCTR,go,False
SCUBE3,go,False
SDC2,go,False
SDC4,go,False
SDCCAG8,go,False
SEC24D,go,False
SEC62-AS1,go,False
SECISBP2L,go,False
SELM,go,False
SEMA3A,go,False
SEMA3B,go,False
SEMA3D,go,False
SEMA3E,go,False
SEMA3F,go,False
SEMA3F-AS1,go,False
SEMA6A,go,False
SEMA6B,go,False
SEMA7A,go,False
SEPP1,go,False
SEPT4-AS1,go,False
SEPT7-AS1,go,False
SERP2,go,False
SERPINB4,go,False
SERPINB8,go,False
SERPIND1,go,False
SERPINE1,go,False
SERPINE3,go,False
SERPINF2,go,False
SESN3,go,False
SEZ6,go,False
SFRP1,go,False
SFRP5,go,False
SGCA,go,False
SGCZ,go,False
SGIP1,go,False
SGK2,go,False
SGOL2,go,False
SGPP2,go,False
SGSM1,go,False
SH2D3C,go,False
SH2D4B,go,False
SH2D7,go,False
SH3D21,go,False
SH3RF2,go,False
SH3TC1,go,False
SHANK2-AS1,go,False
SHBG,go,False
SHC2,go,False
SHC4,go,False
SHE,go,False
SHISA8,go,False
SHISA9,go,False
SHROOM4,go,False
SIGLEC10,go,False
SIGLEC15,go,False
SIGLEC5,go,False
SIGLEC6,go,False
SIGLEC7,go,False
SIRPB1,go,False
SIRPB2,go,False
SIRPD,go,False
SIX3-AS1,go,False
SKAP1,go,False
SLA,go,False
SLA2,go,False
SLAMF1,go,False
SLAMF6,go,False
SLC10A1,go,False
SLC10A6,go,False
SLC12A6,go,False
SLC12A8,go,False
SLC15A1,go,False
SLC15A2,go,False
SLC15A3,go,False
SLC16A3,go,False
SLC17A8,go,False
SLC1A2,go,False
SLC1A3,go,False
SLC22A1,go,False
SLC22A10,go,False
SLC22A11,go,False
SLC22A13,go,False
SLC22A18,go,False
SLC22A25,go,False
SLC24A3,go,False
SLC25A27,go,False
SLC25A30-AS1,go,False
SLC25A45,go,False
SLC25A47,go,False
SLC26A2,go,False
SLC26A4-AS1,go,False
SLC26A5,go,False
SLC28A2,go,False
SLC28A3,go,False
SLC2A1-AS1,go,False
SLC2A10,go,False
SLC2A12,go,False
SLC2A6,go,False
SLC31A2,go,False
SLC32A1,go,False
SLC34A3,go,False
SLC35F1,go,False
SLC35F3,go,False
SLC36A2,go,False
SLC39A2,go,False
SLC3A1,go,False
SLC43A2,go,False
SLC44A1,go,False
SLC44A5,go,False
SLC45A3,go,False
SLC46A3,go,False
SLC4A3,go,False
SLC4A4,go,False
SLC4A8,go,False
SLC52A1,go,False
SLC52A3,go,False
SLC5A10,go,False
SLC5A12,go,False
SLC6A11,go,False
SLC6A13,go,False
SLC6A16,go,False
SLC6A2,go,False
SLC6A20,go,False
SLC6A3,go,False
SLC6A7,go,False
SLC7A2,go,False
SLC8A1,go,False
SLC8A2,go,False
SLCO1A2,go,False
SLCO2A1,go,False
SLCO2B1,go,False
SLCO6A1,go,False
SLF2,go,False
SLFN13,go,False
SLFN5,go,False
SLFNL1,go,False
SLIT2,go,False
SLITRK5,go,False
SLITRK6,go,False
SLPI,go,False
SMIM10L2A,go,False
SMIM2-AS1,go,False
SMIM24,go,False
SMIM5,go,False
SMIM9,go,False
SMOC1,go,False
SMOX,go,False
SMPD1,go,False
SMPD3,go,False
SMPDL3A,go,False
SMTNL1,go,False
SMTNL2,go,False
SNCA,go,False
SNHG22,go,False
SNHG9,go,False
SNPH,go,False
SNRK-AS1,go,False
SNX20,go,False
SOAT2,go,False
SOD3,go,False
SOST,go,False
SPAG16,go,False
SPAG17,go,False
SPAG8,go,False
SPANXD,go,False
SPANXN5,go,False
SPARCL1,go,False
SPATA12,go,False
SPATA4,go,False
SPATA42,go,False
SPINK1,go,False
SPINK4,go,False
SPINK5,go,False
SPINK6,go,False
SPINT1,go,False
SPNS2,go,False
SPNS3,go,False
SPO11,go,False
SPOCD1,go,False
SPOCK1,go,False
SPOCK2,go,False
SPP2,go,False
SPRED3,go,False
SPRR2D,go,False
SPRR2F,go,False
SPTLC3,go,False
SRCIN1,go,False
SRGAP2-AS1,go,False
SRGAP3,go,False
SRPX,go,False
SRRM4,go,False
SRRM5,go,False
SSMEM1,go,False
SSPN,go,False
SSPO,go,False
SSTR2,go,False
SSTR3,go,False
ST3GAL5,go,False
ST3GAL5-AS1,go,False
ST3GAL6,go,False
ST6GAL2,go,False
ST8SIA2,go,False
ST8SIA4,go,False
STAC2,go,False
STAM-AS1,go,False
STAP1,go,False
STARD5,go,False
STC1,go,False
STEAP3-AS1,go,False
STK24-AS1,go,False
STMN2,go,False
STMN4,go,False
STOX2,go,False
STRA6,go,False
STRC,go,False
STX11,go,False
STX16-NPEPL1,go,False
STXBP5-AS1,go,False
SUCNR1,go,False
SULF2,go,False
SULT1C2,go,False
SULT1C4,go,False
SULT2A1,go,False
SV2B,go,False
SV2C,go,False
SVEP1,go,False
SVOPL,go,False
SWAP70,go,False
SYCE3,go,False
SYCN,go,False
SYN3,go,False
SYNE1,go,False
SYNPO,go,False
SYNPO2,go,False
SYT10,go,False
SYT11,go,False
SYT12,go,False
SYT13,go,False
SYT4,go,False
SYT8,go,False
SYTL1,go,False
SYTL3,go,False
TAC4,go,False
TACC2,go,False
TAGAP,go,False
TAP1,go,False
TAPBPL,go,False
TAPT1-AS1,go,False
TARM1,go,False
TAS1R1,go,False
TAS1R3,go,False
TAS2R46,go,False
TAS2R60,go,False
TAS2R9,go,False
TAT,go,False
TBC1D10C,go,False
TBC1D3I,go,False
TBX18-AS1,go,False
TCAF2,go,False
TCEAL5,go,False
TCERG1L,go,False
TCL1A,go,False
TCN1,go,False
TCN2,go,False
TCP11L2,go,False
TCTE1,go,False
TDRD12,go,False
TEKT3,go,False
TENM1,go,False
TEP1,go,False
TESK2,go,False
TEX13D,go,False
TEX26-AS1,go,False
TEX38,go,False
TEX41,go,False
TF,go,False
TFAP2A-AS1,go,False
TFF1,go,False
TFF3,go,False
TFPI2,go,False
TGFB1,go,False
TGM5,go,False
TH2LCRR,go,False
THBS1,go,False
THBS3,go,False
THEG,go,False
THRIL,go,False
THSD7B,go,False
THUMPD3-AS1,go,False
THY1,go,False
TIAM1,go,False
TIMP2,go,False
TIMP4,go,False
TKFC,go,False
TKTL1,go,False
TLCD2,go,False
TLE2,go,False
TLE6,go,False
TLR1,go,False
TLR3,go,False
TLR4,go,False
TLR7,go,False
TM4SF1,go,False
TM4SF1-AS1,go,False
TM4SF5,go,False
TM6SF1,go,False
TM6SF2,go,False
TMC4,go,False
TMEM106A,go,False
TMEM125,go,False
TMEM139,go,False
TMEM14EP,go,False
TMEM150B,go,False
TMEM150C,go,False
TMEM154,go,False
TMEM156,go,False
TMEM169,go,False
TMEM171,go,False
TMEM176A,go,False
TMEM176B,go,False
TMEM178A,go,False
TMEM191C,go,False
TMEM217,go,False
TMEM229B,go,False
TMEM233,go,False
TMEM247,go,False
TMEM255A,go,False
TMEM255B,go,False
TMEM266,go,False
TMEM27,go,False
TMEM35,go,False
TMEM45B,go,False
TMEM51-AS1,go,False
TMEM52B,go,False
TMEM61,go,False
TMEM71,go,False
TMEM74,go,False
TMEM88,go,False
TMEM9B-AS1,go,False
TMIGD3,go,False
TMLHE-AS1,go,False
TMOD2,go,False
TMPRSS11A,go,False
TMPRSS11B,go,False
TMPRSS11F,go,False
TMPRSS13,go,False
TMPRSS2,go,False
TMPRSS6,go,False
TMTC2,go,False
TNC,go,False
TNF,go,False
TNFAIP6,go,False
TNFRSF10D,go,False
TNFRSF11A,go,False
TNFRSF14,go,False
TNFRSF18,go,False
TNFRSF19,go,False
TNFRSF4,go,False
TNFRSF9,go,False
TNFSF14,go,False
TNFSF15,go,False
TNFSF4,go,False
TNIP3,go,False
TNNI1,go,False
TNNI2,go,False
TNNT3,go,False
TNP1,go,False
TNS1,go,False
TOMM20L,go,False
TOX,go,False
TP53AIP1,go,False
TP53INP1,go,False
TP53INP2,go,False
TPBGL,go,False
TPH2,go,False
TPP1,go,False
TPPP,go,False
TPPP3,go,False
TPST1,go,False
TPT1-AS1,go,False
TRAC,go,False
TRAF1,go,False
TRAF3IP3,go,False
TRANK1,go,False
TRAPPC3L,go,False
TRBC1,go,False
TRBC2,go,False
TRBV30,go,False
TRDC,go,False
TRDV2,go,False
TRGC1,go,False
TRGC2,go,False
TRGV5,go,False
TRGV9,go,False
TRGVA,go,False
TRIB1,go,False
TRIM2,go,False
TRIM22,go,False
TRIM29,go,False
TRIM31,go,False
TRIM36,go,False
TRIM6,go,False
TRIM63,go,False
TRIM67,go,False
TRIM72,go,False
TRIM74,go,False
TRIML1,go,False
TRIML2,go,False
TRO,go,False
TRPC4,go,False
TRPM2,go,False
TRPM5,go,False
TRPM6,go,False
TSC22D1-AS1,go,False
TSC22D3,go,False
TSGA13,go,False
TSPAN10,go,False
TSPAN16,go,False
TSPAN9,go,False
TSSK4,go,False
TTC16,go,False
TTC34,go,False
TTC39A-AS1,go,False
TTC6,go,False
TTC9B,go,False
TTLL10-AS1,go,False
TTLL6,go,False
TTLL7,go,False
TUBA3C,go,False
TUBB1,go,False
TUSC8,go,False
TXLNB,go,False
TXNDC12-AS1,go,False
U47924.27,go,False
U47924.32,go,False
U73166.2,go,False
U82695.5,go,False
UBA7,go,False
UBE2E2-AS1,go,False
UBE2QL1,go,False
UBQLNL,go,False
UBR5-AS1,go,False
UCKL1-AS1,go,False
UCMA,go,False
UCN2,go,False
UFD1L,go,False
UGT2B11,go,False
ULBP2,go,False
UNC5B,go,False
UNC5B-AS1,go,False
UNC80,go,False
UPB1,go,False
UPK1A-AS1,go,False
UPK2,go,False
UPK3A,go,False
UPP1,go,False
UROC1,go,False
USH1C,go,False
USP12-AS2,go,False
USP30-AS1,go,False
UTS2R,go,False
UXT-AS1,go,False
VAMP5,go,False
VASH1,go,False
VASH2,go,False
VASN,go,False
VCX3B,go,False
VIL1,go,False
VIPR2,go,False
VNN1,go,False
VNN2,go,False
VNN3,go,False
VPS9D1,go,False
VSIG4,go,False
VSIG8,go,False
VSTM2L,go,False
VTN,go,False
VWA3B,go,False
VWA5A,go,False
VWA7,go,False
VWC2,go,False
VWF,go,False
WAC-AS1,go,False
WBP5,go,False
WBSCR28,go,False
WDFY4,go,False
WDR49,go,False
WDR86,go,False
WDR88,go,False
WEE2-AS1,go,False
WFDC1,go,False
WFDC12,go,False
WFDC2,go,False
WFIKKN2,go,False
WISP3,go,False
WNT10A,go,False
WNT4,go,False
WNT6,go,False
WNT7B,go,False
WNT8A,go,False
WNT9A,go,False
WSCD1,go,False
WWC2-AS1,go,False
XCL1,go,False
XDH,go,False
XIRP1,go,False
XIST,go,False
XKR4,go,False
XX-DJ76P10__A.2,go,False
XX-FW80269A6.1,go,False
XX-FW81066F1.2,go,False
XX-FW83128A1.2,go,False
XX-FW83563B9.5,go,False
XXbac-B33L19.4,go,False
XXbac-BPG249D20.9,go,False
XXbac-BPG299F13.14,go,False
XXbac-BPGBPG55C20.1,go,False
XXbac-BPGBPG55C20.3,go,False
YPEL2,go,False
YPEL4,go,False
Z83001.1,go,False
ZBED5-AS1,go,False
ZBTB20-AS4,go,False
ZC3H6,go,False
ZDBF2,go,False
ZFP36,go,False
ZMIZ1-AS1,go,False
ZMYND12,go,False
ZMYND15,go,False
ZNF30-AS1,go,False
ZNF32-AS3,go,False
ZNF436-AS1,go,False
ZNF503-AS1,go,False
ZNF625,go,False
ZNF738,go,False
ZNF862,go,False
ZSWIM4,go,False
A2M-AS1,string,False
AATBC,string,False
ABC11-4932300O16.1,string,False
ABC12-49244600F4.4,string,False
ABCB11,string,False
ABHD11-AS1,string,False
ABLIM1,string,False
AC002117.1,string,False
AC002331.1,string,False
AC002451.3,string,False
AC002456.2,string,False
AC002463.3,string,False
AC002511.2,string,False
AC003088.1,string,False
AC003092.1,string,False
AC003101.1,string,False
AC004051.2,string,False
AC004156.3,string,False
AC004158.3,string,False
AC004221.2,string,False
AC004490.1,string,False
AC004540.4,string,False
AC004540.5,string,False
AC004593.3,string,False
AC004702.2,string,False
AC004754.3,string,False
AC004791.2,string,False
AC004824.2,string,False
AC004878.8,string,False
AC004895.4,string,False
AC005009.1,string,False
AC005150.1,string,False
AC005197.2,string,False
AC005264.2,string,False
AC005281.2,string,False
AC005330.2,string,False
AC005477.1,string,False
AC005481.5,string,False
AC005540.3,string,False
AC005592.1,string,False
AC005616.2,string,False
AC005618.6,string,False
AC005754.8,string,False
AC005808.3,string,False
AC005932.1,string,False
AC005954.4,string,False
AC006042.7,string,False
AC006126.3,string,False
AC006129.2,string,False
AC006262.4,string,False
AC006262.5,string,False
AC006273.5,string,False
AC006378.2,string,False
AC006449.2,string,False
AC006547.15,string,False
AC006942.4,string,False
AC007038.7,string,False
AC007064.24,string,False
AC007131.1,string,False
AC007192.6,string,False
AC007193.6,string,False
AC007193.8,string,False
AC007193.9,string,False
AC007246.3,string,False
AC007277.3,string,False
AC007392.3,string,False
AC007556.3,string,False
AC007787.2,string,False
AC007879.2,string,False
AC007880.1,string,False
AC007950.1,string,False
AC008060.5,string,False
AC008592.7,string,False
AC009133.17,string,False
AC009410.1,string,False
AC009501.4,string,False
AC009506.1,string,False
AC010226.4,string,False
AC010525.4,string,False
AC010649.1,string,False
AC010746.3,string,False
AC010761.14,string,False
AC010761.6,string,False
AC010884.1,string,False
AC010983.1,string,False
AC011290.4,string,False
AC011298.2,string,False
AC011747.6,string,False
AC011893.3,string,False
AC011899.9,string,False
AC012314.20,string,False
AC012354.6,string,False
AC012442.6,string,False
AC012499.1,string,False
AC012507.3,string,False
AC012594.1,string,False
AC015691.13,string,False
AC015849.2,string,False
AC016629.3,string,False
AC016723.4,string,False
AC016735.2,string,False
AC016745.3,string,False
AC016907.3,string,False
AC017002.4,string,False
AC017028.10,string,False
AC017074.2,string,False
AC018737.3,string,False
AC018816.3,string,False
AC018878.3,string,False
AC020571.3,string,False
AC020594.5,string,False
AC020743.2,string,False
AC022007.5,string,False
AC022182.1,string,False
AC022182.3,string,False
AC023491.2,string,False
AC023590.1,string,False
AC024560.2,string,False
AC024592.9,string,False
AC024704.2,string,False
AC026150.8,string,False
AC026188.1,string,False
AC026202.3,string,False
AC034228.2,string,False
AC034228.4,string,False
AC058791.1,string,False
AC061992.2,string,False
AC064834.2,string,False
AC068831.15,string,False
AC073046.25,string,False
AC073133.2,string,False
AC073342.12,string,False
AC073834.3,string,False
AC073957.15,string,False
AC074289.1,string,False
AC078883.3,string,False
AC078941.1,string,False
AC079354.3,string,False
AC079466.1,string,False
AC079767.4,string,False
AC079807.4,string,False
AC090154.1,string,False
AC090505.4,string,False
AC091633.3,string,False
AC091814.3,string,False
AC092155.4,string,False
AC092159.2,string,False
AC092171.2,string,False
AC092431.3,string,False
AC092667.2,string,False
AC092835.2,string,False
AC092839.4,string,False
AC093074.1,string,False
AC093375.1,string,False
AC093609.1,string,False
AC093673.5,string,False
AC098820.4,string,False
AC098823.3,string,False
AC098973.2,string,False
AC099850.1,string,False
AC102953.4,string,False
AC104532.2,string,False
AC104534.2,string,False
AC104653.1,string,False
AC104654.2,string,False
AC104667.3,string,False
AC105052.2,string,False
AC105760.3,string,False
AC106900.6,string,False
AC108004.3,string,False
AC108051.3,string,False
AC108142.1,string,False
AC108868.6,string,False
AC109333.10,string,False
AC110781.3,string,False
AC114803.3,string,False
AC123023.1,string,False
AC124944.3,string,False
AC124944.5,string,False
AC131056.3,string,False
AC133633.2,string,False
AC136616.1,string,False
AC137932.4,string,False
AC138035.2,string,False
AC139099.6,string,False
AC139100.3,string,False
AC140725.4,string,False
AC142472.6,string,False
AC142528.1,string,False
AC144449.1,string,False
AC144568.2,string,False
AC144831.1,string,False
AC144831.3,string,False
AC145110.1,string,False
AC145343.2,string,False
AC195454.1,string,False
AC245100.1,string,False
ACPP,string,False
ACRC,string,False
ACTA2,string,False
ACTB,string,False
ACTL10,string,False
AD000671.6,string,False
ADAM20P1,string,False
ADORA2A-AS1,string,False
ADORA3,string,False
ADPGK-AS1,string,False
ADRBK2,string,False
AE000662.92,string,False
AF011889.2,string,False
AF064858.6,string,False
AF124730.4,string,False
AF127577.8,string,False
AF127936.3,string,False
AF127936.5,string,False
AF127936.7,string,False
AF146191.4,string,False
AF196970.3,string,False
AF240627.2,string,False
AGBL5-AS1,string,False
AIM1,string,False
AJ003147.8,string,False
AJ011932.1,string,False
AL035610.2,string,False
AL136097.1,string,False
AL157902.3,string,False
AL357140.1,string,False
AL513523.2,string,False
ALAS2,string,False
ALS2CR11,string,False
ALS2CR12,string,False
ANKRD7,string,False
AP000295.10,string,False
AP000302.58,string,False
AP000438.2,string,False
AP000654.4,string,False
AP000688.29,string,False
AP000695.4,string,False
AP000695.6,string,False
AP000708.1,string,False
AP000769.1,string,False
AP000936.4,string,False
AP001046.5,string,False
AP001046.6,string,False
AP001055.6,string,False
AP001059.5,string,False
AP001059.7,string,False
AP001171.1,string,False
AP001189.4,string,False
AP001258.4,string,False
AP001626.1,string,False
AP001626.2,string,False
AP003068.23,string,False
AP003774.1,string,False
AP006621.8,string,False
APOC4-APOC2,string,False
ARAP1-AS1,string,False
ARIH2OS,string,False
ATE1-AS1,string,False
ATP6V1G2-DDX39B,string,False
B2M,string,False
BAIAP2-AS1,string,False
BANCR,string,False
BARX1-AS1,string,False
BCYRN1,string,False
BDNF-AS,string,False
BFSP2-AS1,string,False
BIN2,string,False
BIRC8,string,False
BISPR,string,False
BMP2K,string,False
BMS1P14,string,False
BSN-AS2,string,False
BSND,string,False
BZRAP1-AS1,string,False
C10orf10,string,False
C10orf11,string,False
C10orf126,string,False
C10orf54,string,False
C11orf63,string,False
C11orf70,string,False
C12orf54,string,False
C12orf77,string,False
C14orf105,string,False
C14orf37,string,False
C15orf43,string,False
C15orf53,string,False
C16orf45,string,False
C19orf26,string,True
C19orf35,string,False
C1QB,string,False
C1QTNF1-AS1,string,False
C1QTNF3-AMACR,string,False
C1orf132,string,False
C1orf140,string,False
C1orf186,string,False
C1orf194,string,False
C1orf204,string,False
C1orf228,string,False
C20orf141,string,False
C20orf194,string,False
C20orf197,string,False
C20orf202,string,False
C21orf62-AS1,string,False
C2orf91,string,False
C3orf72,string,True
C4orf22,string,False
C4orf26,string,False
C6orf1,string,False
C6orf223,string,False
C6orf48,string,False
C7orf60,string,False
C7orf77,string,False
C8orf22,string,False
C8orf4,string,False
C8orf46,string,False
C8orf49,string,False
C8orf86,string,False
C8orf89,string,False
C9orf106,string,False
C9orf139,string,False
C9orf173,string,False
CACNA1C-AS2,string,False
CALCR,string,False
CARD16,string,False
CARD8-AS1,string,False
CARMN,string,False
CASC15,string,False
CASC16,string,False
CASC8,string,False
CASC9,string,False
CBLB,string,False
CCDC141,string,False
CCDC173,string,False
CCDC189,string,False
CCDC64B,string,False
CECR1,string,False
CECR5-AS1,string,False
CFAP58-AS1,string,False
CFLAR-AS1,string,False
CH17-125A10.2,string,False
CH17-189H20.1,string,False
CH17-340M24.3,string,False
CH17-353B19.1,string,False
CH507-216K13.2,string,False
CH507-42P11.5,string,False
CH507-513H4.1,string,False
CH507-528H12.1,string,False
CHRNE,string,False
CHRNG,string,False
CITF22-49E9.3,string,False
CLLU1,string,False
CMB9-22P13.1,string,False
CNTD2,string,False
COL18A1-AS1,string,False
COL18A1-AS2,string,False
COL6A5,string,False
COL9A3,string,False
COLCA1,string,False
CPEB1-AS1,string,False
CPEB2-AS1,string,False
CRAT37,string,False
CSF2RA,string,False
CSNK1G2-AS1,string,False
CTA-212A2.4,string,False
CTA-221G9.12,string,False
CTA-228A9.3,string,False
CTA-228A9.4,string,False
CTA-243E7.4,string,False
CTA-268H5.14,string,False
CTA-305I2.1,string,False
CTA-31J9.2,string,False
CTA-373H7.7,string,False
CTA-384D8.34,string,False
CTA-384D8.35,string,False
CTA-390C10.9,string,False
CTA-407F11.7,string,False
CTA-992D9.11,string,False
CTB-113P19.5,string,False
CTB-114C7.4,string,False
CTB-118N6.2,string,False
CTB-118P15.2,string,False
CTB-127C13.1,string,False
CTB-133G6.1,string,False
CTB-133G6.2,string,False
CTB-138E5.1,string,False
CTB-13F3.1,string,False
CTB-161C1.1,string,False
CTB-175E5.7,string,False
CTB-178M22.2,string,False
CTB-179K24.3,string,False
CTB-186G2.1,string,False
CTB-35F21.5,string,False
CTB-47B11.3,string,False
CTB-49A3.5,string,False
CTB-50L17.16,string,False
CTB-55O6.12,string,False
CTB-58E17.9,string,False
CTB-60E11.9,string,False
CTB-61M7.2,string,False
CTB-92J24.3,string,False
CTBP1-AS,string,False
CTC-203F4.2,string,False
CTC-218B8.3,string,False
CTC-281F24.5,string,False
CTC-286N12.1,string,False
CTC-325J23.2,string,False
CTC-340A15.2,string,False
CTC-367J11.1,string,False
CTC-425F1.4,string,False
CTC-457L16.2,string,False
CTC-459M5.1,string,False
CTC-479C5.6,string,False
CTC-480C2.1,string,False
CTC-490E21.10,string,False
CTC-490E21.12,string,False
CTC-490E21.14,string,False
CTC-492K19.4,string,False
CTC-493L21.1,string,False
CTC-510F12.2,string,False
CTC-548K16.1,string,False
CTC-573N18.1,string,False
CTC-806A22.1,string,False
CTD-2008P7.1,string,False
CTD-2008P7.8,string,False
CTD-2012K14.6,string,False
CTD-2013N17.4,string,False
CTD-2015H3.1,string,False
CTD-2017C7.2,string,False
CTD-2017F17.1,string,False
CTD-2020K17.1,string,False
CTD-2021H9.2,string,False
CTD-2026D20.2,string,False
CTD-2026K11.4,string,False
CTD-2031P19.5,string,False
CTD-2035E11.3,string,False
CTD-2035E11.5,string,False
CTD-2036A18.2,string,False
CTD-2081C10.1,string,False
CTD-2083E4.6,string,False
CTD-2089N3.2,string,False
CTD-2091N23.1,string,False
CTD-2135D7.2,string,False
CTD-2135D7.5,string,False
CTD-2154B17.1,string,False
CTD-2176I21.2,string,False
CTD-2184C24.2,string,False
CTD-2184D3.7,string,False
CTD-2189E23.1,string,False
CTD-2196E14.5,string,False
CTD-2210P24.6,string,False
CTD-2213F21.3,string,False
CTD-2228A4.1,string,False
CTD-2231E14.8,string,False
CTD-2231H16.1,string,False
CTD-2246P4.1,string,False
CTD-2256P15.5,string,False
CTD-2260A17.1,string,False
CTD-2260A17.3,string,False
CTD-2288O8.1,string,False
CTD-2296D1.5,string,False
CTD-2302E22.4,string,False
CTD-2311M21.3,string,False
CTD-2314B22.1,string,False
CTD-2319I12.2,string,False
CTD-2325A15.5,string,False
CTD-2329C7.2,string,False
CTD-2330K9.3,string,False
CTD-2336O2.3,string,False
CTD-2337A12.1,string,False
CTD-2358C21.5,string,False
CTD-2377D24.6,string,False
CTD-2378E12.1,string,False
CTD-2501B8.1,string,False
CTD-2503O16.4,string,False
CTD-2507G9.1,string,False
CTD-2517M22.17,string,False
CTD-2521M24.8,string,False
CTD-2525I3.3,string,False
CTD-2525I3.6,string,False
CTD-2527I21.14,string,False
CTD-2527I21.7,string,False
CTD-2528A14.3,string,False
CTD-2530H12.4,string,False
CTD-2540B15.11,string,False
CTD-2540M10.1,string,False
CTD-2545H1.2,string,False
CTD-2545M3.8,string,False
CTD-2555O16.1,string,False
CTD-2562J15.4,string,False
CTD-2562J15.6,string,False
CTD-2566J3.1,string,False
CTD-2568A17.8,string,False
CTD-2589M5.4,string,False
CTD-2600O9.1,string,False
CTD-2616J11.16,string,False
CTD-2616J11.3,string,False
CTD-2616J11.9,string,False
CTD-2619J13.13,string,False
CTD-2623N2.5,string,False
CTD-2631K10.1,string,False
CTD-2639E6.9,string,False
CTD-2647E9.3,string,False
CTD-2653M23.3,string,False
CTD-2655K5.1,string,False
CTD-2666L21.1,string,False
CTD-3012A18.1,string,False
CTD-3032J10.3,string,False
CTD-3035K23.6,string,False
CTD-3037G24.4,string,False
CTD-3051D23.1,string,False
CTD-3064H18.4,string,False
CTD-3064M3.7,string,False
CTD-3065B20.3,string,False
CTD-3075F15.1,string,False
CTD-3076O17.1,string,False
CTD-3080P12.3,string,False
CTD-3126B10.4,string,False
CTD-3131K8.3,string,False
CTD-3149D2.4,string,False
CTD-3154N5.1,string,False
CTD-3154N5.2,string,False
CTD-3193K9.4,string,False
CTD-3193O13.1,string,False
CTD-3193O13.11,string,False
CTD-3193O13.13,string,False
CTD-3194G12.2,string,False
CTD-3195I5.3,string,False
CTD-3222D19.8,string,False
CTD-3252C9.4,string,False
CXorf21,string,False
CXorf36,string,False
CYFIP2,string,False
CYP1B1-AS1,string,False
CYP4F35P,string,False
DDX60L,string,False
DEK,string,False
DFNA5,string,False
DICER1-AS1,string,False
DKFZp779M0652,string,False
DLEU7-AS1,string,False
DLGAP1-AS1,string,False
DNAH10OS,string,False
DNAJC3-AS1,string,False
DNM1P35,string,False
DNMBP-AS1,string,False
DOPEY2,string,False
DPCR1,string,False
DSCAS,string,False
DSCR8,string,False
DSG1-AS1,string,False
DSPP,string,False
EAF1-AS1,string,False
EDRF1-AS1,string,False
EFNB2,string,False
EGOT,string,False
ELMSAN1,string,True
EMX2OS,string,False
EPB42,string,False
ERVH-1,string,False
ESPN,string,False
EWSAT1,string,False
F10-AS1,string,False
FAM101B,string,False
FAM129A,string,False
FAM134B,string,False
FAM159A,string,False
FAM170A,string,False
FAM19A2,string,False
FAM212B,string,False
FAM225B,string,False
FAM26F,string,False
FAM45A,string,False
FAM46A,string,False
FAM46C,string,False
FAM49A,string,False
FAM53B-AS1,string,False
FAM63A,string,False
FAM65B,string,False
FAM74A6,string,False
FAM74A7,string,False
FAM84B,string,False
FAM92B,string,False
FARP1-AS1,string,False
FCGR3A,string,False
FENDRR,string,False
FEZF1-AS1,string,False
FLJ12825,string,False
FLJ27354,string,False
FLJ36000,string,False
FLJ42969,string,False
FOXL2,string,True
FSIP2,string,False
FSIP2-AS1,string,False
FTCD-AS1,string,False
FTX,string,False
FUT1,string,False
FXYD6,string,False
FYB,string,False
GABPB1-AS1,string,False
GAPLINC,string,False
GATS,string,False
GATSL3,string,False
GHET1,string,False
GPR21,string,False
GRAMD3,string,False
GRIK1-AS1,string,False
GRM5-AS1,string,False
GRTP1-AS1,string,False
GS1-124K5.11,string,False
GS1-279B7.1,string,False
GS1-304P7.3,string,False
GSN-AS1,string,False
H1F0,string,False
H1FNT,string,False
H1FX,string,False
H2BFWT,string,False
HBD,string,False
HBG2,string,False
HCG22,string,False
HCG9,string,False
HCK,string,False
HFE2,string,False
HIF1A-AS1,string,False
HIF1A-AS2,string,False
HIPK1-AS1,string,False
HIST1H1C,string,False
HIST1H2AA,string,False
HIST1H2AC,string,False
HIST1H2BD,string,False
HIST1H2BE,string,False
HIST1H2BG,string,False
HIST1H2BJ,string,False
HIST1H3H,string,False
HIST1H4C,string,False
HIST1H4E,string,False
HIST1H4H,string,False
HIST2H2AC,string,False
HMGA1P4,string,False
HMP19,string,False
HN1,string,False
HOTAIRM1,string,False
HOTTIP,string,False
HOXA13,string,True
HOXB-AS1,string,False
HOXB-AS3,string,False
HOXB-AS4,string,False
HP09025,string,False
HRASLS2,string,False
HRASLS5,string,False
HSD17B4,string,False
HTR3E-AS1,string,False
ID2-AS1,string,False
IGHEP2,string,False
IGHV2OR16-5,string,False
IGHV4-34,string,False
IGKC,string,False
IGLC6,string,False
IL10RB-AS1,string,False
IL21-AS1,string,False
INADL,string,False
INTS6-AS1,string,False
IQCA1-AS1,string,False
ISG15,string,False
ITFG1-AS1,string,False
ITGB2-AS1,string,False
ITM2B,string,False
ITPK1-AS1,string,False
ITPKB-AS1,string,False
ITPR1-AS1,string,False
JAZF1-AS1,string,False
JMJD1C-AS1,string,False
KB-1125A3.12,string,False
KB-1410C5.5,string,False
KB-1507C5.4,string,False
KB-1732A1.1,string,False
KB-226F1.2,string,False
KB-431C1.5,string,False
KB-51A8.1,string,False
KC6,string,False
KCNQ1-AS1,string,False
KCNQ1DN,string,False
KCNQ1OT1,string,False
KIAA0101,string,False
KIAA0226L,string,False
KIAA1024L,string,False
KIAA1107,string,False
KIAA1211L,string,False
KIAA1456,string,False
KIAA1551,string,False
KIAA1683,string,False
KIAA1804,string,True
KIAA2012,string,False
KIAA2022,string,False
KIZ-AS1,string,False
KLHL6-AS1,string,False
KRTAP5-AS1,string,False
L3MBTL4-AS1,string,False
LA16c-306A4.1,string,False
LA16c-321D4.2,string,False
LA16c-349E10.1,string,False
LA16c-358B7.3,string,False
LA16c-360H6.3,string,False
LA16c-380H5.3,string,False
LA16c-390E6.4,string,False
LCMT1-AS2,string,False
LECT1,string,False
LHX5-AS1,string,False
LINC-PINT,string,False
LINC00028,string,False
LINC00202-1,string,False
LINC00202-2,string,False
LINC00266-1,string,False
LINC00290,string,False
LINC00294,string,False
LINC00304,string,False
LINC00315,string,False
LINC00319,string,False
LINC00327,string,False
LINC00334,string,False
LINC00337,string,False
LINC00346,string,False
LINC00370,string,False
LINC00379,string,False
LINC00427,string,False
LINC00431,string,False
LINC00437,string,False
LINC00449,string,False
LINC00460,string,False
LINC00461,string,False
LINC00462,string,False
LINC00467,string,False
LINC00479,string,False
LINC00487,string,False
LINC00500,string,False
LINC00504,string,False
LINC00507,string,False
LINC00520,string,False
LINC00539,string,False
LINC00540,string,False
LINC00545,string,False
LINC00548,string,False
LINC00565,string,False
LINC00571,string,False
LINC00574,string,False
LINC00577,string,False
LINC00578,string,False
LINC00620,string,False
LINC00626,string,False
LINC00629,string,False
LINC00635,string,False
LINC00637,string,False
LINC00645,string,False
LINC00649,string,False
LINC00656,string,False
LINC00659,string,False
LINC00664,string,False
LINC00665,string,False
LINC00672,string,False
LINC00685,string,False
LINC00691,string,False
LINC00694,string,False
LINC00858,string,False
LINC00862,string,False
LINC00868,string,False
LINC00871,string,False
LINC00877,string,False
LINC00886,string,False
LINC00891,string,False
LINC00893,string,False
LINC00895,string,False
LINC00898,string,False
LINC00910,string,False
LINC00921,string,False
LINC00936,string,False
LINC00939,string,False
LINC00944,string,False
LINC00957,string,False
LINC00996,string,False
LINC01003,string,False
LINC01010,string,False
LINC01032,string,False
LINC01063,string,False
LINC01091,string,False
LINC01094,string,False
LINC01118,string,False
LINC01124,string,False
LINC01127,string,False
LINC01137,string,False
LINC01139,string,False
LINC01140,string,False
LINC01146,string,False
LINC01151,string,False
LINC01163,string,False
LINC01170,string,False
LINC01202,string,False
LINC01205,string,False
LINC01213,string,False
LINC01220,string,False
LINC01226,string,False
LINC01227,string,False
LINC01249,string,False
LINC01252,string,False
LINC01254,string,False
LINC01267,string,False
LINC01269,string,False
LINC01272,string,False
LINC01281,string,False
LINC01297,string,False
LINC01305,string,False
LINC01320,string,False
LINC01322,string,False
LINC01338,string,False
LINC01342,string,False
LINC01348,string,False
LINC01352,string,False
LINC01353,string,False
LINC01356,string,False
LINC01358,string,False
LINC01376,string,False
LINC01378,string,False
LINC01393,string,False
LINC01395,string,False
LINC01402,string,False
LINC01420,string,False
LINC01422,string,False
LINC01429,string,False
LINC01433,string,False
LINC01435,string,False
LINC01436,string,False
LINC01441,string,False
LINC01473,string,False
LINC01476,string,False
LINC01480,string,False
LINC01483,string,False
LINC01484,string,False
LINC01505,string,False
LINC01511,string,False
LINC01514,string,False
LINC01537,string,False
LINC01550,string,False
LINC01556,string,False
LINC01562,string,False
LINC01583,string,False
LINC01607,string,False
LINC01618,string,False
LINC01625,string,False
LINC01626,string,False
LINGO1-AS1,string,False
LL09NC01-139C3.1,string,False
LL22NC03-104C7.1,string,False
LLNLR-246C6.1,string,False
LLNLR-307A6.1,string,False
LMO7DN,string,False
LOR,string,False
LRMP,string,False
LRPAP1,string,False
LRRC16A,string,False
LSAMP-AS1,string,False
LVCAT1,string,False
LYPLAL1-AS1,string,False
MALAT1,string,False
MANBA,string,False
MAPT-AS1,string,False
MARC1,string,False
MARC2,string,False
MARCH2,string,False
MB21D1,string,False
MDS2,string,False
MEIS1-AS2,string,False
MIR1539,string,False
MIR202HG,string,False
MIR22HG,string,False
MIR34AHG,string,False
MIR3681HG,string,False
MIR3945HG,string,False
MIR4458HG,string,False
MIR5689HG,string,False
MIR646HG,string,False
MIR7-3HG,string,False
MIR99AHG,string,False
MKNK1-AS1,string,False
MMP24-AS1,string,False
MNX1-AS2,string,False
MPP5,string,False
MPRIP-AS1,string,False
MRGPRG-AS1,string,False
MROH8,string,False
MRVI1-AS1,string,False
MS4A4E,string,False
MYB-AS1,string,False
MYC,string,False
MYCNUT,string,False
MYH14,string,False
MYO15A,string,False
MYO15B,string,False
MYO1F,string,False
NADK2-AS1,string,False
NALT1,string,False
NAMA,string,False
NBR1,string,False
NCBP2-AS1,string,False
NEAT1,string,False
NEB,string,False
NEXN-AS1,string,False
NKILA,string,False
NPW,string,False
NR2F1-AS1,string,False
NR2F2-AS1,string,False
NTRK3,string,False
NXPE3,string,False
OFCC1,string,False
OGFR-AS1,string,False
OPA1-AS1,string,False
OR2L13,string,False
OR6C2,string,False
OR8G1,string,False
OR8S1,string,False
OSMR-AS1,string,False
OTX2-AS1,string,False
OVOL1-AS1,string,False
PART1,string,False
PAXBP1-AS1,string,False
PAXIP1-AS2,string,False
PCAT14,string,False
PCAT19,string,False
PCAT29,string,False
PCAT5,string,False
PCCA-AS1,string,False
PCDH11Y,string,False
PGBD3,string,False
PIH1D3,string,False
PIK3CD-AS1,string,False
PIK3IP1-AS1,string,False
PINK1-AS,string,False
PLA2G16,string,False
PLA2G4E-AS1,string,False
PLCG1-AS1,string,False
PNMAL2,string,False
POU4F3,string,False
PRKAG2-AS1,string,False
PRKCB,string,False
PRR29-AS1,string,False
PRRX2-AS1,string,False
PRSS2,string,False
PSMB8-AS1,string,False
PSMD5-AS1,string,False
PTPRS,string,False
PTRF,string,False
PVRL1,string,False
PVRL4,string,False
RAI1-AS1,string,False
RAP2C-AS1,string,False
RARA-AS1,string,False
RARRES3,string,False
RASSF8-AS1,string,False
RBM5-AS1,string,False
RFPL3S,string,False
RGAG1,string,False
RGAG4,string,False
RHOXF1-AS1,string,False
RHOXF2BB,string,True
RMDN2-AS1,string,False
RN7SL832P,string,False
RNF217-AS1,string,False
RP1-102E24.10,string,False
RP1-102K2.6,string,False
RP1-102K2.8,string,False
RP1-10C16.1,string,False
RP1-111B22.3,string,False
RP1-111D6.3,string,False
RP1-122K4.3,string,False
RP1-122P22.4,string,False
RP1-127H14.3,string,False
RP1-136B1.1,string,False
RP1-138B7.6,string,False
RP1-142L7.5,string,False
RP1-150O5.3,string,False
RP1-153G14.4,string,False
RP1-170O19.14,string,False
RP1-187B23.1,string,False
RP1-191J18.66,string,False
RP1-212P9.3,string,False
RP1-23E21.2,string,False
RP1-253P7.4,string,False
RP1-261G23.7,string,False
RP1-266L20.4,string,False
RP1-273G13.3,string,False
RP1-286D6.5,string,False
RP1-293L8.2,string,False
RP1-302G2.5,string,False
RP1-30E17.2,string,False
RP1-310O13.7,string,False
RP1-34B20.21,string,False
RP1-34M23.5,string,False
RP1-40E16.11,string,False
RP1-43E13.2,string,False
RP1-45N11.1,string,False
RP1-50O24.6,string,False
RP1-56K13.2,string,False
RP1-59D14.10,string,False
RP1-59D14.5,string,False
RP1-60O19.1,string,False
RP1-69D17.3,string,False
RP1-76B20.11,string,False
RP1-84O15.2,string,False
RP11-1000B6.5,string,False
RP11-1000B6.8,string,False
RP11-1006G14.1,string,False
RP11-1017G21.6,string,False
RP11-1018N14.1,string,False
RP11-102G14.1,string,False
RP11-102M11.2,string,False
RP11-1038A11.3,string,False
RP11-104N10.1,string,False
RP11-1055B8.3,string,False
RP11-1079K10.3,string,False
RP11-107I14.4,string,False
RP11-107N15.1,string,False
RP11-1084A12.2,string,False
RP11-1085N6.3,string,False
RP11-108K3.2,string,False
RP11-109E24.2,string,False
RP11-10H3.1,string,False
RP11-10J21.6,string,False
RP11-10N16.2,string,False
RP11-10N23.5,string,False
RP11-1100L3.8,string,False
RP11-110I1.11,string,False
RP11-1114A5.4,string,False
RP11-111A21.1,string,False
RP11-111F5.3,string,False
RP11-112L6.2,string,False
RP11-1143G9.4,string,False
RP11-1143G9.5,string,False
RP11-1149M10.2,string,False
RP11-114B7.6,string,False
RP11-114H24.6,string,False
RP11-1151B14.4,string,False
RP11-1152H14.1,string,False
RP11-1152H15.1,string,False
RP11-115H18.1,string,False
RP11-117D22.2,string,False
RP11-118K6.3,string,False
RP11-1191J2.5,string,False
RP11-11C20.3,string,False
RP11-121A8.1,string,False
RP11-1223D19.1,string,False
RP11-123O10.4,string,False
RP11-126K1.8,string,False
RP11-127I20.5,string,False
RP11-128A17.1,string,False
RP11-128B16.3,string,False
RP11-1299A16.3,string,False
RP11-12M5.3,string,False
RP11-130C6.1,string,False
RP11-131K5.2,string,False
RP11-131L12.2,string,False
RP11-1336O20.2,string,False
RP11-133K1.6,string,False
RP11-133N21.10,string,False
RP11-1348G14.5,string,False
RP11-134D3.2,string,False
RP11-136H19.1,string,False
RP11-136L23.2,string,False
RP11-136O12.2,string,False
RP11-138A9.1,string,False
RP11-138A9.2,string,False
RP11-138E16.1,string,False
RP11-138E2.1,string,False
RP11-138P22.1,string,False
RP11-1398P2.1,string,False
RP11-1399P15.1,string,False
RP11-13J8.1,string,False
RP11-13K12.1,string,False
RP11-13K12.2,string,False
RP11-13N13.6,string,False
RP11-147L13.12,string,False
RP11-147L13.14,string,False
RP11-147L13.15,string,False
RP11-147L13.8,string,False
RP11-153K11.3,string,False
RP11-154H23.3,string,False
RP11-158D2.2,string,False
RP11-158M2.4,string,False
RP11-15H20.7,string,False
RP11-15I11.3,string,False
RP11-160H22.3,string,False
RP11-160N1.9,string,False
RP11-160O5.1,string,False
RP11-162A12.2,string,False
RP11-162G10.5,string,False
RP11-164H13.1,string,False
RP11-165E7.1,string,False
RP11-165F24.3,string,False
RP11-165J3.6,string,False
RP11-166P13.3,string,False
RP11-167H9.4,string,False
RP11-168E17.1,string,False
RP11-16B13.1,string,False
RP11-16C1.1,string,False
RP11-16E12.1,string,False
RP11-16K12.1,string,False
RP11-171I2.5,string,False
RP11-173E2.2,string,False
RP11-174G6.1,string,False
RP11-174O3.6,string,False
RP11-177H2.2,string,False
RP11-178F10.2,string,False
RP11-179K3.2,string,False
RP11-17A1.3,string,False
RP11-180M15.6,string,False
RP11-181B18.1,string,False
RP11-181C3.1,string,False
RP11-181G12.4,string,False
RP11-182J1.5,string,False
RP11-184E9.1,string,False
RP11-184I16.4,string,False
RP11-184M15.1,string,False
RP11-186N15.3,string,False
RP11-18B16.2,string,False
RP11-18D7.2,string,False
RP11-18H21.1,string,False
RP11-195B3.1,string,False
RP11-195C7.1,string,False
RP11-195M16.3,string,False
RP11-196G11.2,string,False
RP11-196G18.3,string,False
RP11-197N18.7,string,False
RP11-1C1.4,string,False
RP11-1C1.6,string,False
RP11-202A13.1,string,False
RP11-202G11.2,string,False
RP11-203B9.4,string,False
RP11-203L2.4,string,False
RP11-204L24.2,string,False
RP11-209D14.2,string,False
RP11-20B24.2,string,False
RP11-20D14.6,string,False
RP11-210M15.1,string,False
RP11-211N8.2,string,False
RP11-212I21.4,string,False
RP11-212P7.2,string,False
RP11-214F16.8,string,False
RP11-215P8.3,string,False
RP11-217B7.2,string,False
RP11-219B4.7,string,False
RP11-219E7.4,string,False
RP11-21L1.1,string,False
RP11-21M24.2,string,False
RP11-220C2.1,string,False
RP11-225H22.4,string,False
RP11-227G15.10,string,False
RP11-227G15.11,string,False
RP11-227G15.8,string,False
RP11-229P13.15,string,False
RP11-22C11.2,string,False
RP11-230G5.2,string,False
RP11-231D20.2,string,False
RP11-231E6.1,string,False
RP11-234K24.3,string,False
RP11-235C23.5,string,False
RP11-235E17.2,string,False
RP11-239H6.2,string,False
RP11-239L20.6,string,False
RP11-240G22.5,string,False
RP11-243M5.1,string,False
RP11-244F12.2,string,False
RP11-244H3.4,string,False
RP11-245J9.4,string,False
RP11-245P10.6,string,False
RP11-246A10.1,string,False
RP11-247A12.8,string,False
RP11-247I13.11,string,False
RP11-248M19.1,string,False
RP11-24F11.2,string,False
RP11-252A24.5,string,False
RP11-255E6.6,string,False
RP11-256L6.2,string,False
RP11-256L6.3,string,False
RP11-259K15.2,string,False
RP11-259K5.1,string,False
RP11-259P20.1,string,False
RP11-25G10.2,string,False
RP11-25H12.1,string,False
RP11-263K19.6,string,False
RP11-263K4.3,string,False
RP11-265D19.6,string,False
RP11-265N6.2,string,False
RP11-265O12.1,string,False
RP11-266A24.1,string,False
RP11-266J6.2,string,False
RP11-266L9.5,string,False
RP11-268F1.3,string,False
RP11-269G24.6,string,False
RP11-271M24.2,string,False
RP11-274B21.10,string,False
RP11-274B21.9,string,False
RP11-274H24.1,string,False
RP11-274J16.5,string,False
RP11-274M17.3,string,False
RP11-276E17.2,string,False
RP11-276H7.3,string,False
RP11-279N8.1,string,False
RP11-279O9.4,string,False
RP11-281A20.2,string,False
RP11-282I1.1,string,False
RP11-284J1.1,string,False
RP11-285E23.2,string,False
RP11-285F7.2,string,False
RP11-285J16.1,string,False
RP11-286H15.1,string,False
RP11-286O18.1,string,False
RP11-290D2.3,string,False
RP11-290F5.2,string,False
RP11-290K4.2,string,False
RP11-290L1.2,string,False
RP11-292E2.1,string,False
RP11-294J22.6,string,False
RP11-294N21.3,string,False
RP11-295I5.3,string,False
RP11-295M18.6,string,False
RP11-297A16.2,string,False
RP11-297C4.3,string,False
RP11-297N6.4,string,False
RP11-299H22.1,string,False
RP11-29B2.6,string,False
RP11-29B9.2,string,False
RP11-2B6.3,string,False
RP11-301G19.1,string,False
RP11-303E16.3,string,False
RP11-304F15.4,string,False
RP11-304M2.5,string,False
RP11-305L7.1,string,False
RP11-306G20.1,string,False
RP11-306O13.1,string,False
RP11-307C18.1,string,False
RP11-308D13.3,string,False
RP11-308N19.1,string,False
RP11-309N24.1,string,False
RP11-310I9.1,string,False
RP11-312J18.6,string,False
RP11-313D6.3,string,False
RP11-314C16.1,string,False
RP11-314D7.2,string,False
RP11-315I14.2,string,False
RP11-315O6.1,string,False
RP11-319E16.2,string,False
RP11-320G24.1,string,False
RP11-321L2.2,string,False
RP11-324D17.3,string,False
RP11-324O2.3,string,False
RP11-325L12.7,string,False
RP11-326I11.3,string,False
RP11-326I11.4,string,False
RP11-327F22.2,string,False
RP11-327I22.5,string,False
RP11-327J17.8,string,False
RP11-328C8.4,string,False
RP11-328J14.1,string,False
RP11-329B9.4,string,False
RP11-32B5.7,string,False
RP11-331F9.4,string,False
RP11-332J15.2,string,False
RP11-333I13.1,string,False
RP11-334C17.5,string,False
RP11-334J6.6,string,False
RP11-335E6.3,string,False
RP11-336A10.2,string,False
RP11-338C15.3,string,False
RP11-338E21.1,string,False
RP11-338I21.1,string,False
RP11-338K17.8,string,False
RP11-338L22.2,string,False
RP11-338N10.1,string,False
RP11-33I11.2,string,False
RP11-342A1.1,string,False
RP11-345P4.7,string,False
RP11-346C20.3,string,False
RP11-347I19.8,string,False
RP11-347P5.1,string,False
RP11-348F1.2,string,False
RP11-34F13.2,string,False
RP11-34P13.8,string,False
RP11-350J20.12,string,False
RP11-351D16.3,string,False
RP11-351I24.1,string,False
RP11-352D3.2,string,False
RP11-352M15.1,string,False
RP11-353K11.1,string,False
RP11-353N14.1,string,False
RP11-354A14.1,string,False
RP11-354E11.2,string,False
RP11-354M20.3,string,False
RP11-354P11.2,string,False
RP11-354P11.4,string,False
RP11-355B11.2,string,False
RP11-355F16.1,string,False
RP11-356C4.3,string,False
RP11-356J5.13,string,False
RP11-356K23.2,string,False
RP11-357N13.3,string,False
RP11-358B23.5,string,False
RP11-359E10.1,string,False
RP11-359M6.1,string,False
RP11-360O19.4,string,False
RP11-362J17.1,string,False
RP11-362K14.5,string,False
RP11-362K14.7,string,False
RP11-365N19.2,string,False
RP11-366F6.2,string,False
RP11-366H4.1,string,False
RP11-366H4.3,string,False
RP11-367G6.3,string,False
RP11-367J11.3,string,False
RP11-369K17.1,string,False
RP11-370I10.10,string,False
RP11-370I10.11,string,False
RP11-370I10.12,string,False
RP11-373D23.3,string,False
RP11-373N22.3,string,False
RP11-374M1.5,string,False
RP11-375A5.1,string,False
RP11-379F4.9,string,False
RP11-380D11.2,string,False
RP11-380L11.4,string,False
RP11-381N20.1,string,False
RP11-383C6.2,string,False
RP11-383J24.1,string,False
RP11-383M4.6,string,False
RP11-384F7.1,string,False
RP11-384P7.7,string,False
RP11-385D13.1,string,False
RP11-387H17.4,string,False
RP11-388M20.2,string,False
RP11-38J22.3,string,False
RP11-390F4.3,string,False
RP11-394I13.2,string,False
RP11-394O2.3,string,False
RP11-395B7.4,string,False
RP11-395E19.2,string,False
RP11-396B14.2,string,False
RP11-397A16.3,string,False
RP11-398H6.1,string,False
RP11-399K21.10,string,False
RP11-399K21.14,string,False
RP11-3B12.2,string,False
RP11-3B12.5,string,False
RP11-3D4.4,string,False
RP11-403I13.7,string,False
RP11-403P17.3,string,False
RP11-403P17.4,string,False
RP11-404E16.1,string,False
RP11-404F10.2,string,False
RP11-404O13.5,string,False
RP11-405F3.4,string,False
RP11-406A9.2,string,False
RP11-407N8.5,string,False
RP11-409I10.2,string,False
RP11-410N8.3,string,False
RP11-410N8.4,string,False
RP11-411K7.1,string,False
RP11-413H22.3,string,False
RP11-415D17.4,string,False
RP11-415I12.3,string,False
RP11-416I2.1,string,False
RP11-417L19.2,string,False
RP11-420K8.1,string,False
RP11-421F16.3,string,False
RP11-421M1.8,string,False
RP11-422P24.12,string,False
RP11-424I19.2,string,False
RP11-425A23.1,string,False
RP11-425A6.5,string,False
RP11-426C22.5,string,False
RP11-428O18.6,string,False
RP11-429A20.3,string,False
RP11-429E11.2,string,False
RP11-429J17.5,string,False
RP11-429J17.7,string,False
RP11-429J17.8,string,False
RP11-42I10.1,string,False
RP11-430C7.4,string,False
RP11-430C7.5,string,False
RP11-431J24.2,string,False
RP11-432J24.5,string,False
RP11-433J8.1,string,False
RP11-433J8.2,string,False
RP11-433M22.2,string,False
RP11-434D11.4,string,False
RP11-435D7.3,string,False
RP11-435O5.7,string,False
RP11-439A17.9,string,False
RP11-439K3.1,string,False
RP11-440G5.2,string,False
RP11-440I14.3,string,False
RP11-440L14.4,string,False
RP11-442H21.2,string,False
RP11-442J17.3,string,False
RP11-442O1.3,string,False
RP11-442O1.4,string,False
RP11-443B7.2,string,False
RP11-443F4.1,string,False
RP11-444E17.6,string,False
RP11-445F12.1,string,False
RP11-445F12.2,string,False
RP11-445N20.3,string,False
RP11-445O3.3,string,False
RP11-445P17.8,string,False
RP11-446H18.5,string,False
RP11-446J8.1,string,False
RP11-449P15.2,string,False
RP11-44D19.1,string,False
RP11-44F21.5,string,False
RP11-44N12.2,string,False
RP11-452C13.1,string,False
RP11-452C8.1,string,False
RP11-452H21.2,string,False
RP11-452L6.1,string,False
RP11-454P21.1,string,False
RP11-455F5.5,string,False
RP11-457M11.7,string,False
RP11-45P15.4,string,False
RP11-460I13.2,string,False
RP11-461A8.1,string,False
RP11-461A8.5,string,False
RP11-461L13.5,string,False
RP11-461M2.2,string,False
RP11-462G2.1,string,False
RP11-463O9.9,string,False
RP11-464F9.21,string,False
RP11-465N4.4,string,False
RP11-466A19.1,string,False
RP11-466P24.6,string,False
RP11-467L13.7,string,False
RP11-467P9.1,string,False
RP11-468E2.10,string,False
RP11-468E2.4,string,False
RP11-468E2.5,string,False
RP11-46D6.1,string,False
RP11-46H11.3,string,False
RP11-473E2.4,string,False
RP11-473M20.16,string,False
RP11-474C8.8,string,False
RP11-474P2.4,string,False
RP11-474P2.6,string,False
RP11-475I24.8,string,False
RP11-476B1.1,string,False
RP11-477N3.1,string,False
RP11-480C16.1,string,False
RP11-480D4.6,string,False
RP11-480I12.10,string,False
RP11-481J13.1,string,False
RP11-483I13.2,string,False
RP11-483I13.5,string,False
RP11-484L8.1,string,False
RP11-486A14.2,string,False
RP11-486I11.2,string,False
RP11-486L19.2,string,False
RP11-486O13.2,string,False
RP11-487E13.1,string,False
RP11-489O18.1,string,False
RP11-492E3.2,string,False
RP11-492E3.51,string,False
RP11-494O16.4,string,False
RP11-495P10.1,string,False
RP11-495P10.6,string,False
RP11-497G19.7,string,False
RP11-497H17.1,string,False
RP11-497K21.1,string,False
RP11-498C9.16,string,False
RP11-498P14.5,string,False
RP11-49I11.1,string,False
RP11-49K24.8,string,False
RP11-500G22.4,string,False
RP11-501O2.5,string,False
RP11-503C24.4,string,False
RP11-503E24.2,string,False
RP11-505E24.2,string,False
RP11-505E24.3,string,False
RP11-505P4.6,string,False
RP11-505P4.7,string,False
RP11-506F3.1,string,False
RP11-506H21.5,string,False
RP11-506O24.1,string,False
RP11-507K2.2,string,False
RP11-50C13.1,string,False
RP11-50I19.2,string,False
RP11-510J16.5,string,False
RP11-510M2.2,string,False
RP11-511B23.1,string,False
RP11-511B23.2,string,False
RP11-513G11.3,string,False
RP11-513M16.8,string,False
RP11-513O17.3,string,False
RP11-514P8.2,string,False
RP11-514P8.6,string,False
RP11-517I3.1,string,False
RP11-517P14.2,string,False
RP11-519G16.2,string,False
RP11-51J9.5,string,False
RP11-521C20.5,string,False
RP11-521D12.1,string,False
RP11-524K22.1,string,False
RP11-525J21.1,string,False
RP11-529E10.7,string,False
RP11-529K1.4,string,False
RP11-52L5.6,string,False
RP11-532F6.4,string,False
RP11-534L20.5,string,False
RP11-537A6.9,string,False
RP11-537H15.3,string,False
RP11-538I12.2,string,False
RP11-538P18.2,string,False
RP11-539I5.1,string,False
RP11-539L10.2,string,False
RP11-53B5.1,string,False
RP11-53I6.4,string,False
RP11-541P9.3,string,False
RP11-542K23.10,string,False
RP11-542K23.7,string,False
RP11-543C4.1,string,False
RP11-544A12.8,string,False
RP11-544D21.2,string,False
RP11-544M22.8,string,False
RP11-545H22.1,string,False
RP11-546K22.3,string,False
RP11-547C5.1,string,False
RP11-547C5.2,string,False
RP11-548P2.2,string,False
RP11-54H7.4,string,False
RP11-54O7.18,string,False
RP11-54O7.3,string,False
RP11-552D8.1,string,False
RP11-553A10.1,string,False
RP11-553L6.2,string,False
RP11-553L6.5,string,False
RP11-554A11.9,string,False
RP11-554D15.3,string,False
RP11-556I14.1,string,False
RP11-556I14.2,string,False
RP11-556N4.1,string,False
RP11-557H15.4,string,False
RP11-55K13.1,string,False
RP11-55L3.1,string,False
RP11-563D10.1,string,False
RP11-563J2.3,string,False
RP11-565P22.2,string,False
RP11-566K11.5,string,False
RP11-567N4.3,string,False
RP11-568J23.6,string,False
RP11-568N6.1,string,False
RP11-56B16.5,string,False
RP11-572B2.1,string,False
RP11-573D15.9,string,False
RP11-574F21.3,string,False
RP11-574O16.1,string,False
RP11-578F21.6,string,False
RP11-579D7.4,string,False
RP11-583F2.2,string,False
RP11-583F2.5,string,False
RP11-588G21.2,string,False
RP11-589M4.3,string,False
RP11-58B2.1,string,False
RP11-58C22.2,string,False
RP11-58K22.4,string,False
RP11-593F23.1,string,False
RP11-596D21.1,string,False
RP11-597D13.9,string,False
RP11-598F7.3,string,False
RP11-598F7.4,string,False
RP11-5C23.2,string,False
RP11-609N14.1,string,False
RP11-610P16.1,string,False
RP11-615I2.6,string,False
RP11-616M22.7,string,False
RP11-61E11.1,string,False
RP11-61I13.3,string,False
RP11-620J15.1,string,False
RP11-620J15.2,string,False
RP11-620J15.3,string,False
RP11-624M8.1,string,False
RP11-626G11.3,string,False
RP11-627G18.2,string,False
RP11-629N8.3,string,False
RP11-630C16.2,string,False
RP11-634B7.4,string,False
RP11-635N19.1,string,False
RP11-635O16.2,string,False
RP11-637A17.2,string,False
RP11-638I2.9,string,False
RP11-63L7.5,string,False
RP11-63P12.7,string,False
RP11-640L9.1,string,False
RP11-642C5.1,string,False
RP11-644N4.1,string,False
RP11-646I6.6,string,False
RP11-649G15.2,string,False
RP11-650L12.1,string,False
RP11-651L5.3,string,False
RP11-65D17.1,string,False
RP11-65G9.1,string,False
RP11-65J3.14,string,False
RP11-65J3.3,string,False
RP11-65L19.4,string,False
RP11-65M17.3,string,False
RP11-660M5.1,string,False
RP11-661A12.12,string,False
RP11-661A12.5,string,False
RP11-662B19.2,string,False
RP11-662J14.2,string,False
RP11-665C16.6,string,False
RP11-665G4.1,string,False
RP11-666A20.4,string,False
RP11-667K14.3,string,False
RP11-669N7.2,string,False
RP11-670E13.6,string,False
RP11-677M14.7,string,False
RP11-679C8.2,string,False
RP11-680A11.5,string,False
RP11-680F8.3,string,False
RP11-680G24.6,string,False
RP11-686F15.2,string,False
RP11-686O6.1,string,False
RP11-688G15.3,string,False
RP11-689P11.2,string,False
RP11-693J15.5,string,False
RP11-693J15.6,string,False
RP11-697E2.11,string,False
RP11-697E22.1,string,False
RP11-69G7.1,string,False
RP11-69I8.2,string,False
RP11-69L16.4,string,False
RP11-6D1.3,string,False
RP11-6F2.5,string,False
RP11-6I2.3,string,False
RP11-6N17.2,string,False
RP11-6O2.2,string,False
RP11-700H6.2,string,False
RP11-701P16.2,string,False
RP11-702H23.6,string,False
RP11-703H8.7,string,False
RP11-704M14.1,string,False
RP11-706O15.7,string,False
RP11-707A18.1,string,False
RP11-707G18.1,string,False
RP11-707P17.2,string,False
RP11-708J19.1,string,False
RP11-709A23.1,string,False
RP11-70C1.1,string,False
RP11-70D24.2,string,False
RP11-70F11.8,string,False
RP11-711D18.2,string,False
RP11-713N11.6,string,False
RP11-713P17.3,string,False
RP11-714G18.1,string,False
RP11-715J22.3,string,False
RP11-716H6.2,string,False
RP11-717F1.1,string,False
RP11-71G12.1,string,False
RP11-722G7.1,string,False
RP11-727F15.9,string,False
RP11-729L2.2,string,False
RP11-731C17.2,string,False
RP11-731K22.1,string,False
RP11-732A19.8,string,False
RP11-736K20.6,string,False
RP11-737O24.5,string,False
RP11-739N20.2,string,False
RP11-73M7.6,string,False
RP11-744K17.1,string,False
RP11-744N12.3,string,False
RP11-74C13.4,string,False
RP11-74E22.5,string,False
RP11-74E22.8,string,False
RP11-74H8.1,string,False
RP11-752D24.2,string,False
RP11-752G15.8,string,False
RP11-753H16.3,string,False
RP11-754N21.1,string,False
RP11-756H6.1,string,False
RP11-757G1.6,string,False
RP11-760H22.2,string,False
RP11-761B3.1,string,False
RP11-76E17.2,string,False
RP11-76E17.3,string,False
RP11-770G2.5,string,False
RP11-771K4.1,string,False
RP11-773H22.4,string,False
RP11-774D14.1,string,False
RP11-774O3.1,string,False
RP11-774O3.3,string,False
RP11-77A13.1,string,False
RP11-77E14.2,string,False
RP11-77H9.5,string,False
RP11-789C1.2,string,False
RP11-78B10.2,string,False
RP11-793H13.3,string,False
RP11-796E2.4,string,False
RP11-798G7.5,string,False
RP11-798K3.2,string,False
RP11-798L4.1,string,False
RP11-799M12.2,string,False
RP11-799O21.2,string,False
RP11-7F17.5,string,False
RP11-7F17.8,string,False
RP11-800A3.3,string,False
RP11-800A3.7,string,False
RP11-802O23.3,string,False
RP11-806L2.2,string,False
RP11-807H22.7,string,False
RP11-80A15.1,string,False
RP11-80H18.4,string,False
RP11-80H8.3,string,False
RP11-810M2.2,string,False
RP11-810P8.1,string,False
RP11-815J21.4,string,False
RP11-816J6.3,string,False
RP11-817G13.3,string,False
RP11-818F20.5,string,False
RP11-818O24.3,string,False
RP11-81A22.5,string,False
RP11-81H14.2,string,False
RP11-820I16.4,string,False
RP11-822E23.7,string,False
RP11-82O19.1,string,False
RP11-831F12.2,string,False
RP11-834C11.11,string,False
RP11-834C11.15,string,False
RP11-834C11.5,string,False
RP11-837J7.4,string,False
RP11-83A16.1,string,False
RP11-83A24.2,string,False
RP11-83C7.1,string,False
RP11-840I19.5,string,False
RP11-841O20.2,string,False
RP11-843A23.1,string,False
RP11-847H18.2,string,False
RP11-848P1.3,string,False
RP11-854K16.3,string,False
RP11-856F16.2,string,False
RP11-85G18.6,string,False
RP11-860B13.1,string,False
RP11-862L9.3,string,False
RP11-863K10.7,string,False
RP11-867G2.6,string,False
RP11-867O8.5,string,False
RP11-876N24.2,string,False
RP11-886P16.6,string,False
RP11-887P2.5,string,False
RP11-88I18.2,string,False
RP11-893F2.5,string,False
RP11-894J14.5,string,False
RP11-89F3.2,string,False
RP11-89H19.1,string,False
RP11-8L8.2,string,False
RP11-905K4.1,string,False
RP11-90D11.1,string,False
RP11-90K6.1,string,False
RP11-91A18.4,string,False
RP11-91I20.3,string,False
RP11-91K8.5,string,False
RP11-91P24.7,string,False
RP11-923I11.3,string,False
RP11-92C4.3,string,False
RP11-92C4.6,string,False
RP11-930O11.3,string,False
RP11-932A10.1,string,False
RP11-932O9.7,string,False
RP11-93B14.10,string,False
RP11-93B14.9,string,False
RP11-93G5.1,string,False
RP11-946L16.1,string,False
RP11-946L16.2,string,False
RP11-95H11.1,string,False
RP11-95I16.4,string,False
RP11-960L18.1,string,False
RP11-968A15.2,string,False
RP11-96B5.3,string,False
RP11-96D1.7,string,False
RP11-96H19.1,string,False
RP11-96K19.2,string,False
RP11-98O2.1,string,False
RP11-996F15.4,string,False
RP11-9M16.2,string,False
RP13-1016M1.2,string,False
RP13-131K19.1,string,False
RP13-131K19.6,string,False
RP13-314C10.5,string,False
RP13-317D12.3,string,False
RP13-39P12.3,string,False
RP13-463N16.6,string,False
RP13-467H17.1,string,False
RP13-49I15.6,string,False
RP13-507P19.2,string,False
RP13-514E23.2,string,False
RP13-516M14.4,string,False
RP13-539J13.1,string,False
RP13-631K18.2,string,False
RP13-672B3.2,string,False
RP13-714J12.1,string,False
RP13-870H17.3,string,False
RP13-890H12.2,string,False
RP13-895J2.6,string,False
RP13-977J11.2,string,False
RP13-977J11.9,string,False
RP3-323N1.2,string,False
RP3-324O17.8,string,False
RP3-325F22.3,string,False
RP3-329E20.2,string,False
RP3-333A15.1,string,False
RP3-333H23.8,string,False
RP3-355L5.4,string,False
RP3-382I10.7,string,False
RP3-388E23.2,string,False
RP3-388N13.5,string,False
RP3-395M20.12,string,False
RP3-395M20.8,string,False
RP3-402G11.25,string,False
RP3-403A15.5,string,False
RP3-406P24.3,string,False
RP3-439F8.1,string,False
RP3-448I9.2,string,False
RP3-449M8.9,string,False
RP3-453C12.15,string,False
RP3-467K16.2,string,False
RP3-467K16.4,string,False
RP3-473L9.4,string,False
RP3-477O4.14,string,False
RP3-483K16.4,string,False
RP3-508I15.14,string,False
RP3-510D11.2,string,False
RP3-510H16.3,string,False
RP3-512B11.3,string,False
RP3-522J7.6,string,False
RP3-525N10.2,string,False
RP4-530I15.6,string,False
RP4-533D7.4,string,False
RP4-541C22.5,string,False
RP4-548D19.3,string,False
RP4-550H1.4,string,False
RP4-565E6.1,string,False
RP4-569M23.5,string,False
RP4-583P15.15,string,False
RP4-584D14.5,string,False
RP4-604G5.1,string,False
RP4-613B23.5,string,False
RP4-622L5.7,string,False
RP4-625H18.2,string,False
RP4-633I8.4,string,False
RP4-633O19__A.1,string,False
RP4-635E18.8,string,False
RP4-635E18.9,string,False
RP4-639F20.1,string,False
RP4-639J15.3,string,False
RP4-640H8.2,string,False
RP4-644L1.2,string,False
RP4-647C14.2,string,False
RP4-655J12.4,string,False
RP4-669H2.1,string,False
RP4-671O14.7,string,False
RP4-680D5.9,string,False
RP4-682C21.5,string,False
RP4-693M11.3,string,False
RP4-706G24.1,string,False
RP4-742C19.13,string,False
RP4-761J14.10,string,False
RP4-777L9.3,string,False
RP4-777O23.1,string,False
RP4-777O23.3,string,False
RP4-781K5.4,string,False
RP4-781K5.6,string,False
RP4-790G17.7,string,False
RP4-794H19.1,string,False
RP4-794I6.4,string,False
RP4-798A10.7,string,False
RP4-799D16.1,string,False
RP4-803J11.2,string,False
RP5-1011O1.2,string,False
RP5-1021I20.1,string,False
RP5-1021I20.5,string,False
RP5-1022P6.5,string,False
RP5-1022P6.7,string,False
RP5-1024G6.5,string,False
RP5-1028K7.2,string,False
RP5-1030M6.3,string,False
RP5-1031J8.1,string,False
RP5-1039K5.18,string,False
RP5-1042K10.13,string,False
RP5-1050D4.2,string,False
RP5-1065J22.8,string,False
RP5-1066H13.4,string,False
RP5-1068H6.6,string,False
RP5-1069C8.2,string,False
RP5-1086K13.1,string,False
RP5-1092A3.5,string,False
RP5-1096D14.3,string,False
RP5-1096D14.6,string,False
RP5-1112D6.8,string,False
RP5-1115A15.1,string,False
RP5-1120P11.1,string,False
RP5-1139I1.1,string,False
RP5-1142A6.2,string,False
RP5-1142A6.5,string,False
RP5-1159O4.1,string,False
RP5-1164C1.2,string,False
RP5-1171I10.5,string,False
RP5-1172N10.2,string,False
RP5-1182A14.5,string,False
RP5-821D11.7,string,False
RP5-882C2.2,string,False
RP5-892K4.1,string,False
RP5-894D12.4,string,False
RP5-901A4.1,string,False
RP5-940J5.8,string,False
RP5-952N6.1,string,False
RP5-997D24.3,string,False
RP5-998N21.4,string,False
RP6-159A1.4,string,False
RP6-65G23.5,string,False
RPL10,string,False
RQCD1,string,False
RRS1-AS1,string,False
RUNDC3A-AS1,string,False
S100A13,string,False
S1PR2,string,True
SCARNA2,string,False
SEC62-AS1,string,False
SELM,string,False
SEMA3E,string,False
SEMA3F-AS1,string,False
SEPP1,string,False
SEPT4-AS1,string,False
SEPT7-AS1,string,False
SETBP1,string,False
SGOL2,string,False
SHANK2-AS1,string,False
SIGLEC5,string,False
SIX3-AS1,string,False
SLC25A30-AS1,string,False
SLC26A4-AS1,string,False
SLC2A1-AS1,string,False
SLITRK6,string,False
SMIM10L2A,string,False
SMIM2-AS1,string,False
SMIM9,string,False
SNHG22,string,False
SNHG9,string,False
SNRK-AS1,string,False
SPATA42,string,False
SRGAP2-AS1,string,False
SSPO,string,False
ST3GAL5-AS1,string,False
STAM-AS1,string,False
STEAP3-AS1,string,False
STK24-AS1,string,False
STX16-NPEPL1,string,False
STXBP5-AS1,string,False
SVEP1,string,False
TAC3,string,False
TAPT1-AS1,string,False
TBX18-AS1,string,False
TEX13D,string,False
TEX26-AS1,string,False
TEX41,string,False
TFAP2A,string,False
TFAP2A-AS1,string,False
TH2LCRR,string,False
THRIL,string,False
THSD7B,string,False
THUMPD3-AS1,string,False
TM4SF1-AS1,string,False
TMEM14EP,string,False
TMEM173,string,False
TMEM191C,string,False
TMEM27,string,False
TMEM35,string,False
TMEM51-AS1,string,False
TMEM55A,string,False
TMEM9B-AS1,string,False
TMLHE-AS1,string,False
TPT1-AS1,string,False
TRAC,string,False
TRBC1,string,False
TRBC2,string,False
TRBV30,string,False
TRDC,string,False
TRDV2,string,False
TRGC1,string,False
TRGC2,string,False
TRGV5,string,False
TRGV9,string,False
TRGVA,string,False
TRPM5,string,False
TSC22D1-AS1,string,False
TSPAN10,string,False
TTC39A-AS1,string,False
TTC6,string,False
TTLL10-AS1,string,False
TUSC8,string,False
TXNDC12-AS1,string,False
U47924.27,string,False
U47924.32,string,False
U73166.2,string,False
U82695.5,string,False
UBE2E2-AS1,string,False
UBR5-AS1,string,False
UCKL1-AS1,string,False
UFD1L,string,False
UNC5B-AS1,string,False
UPK1A-AS1,string,False
USP12-AS2,string,False
USP30-AS1,string,False
UXT-AS1,string,False
VNN3,string,False
WAC-AS1,string,False
WBP5,string,False
WBSCR28,string,False
WEE2-AS1,string,False
WISP3,string,False
WWC2-AS1,string,False
XIST,string,False
XX-DJ76P10__A.2,string,False
XX-FW80269A6.1,string,False
XX-FW81066F1.2,string,False
XX-FW83128A1.2,string,False
XX-FW83563B9.5,string,False
XXbac-B33L19.4,string,False
XXbac-BPG249D20.9,string,False
XXbac-BPG299F13.14,string,False
XXbac-BPGBPG55C20.1,string,False
XXbac-BPGBPG55C20.3,string,False
Z83001.1,string,False
ZBED5-AS1,string,False
ZBTB20-AS4,string,False
ZEB1,string,False
ZMIZ1-AS1,string,False
ZNF30-AS1,string,False
ZNF32-AS3,string,False
ZNF436-AS1,string,False
ZNF503-AS1,string,False
