condition_id,metric_id,value,reason,gene_count
AARS+ctrl,txpert_macro_pearson_delta,,constant_vector,5000
AARS+ctrl,trishift_pearson_delta,0.51236050429408186,,20
AARS+ctrl,systema_pearson,-0.95954395548195004,,20
AASDHPPT+ctrl,txpert_macro_pearson_delta,,constant_vector,5000
AASDHPPT+ctrl,trishift_pearson_delta,-0.24495274795167707,,20
AASDHPPT+ctrl,systema_pearson,-0.13661950931384095,,20
ABHD17A+ctrl,txpert_macro_pearson_delta,,constant_vector,5000
ABHD17A+ctrl,trishift_pearson_delta,-0.018653852451540255,,20
ABHD17A+ctrl,systema_pearson,0.26316449746505721,,20
ACTR10+ctrl,txpert_macro_pearson_delta,,constant_vector,5000
ACTR10+ctrl,trishift_pearson_delta,0.76070614100110301,,20
ACTR10+ctrl,systema_pearson,-0.86885258128734399,,20
ADAT3+ctrl,txpert_macro_pearson_delta,,constant_vector,5000
ADAT3+ctrl,trishift_pearson_delta,0.18913995517436855,,20
ADAT3+ctrl,systema_pearson,0.42094482136929934,,20
AGBL5+ctrl,txpert_macro_pearson_delta,,constant_vector,5000
AGBL5+ctrl,trishift_pearson_delta,-0.38557549464499496,,20
AGBL5+ctrl,systema_pearson,-0.83425410143912415,,20
AKIRIN2+ctrl,txpert_macro_pearson_delta,,constant_vector,5000
AKIRIN2+ctrl,trishift_pearson_delta,-0.65999127961761495,,20
AKIRIN2+ctrl,systema_pearson,-0.59823661595610822,,20
ALDOA+ctrl,txpert_macro_pearson_delta,,constant_vector,5000
ALDOA+ctrl,trishift_pearson_delta,0.60440396835984911,,20
ALDOA+ctrl,systema_pearson,-0.6405389979023125,,20
ALG14+ctrl,txpert_macro_pearson_delta,,constant_vector,5000
ALG14+ctrl,trishift_pearson_delta,-0.10209529225478275,,20
ALG14+ctrl,systema_pearson,0.64123686342322739,,20
ALYREF+ctrl,txpert_macro_pearson_delta,,constant_vector,5000
ALYREF+ctrl,trishift_pearson_delta,-0.086047490951502881,,20
ALYREF+ctrl,systema_pearson,-0.038405039385751689,,20
ANAPC11+ctrl,txpert_macro_pearson_delta,,constant_vector,5000
ANAPC11+ctrl,trishift_pearson_delta,0.43420621060022696,,20
ANAPC11+ctrl,systema_pearson,-0.95795207885157685,,20
ANAPC15+ctrl,txpert_macro_pearson_delta,,constant_vector,5000
ANAPC15+ctrl,trishift_pearson_delta,-0.33877924842341778,,20
ANAPC15+ctrl,systema_pearson,0.26151079712338743,,20
ANAPC4+ctrl,txpert_macro_pearson_delta,,constant_vector,5000
ANAPC4+ctrl,trishift_pearson_delta,-0.1636589563200461,,20
ANAPC4+ctrl,systema_pearson,-0.71358298049230162,,20
ANKLE2+ctrl,txpert_macro_pearson_delta,,constant_vector,5000
ANKLE2+ctrl,trishift_pearson_delta,-0.007014534599652603,,20
ANKLE2+ctrl,systema_pearson,-0.90157611969521823,,20
ANKRD11+ctrl,txpert_macro_pearson_delta,,constant_vector,5000
ANKRD11+ctrl,trishift_pearson_delta,0.58031332195305119,,19
ANKRD11+ctrl,systema_pearson,-0.21562133194340388,,19
ANKS6+ctrl,txpert_macro_pearson_delta,,constant_vector,5000
ANKS6+ctrl,trishift_pearson_delta,0.25939884205640629,,20
ANKS6+ctrl,systema_pearson,0.89732711526375664,,20
AP2A1+ctrl,txpert_macro_pearson_delta,,constant_vector,5000
AP2A1+ctrl,trishift_pearson_delta,0.021849236232924226,,20
AP2A1+ctrl,systema_pearson,-0.89878328263968321,,20
ARHGAP6+ctrl,txpert_macro_pearson_delta,,constant_vector,5000
ARHGAP6+ctrl,trishift_pearson_delta,0.27564661204973445,,20
ARHGAP6+ctrl,systema_pearson,-0.49950380896459773,,20
ARL4D+ctrl,txpert_macro_pearson_delta,,constant_vector,5000
ARL4D+ctrl,trishift_pearson_delta,0.35140408586128113,,20
ARL4D+ctrl,systema_pearson,0.83700030616185295,,20
ARPC1B+ctrl,txpert_macro_pearson_delta,,constant_vector,5000
ARPC1B+ctrl,trishift_pearson_delta,-0.12224525607047909,,20
ARPC1B+ctrl,systema_pearson,-0.30135494357545839,,20
ARRB2+ctrl,txpert_macro_pearson_delta,,constant_vector,5000
ARRB2+ctrl,trishift_pearson_delta,-0.60822301865415562,,20
ARRB2+ctrl,systema_pearson,-0.85677283921222225,,20
ATF5+ctrl,txpert_macro_pearson_delta,,constant_vector,5000
ATF5+ctrl,trishift_pearson_delta,0.83680645274029475,,20
ATF5+ctrl,systema_pearson,-0.91164822578171578,,20
ATL2+ctrl,txpert_macro_pearson_delta,,constant_vector,5000
ATL2+ctrl,trishift_pearson_delta,0.11207409848306572,,20
ATL2+ctrl,systema_pearson,-0.1395506417624828,,20
ATP5PD+ctrl,txpert_macro_pearson_delta,,constant_vector,5000
ATP5PD+ctrl,trishift_pearson_delta,0.10858772309421823,,20
ATP5PD+ctrl,systema_pearson,0.2519745224858157,,20
ATP6V1C1+ctrl,txpert_macro_pearson_delta,,constant_vector,5000
ATP6V1C1+ctrl,trishift_pearson_delta,-0.60258345150815795,,20
ATP6V1C1+ctrl,systema_pearson,-0.00029247835090616539,,20
ATP6V1G1+ctrl,txpert_macro_pearson_delta,,constant_vector,5000
ATP6V1G1+ctrl,trishift_pearson_delta,0.29521101669819177,,20
ATP6V1G1+ctrl,systema_pearson,0.81701753705344726,,20
AURKAIP1+ctrl,txpert_macro_pearson_delta,,constant_vector,5000
AURKAIP1+ctrl,trishift_pearson_delta,0.32336471057164856,,20
AURKAIP1+ctrl,systema_pearson,-0.32111697643876913,,20
BDP1+ctrl,txpert_macro_pearson_delta,,constant_vector,5000
BDP1+ctrl,trishift_pearson_delta,0.45779903296782198,,20
BDP1+ctrl,systema_pearson,-0.95668647861593159,,20
BOP1+ctrl,txpert_macro_pearson_delta,,constant_vector,5000
BOP1+ctrl,trishift_pearson_delta,0.3175950455390209,,20
BOP1+ctrl,systema_pearson,0.020776740667034641,,20
BRCA2+ctrl,txpert_macro_pearson_delta,,constant_vector,5000
BRCA2+ctrl,trishift_pearson_delta,-0.12352135166910917,,20
BRCA2+ctrl,systema_pearson,-0.76615842592034833,,20
BRF1+ctrl,txpert_macro_pearson_delta,,constant_vector,5000
BRF1+ctrl,trishift_pearson_delta,-0.19200029694931769,,20
BRF1+ctrl,systema_pearson,-0.86761193316114893,,20
BRIP1+ctrl,txpert_macro_pearson_delta,,constant_vector,5000
BRIP1+ctrl,trishift_pearson_delta,-0.062839754413203927,,20
BRIP1+ctrl,systema_pearson,0.33871672751889692,,20
BTF3+ctrl,txpert_macro_pearson_delta,,constant_vector,5000
BTF3+ctrl,trishift_pearson_delta,0.65997166323471812,,20
BTF3+ctrl,systema_pearson,-0.90802350340072191,,20
BTF3L4+ctrl,txpert_macro_pearson_delta,,constant_vector,5000
BTF3L4+ctrl,trishift_pearson_delta,0.061157789837636367,,20
BTF3L4+ctrl,systema_pearson,0.96924946287527647,,20
BUB1+ctrl,txpert_macro_pearson_delta,,constant_vector,5000
BUB1+ctrl,trishift_pearson_delta,0.39077138734265443,,20
BUB1+ctrl,systema_pearson,-0.25725208140635786,,20
BUB1B+ctrl,txpert_macro_pearson_delta,,constant_vector,5000
BUB1B+ctrl,trishift_pearson_delta,0.36022452160648671,,20
BUB1B+ctrl,systema_pearson,-0.8361429212848176,,20
BUB3+ctrl,txpert_macro_pearson_delta,,constant_vector,5000
BUB3+ctrl,trishift_pearson_delta,-0.10101463124638847,,19
BUB3+ctrl,systema_pearson,-0.55127961781274526,,19
BUD13+ctrl,txpert_macro_pearson_delta,,constant_vector,5000
BUD13+ctrl,trishift_pearson_delta,0.77993056587953946,,20
BUD13+ctrl,systema_pearson,-0.81111529157125484,,20
BYSL+ctrl,txpert_macro_pearson_delta,,constant_vector,5000
BYSL+ctrl,trishift_pearson_delta,0.37759425954724679,,20
BYSL+ctrl,systema_pearson,-0.46804660029279105,,20
C6orf15+ctrl,txpert_macro_pearson_delta,,constant_vector,5000
C6orf15+ctrl,trishift_pearson_delta,-0.2444118832953997,,20
C6orf15+ctrl,systema_pearson,0.98696859185760677,,20
C7orf26+ctrl,txpert_macro_pearson_delta,,constant_vector,5000
C7orf26+ctrl,trishift_pearson_delta,0.39809900950508359,,20
C7orf26+ctrl,systema_pearson,-0.045407584081173125,,20
CABIN1+ctrl,txpert_macro_pearson_delta,,constant_vector,5000
CABIN1+ctrl,trishift_pearson_delta,-0.26707487127096663,,20
CABIN1+ctrl,systema_pearson,0.79022161311067163,,20
CACTIN+ctrl,txpert_macro_pearson_delta,,constant_vector,5000
CACTIN+ctrl,trishift_pearson_delta,-0.072473298833748936,,20
CACTIN+ctrl,systema_pearson,-0.94097320916590077,,20
CAMLG+ctrl,txpert_macro_pearson_delta,,constant_vector,5000
CAMLG+ctrl,trishift_pearson_delta,0.10288555843043418,,20
CAMLG+ctrl,systema_pearson,-0.40234667381429989,,20
CBX1+ctrl,txpert_macro_pearson_delta,,constant_vector,5000
CBX1+ctrl,trishift_pearson_delta,0.1935752238911862,,20
CBX1+ctrl,systema_pearson,0.27705255716738975,,20
CCDC115+ctrl,txpert_macro_pearson_delta,,constant_vector,5000
CCDC115+ctrl,trishift_pearson_delta,-0.092252190162028611,,20
CCDC115+ctrl,systema_pearson,-0.49987299496250992,,20
CCDC144NL+ctrl,txpert_macro_pearson_delta,,constant_vector,5000
CCDC144NL+ctrl,trishift_pearson_delta,0.71291334264990047,,20
CCDC144NL+ctrl,systema_pearson,0.88223433558651509,,20
CCNQ+ctrl,txpert_macro_pearson_delta,,constant_vector,5000
CCNQ+ctrl,trishift_pearson_delta,0.20135266630040022,,20
CCNQ+ctrl,systema_pearson,-0.22572290957521651,,20
CCP110+ctrl,txpert_macro_pearson_delta,,constant_vector,5000
CCP110+ctrl,trishift_pearson_delta,0.5849466223319757,,20
CCP110+ctrl,systema_pearson,-0.24275154625936068,,20
CCT2+ctrl,txpert_macro_pearson_delta,,constant_vector,5000
CCT2+ctrl,trishift_pearson_delta,-0.56459143856919924,,20
CCT2+ctrl,systema_pearson,-0.94153936285442197,,20
CDC42+ctrl,txpert_macro_pearson_delta,,constant_vector,5000
CDC42+ctrl,trishift_pearson_delta,-0.47214634044794174,,20
CDC42+ctrl,systema_pearson,-0.9484540148201257,,20
CDC7+ctrl,txpert_macro_pearson_delta,,constant_vector,5000
CDC7+ctrl,trishift_pearson_delta,0.20809229596788598,,20
CDC7+ctrl,systema_pearson,-0.62305530847168833,,20
CDIPT+ctrl,txpert_macro_pearson_delta,,constant_vector,5000
CDIPT+ctrl,trishift_pearson_delta,0.51564558016600415,,20
CDIPT+ctrl,systema_pearson,0.4139585362619726,,20
CDK7+ctrl,txpert_macro_pearson_delta,,constant_vector,5000
CDK7+ctrl,trishift_pearson_delta,-0.010694718273311626,,20
CDK7+ctrl,systema_pearson,-0.87512087705354258,,20
CEBPG+ctrl,txpert_macro_pearson_delta,,constant_vector,5000
CEBPG+ctrl,trishift_pearson_delta,0.11234021058933799,,20
CEBPG+ctrl,systema_pearson,-0.22486840917839718,,20
CEBPZ+ctrl,txpert_macro_pearson_delta,,constant_vector,5000
CEBPZ+ctrl,trishift_pearson_delta,-0.072615542027044816,,20
CEBPZ+ctrl,systema_pearson,-0.95302740532147723,,20
CENPA+ctrl,txpert_macro_pearson_delta,,constant_vector,5000
CENPA+ctrl,trishift_pearson_delta,0.6829194526450959,,20
CENPA+ctrl,systema_pearson,0.72584526711520558,,20
CENPI+ctrl,txpert_macro_pearson_delta,,constant_vector,5000
CENPI+ctrl,trishift_pearson_delta,0.24447100825897145,,20
CENPI+ctrl,systema_pearson,-0.88969852883109779,,20
CENPJ+ctrl,txpert_macro_pearson_delta,,constant_vector,5000
CENPJ+ctrl,trishift_pearson_delta,0.68891279718387854,,20
CENPJ+ctrl,systema_pearson,-0.95652388516171449,,20
CENPT+ctrl,txpert_macro_pearson_delta,,constant_vector,5000
CENPT+ctrl,trishift_pearson_delta,0.78618259362919451,,20
CENPT+ctrl,systema_pearson,0.89697926305926756,,20
CEP152+ctrl,txpert_macro_pearson_delta,,constant_vector,5000
CEP152+ctrl,trishift_pearson_delta,0.43837106753870114,,20
CEP152+ctrl,systema_pearson,-0.57219657605356544,,20
CEP68+ctrl,txpert_macro_pearson_delta,,constant_vector,5000
CEP68+ctrl,trishift_pearson_delta,0.22646958369751691,,20
CEP68+ctrl,systema_pearson,-0.54925945962978917,,20
CHCHD1+ctrl,txpert_macro_pearson_delta,,constant_vector,5000
CHCHD1+ctrl,trishift_pearson_delta,-0.62804551268843212,,20
CHCHD1+ctrl,systema_pearson,0.7346318406330653,,20
CHCHD2+ctrl,txpert_macro_pearson_delta,,constant_vector,5000
CHCHD2+ctrl,trishift_pearson_delta,-0.53642772318850396,,20
CHCHD2+ctrl,systema_pearson,-0.07818662017427426,,20
CHD4+ctrl,txpert_macro_pearson_delta,,constant_vector,5000
CHD4+ctrl,trishift_pearson_delta,0.39234755487294742,,20
CHD4+ctrl,systema_pearson,-0.29166547384569264,,20
CHMP2A+ctrl,txpert_macro_pearson_delta,,constant_vector,5000
CHMP2A+ctrl,trishift_pearson_delta,-0.036357916549780982,,20
CHMP2A+ctrl,systema_pearson,-0.79636852661994162,,20
CHMP3+ctrl,txpert_macro_pearson_delta,,constant_vector,5000
CHMP3+ctrl,trishift_pearson_delta,-0.4492161766534376,,20
CHMP3+ctrl,systema_pearson,-0.85587582949759633,,20
CHTF18+ctrl,txpert_macro_pearson_delta,,constant_vector,5000
CHTF18+ctrl,trishift_pearson_delta,0.10170554527095557,,20
CHTF18+ctrl,systema_pearson,0.021094118609942907,,20
CHTOP+ctrl,txpert_macro_pearson_delta,,constant_vector,5000
CHTOP+ctrl,trishift_pearson_delta,0.11367072426659217,,20
CHTOP+ctrl,systema_pearson,0.60238366846231084,,20
CLPB+ctrl,txpert_macro_pearson_delta,,constant_vector,5000
CLPB+ctrl,trishift_pearson_delta,-0.55499648769027154,,20
CLPB+ctrl,systema_pearson,-0.13018006127672685,,20
CMTR2+ctrl,txpert_macro_pearson_delta,,constant_vector,5000
CMTR2+ctrl,trishift_pearson_delta,0.54677728463215691,,20
CMTR2+ctrl,systema_pearson,-0.80152905613670544,,20
CNOT1+ctrl,txpert_macro_pearson_delta,,constant_vector,5000
CNOT1+ctrl,trishift_pearson_delta,-0.42948814751021863,,20
CNOT1+ctrl,systema_pearson,-0.7618060207337749,,20
CNOT11+ctrl,txpert_macro_pearson_delta,,constant_vector,5000
CNOT11+ctrl,trishift_pearson_delta,-0.066101670454401726,,20
CNOT11+ctrl,systema_pearson,-0.48408649354771599,,20
COG3+ctrl,txpert_macro_pearson_delta,,constant_vector,5000
COG3+ctrl,trishift_pearson_delta,-0.72245523093335662,,20
COG3+ctrl,systema_pearson,-0.93449372657182583,,20
COPB1+ctrl,txpert_macro_pearson_delta,,constant_vector,5000
COPB1+ctrl,trishift_pearson_delta,0.13421112794188741,,20
COPB1+ctrl,systema_pearson,-0.23977136839796417,,20
COPS4+ctrl,txpert_macro_pearson_delta,,constant_vector,5000
COPS4+ctrl,trishift_pearson_delta,0.47829098643442192,,20
COPS4+ctrl,systema_pearson,-0.98219017895942629,,20
COPZ1+ctrl,txpert_macro_pearson_delta,,constant_vector,5000
COPZ1+ctrl,trishift_pearson_delta,0.16033007127820592,,20
COPZ1+ctrl,systema_pearson,-0.36770743697605252,,20
COQ4+ctrl,txpert_macro_pearson_delta,,constant_vector,5000
COQ4+ctrl,trishift_pearson_delta,0.21186460607981389,,20
COQ4+ctrl,systema_pearson,-0.19445704600115293,,20
COX11+ctrl,txpert_macro_pearson_delta,,constant_vector,5000
COX11+ctrl,trishift_pearson_delta,-0.014001600162489568,,20
COX11+ctrl,systema_pearson,-0.53746253763565355,,20
COX5A+ctrl,txpert_macro_pearson_delta,,constant_vector,5000
COX5A+ctrl,trishift_pearson_delta,0.63135251008359572,,20
COX5A+ctrl,systema_pearson,0.78032835649243948,,20
CPEB1+ctrl,txpert_macro_pearson_delta,,constant_vector,5000
CPEB1+ctrl,trishift_pearson_delta,0.3528270510673942,,20
CPEB1+ctrl,systema_pearson,-0.72911218592595484,,20
CPNE7+ctrl,txpert_macro_pearson_delta,,constant_vector,5000
CPNE7+ctrl,trishift_pearson_delta,0.065015264152790492,,20
CPNE7+ctrl,systema_pearson,0.32435722289602514,,20
CRCP+ctrl,txpert_macro_pearson_delta,,constant_vector,5000
CRCP+ctrl,trishift_pearson_delta,-0.459790117858836,,20
CRCP+ctrl,systema_pearson,-0.33371156159641652,,20
CRLS1+ctrl,txpert_macro_pearson_delta,,constant_vector,5000
CRLS1+ctrl,trishift_pearson_delta,-0.47431938979488086,,20
CRLS1+ctrl,systema_pearson,-0.48364592134874013,,20
CSTF3+ctrl,txpert_macro_pearson_delta,,constant_vector,5000
CSTF3+ctrl,trishift_pearson_delta,0.54317819632230913,,20
CSTF3+ctrl,systema_pearson,-0.089776930179106221,,20
CTBP2+ctrl,txpert_macro_pearson_delta,,constant_vector,5000
CTBP2+ctrl,trishift_pearson_delta,0.29807422209120743,,20
CTBP2+ctrl,systema_pearson,-0.42542748608190312,,20
CTR9+ctrl,txpert_macro_pearson_delta,,constant_vector,5000
CTR9+ctrl,trishift_pearson_delta,0.54843542252965383,,20
CTR9+ctrl,systema_pearson,-0.91216691127754157,,20
CWC15+ctrl,txpert_macro_pearson_delta,,constant_vector,5000
CWC15+ctrl,trishift_pearson_delta,-0.094240441544520256,,20
CWC15+ctrl,systema_pearson,-0.74078650049342476,,20
CWC22+ctrl,txpert_macro_pearson_delta,,constant_vector,5000
CWC22+ctrl,trishift_pearson_delta,0.063484370816655714,,20
CWC22+ctrl,systema_pearson,-0.036699489678020655,,20
CWC25+ctrl,txpert_macro_pearson_delta,,constant_vector,5000
CWC25+ctrl,trishift_pearson_delta,-0.47449719725574147,,20
CWC25+ctrl,systema_pearson,-0.93417721501023576,,20
CXXC1+ctrl,txpert_macro_pearson_delta,,constant_vector,5000
CXXC1+ctrl,trishift_pearson_delta,-0.2489761145717346,,20
CXXC1+ctrl,systema_pearson,-0.39988245137644468,,20
CYP2A13+ctrl,txpert_macro_pearson_delta,,constant_vector,5000
CYP2A13+ctrl,trishift_pearson_delta,0.21037301607010706,,20
CYP2A13+ctrl,systema_pearson,0.98395359461567244,,20
DAD1+ctrl,txpert_macro_pearson_delta,,constant_vector,5000
DAD1+ctrl,trishift_pearson_delta,-0.47642739495137315,,20
DAD1+ctrl,systema_pearson,-0.028320708930376283,,20
DAP3+ctrl,txpert_macro_pearson_delta,,constant_vector,5000
DAP3+ctrl,trishift_pearson_delta,-0.12518731418335394,,20
DAP3+ctrl,systema_pearson,0.13279809310704438,,20
DAXX+ctrl,txpert_macro_pearson_delta,,constant_vector,5000
DAXX+ctrl,trishift_pearson_delta,0.21651584636298096,,20
DAXX+ctrl,systema_pearson,-0.12295260094063874,,20
DBR1+ctrl,txpert_macro_pearson_delta,,constant_vector,5000
DBR1+ctrl,trishift_pearson_delta,0.49114556396608361,,20
DBR1+ctrl,systema_pearson,0.48633432863180209,,20
DCTN1+ctrl,txpert_macro_pearson_delta,,constant_vector,5000
DCTN1+ctrl,trishift_pearson_delta,0.3169932529134083,,20
DCTN1+ctrl,systema_pearson,0.86586933357659424,,20
DCUN1D5+ctrl,txpert_macro_pearson_delta,,constant_vector,5000
DCUN1D5+ctrl,trishift_pearson_delta,0.7286558438843368,,20
DCUN1D5+ctrl,systema_pearson,-0.96909635578808884,,20
DDX10+ctrl,txpert_macro_pearson_delta,,constant_vector,5000
DDX10+ctrl,trishift_pearson_delta,-0.14184648591689006,,20
DDX10+ctrl,systema_pearson,-0.94717123899957789,,20
DDX19A+ctrl,txpert_macro_pearson_delta,,constant_vector,5000
DDX19A+ctrl,trishift_pearson_delta,-0.19668194109834669,,20
DDX19A+ctrl,systema_pearson,0.43616234280078814,,20
DDX24+ctrl,txpert_macro_pearson_delta,,constant_vector,5000
DDX24+ctrl,trishift_pearson_delta,0.12006380654828645,,20
DDX24+ctrl,systema_pearson,-0.91795149285599564,,20
DDX27+ctrl,txpert_macro_pearson_delta,,constant_vector,5000
DDX27+ctrl,trishift_pearson_delta,-0.061218367035445746,,20
DDX27+ctrl,systema_pearson,-0.98259636872691025,,20
DDX41+ctrl,txpert_macro_pearson_delta,,constant_vector,5000
DDX41+ctrl,trishift_pearson_delta,-0.32771457453150438,,20
DDX41+ctrl,systema_pearson,-0.3868005994531527,,20
DDX46+ctrl,txpert_macro_pearson_delta,,constant_vector,5000
DDX46+ctrl,trishift_pearson_delta,-0.2923514702788424,,20
DDX46+ctrl,systema_pearson,-0.94415876911018726,,20
DDX5+ctrl,txpert_macro_pearson_delta,,constant_vector,5000
DDX5+ctrl,trishift_pearson_delta,0.013847392898486934,,19
DDX5+ctrl,systema_pearson,0.032525401157324885,,19
DDX51+ctrl,txpert_macro_pearson_delta,,constant_vector,5000
DDX51+ctrl,trishift_pearson_delta,-0.27523912945503359,,20
DDX51+ctrl,systema_pearson,-0.90769985898778893,,20
DDX56+ctrl,txpert_macro_pearson_delta,,constant_vector,5000
DDX56+ctrl,trishift_pearson_delta,0.71683140293412873,,20
DDX56+ctrl,systema_pearson,-0.91831093605618774,,20
DESI1+ctrl,txpert_macro_pearson_delta,,constant_vector,5000
DESI1+ctrl,trishift_pearson_delta,0.040005435256913122,,20
DESI1+ctrl,systema_pearson,-0.93367509642821045,,20
DHDDS+ctrl,txpert_macro_pearson_delta,,constant_vector,5000
DHDDS+ctrl,trishift_pearson_delta,-0.1714391624233236,,20
DHDDS+ctrl,systema_pearson,-0.399082054266162,,20
DHFR+ctrl,txpert_macro_pearson_delta,,constant_vector,5000
DHFR+ctrl,trishift_pearson_delta,0.049916328376503574,,20
DHFR+ctrl,systema_pearson,0.21070208343113014,,20
DHX15+ctrl,txpert_macro_pearson_delta,,constant_vector,5000
DHX15+ctrl,trishift_pearson_delta,0.46679661796249194,,20
DHX15+ctrl,systema_pearson,-0.75609115083247325,,20
DHX29+ctrl,txpert_macro_pearson_delta,,constant_vector,5000
DHX29+ctrl,trishift_pearson_delta,0.12036993532941914,,20
DHX29+ctrl,systema_pearson,0.096419850052549758,,20
DNAAF3+ctrl,txpert_macro_pearson_delta,,constant_vector,5000
DNAAF3+ctrl,trishift_pearson_delta,0.0052571512481270786,,20
DNAAF3+ctrl,systema_pearson,0.51459670002727564,,20
DNAJC11+ctrl,txpert_macro_pearson_delta,,constant_vector,5000
DNAJC11+ctrl,trishift_pearson_delta,-0.39574654641053714,,20
DNAJC11+ctrl,systema_pearson,-0.027440103832381952,,20
DNAJC17+ctrl,txpert_macro_pearson_delta,,constant_vector,5000
DNAJC17+ctrl,trishift_pearson_delta,-0.077009029980344784,,20
DNAJC17+ctrl,systema_pearson,-0.44915912533374541,,20
DNAJC9+ctrl,txpert_macro_pearson_delta,,constant_vector,5000
DNAJC9+ctrl,trishift_pearson_delta,-0.54504347760463312,,20
DNAJC9+ctrl,systema_pearson,-0.86463875985468619,,20
DNLZ+ctrl,txpert_macro_pearson_delta,,constant_vector,5000
DNLZ+ctrl,trishift_pearson_delta,-0.30354846678518826,,20
DNLZ+ctrl,systema_pearson,0.71505116644424405,,20
DNM1L+ctrl,txpert_macro_pearson_delta,,constant_vector,5000
DNM1L+ctrl,trishift_pearson_delta,-0.31382403255736191,,20
DNM1L+ctrl,systema_pearson,0.1414158877409698,,20
DNMT1+ctrl,txpert_macro_pearson_delta,,constant_vector,5000
DNMT1+ctrl,trishift_pearson_delta,-0.15704230464778429,,20
DNMT1+ctrl,systema_pearson,-0.44807180976335803,,20
DNTTIP2+ctrl,txpert_macro_pearson_delta,,constant_vector,5000
DNTTIP2+ctrl,trishift_pearson_delta,0.44460646689517103,,20
DNTTIP2+ctrl,systema_pearson,-0.95483459613521882,,20
DONSON+ctrl,txpert_macro_pearson_delta,,constant_vector,5000
DONSON+ctrl,trishift_pearson_delta,0.013219914769763459,,20
DONSON+ctrl,systema_pearson,-0.53423786667841588,,20
DPH1+ctrl,txpert_macro_pearson_delta,,constant_vector,5000
DPH1+ctrl,trishift_pearson_delta,-0.19965159996939461,,20
DPH1+ctrl,systema_pearson,0.18898755349323507,,20
DPH6+ctrl,txpert_macro_pearson_delta,,constant_vector,5000
DPH6+ctrl,trishift_pearson_delta,-0.77552319073983822,,20
DPH6+ctrl,systema_pearson,0.2414966499447623,,20
DPY19L4+ctrl,txpert_macro_pearson_delta,,constant_vector,5000
DPY19L4+ctrl,trishift_pearson_delta,-0.24399500086013656,,20
DPY19L4+ctrl,systema_pearson,0.43071010118481196,,20
DYNLL1+ctrl,txpert_macro_pearson_delta,,constant_vector,5000
DYNLL1+ctrl,trishift_pearson_delta,0.84722252977370516,,20
DYNLL1+ctrl,systema_pearson,0.20235795345030955,,20
EEF1A1+ctrl,txpert_macro_pearson_delta,,constant_vector,5000
EEF1A1+ctrl,trishift_pearson_delta,0.27721140206289602,,19
EEF1A1+ctrl,systema_pearson,0.012008008275231867,,19
EEF1B2+ctrl,txpert_macro_pearson_delta,,constant_vector,5000
EEF1B2+ctrl,trishift_pearson_delta,-0.58724250174826764,,20
EEF1B2+ctrl,systema_pearson,0.47519802393442273,,20
EEF1G+ctrl,txpert_macro_pearson_delta,,constant_vector,5000
EEF1G+ctrl,trishift_pearson_delta,0.24329031042608795,,20
EEF1G+ctrl,systema_pearson,-0.77369567567078645,,20
EEF2+ctrl,txpert_macro_pearson_delta,,constant_vector,5000
EEF2+ctrl,trishift_pearson_delta,-0.5711423038583987,,20
EEF2+ctrl,systema_pearson,-0.81262234712489978,,20
EHMT2+ctrl,txpert_macro_pearson_delta,,constant_vector,5000
EHMT2+ctrl,trishift_pearson_delta,0.44693569728625854,,20
EHMT2+ctrl,systema_pearson,-0.09971865726239619,,20
EIF1+ctrl,txpert_macro_pearson_delta,,constant_vector,5000
EIF1+ctrl,trishift_pearson_delta,0.5335483485046314,,19
EIF1+ctrl,systema_pearson,-0.013682877784125001,,19
EIF1AD+ctrl,txpert_macro_pearson_delta,,constant_vector,5000
EIF1AD+ctrl,trishift_pearson_delta,0.40607542062598467,,20
EIF1AD+ctrl,systema_pearson,-0.90987725863939217,,20
EIF3A+ctrl,txpert_macro_pearson_delta,,constant_vector,5000
EIF3A+ctrl,trishift_pearson_delta,-0.18360385769654403,,20
EIF3A+ctrl,systema_pearson,-0.83669293637327791,,20
EIF3L+ctrl,txpert_macro_pearson_delta,,constant_vector,5000
EIF3L+ctrl,trishift_pearson_delta,0.3196608574637847,,20
EIF3L+ctrl,systema_pearson,-0.4014068887403936,,20
EIF4B+ctrl,txpert_macro_pearson_delta,,constant_vector,5000
EIF4B+ctrl,trishift_pearson_delta,0.1555501641189006,,19
EIF4B+ctrl,systema_pearson,-0.19033015349588026,,19
EIF4E+ctrl,txpert_macro_pearson_delta,,constant_vector,5000
EIF4E+ctrl,trishift_pearson_delta,0.01409059184204486,,20
EIF4E+ctrl,systema_pearson,-0.81469874671244957,,20
EIF4G2+ctrl,txpert_macro_pearson_delta,,constant_vector,5000
EIF4G2+ctrl,trishift_pearson_delta,-0.23419261145490283,,19
EIF4G2+ctrl,systema_pearson,-0.53172473306529522,,19
EIF5+ctrl,txpert_macro_pearson_delta,,constant_vector,5000
EIF5+ctrl,trishift_pearson_delta,0.3839220663215796,,19
EIF5+ctrl,systema_pearson,-0.57491634244937528,,19
EIF5A+ctrl,txpert_macro_pearson_delta,,constant_vector,5000
EIF5A+ctrl,trishift_pearson_delta,0.40102280742127472,,20
EIF5A+ctrl,systema_pearson,-0.78135710669284353,,20
ELOF1+ctrl,txpert_macro_pearson_delta,,constant_vector,5000
ELOF1+ctrl,trishift_pearson_delta,-0.15235327942614374,,20
ELOF1+ctrl,systema_pearson,-0.31784065481195678,,20
ELP4+ctrl,txpert_macro_pearson_delta,,constant_vector,5000
ELP4+ctrl,trishift_pearson_delta,0.046884170079380248,,20
ELP4+ctrl,systema_pearson,-0.3688393261463222,,20
ELP6+ctrl,txpert_macro_pearson_delta,,constant_vector,5000
ELP6+ctrl,trishift_pearson_delta,-0.28567700214527753,,20
ELP6+ctrl,systema_pearson,-0.55367288333715303,,20
EMC1+ctrl,txpert_macro_pearson_delta,,constant_vector,5000
EMC1+ctrl,trishift_pearson_delta,-0.58074129755647352,,20
EMC1+ctrl,systema_pearson,-0.95588101833899253,,20
EP400+ctrl,txpert_macro_pearson_delta,,constant_vector,5000
EP400+ctrl,trishift_pearson_delta,0.38457810509722601,,20
EP400+ctrl,systema_pearson,-0.51499194892021172,,20
ERCC3+ctrl,txpert_macro_pearson_delta,,constant_vector,5000
ERCC3+ctrl,trishift_pearson_delta,-0.44070490667570222,,20
ERCC3+ctrl,systema_pearson,-0.73083517444010193,,20
ESYT2+ctrl,txpert_macro_pearson_delta,,constant_vector,5000
ESYT2+ctrl,trishift_pearson_delta,-0.50688177457626538,,20
ESYT2+ctrl,systema_pearson,-0.56514871803768851,,20
EXOC4+ctrl,txpert_macro_pearson_delta,,constant_vector,5000
EXOC4+ctrl,trishift_pearson_delta,0.79644584169093069,,20
EXOC4+ctrl,systema_pearson,-0.81994959058548744,,20
EXOC5+ctrl,txpert_macro_pearson_delta,,constant_vector,5000
EXOC5+ctrl,trishift_pearson_delta,0.42930942618391871,,20
EXOC5+ctrl,systema_pearson,-0.38920383213238213,,20
EXOSC8+ctrl,txpert_macro_pearson_delta,,constant_vector,5000
EXOSC8+ctrl,trishift_pearson_delta,-0.2391794759423779,,20
EXOSC8+ctrl,systema_pearson,-0.98933964918210349,,20
FAM102B+ctrl,txpert_macro_pearson_delta,,constant_vector,5000
FAM102B+ctrl,trishift_pearson_delta,-0.11020334967793506,,20
FAM102B+ctrl,systema_pearson,-0.48369868536110844,,20
FAM136A+ctrl,txpert_macro_pearson_delta,,constant_vector,5000
FAM136A+ctrl,trishift_pearson_delta,-0.041505205920116729,,20
FAM136A+ctrl,systema_pearson,0.32651199037157791,,20
FAM207A+ctrl,txpert_macro_pearson_delta,,constant_vector,5000
FAM207A+ctrl,trishift_pearson_delta,0.41248069899968787,,20
FAM207A+ctrl,systema_pearson,0.87860859339323572,,20
FAM229A+ctrl,txpert_macro_pearson_delta,,constant_vector,5000
FAM229A+ctrl,trishift_pearson_delta,-0.087253450022072715,,20
FAM229A+ctrl,systema_pearson,0.9323895298273408,,20
FAU+ctrl,txpert_macro_pearson_delta,,constant_vector,5000
FAU+ctrl,trishift_pearson_delta,-0.3814265581902494,,20
FAU+ctrl,systema_pearson,-0.98119600393799944,,20
FBLIM1+ctrl,txpert_macro_pearson_delta,,constant_vector,5000
FBLIM1+ctrl,trishift_pearson_delta,-0.071287641438519539,,20
FBLIM1+ctrl,systema_pearson,0.55338083872496557,,20
FCF1+ctrl,txpert_macro_pearson_delta,,constant_vector,5000
FCF1+ctrl,trishift_pearson_delta,-0.097274712673326061,,20
FCF1+ctrl,systema_pearson,-0.89168890560685743,,20
FDPS+ctrl,txpert_macro_pearson_delta,,constant_vector,5000
FDPS+ctrl,trishift_pearson_delta,-0.18374827969655197,,20
FDPS+ctrl,systema_pearson,-0.36715298820473097,,20
FEN1+ctrl,txpert_macro_pearson_delta,,constant_vector,5000
FEN1+ctrl,trishift_pearson_delta,-0.22161306180935664,,20
FEN1+ctrl,systema_pearson,0.5281983162871221,,20
FGFR1OP+ctrl,txpert_macro_pearson_delta,,constant_vector,5000
FGFR1OP+ctrl,trishift_pearson_delta,-0.20631843673499581,,20
FGFR1OP+ctrl,systema_pearson,0.33030981842946633,,20
FNTB+ctrl,txpert_macro_pearson_delta,,constant_vector,5000
FNTB+ctrl,trishift_pearson_delta,0.27907275824329314,,20
FNTB+ctrl,systema_pearson,-0.17200117957492483,,20
FOXD4+ctrl,txpert_macro_pearson_delta,,constant_vector,5000
FOXD4+ctrl,trishift_pearson_delta,0.21871745300951351,,20
FOXD4+ctrl,systema_pearson,0.70179464077145992,,20
GAB2+ctrl,txpert_macro_pearson_delta,,constant_vector,5000
GAB2+ctrl,trishift_pearson_delta,0.4683766941322634,,20
GAB2+ctrl,systema_pearson,0.84843375517247965,,20
GARS+ctrl,txpert_macro_pearson_delta,,constant_vector,5000
GARS+ctrl,trishift_pearson_delta,-0.57623188725218744,,20
GARS+ctrl,systema_pearson,-0.55731085946131853,,20
GATA1+ctrl,txpert_macro_pearson_delta,,constant_vector,5000
GATA1+ctrl,trishift_pearson_delta,-0.50630111678534429,,20
GATA1+ctrl,systema_pearson,-0.31913632095843575,,20
GBF1+ctrl,txpert_macro_pearson_delta,,constant_vector,5000
GBF1+ctrl,trishift_pearson_delta,-0.34934200896442003,,20
GBF1+ctrl,systema_pearson,-0.75518033777321636,,20
GEMIN6+ctrl,txpert_macro_pearson_delta,,constant_vector,5000
GEMIN6+ctrl,trishift_pearson_delta,0.862821285380591,,20
GEMIN6+ctrl,systema_pearson,-0.94233918133872363,,20
GINS4+ctrl,txpert_macro_pearson_delta,,constant_vector,5000
GINS4+ctrl,trishift_pearson_delta,-0.054809118996771364,,20
GINS4+ctrl,systema_pearson,-0.98449827155520531,,20
GJA3+ctrl,txpert_macro_pearson_delta,,constant_vector,5000
GJA3+ctrl,trishift_pearson_delta,-0.41097472579745908,,20
GJA3+ctrl,systema_pearson,0.14430819994927319,,20
GLB1+ctrl,txpert_macro_pearson_delta,,constant_vector,5000
GLB1+ctrl,trishift_pearson_delta,0.010964295668005861,,20
GLB1+ctrl,systema_pearson,-0.004170601265856117,,20
GOLT1B+ctrl,txpert_macro_pearson_delta,,constant_vector,5000
GOLT1B+ctrl,trishift_pearson_delta,-0.24908401856139742,,20
GOLT1B+ctrl,systema_pearson,-0.51929691085948948,,20
GON4L+ctrl,txpert_macro_pearson_delta,,constant_vector,5000
GON4L+ctrl,trishift_pearson_delta,-0.51848394669492903,,20
GON4L+ctrl,systema_pearson,0.6706942031083265,,20
GOSR2+ctrl,txpert_macro_pearson_delta,,constant_vector,5000
GOSR2+ctrl,trishift_pearson_delta,-0.052339689843826254,,20
GOSR2+ctrl,systema_pearson,-0.6704535264525997,,20
GPN3+ctrl,txpert_macro_pearson_delta,,constant_vector,5000
GPN3+ctrl,trishift_pearson_delta,0.2485537257821446,,20
GPN3+ctrl,systema_pearson,-0.85694632633016365,,20
GPS1+ctrl,txpert_macro_pearson_delta,,constant_vector,5000
GPS1+ctrl,trishift_pearson_delta,0.35257979247470173,,20
GPS1+ctrl,systema_pearson,-0.96121872749475135,,20
GRSF1+ctrl,txpert_macro_pearson_delta,,constant_vector,5000
GRSF1+ctrl,trishift_pearson_delta,0.046609845373041491,,20
GRSF1+ctrl,systema_pearson,0.38465405955410392,,20
GSK3B+ctrl,txpert_macro_pearson_delta,,constant_vector,5000
GSK3B+ctrl,trishift_pearson_delta,0.10069393150419641,,20
GSK3B+ctrl,systema_pearson,-0.061914242798294945,,20
GTF2B+ctrl,txpert_macro_pearson_delta,,constant_vector,5000
GTF2B+ctrl,trishift_pearson_delta,0.24814998918314793,,20
GTF2B+ctrl,systema_pearson,-0.62293364372651483,,20
GTF2H2C+ctrl,txpert_macro_pearson_delta,,constant_vector,5000
GTF2H2C+ctrl,trishift_pearson_delta,0.45637873718023936,,20
GTF2H2C+ctrl,systema_pearson,-0.73621581614553222,,20
GTF3A+ctrl,txpert_macro_pearson_delta,,constant_vector,5000
GTF3A+ctrl,trishift_pearson_delta,-0.1555627019051935,,20
GTF3A+ctrl,systema_pearson,-0.75922433555293001,,20
GTF3C4+ctrl,txpert_macro_pearson_delta,,constant_vector,5000
GTF3C4+ctrl,trishift_pearson_delta,-0.41190985325532886,,20
GTF3C4+ctrl,systema_pearson,-0.091165989453217453,,20
GTF3C5+ctrl,txpert_macro_pearson_delta,,constant_vector,5000
GTF3C5+ctrl,trishift_pearson_delta,-0.22067150114515216,,20
GTF3C5+ctrl,systema_pearson,-0.33657588600146543,,20
H2AFX+ctrl,txpert_macro_pearson_delta,,constant_vector,5000
H2AFX+ctrl,trishift_pearson_delta,-0.33161039976285472,,20
H2AFX+ctrl,systema_pearson,0.78158408027412463,,20
HAMP+ctrl,txpert_macro_pearson_delta,,constant_vector,5000
HAMP+ctrl,trishift_pearson_delta,-0.0091147469488881139,,20
HAMP+ctrl,systema_pearson,-0.019690460674488302,,20
HARS2+ctrl,txpert_macro_pearson_delta,,constant_vector,5000
HARS2+ctrl,trishift_pearson_delta,0.52288611238430316,,20
HARS2+ctrl,systema_pearson,-0.43541266149807878,,20
HAUS3+ctrl,txpert_macro_pearson_delta,,constant_vector,5000
HAUS3+ctrl,trishift_pearson_delta,0.11963560599394317,,20
HAUS3+ctrl,systema_pearson,-0.96343322320676339,,20
HAUS7+ctrl,txpert_macro_pearson_delta,,constant_vector,5000
HAUS7+ctrl,trishift_pearson_delta,-0.40135918782103908,,20
HAUS7+ctrl,systema_pearson,0.75503740642476014,,20
HBS1L+ctrl,txpert_macro_pearson_delta,,constant_vector,5000
HBS1L+ctrl,trishift_pearson_delta,0.58227151849060033,,20
HBS1L+ctrl,systema_pearson,-0.78362098789152468,,20
HDAC7+ctrl,txpert_macro_pearson_delta,,constant_vector,5000
HDAC7+ctrl,trishift_pearson_delta,0.4464243426397263,,20
HDAC7+ctrl,systema_pearson,-0.81149395324564,,20
HIST1H2AB+ctrl,txpert_macro_pearson_delta,,constant_vector,5000
HIST1H2AB+ctrl,trishift_pearson_delta,0.10565254797130898,,20
HIST1H2AB+ctrl,systema_pearson,0.16642100247087399,,20
HIST1H2BC+ctrl,txpert_macro_pearson_delta,,constant_vector,5000
HIST1H2BC+ctrl,trishift_pearson_delta,0.063748671132976373,,20
HIST1H2BC+ctrl,systema_pearson,0.37817249781373607,,20
HIST1H2BL+ctrl,txpert_macro_pearson_delta,,constant_vector,5000
HIST1H2BL+ctrl,trishift_pearson_delta,0.42814029732787112,,20
HIST1H2BL+ctrl,systema_pearson,0.53375574203774123,,20
HIST1H2BM+ctrl,txpert_macro_pearson_delta,,constant_vector,5000
HIST1H2BM+ctrl,trishift_pearson_delta,-0.076657482783263356,,20
HIST1H2BM+ctrl,systema_pearson,-0.078162511788660793,,20
HIST2H2BF+ctrl,txpert_macro_pearson_delta,,constant_vector,5000
HIST2H2BF+ctrl,trishift_pearson_delta,0.3058497782225823,,20
HIST2H2BF+ctrl,systema_pearson,-0.24599104751910567,,20
HLA-C+ctrl,txpert_macro_pearson_delta,,constant_vector,5000
HLA-C+ctrl,trishift_pearson_delta,-0.33351929181561002,,20
HLA-C+ctrl,systema_pearson,0.27220126820776169,,20
HMGB1+ctrl,txpert_macro_pearson_delta,,constant_vector,5000
HMGB1+ctrl,trishift_pearson_delta,-0.41341467222473804,,19
HMGB1+ctrl,systema_pearson,-0.89842079517105244,,19
HNRNPC+ctrl,txpert_macro_pearson_delta,,constant_vector,5000
HNRNPC+ctrl,trishift_pearson_delta,-0.18439506497984778,,20
HNRNPC+ctrl,systema_pearson,-0.87482902088484293,,20
HNRNPL+ctrl,txpert_macro_pearson_delta,,constant_vector,5000
HNRNPL+ctrl,trishift_pearson_delta,-0.58518022830214378,,20
HNRNPL+ctrl,systema_pearson,-0.63453536578233694,,20
HNRNPR+ctrl,txpert_macro_pearson_delta,,constant_vector,5000
HNRNPR+ctrl,trishift_pearson_delta,0.018354002699724401,,19
HNRNPR+ctrl,systema_pearson,-0.09470663408246599,,19
HOXA3+ctrl,txpert_macro_pearson_delta,,constant_vector,5000
HOXA3+ctrl,trishift_pearson_delta,-0.069846258386372331,,20
HOXA3+ctrl,systema_pearson,0.34562061321402399,,20
HSCB+ctrl,txpert_macro_pearson_delta,,constant_vector,5000
HSCB+ctrl,trishift_pearson_delta,0.65129445061819013,,20
HSCB+ctrl,systema_pearson,-0.92815663022993755,,20
HSD17B12+ctrl,txpert_macro_pearson_delta,,constant_vector,5000
HSD17B12+ctrl,trishift_pearson_delta,-0.053115190786649204,,20
HSD17B12+ctrl,systema_pearson,0.73670867538758888,,20
HSF1+ctrl,txpert_macro_pearson_delta,,constant_vector,5000
HSF1+ctrl,trishift_pearson_delta,-0.64080906855848974,,20
HSF1+ctrl,systema_pearson,-0.64238068636408674,,20
HSPA8+ctrl,txpert_macro_pearson_delta,,constant_vector,5000
HSPA8+ctrl,trishift_pearson_delta,0.12173845080456887,,19
HSPA8+ctrl,systema_pearson,-0.58502481328262412,,19
HSPH1+ctrl,txpert_macro_pearson_delta,,constant_vector,5000
HSPH1+ctrl,trishift_pearson_delta,0.45893295921285726,,20
HSPH1+ctrl,systema_pearson,-0.86736329650217359,,20
HTATSF1+ctrl,txpert_macro_pearson_delta,,constant_vector,5000
HTATSF1+ctrl,trishift_pearson_delta,-0.58758477399490394,,20
HTATSF1+ctrl,systema_pearson,0.093002973814893281,,20
HYOU1+ctrl,txpert_macro_pearson_delta,,constant_vector,5000
HYOU1+ctrl,trishift_pearson_delta,0.038362502169890275,,20
HYOU1+ctrl,systema_pearson,-0.36842224886457298,,20
IARS+ctrl,txpert_macro_pearson_delta,,constant_vector,5000
IARS+ctrl,trishift_pearson_delta,0.063783442712220403,,20
IARS+ctrl,systema_pearson,-0.86864855557875187,,20
ICE1+ctrl,txpert_macro_pearson_delta,,constant_vector,5000
ICE1+ctrl,trishift_pearson_delta,-0.43013381780971616,,20
ICE1+ctrl,systema_pearson,-0.90833195468405803,,20
IFITM3+ctrl,txpert_macro_pearson_delta,,constant_vector,5000
IFITM3+ctrl,trishift_pearson_delta,-0.14046372649652314,,20
IFITM3+ctrl,systema_pearson,0.47606299483000858,,20
IK+ctrl,txpert_macro_pearson_delta,,constant_vector,5000
IK+ctrl,trishift_pearson_delta,-0.74822126548384793,,20
IK+ctrl,systema_pearson,-0.87051518376037995,,20
ILF3+ctrl,txpert_macro_pearson_delta,,constant_vector,5000
ILF3+ctrl,trishift_pearson_delta,-0.068689210099561041,,20
ILF3+ctrl,systema_pearson,-0.92718498727780185,,20
IMP4+ctrl,txpert_macro_pearson_delta,,constant_vector,5000
IMP4+ctrl,trishift_pearson_delta,0.5877504907648945,,20
IMP4+ctrl,systema_pearson,-0.94942289367329491,,20
INF2+ctrl,txpert_macro_pearson_delta,,constant_vector,5000
INF2+ctrl,trishift_pearson_delta,-0.097471440738394685,,20
INF2+ctrl,systema_pearson,-0.088352811357417446,,20
INPPL1+ctrl,txpert_macro_pearson_delta,,constant_vector,5000
INPPL1+ctrl,trishift_pearson_delta,-0.56262097029216573,,20
INPPL1+ctrl,systema_pearson,0.45305781383245347,,20
INTS14+ctrl,txpert_macro_pearson_delta,,constant_vector,5000
INTS14+ctrl,trishift_pearson_delta,-0.075822634219547699,,20
INTS14+ctrl,systema_pearson,-0.044401265363852874,,20
INTS5+ctrl,txpert_macro_pearson_delta,,constant_vector,5000
INTS5+ctrl,trishift_pearson_delta,-0.1849341947085634,,20
INTS5+ctrl,systema_pearson,-0.91739454751473548,,20
INTS6+ctrl,txpert_macro_pearson_delta,,constant_vector,5000
INTS6+ctrl,trishift_pearson_delta,0.57303875200842658,,20
INTS6+ctrl,systema_pearson,0.14610709057366694,,20
IPO13+ctrl,txpert_macro_pearson_delta,,constant_vector,5000
IPO13+ctrl,trishift_pearson_delta,-0.031056086823297392,,20
IPO13+ctrl,systema_pearson,-0.79835941022977774,,20
IRF2BP2+ctrl,txpert_macro_pearson_delta,,constant_vector,5000
IRF2BP2+ctrl,trishift_pearson_delta,-0.44583357132139045,,20
IRF2BP2+ctrl,systema_pearson,0.15961416328615194,,20
KAT8+ctrl,txpert_macro_pearson_delta,,constant_vector,5000
KAT8+ctrl,trishift_pearson_delta,0.60641111212833265,,20
KAT8+ctrl,systema_pearson,-0.90569693486277469,,20
KATNB1+ctrl,txpert_macro_pearson_delta,,constant_vector,5000
KATNB1+ctrl,trishift_pearson_delta,-0.51387149160259837,,20
KATNB1+ctrl,systema_pearson,0.43826615308362465,,20
KCMF1+ctrl,txpert_macro_pearson_delta,,constant_vector,5000
KCMF1+ctrl,trishift_pearson_delta,-0.038468935861204846,,20
KCMF1+ctrl,systema_pearson,-0.0039377271206482668,,20
KDM5C+ctrl,txpert_macro_pearson_delta,,constant_vector,5000
KDM5C+ctrl,trishift_pearson_delta,0.092095481850436409,,20
KDM5C+ctrl,systema_pearson,-0.09395896845190449,,20
KIF18A+ctrl,txpert_macro_pearson_delta,,constant_vector,5000
KIF18A+ctrl,trishift_pearson_delta,-0.33264426455204626,,20
KIF18A+ctrl,systema_pearson,-0.38087454458059072,,20
KIF20A+ctrl,txpert_macro_pearson_delta,,constant_vector,5000
KIF20A+ctrl,trishift_pearson_delta,-0.12918162112231144,,20
KIF20A+ctrl,systema_pearson,-0.54220628758482292,,20
KLF7+ctrl,txpert_macro_pearson_delta,,constant_vector,5000
KLF7+ctrl,trishift_pearson_delta,-0.27478742662372346,,20
KLF7+ctrl,systema_pearson,-0.90391065894775069,,20
KLHL17+ctrl,txpert_macro_pearson_delta,,constant_vector,5000
KLHL17+ctrl,trishift_pearson_delta,-0.017549778508662035,,20
KLHL17+ctrl,systema_pearson,0.11833750694303678,,20
KRT10+ctrl,txpert_macro_pearson_delta,,constant_vector,5000
KRT10+ctrl,trishift_pearson_delta,0.14482081858533577,,19
KRT10+ctrl,systema_pearson,0.63083015994239888,,19
KRT17+ctrl,txpert_macro_pearson_delta,,constant_vector,5000
KRT17+ctrl,trishift_pearson_delta,-0.20381773501301148,,20
KRT17+ctrl,systema_pearson,-0.36984912693874128,,20
KRTAP4-2+ctrl,txpert_macro_pearson_delta,,constant_vector,5000
KRTAP4-2+ctrl,trishift_pearson_delta,0.1648771200325832,,20
KRTAP4-2+ctrl,systema_pearson,-0.57273692401606358,,20
LAMTOR3+ctrl,txpert_macro_pearson_delta,,constant_vector,5000
LAMTOR3+ctrl,trishift_pearson_delta,-0.050142118646090125,,20
LAMTOR3+ctrl,systema_pearson,-0.55926505953729633,,20
LAMTOR4+ctrl,txpert_macro_pearson_delta,,constant_vector,5000
LAMTOR4+ctrl,trishift_pearson_delta,0.21623518510540299,,20
LAMTOR4+ctrl,systema_pearson,0.15267885557983252,,20
LAS1L+ctrl,txpert_macro_pearson_delta,,constant_vector,5000
LAS1L+ctrl,trishift_pearson_delta,0.7242972934296491,,20
LAS1L+ctrl,systema_pearson,-0.91952555531802915,,20
LCE1C+ctrl,txpert_macro_pearson_delta,,constant_vector,5000
LCE1C+ctrl,trishift_pearson_delta,-0.26976438928979474,,20
LCE1C+ctrl,systema_pearson,0.7192028294033681,,20
LCE1E+ctrl,txpert_macro_pearson_delta,,constant_vector,5000
LCE1E+ctrl,trishift_pearson_delta,0.86903947490397127,,20
LCE1E+ctrl,systema_pearson,0.57687902929475632,,20
LIN52+ctrl,txpert_macro_pearson_delta,,constant_vector,5000
LIN52+ctrl,trishift_pearson_delta,-0.40547905593987937,,20
LIN52+ctrl,systema_pearson,-0.88857612312949663,,20
LPIN1+ctrl,txpert_macro_pearson_delta,,constant_vector,5000
LPIN1+ctrl,trishift_pearson_delta,0.56193966100982407,,20
LPIN1+ctrl,systema_pearson,-0.94656690901399632,,20
LRRC37B+ctrl,txpert_macro_pearson_delta,,constant_vector,5000
LRRC37B+ctrl,trishift_pearson_delta,0.11702466165879231,,20
LRRC37B+ctrl,systema_pearson,0.18473589469985571,,20
LSG1+ctrl,txpert_macro_pearson_delta,,constant_vector,5000
LSG1+ctrl,trishift_pearson_delta,0.60254644214101116,,20
LSG1+ctrl,systema_pearson,-0.94821403159229334,,20
LSM12+ctrl,txpert_macro_pearson_delta,,constant_vector,5000
LSM12+ctrl,trishift_pearson_delta,-0.17874760797305425,,20
LSM12+ctrl,systema_pearson,-0.19011789463285472,,20
LTBP3+ctrl,txpert_macro_pearson_delta,,constant_vector,5000
LTBP3+ctrl,trishift_pearson_delta,0.7453614058202892,,20
LTBP3+ctrl,systema_pearson,0.36513055853417176,,20
LTBP4+ctrl,txpert_macro_pearson_delta,,constant_vector,5000
LTBP4+ctrl,trishift_pearson_delta,-0.065422793754764855,,20
LTBP4+ctrl,systema_pearson,-0.51691397830869346,,20
LTV1+ctrl,txpert_macro_pearson_delta,,constant_vector,5000
LTV1+ctrl,trishift_pearson_delta,-0.5869093205532061,,20
LTV1+ctrl,systema_pearson,-0.92748931522942157,,20
LYRM4+ctrl,txpert_macro_pearson_delta,,constant_vector,5000
LYRM4+ctrl,trishift_pearson_delta,0.65111371859443479,,20
LYRM4+ctrl,systema_pearson,-0.81437108248228141,,20
MAT2A+ctrl,txpert_macro_pearson_delta,,constant_vector,5000
MAT2A+ctrl,trishift_pearson_delta,-0.11000920707938988,,20
MAT2A+ctrl,systema_pearson,0.45342309147778459,,20
MBTPS1+ctrl,txpert_macro_pearson_delta,,constant_vector,5000
MBTPS1+ctrl,trishift_pearson_delta,0.027724664317015254,,20
MBTPS1+ctrl,systema_pearson,0.19804257142459264,,20
MCEE+ctrl,txpert_macro_pearson_delta,,constant_vector,5000
MCEE+ctrl,trishift_pearson_delta,0.60450389335116395,,20
MCEE+ctrl,systema_pearson,-0.11815468270782528,,20
MCL1+ctrl,txpert_macro_pearson_delta,,constant_vector,5000
MCL1+ctrl,trishift_pearson_delta,-0.051642174312213948,,20
MCL1+ctrl,systema_pearson,0.98945181932970172,,20
MCM2+ctrl,txpert_macro_pearson_delta,,constant_vector,5000
MCM2+ctrl,trishift_pearson_delta,0.13754057138535566,,20
MCM2+ctrl,systema_pearson,-0.33480901916817407,,20
MCM3+ctrl,txpert_macro_pearson_delta,,constant_vector,5000
MCM3+ctrl,trishift_pearson_delta,0.13669315021457934,,20
MCM3+ctrl,systema_pearson,-0.88853207023964287,,20
MCM7+ctrl,txpert_macro_pearson_delta,,constant_vector,5000
MCM7+ctrl,trishift_pearson_delta,-0.35231268325303605,,20
MCM7+ctrl,systema_pearson,-0.66712885351516227,,20
MCMBP+ctrl,txpert_macro_pearson_delta,,constant_vector,5000
MCMBP+ctrl,trishift_pearson_delta,0.15891575305869513,,20
MCMBP+ctrl,systema_pearson,-0.83044068405161564,,20
MDN1+ctrl,txpert_macro_pearson_delta,,constant_vector,5000
MDN1+ctrl,trishift_pearson_delta,0.17144460106498891,,20
MDN1+ctrl,systema_pearson,-0.94054350126330299,,20
MED18+ctrl,txpert_macro_pearson_delta,,constant_vector,5000
MED18+ctrl,trishift_pearson_delta,0.0041399232615969101,,20
MED18+ctrl,systema_pearson,-0.95719632309245406,,20
MED19+ctrl,txpert_macro_pearson_delta,,constant_vector,5000
MED19+ctrl,trishift_pearson_delta,0.54308975535527637,,20
MED19+ctrl,systema_pearson,-0.74923540459358828,,20
MED20+ctrl,txpert_macro_pearson_delta,,constant_vector,5000
MED20+ctrl,trishift_pearson_delta,-0.54595240238653908,,20
MED20+ctrl,systema_pearson,-0.90810618857149228,,20
MED27+ctrl,txpert_macro_pearson_delta,,constant_vector,5000
MED27+ctrl,trishift_pearson_delta,-0.25646746600424802,,20
MED27+ctrl,systema_pearson,-0.24093341339305777,,20
MED29+ctrl,txpert_macro_pearson_delta,,constant_vector,5000
MED29+ctrl,trishift_pearson_delta,-0.45927226770763568,,20
MED29+ctrl,systema_pearson,-0.8896566198403596,,20
MED7+ctrl,txpert_macro_pearson_delta,,constant_vector,5000
MED7+ctrl,trishift_pearson_delta,-0.43552629498987355,,20
MED7+ctrl,systema_pearson,-0.42304408530168092,,20
MED9+ctrl,txpert_macro_pearson_delta,,constant_vector,5000
MED9+ctrl,trishift_pearson_delta,0.38255691610313991,,20
MED9+ctrl,systema_pearson,-0.85431696974193883,,20
MEF2A+ctrl,txpert_macro_pearson_delta,,constant_vector,5000
MEF2A+ctrl,trishift_pearson_delta,-0.069163945372255939,,20
MEF2A+ctrl,systema_pearson,-0.48388155903730146,,20
METAP1+ctrl,txpert_macro_pearson_delta,,constant_vector,5000
METAP1+ctrl,trishift_pearson_delta,0.19125697111473414,,20
METAP1+ctrl,systema_pearson,-0.60585096091729618,,20
METTL16+ctrl,txpert_macro_pearson_delta,,constant_vector,5000
METTL16+ctrl,trishift_pearson_delta,-0.15171362390923185,,20
METTL16+ctrl,systema_pearson,-0.42819519486873153,,20
MFN2+ctrl,txpert_macro_pearson_delta,,constant_vector,5000
MFN2+ctrl,trishift_pearson_delta,-0.13203274440316567,,20
MFN2+ctrl,systema_pearson,0.15673485819238051,,20
MIER1+ctrl,txpert_macro_pearson_delta,,constant_vector,5000
MIER1+ctrl,trishift_pearson_delta,-0.18125451796657657,,20
MIER1+ctrl,systema_pearson,0.11279001690299095,,20
MIOS+ctrl,txpert_macro_pearson_delta,,constant_vector,5000
MIOS+ctrl,trishift_pearson_delta,0.23104617013031298,,20
MIOS+ctrl,systema_pearson,0.12587409276052183,,20
MIS18BP1+ctrl,txpert_macro_pearson_delta,,constant_vector,5000
MIS18BP1+ctrl,trishift_pearson_delta,0.05084117411742578,,20
MIS18BP1+ctrl,systema_pearson,-0.98071380101387784,,20
MMGT1+ctrl,txpert_macro_pearson_delta,,constant_vector,5000
MMGT1+ctrl,trishift_pearson_delta,0.38431611629288781,,20
MMGT1+ctrl,systema_pearson,0.28883008272483179,,20
MMP17+ctrl,txpert_macro_pearson_delta,,constant_vector,5000
MMP17+ctrl,trishift_pearson_delta,0.31814060633099167,,20
MMP17+ctrl,systema_pearson,-0.94198745646000048,,20
MOCS3+ctrl,txpert_macro_pearson_delta,,constant_vector,5000
MOCS3+ctrl,trishift_pearson_delta,-0.041668386338892673,,20
MOCS3+ctrl,systema_pearson,0.47954192296566545,,20
MOK+ctrl,txpert_macro_pearson_delta,,constant_vector,5000
MOK+ctrl,trishift_pearson_delta,-0.063477150887688044,,20
MOK+ctrl,systema_pearson,-0.55156139960669948,,20
MRM1+ctrl,txpert_macro_pearson_delta,,constant_vector,5000
MRM1+ctrl,trishift_pearson_delta,0.2050557626917992,,20
MRM1+ctrl,systema_pearson,-0.79205946921400194,,20
MRPL1+ctrl,txpert_macro_pearson_delta,,constant_vector,5000
MRPL1+ctrl,trishift_pearson_delta,-0.17995205324638372,,20
MRPL1+ctrl,systema_pearson,0.35987928488962101,,20
MRPL13+ctrl,txpert_macro_pearson_delta,,constant_vector,5000
MRPL13+ctrl,trishift_pearson_delta,-0.21530087204252299,,20
MRPL13+ctrl,systema_pearson,-0.27135614747428405,,20
MRPL19+ctrl,txpert_macro_pearson_delta,,constant_vector,5000
MRPL19+ctrl,trishift_pearson_delta,0.13185475712424338,,20
MRPL19+ctrl,systema_pearson,0.14839372276639384,,20
MRPL27+ctrl,txpert_macro_pearson_delta,,constant_vector,5000
MRPL27+ctrl,trishift_pearson_delta,0.48177713711027664,,20
MRPL27+ctrl,systema_pearson,0.32048006950249275,,20
MRPL28+ctrl,txpert_macro_pearson_delta,,constant_vector,5000
MRPL28+ctrl,trishift_pearson_delta,-0.069929359909859809,,20
MRPL28+ctrl,systema_pearson,0.048218287696392463,,20
MRPL34+ctrl,txpert_macro_pearson_delta,,constant_vector,5000
MRPL34+ctrl,trishift_pearson_delta,0.43972219928129314,,20
MRPL34+ctrl,systema_pearson,-0.55496528633818742,,20
MRPL37+ctrl,txpert_macro_pearson_delta,,constant_vector,5000
MRPL37+ctrl,trishift_pearson_delta,0.32281433319334063,,20
MRPL37+ctrl,systema_pearson,0.25777448765750005,,20
MRPL4+ctrl,txpert_macro_pearson_delta,,constant_vector,5000
MRPL4+ctrl,trishift_pearson_delta,0.14273155678016025,,20
MRPL4+ctrl,systema_pearson,0.35580648878014515,,20
MRPL42+ctrl,txpert_macro_pearson_delta,,constant_vector,5000
MRPL42+ctrl,trishift_pearson_delta,0.034023590939421727,,20
MRPL42+ctrl,systema_pearson,0.11920897142357002,,20
MRPL49+ctrl,txpert_macro_pearson_delta,,constant_vector,5000
MRPL49+ctrl,trishift_pearson_delta,-0.4764556370204861,,20
MRPL49+ctrl,systema_pearson,-0.64035158277702342,,20
MRPS18C+ctrl,txpert_macro_pearson_delta,,constant_vector,5000
MRPS18C+ctrl,trishift_pearson_delta,0.58958672709739501,,20
MRPS18C+ctrl,systema_pearson,0.65278369088742372,,20
MRPS22+ctrl,txpert_macro_pearson_delta,,constant_vector,5000
MRPS22+ctrl,trishift_pearson_delta,0.20687303549630168,,20
MRPS22+ctrl,systema_pearson,0.1990771187248089,,20
MRPS24+ctrl,txpert_macro_pearson_delta,,constant_vector,5000
MRPS24+ctrl,trishift_pearson_delta,-0.089781665288286558,,20
MRPS24+ctrl,systema_pearson,0.032259127619976201,,20
MRPS28+ctrl,txpert_macro_pearson_delta,,constant_vector,5000
MRPS28+ctrl,trishift_pearson_delta,-0.26804817360977462,,20
MRPS28+ctrl,systema_pearson,0.40657214477502573,,20
MRPS34+ctrl,txpert_macro_pearson_delta,,constant_vector,5000
MRPS34+ctrl,trishift_pearson_delta,-0.60745907768409257,,20
MRPS34+ctrl,systema_pearson,-0.49906659498412809,,20
MSTO1+ctrl,txpert_macro_pearson_delta,,constant_vector,5000
MSTO1+ctrl,trishift_pearson_delta,-0.73205374332630024,,20
MSTO1+ctrl,systema_pearson,-0.81441497684146069,,20
MTRNR2L1+ctrl,txpert_macro_pearson_delta,,constant_vector,5000
MTRNR2L1+ctrl,trishift_pearson_delta,0.13484398224681088,,20
MTRNR2L1+ctrl,systema_pearson,0.4015567261801774,,20
N6AMT1+ctrl,txpert_macro_pearson_delta,,constant_vector,5000
N6AMT1+ctrl,trishift_pearson_delta,-0.13277826276065322,,20
N6AMT1+ctrl,systema_pearson,-0.071967900932838696,,20
NAA20+ctrl,txpert_macro_pearson_delta,,constant_vector,5000
NAA20+ctrl,trishift_pearson_delta,-0.23991127154518818,,20
NAA20+ctrl,systema_pearson,-0.148690634065966,,20
NAE1+ctrl,txpert_macro_pearson_delta,,constant_vector,5000
NAE1+ctrl,trishift_pearson_delta,0.054895266511814832,,20
NAE1+ctrl,systema_pearson,-0.28945427675885826,,20
NAPG+ctrl,txpert_macro_pearson_delta,,constant_vector,5000
NAPG+ctrl,trishift_pearson_delta,-0.4512546525366255,,20
NAPG+ctrl,systema_pearson,-0.32695173587707782,,20
NBEAL1+ctrl,txpert_macro_pearson_delta,,constant_vector,5000
NBEAL1+ctrl,trishift_pearson_delta,0.20037637698036309,,20
NBEAL1+ctrl,systema_pearson,0.70502831253162723,,20
NBPF15+ctrl,txpert_macro_pearson_delta,,constant_vector,5000
NBPF15+ctrl,trishift_pearson_delta,-0.33521482560891713,,20
NBPF15+ctrl,systema_pearson,0.24431631274937829,,20
NBPF3+ctrl,txpert_macro_pearson_delta,,constant_vector,5000
NBPF3+ctrl,trishift_pearson_delta,0.63214604785782114,,20
NBPF3+ctrl,systema_pearson,0.83992253468319078,,20
NCAPG2+ctrl,txpert_macro_pearson_delta,,constant_vector,5000
NCAPG2+ctrl,trishift_pearson_delta,-0.50603201602874204,,20
NCAPG2+ctrl,systema_pearson,-0.91535198853143385,,20
NCL+ctrl,txpert_macro_pearson_delta,,constant_vector,5000
NCL+ctrl,trishift_pearson_delta,-0.69078180668732603,,19
NCL+ctrl,systema_pearson,-0.95417537317731715,,19
NDC1+ctrl,txpert_macro_pearson_delta,,constant_vector,5000
NDC1+ctrl,trishift_pearson_delta,-0.09972647967423709,,20
NDC1+ctrl,systema_pearson,0.054813588787669232,,20
NDOR1+ctrl,txpert_macro_pearson_delta,,constant_vector,5000
NDOR1+ctrl,trishift_pearson_delta,-0.17119511029349407,,20
NDOR1+ctrl,systema_pearson,-0.50767534646075962,,20
NDUFA2+ctrl,txpert_macro_pearson_delta,,constant_vector,5000
NDUFA2+ctrl,trishift_pearson_delta,0.16263161576235824,,20
NDUFA2+ctrl,systema_pearson,-0.93600004076005106,,20
NDUFA3+ctrl,txpert_macro_pearson_delta,,constant_vector,5000
NDUFA3+ctrl,trishift_pearson_delta,0.31442760989764407,,20
NDUFA3+ctrl,systema_pearson,-0.34746881689114084,,20
NDUFA4+ctrl,txpert_macro_pearson_delta,,constant_vector,5000
NDUFA4+ctrl,trishift_pearson_delta,0.45699694825041898,,19
NDUFA4+ctrl,systema_pearson,-0.17961451656518537,,19
NDUFAF7+ctrl,txpert_macro_pearson_delta,,constant_vector,5000
NDUFAF7+ctrl,trishift_pearson_delta,0.07728934688098249,,20
NDUFAF7+ctrl,systema_pearson,-0.14716273523163076,,20
NDUFB6+ctrl,txpert_macro_pearson_delta,,constant_vector,5000
NDUFB6+ctrl,trishift_pearson_delta,0.18617849931767411,,20
NDUFB6+ctrl,systema_pearson,0.92109396115187925,,20
NDUFB7+ctrl,txpert_macro_pearson_delta,,constant_vector,5000
NDUFB7+ctrl,trishift_pearson_delta,0.020978666993549534,,20
NDUFB7+ctrl,systema_pearson,0.62746920242757875,,20
NDUFS5+ctrl,txpert_macro_pearson_delta,,constant_vector,5000
NDUFS5+ctrl,trishift_pearson_delta,0.099961464138929243,,20
NDUFS5+ctrl,systema_pearson,0.5597267355611697,,20
NDUFV2+ctrl,txpert_macro_pearson_delta,,constant_vector,5000
NDUFV2+ctrl,trishift_pearson_delta,0.85385622344691003,,20
NDUFV2+ctrl,systema_pearson,-0.2424980183917034,,20
NELFA+ctrl,txpert_macro_pearson_delta,,constant_vector,5000
NELFA+ctrl,trishift_pearson_delta,0.092730651491160054,,20
NELFA+ctrl,systema_pearson,-0.81235408306874168,,20
NFRKB+ctrl,txpert_macro_pearson_delta,,constant_vector,5000
NFRKB+ctrl,trishift_pearson_delta,-0.24216426766937485,,20
NFRKB+ctrl,systema_pearson,0.54150738756455818,,20
NHP2+ctrl,txpert_macro_pearson_delta,,constant_vector,5000
NHP2+ctrl,trishift_pearson_delta,0.82697710510658184,,20
NHP2+ctrl,systema_pearson,-0.98761368372532776,,20
NKAPD1+ctrl,txpert_macro_pearson_delta,,constant_vector,5000
NKAPD1+ctrl,trishift_pearson_delta,0.079478547853664622,,20
NKAPD1+ctrl,systema_pearson,-0.4247649672182498,,20
NKX6-1+ctrl,txpert_macro_pearson_delta,,constant_vector,5000
NKX6-1+ctrl,trishift_pearson_delta,0.82985763671870183,,20
NKX6-1+ctrl,systema_pearson,-0.35938074773707512,,20
NLE1+ctrl,txpert_macro_pearson_delta,,constant_vector,5000
NLE1+ctrl,trishift_pearson_delta,-0.33314671726854,,20
NLE1+ctrl,systema_pearson,-0.93069527728619073,,20
NOC3L+ctrl,txpert_macro_pearson_delta,,constant_vector,5000
NOC3L+ctrl,trishift_pearson_delta,0.51902686842429946,,20
NOC3L+ctrl,systema_pearson,-0.93025541000289103,,20
NOL12+ctrl,txpert_macro_pearson_delta,,constant_vector,5000
NOL12+ctrl,trishift_pearson_delta,-0.27040398485297901,,20
NOL12+ctrl,systema_pearson,-0.92854661427632479,,20
NOL8+ctrl,txpert_macro_pearson_delta,,constant_vector,5000
NOL8+ctrl,trishift_pearson_delta,-0.60895757910928416,,20
NOL8+ctrl,systema_pearson,-0.97115956065961007,,20
NOL9+ctrl,txpert_macro_pearson_delta,,constant_vector,5000
NOL9+ctrl,trishift_pearson_delta,0.78833336550899624,,20
NOL9+ctrl,systema_pearson,-0.8814613165419527,,20
NOP14+ctrl,txpert_macro_pearson_delta,,constant_vector,5000
NOP14+ctrl,trishift_pearson_delta,0.37445060537383085,,20
NOP14+ctrl,systema_pearson,-0.92736200821660353,,20
NRF1+ctrl,txpert_macro_pearson_delta,,constant_vector,5000
NRF1+ctrl,trishift_pearson_delta,-0.620816371593506,,20
NRF1+ctrl,systema_pearson,-0.6069375954127223,,20
NSL1+ctrl,txpert_macro_pearson_delta,,constant_vector,5000
NSL1+ctrl,trishift_pearson_delta,-0.76627101511713591,,20
NSL1+ctrl,systema_pearson,-0.98006456281950716,,20
NSMCE1+ctrl,txpert_macro_pearson_delta,,constant_vector,5000
NSMCE1+ctrl,trishift_pearson_delta,-0.0077466096573121281,,20
NSMCE1+ctrl,systema_pearson,-0.87244428498953275,,20
NSMCE2+ctrl,txpert_macro_pearson_delta,,constant_vector,5000
NSMCE2+ctrl,trishift_pearson_delta,-0.055653750196985145,,20
NSMCE2+ctrl,systema_pearson,-0.89505179305311622,,20
NSRP1+ctrl,txpert_macro_pearson_delta,,constant_vector,5000
NSRP1+ctrl,trishift_pearson_delta,0.12115561523991181,,20
NSRP1+ctrl,systema_pearson,-0.71851183442052524,,20
NSUN4+ctrl,txpert_macro_pearson_delta,,constant_vector,5000
NSUN4+ctrl,trishift_pearson_delta,-0.37536069083956036,,20
NSUN4+ctrl,systema_pearson,0.103208395309457,,20
NUDC+ctrl,txpert_macro_pearson_delta,,constant_vector,5000
NUDC+ctrl,trishift_pearson_delta,-0.67951900596877113,,19
NUDC+ctrl,systema_pearson,-0.96829706993431541,,19
NUDCD3+ctrl,txpert_macro_pearson_delta,,constant_vector,5000
NUDCD3+ctrl,trishift_pearson_delta,0.11345898186543593,,20
NUDCD3+ctrl,systema_pearson,-0.95797010314001463,,20
NUP133+ctrl,txpert_macro_pearson_delta,,constant_vector,5000
NUP133+ctrl,trishift_pearson_delta,-0.086265674195890471,,20
NUP133+ctrl,systema_pearson,-0.81257722860693105,,20
NUP155+ctrl,txpert_macro_pearson_delta,,constant_vector,5000
NUP155+ctrl,trishift_pearson_delta,-0.38795142626813217,,20
NUP155+ctrl,systema_pearson,-0.72817139580947088,,20
NUP214+ctrl,txpert_macro_pearson_delta,,constant_vector,5000
NUP214+ctrl,trishift_pearson_delta,0.11186327859201589,,20
NUP214+ctrl,systema_pearson,-0.84410929302724991,,20
NUP98+ctrl,txpert_macro_pearson_delta,,constant_vector,5000
NUP98+ctrl,trishift_pearson_delta,-0.60856691540202934,,20
NUP98+ctrl,systema_pearson,-0.94334386222583311,,20
NUS1+ctrl,txpert_macro_pearson_delta,,constant_vector,5000
NUS1+ctrl,trishift_pearson_delta,0.38172974266101789,,20
NUS1+ctrl,systema_pearson,0.57547176343415229,,20
OGFOD1+ctrl,txpert_macro_pearson_delta,,constant_vector,5000
OGFOD1+ctrl,trishift_pearson_delta,-0.37608890985755472,,20
OGFOD1+ctrl,systema_pearson,-0.9057648187883679,,20
OLFML3+ctrl,txpert_macro_pearson_delta,,constant_vector,5000
OLFML3+ctrl,trishift_pearson_delta,-0.00044809416353515781,,20
OLFML3+ctrl,systema_pearson,0.42526766997934518,,20
OPA1+ctrl,txpert_macro_pearson_delta,,constant_vector,5000
OPA1+ctrl,trishift_pearson_delta,-0.081210191805347803,,20
OPA1+ctrl,systema_pearson,-0.42417638227677423,,20
OR1D2+ctrl,txpert_macro_pearson_delta,,constant_vector,5000
OR1D2+ctrl,trishift_pearson_delta,-0.02884478671053451,,20
OR1D2+ctrl,systema_pearson,-0.52210769360562248,,20
OR4F4+ctrl,txpert_macro_pearson_delta,,constant_vector,5000
OR4F4+ctrl,trishift_pearson_delta,-0.03348222126901531,,20
OR4F4+ctrl,systema_pearson,0.5384321832370399,,20
OR4N2+ctrl,txpert_macro_pearson_delta,,constant_vector,5000
OR4N2+ctrl,trishift_pearson_delta,-0.28459348987955835,,20
OR4N2+ctrl,systema_pearson,0.1415525146396778,,20
PAF1+ctrl,txpert_macro_pearson_delta,,constant_vector,5000
PAF1+ctrl,trishift_pearson_delta,-0.55210095289905292,,20
PAF1+ctrl,systema_pearson,-0.87648490875129503,,20
PARN+ctrl,txpert_macro_pearson_delta,,constant_vector,5000
PARN+ctrl,trishift_pearson_delta,0.68848964518144617,,20
PARN+ctrl,systema_pearson,0.34506317082781685,,20
PAXBP1+ctrl,txpert_macro_pearson_delta,,constant_vector,5000
PAXBP1+ctrl,trishift_pearson_delta,-0.61074448719776908,,20
PAXBP1+ctrl,systema_pearson,-0.84046175428106362,,20
PCBP1+ctrl,txpert_macro_pearson_delta,,constant_vector,5000
PCBP1+ctrl,trishift_pearson_delta,-0.21692527665736927,,20
PCBP1+ctrl,systema_pearson,-0.64386820446250315,,20
PCF11+ctrl,txpert_macro_pearson_delta,,constant_vector,5000
PCF11+ctrl,trishift_pearson_delta,-0.17764705830729491,,20
PCF11+ctrl,systema_pearson,-0.49740750049800392,,20
PCNA+ctrl,txpert_macro_pearson_delta,,constant_vector,5000
PCNA+ctrl,trishift_pearson_delta,0.48785957532700575,,20
PCNA+ctrl,systema_pearson,-0.89279183359922909,,20
PDCD6+ctrl,txpert_macro_pearson_delta,,constant_vector,5000
PDCD6+ctrl,trishift_pearson_delta,-0.45465145238900745,,20
PDCD6+ctrl,systema_pearson,0.72178493320420867,,20
PDCD6IP+ctrl,txpert_macro_pearson_delta,,constant_vector,5000
PDCD6IP+ctrl,trishift_pearson_delta,0.46203321693933863,,20
PDCD6IP+ctrl,systema_pearson,0.83574018041659803,,20
PDHA1+ctrl,txpert_macro_pearson_delta,,constant_vector,5000
PDHA1+ctrl,trishift_pearson_delta,0.40142023191165693,,20
PDHA1+ctrl,systema_pearson,-0.86841395539002053,,20
PES1+ctrl,txpert_macro_pearson_delta,,constant_vector,5000
PES1+ctrl,trishift_pearson_delta,-0.57818870317000504,,20
PES1+ctrl,systema_pearson,-0.90322084434273509,,20
PFDN4+ctrl,txpert_macro_pearson_delta,,constant_vector,5000
PFDN4+ctrl,trishift_pearson_delta,-0.23848301026204327,,20
PFDN4+ctrl,systema_pearson,0.7035409684366829,,20
PFDN6+ctrl,txpert_macro_pearson_delta,,constant_vector,5000
PFDN6+ctrl,trishift_pearson_delta,-0.31511710346392779,,20
PFDN6+ctrl,systema_pearson,-0.83646092094413149,,20
PGAM1+ctrl,txpert_macro_pearson_delta,,constant_vector,5000
PGAM1+ctrl,trishift_pearson_delta,-0.31524005291241136,,20
PGAM1+ctrl,systema_pearson,-0.1403260301715914,,20
PGD+ctrl,txpert_macro_pearson_delta,,constant_vector,5000
PGD+ctrl,trishift_pearson_delta,0.73916452810026201,,20
PGD+ctrl,systema_pearson,0.79697324165044126,,20
PI4KA+ctrl,txpert_macro_pearson_delta,,constant_vector,5000
PI4KA+ctrl,trishift_pearson_delta,0.22044041769588787,,20
PI4KA+ctrl,systema_pearson,-0.41624016962904836,,20
PIAS1+ctrl,txpert_macro_pearson_delta,,constant_vector,5000
PIAS1+ctrl,trishift_pearson_delta,0.33049248644904516,,20
PIAS1+ctrl,systema_pearson,0.032972809827599488,,20
PIGH+ctrl,txpert_macro_pearson_delta,,constant_vector,5000
PIGH+ctrl,trishift_pearson_delta,-0.27852739055959597,,20
PIGH+ctrl,systema_pearson,-0.81361907544204448,,20
PKMYT1+ctrl,txpert_macro_pearson_delta,,constant_vector,5000
PKMYT1+ctrl,trishift_pearson_delta,0.63291478036953963,,20
PKMYT1+ctrl,systema_pearson,0.32072084703263776,,20
PLK4+ctrl,txpert_macro_pearson_delta,,constant_vector,5000
PLK4+ctrl,trishift_pearson_delta,-0.34267245708323274,,20
PLK4+ctrl,systema_pearson,-0.95973164502092845,,20
PMF1+ctrl,txpert_macro_pearson_delta,,constant_vector,5000
PMF1+ctrl,trishift_pearson_delta,-0.69363837986955956,,20
PMF1+ctrl,systema_pearson,-0.64627451737910679,,20
PMPCA+ctrl,txpert_macro_pearson_delta,,constant_vector,5000
PMPCA+ctrl,trishift_pearson_delta,-0.038932439313566505,,20
PMPCA+ctrl,systema_pearson,-0.26605664196927353,,20
PNN+ctrl,txpert_macro_pearson_delta,,constant_vector,5000
PNN+ctrl,trishift_pearson_delta,0.17982651992350199,,19
PNN+ctrl,systema_pearson,-0.96114226457234431,,19
POGZ+ctrl,txpert_macro_pearson_delta,,constant_vector,5000
POGZ+ctrl,trishift_pearson_delta,0.39604156539261337,,20
POGZ+ctrl,systema_pearson,0.78887803408402812,,20
POLD1+ctrl,txpert_macro_pearson_delta,,constant_vector,5000
POLD1+ctrl,trishift_pearson_delta,-0.29656119365552325,,20
POLD1+ctrl,systema_pearson,-0.82928141148987944,,20
POLE2+ctrl,txpert_macro_pearson_delta,,constant_vector,5000
POLE2+ctrl,trishift_pearson_delta,0.16313901821895385,,20
POLE2+ctrl,systema_pearson,-0.69043462837404046,,20
POLR2B+ctrl,txpert_macro_pearson_delta,,constant_vector,5000
POLR2B+ctrl,trishift_pearson_delta,-0.41890270499491927,,20
POLR2B+ctrl,systema_pearson,-0.94794266132032767,,20
POLR2G+ctrl,txpert_macro_pearson_delta,,constant_vector,5000
POLR2G+ctrl,trishift_pearson_delta,-0.13592703537891129,,20
POLR2G+ctrl,systema_pearson,-0.37157125171566052,,20
POLR2K+ctrl,txpert_macro_pearson_delta,,constant_vector,5000
POLR2K+ctrl,trishift_pearson_delta,0.17315175658195919,,20
POLR2K+ctrl,systema_pearson,-0.88920929458084419,,20
POLR3B+ctrl,txpert_macro_pearson_delta,,constant_vector,5000
POLR3B+ctrl,trishift_pearson_delta,-0.26953563873752939,,20
POLR3B+ctrl,systema_pearson,-0.874395241005125,,20
POLR3D+ctrl,txpert_macro_pearson_delta,,constant_vector,5000
POLR3D+ctrl,trishift_pearson_delta,-0.58099846951340406,,20
POLR3D+ctrl,systema_pearson,-0.82114734248163435,,20
PPARGC1B+ctrl,txpert_macro_pearson_delta,,constant_vector,5000
PPARGC1B+ctrl,trishift_pearson_delta,-0.45404238876775704,,20
PPARGC1B+ctrl,systema_pearson,-0.098856291636786733,,20
PRELID3B+ctrl,txpert_macro_pearson_delta,,constant_vector,5000
PRELID3B+ctrl,trishift_pearson_delta,-0.29773899049375402,,20
PRELID3B+ctrl,systema_pearson,-0.38062277362826924,,20
PRMT1+ctrl,txpert_macro_pearson_delta,,constant_vector,5000
PRMT1+ctrl,trishift_pearson_delta,-0.21942805530382317,,20
PRMT1+ctrl,systema_pearson,-0.50797778999934662,,20
PRODH+ctrl,txpert_macro_pearson_delta,,constant_vector,5000
PRODH+ctrl,trishift_pearson_delta,0.076865081659462459,,20
PRODH+ctrl,systema_pearson,0.6989772901926159,,20
PRORP+ctrl,txpert_macro_pearson_delta,,constant_vector,5000
PRORP+ctrl,trishift_pearson_delta,0.21097058456374615,,20
PRORP+ctrl,systema_pearson,0.1545821177895062,,20
PRPF38A+ctrl,txpert_macro_pearson_delta,,constant_vector,5000
PRPF38A+ctrl,trishift_pearson_delta,0.26918645843487399,,20
PRPF38A+ctrl,systema_pearson,-0.94936281381436682,,20
PRPF39+ctrl,txpert_macro_pearson_delta,,constant_vector,5000
PRPF39+ctrl,trishift_pearson_delta,-0.50822018257408696,,20
PRPF39+ctrl,systema_pearson,0.23308271968389621,,20
PSAT1+ctrl,txpert_macro_pearson_delta,,constant_vector,5000
PSAT1+ctrl,trishift_pearson_delta,0.70458903820932139,,20
PSAT1+ctrl,systema_pearson,0.502319448656251,,20
PSMA2+ctrl,txpert_macro_pearson_delta,,constant_vector,5000
PSMA2+ctrl,trishift_pearson_delta,-0.70396621011934202,,20
PSMA2+ctrl,systema_pearson,-0.89673328781378414,,20
PSMA3+ctrl,txpert_macro_pearson_delta,,constant_vector,5000
PSMA3+ctrl,trishift_pearson_delta,0.44059855908278378,,20
PSMA3+ctrl,systema_pearson,-0.86067682415054647,,20
PSMA4+ctrl,txpert_macro_pearson_delta,,constant_vector,5000
PSMA4+ctrl,trishift_pearson_delta,-0.018366991330759825,,20
PSMA4+ctrl,systema_pearson,-0.9180357356411154,,20
PSMA6+ctrl,txpert_macro_pearson_delta,,constant_vector,5000
PSMA6+ctrl,trishift_pearson_delta,0.44328973358395007,,20
PSMA6+ctrl,systema_pearson,-0.83630063877248761,,20
PSMA7+ctrl,txpert_macro_pearson_delta,,constant_vector,5000
PSMA7+ctrl,trishift_pearson_delta,0.43615443404606102,,20
PSMA7+ctrl,systema_pearson,-0.90395894426415435,,20
PSMB1+ctrl,txpert_macro_pearson_delta,,constant_vector,5000
PSMB1+ctrl,trishift_pearson_delta,0.48092771264863032,,20
PSMB1+ctrl,systema_pearson,-0.93027118457940994,,20
PSMB3+ctrl,txpert_macro_pearson_delta,,constant_vector,5000
PSMB3+ctrl,trishift_pearson_delta,-0.31333511660552971,,20
PSMB3+ctrl,systema_pearson,-0.94061197523455542,,20
PSMC2+ctrl,txpert_macro_pearson_delta,,constant_vector,5000
PSMC2+ctrl,trishift_pearson_delta,-0.082816952985715647,,20
PSMC2+ctrl,systema_pearson,-0.74657198417324278,,20
PSMC6+ctrl,txpert_macro_pearson_delta,,constant_vector,5000
PSMC6+ctrl,trishift_pearson_delta,-0.30298089300116759,,20
PSMC6+ctrl,systema_pearson,-0.55280591840518256,,20
PSMD1+ctrl,txpert_macro_pearson_delta,,constant_vector,5000
PSMD1+ctrl,trishift_pearson_delta,0.61345258308149009,,20
PSMD1+ctrl,systema_pearson,-0.7514309866936898,,20
PSMD13+ctrl,txpert_macro_pearson_delta,,constant_vector,5000
PSMD13+ctrl,trishift_pearson_delta,-0.11880774641606945,,20
PSMD13+ctrl,systema_pearson,-0.77585039027910763,,20
PSMD14+ctrl,txpert_macro_pearson_delta,,constant_vector,5000
PSMD14+ctrl,trishift_pearson_delta,0.43954671011262203,,20
PSMD14+ctrl,systema_pearson,-0.6957536150826158,,20
PSMD2+ctrl,txpert_macro_pearson_delta,,constant_vector,5000
PSMD2+ctrl,trishift_pearson_delta,-0.13622130893112042,,20
PSMD2+ctrl,systema_pearson,-0.70912401286580262,,20
PSMD4+ctrl,txpert_macro_pearson_delta,,constant_vector,5000
PSMD4+ctrl,trishift_pearson_delta,0.075237488335024388,,20
PSMD4+ctrl,systema_pearson,-0.95985563480635272,,20
PSMD6+ctrl,txpert_macro_pearson_delta,,constant_vector,5000
PSMD6+ctrl,trishift_pearson_delta,-0.20317985626680973,,20
PSMD6+ctrl,systema_pearson,-0.34272386595461707,,20
PSMD9+ctrl,txpert_macro_pearson_delta,,constant_vector,5000
PSMD9+ctrl,trishift_pearson_delta,-0.38521028738750895,,20
PSMD9+ctrl,systema_pearson,0.67998899280768121,,20
PSMG3+ctrl,txpert_macro_pearson_delta,,constant_vector,5000
PSMG3+ctrl,trishift_pearson_delta,0.13907508882536662,,20
PSMG3+ctrl,systema_pearson,-0.0095876810930095504,,20
PTBP1+ctrl,txpert_macro_pearson_delta,,constant_vector,5000
PTBP1+ctrl,trishift_pearson_delta,-0.11338774766323614,,20
PTBP1+ctrl,systema_pearson,-0.33789331633817155,,20
PTK2+ctrl,txpert_macro_pearson_delta,,constant_vector,5000
PTK2+ctrl,trishift_pearson_delta,0.12767818505910508,,20
PTK2+ctrl,systema_pearson,-0.63405282517223238,,20
PTPN1+ctrl,txpert_macro_pearson_delta,,constant_vector,5000
PTPN1+ctrl,trishift_pearson_delta,0.59597353616325766,,20
PTPN1+ctrl,systema_pearson,-0.37054535211100192,,20
PTPN11+ctrl,txpert_macro_pearson_delta,,constant_vector,5000
PTPN11+ctrl,trishift_pearson_delta,-0.24837284884568386,,20
PTPN11+ctrl,systema_pearson,0.39194058123749448,,20
PUM1+ctrl,txpert_macro_pearson_delta,,constant_vector,5000
PUM1+ctrl,trishift_pearson_delta,-0.011846133334471992,,20
PUM1+ctrl,systema_pearson,0.6959521447448479,,20
PWP2+ctrl,txpert_macro_pearson_delta,,constant_vector,5000
PWP2+ctrl,trishift_pearson_delta,-0.73462501354891119,,20
PWP2+ctrl,systema_pearson,-0.97750845975551304,,20
PXN+ctrl,txpert_macro_pearson_delta,,constant_vector,5000
PXN+ctrl,trishift_pearson_delta,-0.1133825411240959,,20
PXN+ctrl,systema_pearson,-0.080599189102068799,,20
RAB18+ctrl,txpert_macro_pearson_delta,,constant_vector,5000
RAB18+ctrl,trishift_pearson_delta,-0.34909841363208632,,20
RAB18+ctrl,systema_pearson,0.58877312837817042,,20
RAD21+ctrl,txpert_macro_pearson_delta,,constant_vector,5000
RAD21+ctrl,trishift_pearson_delta,-0.52613267589026236,,20
RAD21+ctrl,systema_pearson,0.11556134506979839,,20
RAD51+ctrl,txpert_macro_pearson_delta,,constant_vector,5000
RAD51+ctrl,trishift_pearson_delta,-0.50212010342788216,,20
RAD51+ctrl,systema_pearson,-0.64905570436198079,,20
RAD51C+ctrl,txpert_macro_pearson_delta,,constant_vector,5000
RAD51C+ctrl,trishift_pearson_delta,0.061508852289260403,,20
RAD51C+ctrl,systema_pearson,-0.87108195958969792,,20
RANBP2+ctrl,txpert_macro_pearson_delta,,constant_vector,5000
RANBP2+ctrl,trishift_pearson_delta,-0.69728285593252171,,20
RANBP2+ctrl,systema_pearson,-0.82575223567854916,,20
RANGAP1+ctrl,txpert_macro_pearson_delta,,constant_vector,5000
RANGAP1+ctrl,trishift_pearson_delta,-0.25978751182132942,,20
RANGAP1+ctrl,systema_pearson,-0.65876291464867665,,20
RARS+ctrl,txpert_macro_pearson_delta,,constant_vector,5000
RARS+ctrl,trishift_pearson_delta,0.32891426787254319,,20
RARS+ctrl,systema_pearson,-0.81724455677291541,,20
RBM10+ctrl,txpert_macro_pearson_delta,,constant_vector,5000
RBM10+ctrl,trishift_pearson_delta,0.050394134859337053,,20
RBM10+ctrl,systema_pearson,0.31509448999131412,,20
RBM22+ctrl,txpert_macro_pearson_delta,,constant_vector,5000
RBM22+ctrl,trishift_pearson_delta,0.15503810992970751,,20
RBM22+ctrl,systema_pearson,0.08475775527883099,,20
RBM4+ctrl,txpert_macro_pearson_delta,,constant_vector,5000
RBM4+ctrl,trishift_pearson_delta,-0.066286866856428012,,20
RBM4+ctrl,systema_pearson,0.032523805105254509,,20
RBM48+ctrl,txpert_macro_pearson_delta,,constant_vector,5000
RBM48+ctrl,trishift_pearson_delta,-0.29019747121972167,,20
RBM48+ctrl,systema_pearson,-0.92150239499346687,,20
RBMX2+ctrl,txpert_macro_pearson_delta,,constant_vector,5000
RBMX2+ctrl,trishift_pearson_delta,0.69507558273364123,,20
RBMX2+ctrl,systema_pearson,-0.947993441335927,,20
RCCD1+ctrl,txpert_macro_pearson_delta,,constant_vector,5000
RCCD1+ctrl,trishift_pearson_delta,0.836848448803863,,20
RCCD1+ctrl,systema_pearson,-0.45020443519807368,,20
RELL2+ctrl,txpert_macro_pearson_delta,,constant_vector,5000
RELL2+ctrl,trishift_pearson_delta,-0.5066471317320157,,20
RELL2+ctrl,systema_pearson,-0.88022160770205515,,20
RGPD6+ctrl,txpert_macro_pearson_delta,,constant_vector,5000
RGPD6+ctrl,trishift_pearson_delta,0.029990847252847515,,20
RGPD6+ctrl,systema_pearson,-0.34549881858444942,,20
RHOQ+ctrl,txpert_macro_pearson_delta,,constant_vector,5000
RHOQ+ctrl,trishift_pearson_delta,0.020760873867630605,,20
RHOQ+ctrl,systema_pearson,0.7271483625018087,,20
RIOK2+ctrl,txpert_macro_pearson_delta,,constant_vector,5000
RIOK2+ctrl,trishift_pearson_delta,0.70672689412138812,,20
RIOK2+ctrl,systema_pearson,-0.9567278057555223,,20
RNF31+ctrl,txpert_macro_pearson_delta,,constant_vector,5000
RNF31+ctrl,trishift_pearson_delta,0.54017923505253418,,20
RNF31+ctrl,systema_pearson,-0.83597232232821306,,20
RNF8+ctrl,txpert_macro_pearson_delta,,constant_vector,5000
RNF8+ctrl,trishift_pearson_delta,0.23982792130539349,,20
RNF8+ctrl,systema_pearson,0.3922575979080084,,20
RPA3+ctrl,txpert_macro_pearson_delta,,constant_vector,5000
RPA3+ctrl,trishift_pearson_delta,0.19800057406010471,,20
RPA3+ctrl,systema_pearson,-0.89539148739165575,,20
RPAP2+ctrl,txpert_macro_pearson_delta,,constant_vector,5000
RPAP2+ctrl,trishift_pearson_delta,-0.19956458663909007,,20
RPAP2+ctrl,systema_pearson,0.081695629256386168,,20
RPAP3+ctrl,txpert_macro_pearson_delta,,constant_vector,5000
RPAP3+ctrl,trishift_pearson_delta,-0.50455530818386107,,20
RPAP3+ctrl,systema_pearson,-0.80505717417677591,,20
RPL10A+ctrl,txpert_macro_pearson_delta,,constant_vector,5000
RPL10A+ctrl,trishift_pearson_delta,0.048457045582579045,,20
RPL10A+ctrl,systema_pearson,-0.97595300521856776,,20
RPL14+ctrl,txpert_macro_pearson_delta,,constant_vector,5000
RPL14+ctrl,trishift_pearson_delta,0.67533110368986049,,20
RPL14+ctrl,systema_pearson,-0.93890598514442458,,20
RPL27A+ctrl,txpert_macro_pearson_delta,,constant_vector,5000
RPL27A+ctrl,trishift_pearson_delta,-0.082152298060261184,,20
RPL27A+ctrl,systema_pearson,-0.93034260411053404,,20
RPL36AL+ctrl,txpert_macro_pearson_delta,,constant_vector,5000
RPL36AL+ctrl,trishift_pearson_delta,0.64951118490565862,,20
RPL36AL+ctrl,systema_pearson,0.46393629000629633,,20
RPL6+ctrl,txpert_macro_pearson_delta,,constant_vector,5000
RPL6+ctrl,trishift_pearson_delta,-0.20080843606723836,,20
RPL6+ctrl,systema_pearson,-0.95396157598021236,,20
RPL7L1+ctrl,txpert_macro_pearson_delta,,constant_vector,5000
RPL7L1+ctrl,trishift_pearson_delta,0.53734908103793289,,20
RPL7L1+ctrl,systema_pearson,-0.93769237936241068,,20
RPN1+ctrl,txpert_macro_pearson_delta,,constant_vector,5000
RPN1+ctrl,trishift_pearson_delta,-0.38698230089983915,,20
RPN1+ctrl,systema_pearson,0.73500501383013228,,20
RPN2+ctrl,txpert_macro_pearson_delta,,constant_vector,5000
RPN2+ctrl,trishift_pearson_delta,0.49329585958606503,,20
RPN2+ctrl,systema_pearson,0.81847118147588838,,20
RPP14+ctrl,txpert_macro_pearson_delta,,constant_vector,5000
RPP14+ctrl,trishift_pearson_delta,-0.062591356112361107,,20
RPP14+ctrl,systema_pearson,-0.93862489851887765,,20
RPP30+ctrl,txpert_macro_pearson_delta,,constant_vector,5000
RPP30+ctrl,trishift_pearson_delta,0.70697695685759077,,20
RPP30+ctrl,systema_pearson,-0.94243748562793117,,20
RPP38+ctrl,txpert_macro_pearson_delta,,constant_vector,5000
RPP38+ctrl,trishift_pearson_delta,-0.1167016230189441,,20
RPP38+ctrl,systema_pearson,-0.48268332695969396,,20
RPP40+ctrl,txpert_macro_pearson_delta,,constant_vector,5000
RPP40+ctrl,trishift_pearson_delta,0.35599799509338265,,20
RPP40+ctrl,systema_pearson,-0.91132719886459668,,20
RPRD1B+ctrl,txpert_macro_pearson_delta,,constant_vector,5000
RPRD1B+ctrl,trishift_pearson_delta,-0.57374740411062641,,20
RPRD1B+ctrl,systema_pearson,-0.49117734119216111,,20
RPS10+ctrl,txpert_macro_pearson_delta,,constant_vector,5000
RPS10+ctrl,trishift_pearson_delta,-0.73706056143676046,,20
RPS10+ctrl,systema_pearson,-0.92522235453862134,,20
RPS10-NUDT3+ctrl,txpert_macro_pearson_delta,,constant_vector,5000
RPS10-NUDT3+ctrl,trishift_pearson_delta,0.33188784676286909,,20
RPS10-NUDT3+ctrl,systema_pearson,-0.95090373245852533,,20
RPS11+ctrl,txpert_macro_pearson_delta,,constant_vector,5000
RPS11+ctrl,trishift_pearson_delta,-0.80297437400583715,,20
RPS11+ctrl,systema_pearson,-0.89423014277957613,,20
RPS12+ctrl,txpert_macro_pearson_delta,,constant_vector,5000
RPS12+ctrl,trishift_pearson_delta,0.33625853819532237,,20
RPS12+ctrl,systema_pearson,-0.94432528205956112,,20
RPS16+ctrl,txpert_macro_pearson_delta,,constant_vector,5000
RPS16+ctrl,trishift_pearson_delta,-0.61905532873244151,,20
RPS16+ctrl,systema_pearson,-0.78343716962797838,,20
RPS18+ctrl,txpert_macro_pearson_delta,,constant_vector,5000
RPS18+ctrl,trishift_pearson_delta,0.043669290923004637,,19
RPS18+ctrl,systema_pearson,-0.94172717942276685,,19
RPS19+ctrl,txpert_macro_pearson_delta,,constant_vector,5000
RPS19+ctrl,trishift_pearson_delta,-0.16142147230622014,,19
RPS19+ctrl,systema_pearson,-0.93683795243915191,,19
RPS19BP1+ctrl,txpert_macro_pearson_delta,,constant_vector,5000
RPS19BP1+ctrl,trishift_pearson_delta,0.43947562994788264,,20
RPS19BP1+ctrl,systema_pearson,-0.79383318897430943,,20
RPS23+ctrl,txpert_macro_pearson_delta,,constant_vector,5000
RPS23+ctrl,trishift_pearson_delta,-0.25079196517117147,,20
RPS23+ctrl,systema_pearson,-0.97788700315542043,,20
RPS26+ctrl,txpert_macro_pearson_delta,,constant_vector,5000
RPS26+ctrl,trishift_pearson_delta,-0.18569954539256678,,20
RPS26+ctrl,systema_pearson,-0.9337844718991497,,20
RPS27A+ctrl,txpert_macro_pearson_delta,,constant_vector,5000
RPS27A+ctrl,trishift_pearson_delta,-0.64267164854957171,,20
RPS27A+ctrl,systema_pearson,-0.97722975795355993,,20
RPS28+ctrl,txpert_macro_pearson_delta,,constant_vector,5000
RPS28+ctrl,trishift_pearson_delta,-0.037540550685360399,,20
RPS28+ctrl,systema_pearson,-0.84077342583173842,,20
RRM2+ctrl,txpert_macro_pearson_delta,,constant_vector,5000
RRM2+ctrl,trishift_pearson_delta,0.055077684858369842,,20
RRM2+ctrl,systema_pearson,-0.91496968767263598,,20
RRP15+ctrl,txpert_macro_pearson_delta,,constant_vector,5000
RRP15+ctrl,trishift_pearson_delta,-0.56142153721076093,,20
RRP15+ctrl,systema_pearson,-0.94215406638862398,,20
RSL24D1+ctrl,txpert_macro_pearson_delta,,constant_vector,5000
RSL24D1+ctrl,trishift_pearson_delta,-0.030322587521666097,,20
RSL24D1+ctrl,systema_pearson,-0.9535472623893243,,20
RTTN+ctrl,txpert_macro_pearson_delta,,constant_vector,5000
RTTN+ctrl,trishift_pearson_delta,-0.25020159685103516,,20
RTTN+ctrl,systema_pearson,-0.39799979835360155,,20
SAMM50+ctrl,txpert_macro_pearson_delta,,constant_vector,5000
SAMM50+ctrl,trishift_pearson_delta,-0.20777863620484291,,20
SAMM50+ctrl,systema_pearson,-0.69371123878128438,,20
SASS6+ctrl,txpert_macro_pearson_delta,,constant_vector,5000
SASS6+ctrl,trishift_pearson_delta,-0.084890078425184604,,20
SASS6+ctrl,systema_pearson,-0.95514534653737326,,20
SCNM1+ctrl,txpert_macro_pearson_delta,,constant_vector,5000
SCNM1+ctrl,trishift_pearson_delta,-0.76733371392740302,,20
SCNM1+ctrl,systema_pearson,0.60650021231065754,,20
SDAD1+ctrl,txpert_macro_pearson_delta,,constant_vector,5000
SDAD1+ctrl,trishift_pearson_delta,0.60749516837422213,,20
SDAD1+ctrl,systema_pearson,-0.97301527525911147,,20
SDHC+ctrl,txpert_macro_pearson_delta,,constant_vector,5000
SDHC+ctrl,trishift_pearson_delta,-0.42262855032812596,,20
SDHC+ctrl,systema_pearson,-0.52091938507280977,,20
SEC63+ctrl,txpert_macro_pearson_delta,,constant_vector,5000
SEC63+ctrl,trishift_pearson_delta,0.097440525698687705,,20
SEC63+ctrl,systema_pearson,0.1022455912736447,,20
SEH1L+ctrl,txpert_macro_pearson_delta,,constant_vector,5000
SEH1L+ctrl,trishift_pearson_delta,-0.70879015974163695,,20
SEH1L+ctrl,systema_pearson,-0.853267107437779,,20
SENP6+ctrl,txpert_macro_pearson_delta,,constant_vector,5000
SENP6+ctrl,trishift_pearson_delta,0.23892259537458796,,20
SENP6+ctrl,systema_pearson,-0.71482948799750234,,20
SET+ctrl,txpert_macro_pearson_delta,,constant_vector,5000
SET+ctrl,trishift_pearson_delta,-0.090983731485742722,,20
SET+ctrl,systema_pearson,-0.29653473011219189,,20
SETD2+ctrl,txpert_macro_pearson_delta,,constant_vector,5000
SETD2+ctrl,trishift_pearson_delta,0.041031496204544431,,20
SETD2+ctrl,systema_pearson,0.45554813853840359,,20
SETD5+ctrl,txpert_macro_pearson_delta,,constant_vector,5000
SETD5+ctrl,trishift_pearson_delta,-0.52694340149645236,,20
SETD5+ctrl,systema_pearson,-0.47682871658784992,,20
SF3A2+ctrl,txpert_macro_pearson_delta,,constant_vector,5000
SF3A2+ctrl,trishift_pearson_delta,0.10745145894209727,,20
SF3A2+ctrl,systema_pearson,-0.684265148604843,,20
SF3A3+ctrl,txpert_macro_pearson_delta,,constant_vector,5000
SF3A3+ctrl,trishift_pearson_delta,0.12572456105300042,,20
SF3A3+ctrl,systema_pearson,-0.9353746354355873,,20
SF3B3+ctrl,txpert_macro_pearson_delta,,constant_vector,5000
SF3B3+ctrl,trishift_pearson_delta,-0.17816064470307125,,20
SF3B3+ctrl,systema_pearson,-0.88965244329006121,,20
SFSWAP+ctrl,txpert_macro_pearson_delta,,constant_vector,5000
SFSWAP+ctrl,trishift_pearson_delta,0.13454567804567424,,20
SFSWAP+ctrl,systema_pearson,-0.89321387309089717,,20
SGPP1+ctrl,txpert_macro_pearson_delta,,constant_vector,5000
SGPP1+ctrl,trishift_pearson_delta,0.66507823181495462,,20
SGPP1+ctrl,systema_pearson,0.88332400495549868,,20
SIN3A+ctrl,txpert_macro_pearson_delta,,constant_vector,5000
SIN3A+ctrl,trishift_pearson_delta,0.14273716489112698,,20
SIN3A+ctrl,systema_pearson,0.12578431062849316,,20
SKP2+ctrl,txpert_macro_pearson_delta,,constant_vector,5000
SKP2+ctrl,trishift_pearson_delta,-0.53295471661684102,,20
SKP2+ctrl,systema_pearson,-0.85438440082633704,,20
SLBP+ctrl,txpert_macro_pearson_delta,,constant_vector,5000
SLBP+ctrl,trishift_pearson_delta,-0.10923913512067272,,20
SLBP+ctrl,systema_pearson,-0.88121896784352827,,20
SLC39A9+ctrl,txpert_macro_pearson_delta,,constant_vector,5000
SLC39A9+ctrl,trishift_pearson_delta,-0.33466235255982479,,20
SLC39A9+ctrl,systema_pearson,-0.13464785410658747,,20
SLC4A5+ctrl,txpert_macro_pearson_delta,,constant_vector,5000
SLC4A5+ctrl,trishift_pearson_delta,0.40261200416341514,,20
SLC4A5+ctrl,systema_pearson,0.35901398675409513,,20
SLC9B1+ctrl,txpert_macro_pearson_delta,,constant_vector,5000
SLC9B1+ctrl,trishift_pearson_delta,-0.22640529143038954,,20
SLC9B1+ctrl,systema_pearson,-0.029916683406605554,,20
SLU7+ctrl,txpert_macro_pearson_delta,,constant_vector,5000
SLU7+ctrl,trishift_pearson_delta,0.0289591341765781,,20
SLU7+ctrl,systema_pearson,-0.8930128703182596,,20
SMARCE1+ctrl,txpert_macro_pearson_delta,,constant_vector,5000
SMARCE1+ctrl,trishift_pearson_delta,0.0067588976176811951,,20
SMARCE1+ctrl,systema_pearson,0.48263210716297528,,20
SMG5+ctrl,txpert_macro_pearson_delta,,constant_vector,5000
SMG5+ctrl,trishift_pearson_delta,-0.30186594314761001,,20
SMG5+ctrl,systema_pearson,-0.6355569326154894,,20
SMG8+ctrl,txpert_macro_pearson_delta,,constant_vector,5000
SMG8+ctrl,trishift_pearson_delta,0.4990568289725984,,20
SMG8+ctrl,systema_pearson,0.019761950798573943,,20
SMU1+ctrl,txpert_macro_pearson_delta,,constant_vector,5000
SMU1+ctrl,trishift_pearson_delta,0.41587905430768818,,20
SMU1+ctrl,systema_pearson,-0.94065138806957838,,20
SMUG1+ctrl,txpert_macro_pearson_delta,,constant_vector,5000
SMUG1+ctrl,trishift_pearson_delta,-0.83634878721773975,,20
SMUG1+ctrl,systema_pearson,-0.89385236350817321,,20
SNRNP25+ctrl,txpert_macro_pearson_delta,,constant_vector,5000
SNRNP25+ctrl,trishift_pearson_delta,-0.81150194830210931,,20
SNRNP25+ctrl,systema_pearson,-0.88012874302500266,,20
SNRNP27+ctrl,txpert_macro_pearson_delta,,constant_vector,5000
SNRNP27+ctrl,trishift_pearson_delta,-0.26782151967211265,,20
SNRNP27+ctrl,systema_pearson,-0.7596246638851476,,20
SNRNP40+ctrl,txpert_macro_pearson_delta,,constant_vector,5000
SNRNP40+ctrl,trishift_pearson_delta,0.081237214158847382,,20
SNRNP40+ctrl,systema_pearson,0.0089267533004312033,,20
SNRNP70+ctrl,txpert_macro_pearson_delta,,constant_vector,5000
SNRNP70+ctrl,trishift_pearson_delta,-0.17807163369502896,,20
SNRNP70+ctrl,systema_pearson,-0.83915788885488041,,20
SNRPD3+ctrl,txpert_macro_pearson_delta,,constant_vector,5000
SNRPD3+ctrl,trishift_pearson_delta,0.5931534913682972,,20
SNRPD3+ctrl,systema_pearson,-0.95321625076681638,,20
SOD1+ctrl,txpert_macro_pearson_delta,,constant_vector,5000
SOD1+ctrl,trishift_pearson_delta,-0.17415371994285833,,19
SOD1+ctrl,systema_pearson,-0.85213607546738068,,19
SPCS3+ctrl,txpert_macro_pearson_delta,,constant_vector,5000
SPCS3+ctrl,trishift_pearson_delta,0.042393919475484133,,20
SPCS3+ctrl,systema_pearson,0.64536667302206163,,20
SPDL1+ctrl,txpert_macro_pearson_delta,,constant_vector,5000
SPDL1+ctrl,trishift_pearson_delta,0.43259184454198607,,20
SPDL1+ctrl,systema_pearson,-0.8635729102239259,,20
SPTSSA+ctrl,txpert_macro_pearson_delta,,constant_vector,5000
SPTSSA+ctrl,trishift_pearson_delta,-0.70680057914846672,,20
SPTSSA+ctrl,systema_pearson,0.2059210370926628,,20
SRA1+ctrl,txpert_macro_pearson_delta,,constant_vector,5000
SRA1+ctrl,trishift_pearson_delta,-0.85002129707323948,,20
SRA1+ctrl,systema_pearson,0.32924633801315245,,20
SRBD1+ctrl,txpert_macro_pearson_delta,,constant_vector,5000
SRBD1+ctrl,trishift_pearson_delta,-0.082757817299678349,,20
SRBD1+ctrl,systema_pearson,-0.97382761798526485,,20
SRCAP+ctrl,txpert_macro_pearson_delta,,constant_vector,5000
SRCAP+ctrl,trishift_pearson_delta,-0.052765490426948544,,20
SRCAP+ctrl,systema_pearson,0.58339677044633853,,20
SRFBP1+ctrl,txpert_macro_pearson_delta,,constant_vector,5000
SRFBP1+ctrl,trishift_pearson_delta,-0.69662540200728762,,20
SRFBP1+ctrl,systema_pearson,-0.91944866549134241,,20
SRP19+ctrl,txpert_macro_pearson_delta,,constant_vector,5000
SRP19+ctrl,trishift_pearson_delta,-0.53191175727173767,,20
SRP19+ctrl,systema_pearson,-0.49818949688347819,,20
SRSF11+ctrl,txpert_macro_pearson_delta,,constant_vector,5000
SRSF11+ctrl,trishift_pearson_delta,-0.70363666369187527,,20
SRSF11+ctrl,systema_pearson,-0.56227570808138538,,20
SRSF3+ctrl,txpert_macro_pearson_delta,,constant_vector,5000
SRSF3+ctrl,trishift_pearson_delta,-0.16511177033923258,,19
SRSF3+ctrl,systema_pearson,-0.80725099750178564,,19
SRSF6+ctrl,txpert_macro_pearson_delta,,constant_vector,5000
SRSF6+ctrl,trishift_pearson_delta,-0.42039977994629002,,20
SRSF6+ctrl,systema_pearson,-0.29692002667501283,,20
STRIP1+ctrl,txpert_macro_pearson_delta,,constant_vector,5000
STRIP1+ctrl,trishift_pearson_delta,0.18149901718031616,,20
STRIP1+ctrl,systema_pearson,0.014008383095596795,,20
STT3B+ctrl,txpert_macro_pearson_delta,,constant_vector,5000
STT3B+ctrl,trishift_pearson_delta,0.29319379573632781,,20
STT3B+ctrl,systema_pearson,0.038934660170850136,,20
STX5+ctrl,txpert_macro_pearson_delta,,constant_vector,5000
STX5+ctrl,trishift_pearson_delta,0.74766739568607676,,20
STX5+ctrl,systema_pearson,-0.71675642559427455,,20
SUGP1+ctrl,txpert_macro_pearson_delta,,constant_vector,5000
SUGP1+ctrl,trishift_pearson_delta,0.0610766533438993,,20
SUGP1+ctrl,systema_pearson,-0.66264537641764421,,20
SUMO2+ctrl,txpert_macro_pearson_delta,,constant_vector,5000
SUMO2+ctrl,trishift_pearson_delta,-0.060488278809510417,,20
SUMO2+ctrl,systema_pearson,0.75099825931536379,,20
SUPT20H+ctrl,txpert_macro_pearson_delta,,constant_vector,5000
SUPT20H+ctrl,trishift_pearson_delta,0.074141729759279379,,20
SUPT20H+ctrl,systema_pearson,0.34928537860915876,,20
SYMPK+ctrl,txpert_macro_pearson_delta,,constant_vector,5000
SYMPK+ctrl,trishift_pearson_delta,-0.39225645704597056,,20
SYMPK+ctrl,systema_pearson,-0.93052284704622912,,20
SYNGR3+ctrl,txpert_macro_pearson_delta,,constant_vector,5000
SYNGR3+ctrl,trishift_pearson_delta,-0.01664669689961951,,20
SYNGR3+ctrl,systema_pearson,-0.76126959010107087,,20
TAF1+ctrl,txpert_macro_pearson_delta,,constant_vector,5000
TAF1+ctrl,trishift_pearson_delta,0.1130309673481962,,20
TAF1+ctrl,systema_pearson,0.25185965151746131,,20
TAF11+ctrl,txpert_macro_pearson_delta,,constant_vector,5000
TAF11+ctrl,trishift_pearson_delta,-0.33009014067142617,,20
TAF11+ctrl,systema_pearson,0.21417921444936136,,20
TAF1B+ctrl,txpert_macro_pearson_delta,,constant_vector,5000
TAF1B+ctrl,trishift_pearson_delta,-0.064889688021650849,,20
TAF1B+ctrl,systema_pearson,-0.8809284576807529,,20
TAMM41+ctrl,txpert_macro_pearson_delta,,constant_vector,5000
TAMM41+ctrl,trishift_pearson_delta,-0.083492574732631955,,20
TAMM41+ctrl,systema_pearson,-0.073308507969843173,,20
TBC1D28+ctrl,txpert_macro_pearson_delta,,constant_vector,5000
TBC1D28+ctrl,trishift_pearson_delta,0.44724394997699496,,20
TBC1D28+ctrl,systema_pearson,0.83233599511224121,,20
TBCB+ctrl,txpert_macro_pearson_delta,,constant_vector,5000
TBCB+ctrl,trishift_pearson_delta,0.21298450414103237,,20
TBCB+ctrl,systema_pearson,-0.94770748386973191,,20
TBP+ctrl,txpert_macro_pearson_delta,,constant_vector,5000
TBP+ctrl,trishift_pearson_delta,0.049885566931481794,,20
TBP+ctrl,systema_pearson,-0.13894233260443514,,20
TBRG4+ctrl,txpert_macro_pearson_delta,,constant_vector,5000
TBRG4+ctrl,trishift_pearson_delta,0.10794067534539507,,20
TBRG4+ctrl,systema_pearson,-0.6668394298066328,,20
TCERG1+ctrl,txpert_macro_pearson_delta,,constant_vector,5000
TCERG1+ctrl,trishift_pearson_delta,-0.29031952412113343,,20
TCERG1+ctrl,systema_pearson,-0.74463992381389099,,20
TELO2+ctrl,txpert_macro_pearson_delta,,constant_vector,5000
TELO2+ctrl,trishift_pearson_delta,-0.3715077119205018,,20
TELO2+ctrl,systema_pearson,-0.55892998023013085,,20
TFAP4+ctrl,txpert_macro_pearson_delta,,constant_vector,5000
TFAP4+ctrl,trishift_pearson_delta,0.81254363442119404,,20
TFAP4+ctrl,systema_pearson,-0.92062079689382792,,20
TFPT+ctrl,txpert_macro_pearson_delta,,constant_vector,5000
TFPT+ctrl,trishift_pearson_delta,-0.014428213457169294,,20
TFPT+ctrl,systema_pearson,-0.84362462092145007,,20
THAP1+ctrl,txpert_macro_pearson_delta,,constant_vector,5000
THAP1+ctrl,trishift_pearson_delta,0.57796165567245594,,20
THAP1+ctrl,systema_pearson,-0.90852966036897898,,20
THOC1+ctrl,txpert_macro_pearson_delta,,constant_vector,5000
THOC1+ctrl,trishift_pearson_delta,-0.16340573575542425,,20
THOC1+ctrl,systema_pearson,-0.28432572582194654,,20
THOC2+ctrl,txpert_macro_pearson_delta,,constant_vector,5000
THOC2+ctrl,trishift_pearson_delta,0.45614753243786899,,20
THOC2+ctrl,systema_pearson,0.30247097006215334,,20
THOC6+ctrl,txpert_macro_pearson_delta,,constant_vector,5000
THOC6+ctrl,trishift_pearson_delta,0.12060265111898789,,20
THOC6+ctrl,systema_pearson,0.052641435577094338,,20
TIMM22+ctrl,txpert_macro_pearson_delta,,constant_vector,5000
TIMM22+ctrl,trishift_pearson_delta,0.44280664833249461,,20
TIMM22+ctrl,systema_pearson,-0.96594181976491078,,20
TIMM23B+ctrl,txpert_macro_pearson_delta,,constant_vector,5000
TIMM23B+ctrl,trishift_pearson_delta,0.31981452727196841,,20
TIMM23B+ctrl,systema_pearson,-0.47242360313122117,,20
TIMM44+ctrl,txpert_macro_pearson_delta,,constant_vector,5000
TIMM44+ctrl,trishift_pearson_delta,0.16795471337810827,,20
TIMM44+ctrl,systema_pearson,-0.9596731871201587,,20
TINF2+ctrl,txpert_macro_pearson_delta,,constant_vector,5000
TINF2+ctrl,trishift_pearson_delta,0.66770120642463293,,20
TINF2+ctrl,systema_pearson,-0.91918317794693771,,20
TKT+ctrl,txpert_macro_pearson_delta,,constant_vector,5000
TKT+ctrl,trishift_pearson_delta,-0.26635483150951866,,19
TKT+ctrl,systema_pearson,0.57764355654189958,,19
TMEM127+ctrl,txpert_macro_pearson_delta,,constant_vector,5000
TMEM127+ctrl,trishift_pearson_delta,-0.32006835899342029,,20
TMEM127+ctrl,systema_pearson,-0.30328358466415328,,20
TMEM161B+ctrl,txpert_macro_pearson_delta,,constant_vector,5000
TMEM161B+ctrl,trishift_pearson_delta,-0.5350740502851008,,20
TMEM161B+ctrl,systema_pearson,-0.78794172941356688,,20
TMEM214+ctrl,txpert_macro_pearson_delta,,constant_vector,5000
TMEM214+ctrl,trishift_pearson_delta,0.4569894750133891,,20
TMEM214+ctrl,systema_pearson,-0.13950451928877283,,20
TMX2+ctrl,txpert_macro_pearson_delta,,constant_vector,5000
TMX2+ctrl,trishift_pearson_delta,-0.58099156329465773,,20
TMX2+ctrl,systema_pearson,-0.62257525724850016,,20
TNPO3+ctrl,txpert_macro_pearson_delta,,constant_vector,5000
TNPO3+ctrl,trishift_pearson_delta,0.11512458461404737,,20
TNPO3+ctrl,systema_pearson,-0.10933994861931542,,20
TOMM20+ctrl,txpert_macro_pearson_delta,,constant_vector,5000
TOMM20+ctrl,trishift_pearson_delta,0.24380033501706311,,20
TOMM20+ctrl,systema_pearson,-0.33175512293939635,,20
TOMM22+ctrl,txpert_macro_pearson_delta,,constant_vector,5000
TOMM22+ctrl,trishift_pearson_delta,-0.22441243391560817,,20
TOMM22+ctrl,systema_pearson,-0.57874707537440684,,20
TONSL+ctrl,txpert_macro_pearson_delta,,constant_vector,5000
TONSL+ctrl,trishift_pearson_delta,-0.14423240070130011,,20
TONSL+ctrl,systema_pearson,-0.85399738266476055,,20
TOX4+ctrl,txpert_macro_pearson_delta,,constant_vector,5000
TOX4+ctrl,trishift_pearson_delta,0.033445338133901797,,20
TOX4+ctrl,systema_pearson,0.37923146672381042,,20
TPP2+ctrl,txpert_macro_pearson_delta,,constant_vector,5000
TPP2+ctrl,trishift_pearson_delta,0.36695432820898433,,20
TPP2+ctrl,systema_pearson,-0.12663892700772103,,20
TRAPPC1+ctrl,txpert_macro_pearson_delta,,constant_vector,5000
TRAPPC1+ctrl,trishift_pearson_delta,-0.13887396052199749,,20
TRAPPC1+ctrl,systema_pearson,-0.70363264090845612,,20
TRAPPC8+ctrl,txpert_macro_pearson_delta,,constant_vector,5000
TRAPPC8+ctrl,trishift_pearson_delta,0.46425090128098101,,20
TRAPPC8+ctrl,systema_pearson,-0.044342422423556301,,20
TSEN34+ctrl,txpert_macro_pearson_delta,,constant_vector,5000
TSEN34+ctrl,trishift_pearson_delta,0.6124435875723111,,20
TSEN34+ctrl,systema_pearson,0.57343165023379938,,20
TSG101+ctrl,txpert_macro_pearson_delta,,constant_vector,5000
TSG101+ctrl,trishift_pearson_delta,-0.025245276585959733,,20
TSG101+ctrl,systema_pearson,-0.91565512281836936,,20
TSPYL5+ctrl,txpert_macro_pearson_delta,,constant_vector,5000
TSPYL5+ctrl,trishift_pearson_delta,0.11140054081756179,,20
TSPYL5+ctrl,systema_pearson,-0.86101401834854097,,20
TSSK3+ctrl,txpert_macro_pearson_delta,,constant_vector,5000
TSSK3+ctrl,trishift_pearson_delta,0.74137350197496044,,20
TSSK3+ctrl,systema_pearson,0.24077276347050688,,20
TTC4+ctrl,txpert_macro_pearson_delta,,constant_vector,5000
TTC4+ctrl,trishift_pearson_delta,0.34266068334335525,,20
TTC4+ctrl,systema_pearson,0.5096128916045749,,20
TUBB+ctrl,txpert_macro_pearson_delta,,constant_vector,5000
TUBB+ctrl,trishift_pearson_delta,0.58664321736299152,,19
TUBB+ctrl,systema_pearson,0.66469805581181651,,19
TUBGCP2+ctrl,txpert_macro_pearson_delta,,constant_vector,5000
TUBGCP2+ctrl,trishift_pearson_delta,0.65579393381396422,,20
TUBGCP2+ctrl,systema_pearson,-0.92846633556736602,,20
TUBGCP3+ctrl,txpert_macro_pearson_delta,,constant_vector,5000
TUBGCP3+ctrl,trishift_pearson_delta,0.20892494020367489,,20
TUBGCP3+ctrl,systema_pearson,-0.92489877289823796,,20
TWF1+ctrl,txpert_macro_pearson_delta,,constant_vector,5000
TWF1+ctrl,trishift_pearson_delta,0.1634663291862298,,20
TWF1+ctrl,systema_pearson,0.93202678294610675,,20
TWNK+ctrl,txpert_macro_pearson_delta,,constant_vector,5000
TWNK+ctrl,trishift_pearson_delta,0.5977457176146348,,20
TWNK+ctrl,systema_pearson,0.54360615747059637,,20
TWSG1+ctrl,txpert_macro_pearson_delta,,constant_vector,5000
TWSG1+ctrl,trishift_pearson_delta,-0.25201412332278766,,20
TWSG1+ctrl,systema_pearson,-0.90265398757731397,,20
TXNL4A+ctrl,txpert_macro_pearson_delta,,constant_vector,5000
TXNL4A+ctrl,trishift_pearson_delta,0.12638954688170115,,20
TXNL4A+ctrl,systema_pearson,-0.31722930681357375,,20
U2SURP+ctrl,txpert_macro_pearson_delta,,constant_vector,5000
U2SURP+ctrl,trishift_pearson_delta,0.51698329296397016,,20
U2SURP+ctrl,systema_pearson,-0.95014366639831427,,20
UBE2Z+ctrl,txpert_macro_pearson_delta,,constant_vector,5000
UBE2Z+ctrl,trishift_pearson_delta,0.36411052753369638,,20
UBE2Z+ctrl,systema_pearson,0.61487203028577453,,20
UBR5+ctrl,txpert_macro_pearson_delta,,constant_vector,5000
UBR5+ctrl,trishift_pearson_delta,-0.17495494060635228,,20
UBR5+ctrl,systema_pearson,0.074901712523654962,,20
UPF2+ctrl,txpert_macro_pearson_delta,,constant_vector,5000
UPF2+ctrl,trishift_pearson_delta,-0.038166214594213828,,20
UPF2+ctrl,systema_pearson,-0.6204675767614406,,20
UQCRC2+ctrl,txpert_macro_pearson_delta,,constant_vector,5000
UQCRC2+ctrl,trishift_pearson_delta,0.18460332180790084,,20
UQCRC2+ctrl,systema_pearson,0.40599839190550224,,20
UQCRQ+ctrl,txpert_macro_pearson_delta,,constant_vector,5000
UQCRQ+ctrl,trishift_pearson_delta,0.37344255644455393,,20
UQCRQ+ctrl,systema_pearson,-0.5389575900767275,,20
URB1+ctrl,txpert_macro_pearson_delta,,constant_vector,5000
URB1+ctrl,trishift_pearson_delta,0.68697963921616789,,20
URB1+ctrl,systema_pearson,-0.95952867120762986,,20
USP19+ctrl,txpert_macro_pearson_delta,,constant_vector,5000
USP19+ctrl,trishift_pearson_delta,-0.018251396801361223,,20
USP19+ctrl,systema_pearson,0.5584812798060137,,20
USP39+ctrl,txpert_macro_pearson_delta,,constant_vector,5000
USP39+ctrl,trishift_pearson_delta,-0.021466805490893595,,20
USP39+ctrl,systema_pearson,-0.63072838536892195,,20
USP5+ctrl,txpert_macro_pearson_delta,,constant_vector,5000
USP5+ctrl,trishift_pearson_delta,-0.6995376533171126,,20
USP5+ctrl,systema_pearson,-0.18475821294715392,,20
USP8+ctrl,txpert_macro_pearson_delta,,constant_vector,5000
USP8+ctrl,trishift_pearson_delta,0.10740307607762124,,20
USP8+ctrl,systema_pearson,-0.80873582226077967,,20
USPL1+ctrl,txpert_macro_pearson_delta,,constant_vector,5000
USPL1+ctrl,trishift_pearson_delta,0.12520636038302826,,20
USPL1+ctrl,systema_pearson,-0.64847384490620019,,20
UTP15+ctrl,txpert_macro_pearson_delta,,constant_vector,5000
UTP15+ctrl,trishift_pearson_delta,-0.28072991672376457,,20
UTP15+ctrl,systema_pearson,-0.98245660850844829,,20
UTP25+ctrl,txpert_macro_pearson_delta,,constant_vector,5000
UTP25+ctrl,trishift_pearson_delta,0.2253096264779974,,20
UTP25+ctrl,systema_pearson,-0.95899837284845724,,20
UTP6+ctrl,txpert_macro_pearson_delta,,constant_vector,5000
UTP6+ctrl,trishift_pearson_delta,0.5449851670406396,,20
UTP6+ctrl,systema_pearson,-0.82660961006416878,,20
VEZT+ctrl,txpert_macro_pearson_delta,,constant_vector,5000
VEZT+ctrl,trishift_pearson_delta,0.54381701540038108,,20
VEZT+ctrl,systema_pearson,0.42722232800658827,,20
VPS33A+ctrl,txpert_macro_pearson_delta,,constant_vector,5000
VPS33A+ctrl,trishift_pearson_delta,-0.2608630203848234,,20
VPS33A+ctrl,systema_pearson,-0.085809207200991736,,20
VPS37A+ctrl,txpert_macro_pearson_delta,,constant_vector,5000
VPS37A+ctrl,trishift_pearson_delta,-0.5335186775471864,,20
VPS37A+ctrl,systema_pearson,-0.24894915049378977,,20
VPS41+ctrl,txpert_macro_pearson_delta,,constant_vector,5000
VPS41+ctrl,trishift_pearson_delta,0.2891099184389076,,20
VPS41+ctrl,systema_pearson,0.17598660414920195,,20
WDR1+ctrl,txpert_macro_pearson_delta,,constant_vector,5000
WDR1+ctrl,trishift_pearson_delta,-0.13051802713042071,,20
WDR1+ctrl,systema_pearson,-0.80537726532863241,,20
WDR12+ctrl,txpert_macro_pearson_delta,,constant_vector,5000
WDR12+ctrl,trishift_pearson_delta,0.71527935617249172,,20
WDR12+ctrl,systema_pearson,-0.98811062433599617,,20
WDR18+ctrl,txpert_macro_pearson_delta,,constant_vector,5000
WDR18+ctrl,trishift_pearson_delta,0.15664310038870868,,20
WDR18+ctrl,systema_pearson,0.43531318629012256,,20
WDR24+ctrl,txpert_macro_pearson_delta,,constant_vector,5000
WDR24+ctrl,trishift_pearson_delta,-0.23575857795913979,,20
WDR24+ctrl,systema_pearson,-0.93163352301715407,,20
WDR25+ctrl,txpert_macro_pearson_delta,,constant_vector,5000
WDR25+ctrl,trishift_pearson_delta,-0.39698648694979177,,20
WDR25+ctrl,systema_pearson,-0.82511846161947766,,20
WDR36+ctrl,txpert_macro_pearson_delta,,constant_vector,5000
WDR36+ctrl,trishift_pearson_delta,0.29102527040646059,,20
WDR36+ctrl,systema_pearson,-0.94631212667256026,,20
WDR43+ctrl,txpert_macro_pearson_delta,,constant_vector,5000
WDR43+ctrl,trishift_pearson_delta,0.7578538722190834,,20
WDR43+ctrl,systema_pearson,-0.7881914902535393,,20
WDR46+ctrl,txpert_macro_pearson_delta,,constant_vector,5000
WDR46+ctrl,trishift_pearson_delta,0.57960181028043734,,20
WDR46+ctrl,systema_pearson,-0.87308611970796801,,20
WDR61+ctrl,txpert_macro_pearson_delta,,constant_vector,5000
WDR61+ctrl,trishift_pearson_delta,0.28221330563183611,,20
WDR61+ctrl,systema_pearson,-0.46245710457253136,,20
WDR7+ctrl,txpert_macro_pearson_delta,,constant_vector,5000
WDR7+ctrl,trishift_pearson_delta,-0.16129805702818412,,20
WDR7+ctrl,systema_pearson,-0.19743590319456283,,20
WDTC1+ctrl,txpert_macro_pearson_delta,,constant_vector,5000
WDTC1+ctrl,trishift_pearson_delta,0.19445323303519019,,20
WDTC1+ctrl,systema_pearson,-0.1240867661721452,,20
XPO1+ctrl,txpert_macro_pearson_delta,,constant_vector,5000
XPO1+ctrl,trishift_pearson_delta,0.21592052769073253,,20
XPO1+ctrl,systema_pearson,-0.94530549760752403,,20
XRCC3+ctrl,txpert_macro_pearson_delta,,constant_vector,5000
XRCC3+ctrl,trishift_pearson_delta,-0.4029852416940935,,20
XRCC3+ctrl,systema_pearson,-0.016241946652200929,,20
YBX1+ctrl,txpert_macro_pearson_delta,,constant_vector,5000
YBX1+ctrl,trishift_pearson_delta,0.51124867200598012,,20
YBX1+ctrl,systema_pearson,-0.48115147732527658,,20
YY1+ctrl,txpert_macro_pearson_delta,,constant_vector,5000
YY1+ctrl,trishift_pearson_delta,0.13437101857887698,,20
YY1+ctrl,systema_pearson,-0.49339611375430387,,20
ZBTB4+ctrl,txpert_macro_pearson_delta,,constant_vector,5000
ZBTB4+ctrl,trishift_pearson_delta,-0.14253459996019213,,20
ZBTB4+ctrl,systema_pearson,-0.74821836739511371,,20
ZDHHC7+ctrl,txpert_macro_pearson_delta,,constant_vector,5000
ZDHHC7+ctrl,trishift_pearson_delta,-0.30387255923042428,,20
ZDHHC7+ctrl,systema_pearson,0.22141179792259677,,20
ZNF131+ctrl,txpert_macro_pearson_delta,,constant_vector,5000
ZNF131+ctrl,trishift_pearson_delta,0.31097860495307883,,20
ZNF131+ctrl,systema_pearson,-0.90885322004280433,,20
ZNF24+ctrl,txpert_macro_pearson_delta,,constant_vector,5000
ZNF24+ctrl,trishift_pearson_delta,0.093047927346259759,,20
ZNF24+ctrl,systema_pearson,0.49878071687024811,,20
ZNF292+ctrl,txpert_macro_pearson_delta,,constant_vector,5000
ZNF292+ctrl,trishift_pearson_delta,0.34663680739013153,,20
ZNF292+ctrl,systema_pearson,-0.27530406856248291,,20
ZNF559+ctrl,txpert_macro_pearson_delta,,constant_vector,5000
ZNF559+ctrl,trishift_pearson_delta,-0.29861223911793811,,20
ZNF559+ctrl,systema_pearson,-0.74294401041685509,,20
ZNF574+ctrl,txpert_macro_pearson_delta,,constant_vector,5000
ZNF574+ctrl,trishift_pearson_delta,-0.77666068309402059,,20
ZNF574+ctrl,systema_pearson,0.36035360351992735,,20
ZNF676+ctrl,txpert_macro_pearson_delta,,constant_vector,5000
ZNF676+ctrl,trishift_pearson_delta,0.39997182824557315,,20
ZNF676+ctrl,systema_pearson,0.53096981922348085,,20
ZNF687+ctrl,txpert_macro_pearson_delta,,constant_vector,5000
ZNF687+ctrl,trishift_pearson_delta,-0.0065040806442548914,,20
ZNF687+ctrl,systema_pearson,0.054022591509866498,,20
ZNF706+ctrl,txpert_macro_pearson_delta,,constant_vector,5000
ZNF706+ctrl,trishift_pearson_delta,0.39131973762369149,,20
ZNF706+ctrl,systema_pearson,0.49155179844450642,,20
ZNF763+ctrl,txpert_macro_pearson_delta,,constant_vector,5000
ZNF763+ctrl,trishift_pearson_delta,0.41530739040737863,,20
ZNF763+ctrl,systema_pearson,0.17349150382200526,,20
ZNF84+ctrl,txpert_macro_pearson_delta,,constant_vector,5000
ZNF84+ctrl,trishift_pearson_delta,0.047512146094580654,,20
ZNF84+ctrl,systema_pearson,-0.77666522328010223,,20
ZNHIT6+ctrl,txpert_macro_pearson_delta,,constant_vector,5000
ZNHIT6+ctrl,trishift_pearson_delta,0.32328726894606985,,20
ZNHIT6+ctrl,systema_pearson,-0.95490163460071376,,20
ZRANB2+ctrl,txpert_macro_pearson_delta,,constant_vector,5000
ZRANB2+ctrl,trishift_pearson_delta,0.7657665702355515,,20
ZRANB2+ctrl,systema_pearson,0.86371149761336186,,20
ZW10+ctrl,txpert_macro_pearson_delta,,constant_vector,5000
ZW10+ctrl,trishift_pearson_delta,0.28510126403162955,,20
ZW10+ctrl,systema_pearson,-0.50933285842486575,,20
