condition_id,metric_id,value,reason,gene_count
AARS+ctrl,txpert_macro_pearson_delta,0.73465575794832072,,5000
AARS+ctrl,trishift_pearson_delta,0.92341885039888427,,20
AARS+ctrl,systema_pearson,-0.60547911200413873,,20
AASDHPPT+ctrl,txpert_macro_pearson_delta,0.058741248865393815,,5000
AASDHPPT+ctrl,trishift_pearson_delta,0.056560275248783778,,20
AASDHPPT+ctrl,systema_pearson,-0.088761469578780311,,20
ABHD17A+ctrl,txpert_macro_pearson_delta,-0.010558798675064986,,5000
ABHD17A+ctrl,trishift_pearson_delta,0.47508899875439309,,20
ABHD17A+ctrl,systema_pearson,0.3444890465117838,,20
ACTR10+ctrl,txpert_macro_pearson_delta,0.22438181670639895,,5000
ACTR10+ctrl,trishift_pearson_delta,0.69974739398410701,,20
ACTR10+ctrl,systema_pearson,-0.36385834740166706,,20
ADAT3+ctrl,txpert_macro_pearson_delta,-0.21273412727162455,,5000
ADAT3+ctrl,trishift_pearson_delta,-0.31505921421834071,,20
ADAT3+ctrl,systema_pearson,0.45276909264000265,,20
AGBL5+ctrl,txpert_macro_pearson_delta,0.22959860448139702,,5000
AGBL5+ctrl,trishift_pearson_delta,0.095079438224487833,,20
AGBL5+ctrl,systema_pearson,0.0170367110164132,,20
AKIRIN2+ctrl,txpert_macro_pearson_delta,0.36561879850080947,,5000
AKIRIN2+ctrl,trishift_pearson_delta,0.49911144120029882,,20
AKIRIN2+ctrl,systema_pearson,-0.1074464333669687,,20
ALDOA+ctrl,txpert_macro_pearson_delta,0.55312953257941722,,5000
ALDOA+ctrl,trishift_pearson_delta,0.66611351736300217,,20
ALDOA+ctrl,systema_pearson,-0.60648116423845078,,20
ALG14+ctrl,txpert_macro_pearson_delta,0.17045211169707231,,5000
ALG14+ctrl,trishift_pearson_delta,-0.69492835716486612,,20
ALG14+ctrl,systema_pearson,-0.48637825522155076,,20
ALYREF+ctrl,txpert_macro_pearson_delta,0.33291349994082559,,5000
ALYREF+ctrl,trishift_pearson_delta,-0.090007801576317228,,20
ALYREF+ctrl,systema_pearson,-0.19057518636433268,,20
ANAPC11+ctrl,txpert_macro_pearson_delta,0.39174724035492592,,5000
ANAPC11+ctrl,trishift_pearson_delta,0.67993697218680815,,20
ANAPC11+ctrl,systema_pearson,-0.13401340077588936,,20
ANAPC15+ctrl,txpert_macro_pearson_delta,0.259573757279211,,5000
ANAPC15+ctrl,trishift_pearson_delta,0.68515491181564048,,20
ANAPC15+ctrl,systema_pearson,-0.055761310375636274,,20
ANAPC4+ctrl,txpert_macro_pearson_delta,0.083773297981891745,,5000
ANAPC4+ctrl,trishift_pearson_delta,-0.39210456938622029,,20
ANAPC4+ctrl,systema_pearson,-0.33561996997200855,,20
ANKLE2+ctrl,txpert_macro_pearson_delta,0.31800747836611609,,5000
ANKLE2+ctrl,trishift_pearson_delta,-0.65977332035328007,,20
ANKLE2+ctrl,systema_pearson,-0.48714781338535867,,20
ANKRD11+ctrl,txpert_macro_pearson_delta,-0.03967897563975744,,5000
ANKRD11+ctrl,trishift_pearson_delta,0.40764096284378504,,19
ANKRD11+ctrl,systema_pearson,-0.22003265970368766,,19
ANKS6+ctrl,txpert_macro_pearson_delta,-0.068112499225309014,,5000
ANKS6+ctrl,trishift_pearson_delta,-0.25220795419175746,,20
ANKS6+ctrl,systema_pearson,0.60801672241595639,,20
AP2A1+ctrl,txpert_macro_pearson_delta,0.56716457985574331,,5000
AP2A1+ctrl,trishift_pearson_delta,0.80177799066815025,,20
AP2A1+ctrl,systema_pearson,0.17856618937564436,,20
ARHGAP6+ctrl,txpert_macro_pearson_delta,0.25675502210902451,,5000
ARHGAP6+ctrl,trishift_pearson_delta,0.55688864409910843,,20
ARHGAP6+ctrl,systema_pearson,-0.14338956570705141,,20
ARL4D+ctrl,txpert_macro_pearson_delta,-0.22186702710905032,,5000
ARL4D+ctrl,trishift_pearson_delta,0.13039384909295504,,20
ARL4D+ctrl,systema_pearson,0.20379847670857204,,20
ARPC1B+ctrl,txpert_macro_pearson_delta,0.31089824034616803,,5000
ARPC1B+ctrl,trishift_pearson_delta,-0.30519429636173012,,20
ARPC1B+ctrl,systema_pearson,0.094854076083342898,,20
ARRB2+ctrl,txpert_macro_pearson_delta,0.13160796481761114,,5000
ARRB2+ctrl,trishift_pearson_delta,0.31955127606378303,,20
ARRB2+ctrl,systema_pearson,0.12767615149381117,,20
ATF5+ctrl,txpert_macro_pearson_delta,0.1698071706239235,,5000
ATF5+ctrl,trishift_pearson_delta,-0.38481184167663979,,20
ATF5+ctrl,systema_pearson,0.038067075307087798,,20
ATL2+ctrl,txpert_macro_pearson_delta,0.53940242664034277,,5000
ATL2+ctrl,trishift_pearson_delta,0.94194931023597162,,20
ATL2+ctrl,systema_pearson,-0.12113012464472453,,20
ATP5PD+ctrl,txpert_macro_pearson_delta,0.40246193721404627,,5000
ATP5PD+ctrl,trishift_pearson_delta,0.74088554293299891,,20
ATP5PD+ctrl,systema_pearson,-0.036657909347623557,,20
ATP6V1C1+ctrl,txpert_macro_pearson_delta,0.18352184193477755,,5000
ATP6V1C1+ctrl,trishift_pearson_delta,0.63965362284038529,,20
ATP6V1C1+ctrl,systema_pearson,0.772195269064197,,20
ATP6V1G1+ctrl,txpert_macro_pearson_delta,0.36071273793547359,,5000
ATP6V1G1+ctrl,trishift_pearson_delta,0.48570601516117279,,20
ATP6V1G1+ctrl,systema_pearson,0.11956111381364799,,20
AURKAIP1+ctrl,txpert_macro_pearson_delta,0.5692014857668698,,5000
AURKAIP1+ctrl,trishift_pearson_delta,0.14237164635222016,,20
AURKAIP1+ctrl,systema_pearson,0.086737254857769799,,20
BDP1+ctrl,txpert_macro_pearson_delta,0.6384154699123854,,5000
BDP1+ctrl,trishift_pearson_delta,0.70376571409363475,,20
BDP1+ctrl,systema_pearson,-0.57712825011057556,,20
BOP1+ctrl,txpert_macro_pearson_delta,0.49621924268636441,,5000
BOP1+ctrl,trishift_pearson_delta,0.7628508001440284,,20
BOP1+ctrl,systema_pearson,-0.32086877678563336,,20
BRCA2+ctrl,txpert_macro_pearson_delta,0.52881032974083775,,5000
BRCA2+ctrl,trishift_pearson_delta,0.52933972296142306,,20
BRCA2+ctrl,systema_pearson,-0.2392039380425838,,20
BRF1+ctrl,txpert_macro_pearson_delta,0.59185847410541148,,5000
BRF1+ctrl,trishift_pearson_delta,0.67281425462181388,,20
BRF1+ctrl,systema_pearson,-0.71757568087505808,,20
BRIP1+ctrl,txpert_macro_pearson_delta,0.19045354813486462,,5000
BRIP1+ctrl,trishift_pearson_delta,0.52193057887202676,,20
BRIP1+ctrl,systema_pearson,-0.2249310171910236,,20
BTF3+ctrl,txpert_macro_pearson_delta,0.47564132215609922,,5000
BTF3+ctrl,trishift_pearson_delta,0.54527455407911385,,20
BTF3+ctrl,systema_pearson,-0.3035247806877891,,20
BTF3L4+ctrl,txpert_macro_pearson_delta,-0.019067364579104438,,5000
BTF3L4+ctrl,trishift_pearson_delta,-0.097556888506601339,,20
BTF3L4+ctrl,systema_pearson,0.40491848238269584,,20
BUB1+ctrl,txpert_macro_pearson_delta,0.55047083525065121,,5000
BUB1+ctrl,trishift_pearson_delta,0.44508421776000651,,20
BUB1+ctrl,systema_pearson,0.074206239729248238,,20
BUB1B+ctrl,txpert_macro_pearson_delta,0.67206842924218757,,5000
BUB1B+ctrl,trishift_pearson_delta,0.73516891394993988,,20
BUB1B+ctrl,systema_pearson,-0.6913371970197737,,20
BUB3+ctrl,txpert_macro_pearson_delta,0.51473682492692985,,5000
BUB3+ctrl,trishift_pearson_delta,0.397795581714526,,20
BUB3+ctrl,systema_pearson,-0.29066292975148311,,20
BUD13+ctrl,txpert_macro_pearson_delta,0.52013007919877796,,5000
BUD13+ctrl,trishift_pearson_delta,0.95617244534019097,,20
BUD13+ctrl,systema_pearson,-0.27107229490889267,,20
BYSL+ctrl,txpert_macro_pearson_delta,0.55264379223943594,,5000
BYSL+ctrl,trishift_pearson_delta,0.43878739859958649,,20
BYSL+ctrl,systema_pearson,-0.092521954833135703,,20
C6orf15+ctrl,txpert_macro_pearson_delta,-0.16046067897060731,,5000
C6orf15+ctrl,trishift_pearson_delta,0.44485937611801191,,20
C6orf15+ctrl,systema_pearson,0.38283902278167459,,20
C7orf26+ctrl,txpert_macro_pearson_delta,0.11841203071167969,,5000
C7orf26+ctrl,trishift_pearson_delta,0.11682229811820358,,20
C7orf26+ctrl,systema_pearson,-0.30494706723873699,,20
CABIN1+ctrl,txpert_macro_pearson_delta,0.22273519017996762,,5000
CABIN1+ctrl,trishift_pearson_delta,-0.47472267821889857,,20
CABIN1+ctrl,systema_pearson,-0.36382187088386936,,20
CACTIN+ctrl,txpert_macro_pearson_delta,0.57428979913096923,,5000
CACTIN+ctrl,trishift_pearson_delta,0.88902029590301679,,20
CACTIN+ctrl,systema_pearson,-0.25464428417416368,,20
CAMLG+ctrl,txpert_macro_pearson_delta,0.27618672884537443,,5000
CAMLG+ctrl,trishift_pearson_delta,0.8526738565561861,,20
CAMLG+ctrl,systema_pearson,-0.54554286642933758,,20
CBX1+ctrl,txpert_macro_pearson_delta,0.038661280545796615,,5000
CBX1+ctrl,trishift_pearson_delta,0.19635242272076653,,20
CBX1+ctrl,systema_pearson,0.22398040688865339,,20
CCDC115+ctrl,txpert_macro_pearson_delta,0.45766136045087458,,5000
CCDC115+ctrl,trishift_pearson_delta,0.57495189850018946,,20
CCDC115+ctrl,systema_pearson,0.014303080149007214,,20
CCDC144NL+ctrl,txpert_macro_pearson_delta,0.017541414503731412,,5000
CCDC144NL+ctrl,trishift_pearson_delta,-0.39688782406049494,,20
CCDC144NL+ctrl,systema_pearson,-0.23863082855253112,,20
CCNQ+ctrl,txpert_macro_pearson_delta,0.17744314975805128,,5000
CCNQ+ctrl,trishift_pearson_delta,0.48067124535515687,,20
CCNQ+ctrl,systema_pearson,0.26016025446022117,,20
CCP110+ctrl,txpert_macro_pearson_delta,-0.12475493571697734,,5000
CCP110+ctrl,trishift_pearson_delta,-0.084103192118541045,,20
CCP110+ctrl,systema_pearson,-0.068180319207993598,,20
CCT2+ctrl,txpert_macro_pearson_delta,0.49552043787299843,,5000
CCT2+ctrl,trishift_pearson_delta,0.86680184953771244,,20
CCT2+ctrl,systema_pearson,-0.35811075391380243,,20
CDC42+ctrl,txpert_macro_pearson_delta,0.41985702162181393,,5000
CDC42+ctrl,trishift_pearson_delta,0.57675265066514847,,20
CDC42+ctrl,systema_pearson,-0.030994080816293564,,20
CDC7+ctrl,txpert_macro_pearson_delta,0.24510697518568328,,5000
CDC7+ctrl,trishift_pearson_delta,0.71568166216526219,,20
CDC7+ctrl,systema_pearson,0.03635677945362574,,20
CDK1+ctrl,txpert_macro_pearson_delta,0.4827266909780355,,5000
CDK1+ctrl,trishift_pearson_delta,0.29528445242932599,,20
CDK1+ctrl,systema_pearson,-0.44325945915839693,,20
CDK9+ctrl,txpert_macro_pearson_delta,0.18153999239993446,,5000
CDK9+ctrl,trishift_pearson_delta,-0.37965215097061827,,20
CDK9+ctrl,systema_pearson,-0.58214493736734529,,20
CEBPZ+ctrl,txpert_macro_pearson_delta,0.57957008616621675,,5000
CEBPZ+ctrl,trishift_pearson_delta,0.80423859454720681,,20
CEBPZ+ctrl,systema_pearson,-0.45394848200512045,,20
CENPA+ctrl,txpert_macro_pearson_delta,0.1392762555618863,,5000
CENPA+ctrl,trishift_pearson_delta,0.19491755590182405,,20
CENPA+ctrl,systema_pearson,0.11640324651895025,,20
CENPC+ctrl,txpert_macro_pearson_delta,0.48824502693884636,,5000
CENPC+ctrl,trishift_pearson_delta,-0.41193173850793596,,20
CENPC+ctrl,systema_pearson,-0.51975101965198822,,20
CENPJ+ctrl,txpert_macro_pearson_delta,0.46477449884195504,,5000
CENPJ+ctrl,trishift_pearson_delta,0.52588987883218219,,20
CENPJ+ctrl,systema_pearson,-0.11873680948760902,,20
CENPK+ctrl,txpert_macro_pearson_delta,0.46906818716898496,,5000
CENPK+ctrl,trishift_pearson_delta,0.77021507697281755,,20
CENPK+ctrl,systema_pearson,-0.34196279261128382,,20
CENPW+ctrl,txpert_macro_pearson_delta,0.46310352697475726,,5000
CENPW+ctrl,trishift_pearson_delta,0.65985456169062806,,20
CENPW+ctrl,systema_pearson,-0.02276295678641501,,20
CEP192+ctrl,txpert_macro_pearson_delta,0.018775461766751204,,5000
CEP192+ctrl,trishift_pearson_delta,-0.01295777250335833,,20
CEP192+ctrl,systema_pearson,0.36871846423580945,,20
CEP85+ctrl,txpert_macro_pearson_delta,0.27998965997284569,,5000
CEP85+ctrl,trishift_pearson_delta,-0.52847964044376883,,20
CEP85+ctrl,systema_pearson,-0.15650694543155358,,20
CHCHD2+ctrl,txpert_macro_pearson_delta,-0.11162053905242508,,5000
CHCHD2+ctrl,trishift_pearson_delta,-0.39109264070887206,,20
CHCHD2+ctrl,systema_pearson,-0.30830881338335808,,20
CHCHD3+ctrl,txpert_macro_pearson_delta,-0.13623614671319789,,5000
CHCHD3+ctrl,trishift_pearson_delta,-0.92932658174618921,,20
CHCHD3+ctrl,systema_pearson,0.28571256959968022,,20
CHEK1+ctrl,txpert_macro_pearson_delta,0.2455534355910593,,5000
CHEK1+ctrl,trishift_pearson_delta,-0.070371431669739984,,20
CHEK1+ctrl,systema_pearson,0.16297132180203983,,20
CHMP3+ctrl,txpert_macro_pearson_delta,0.33829955192360611,,5000
CHMP3+ctrl,trishift_pearson_delta,0.4678703722932156,,20
CHMP3+ctrl,systema_pearson,-0.53740029805676126,,20
CHMP4B+ctrl,txpert_macro_pearson_delta,0.28783688522115347,,5000
CHMP4B+ctrl,trishift_pearson_delta,0.37563317358995874,,20
CHMP4B+ctrl,systema_pearson,0.45404473663432182,,20
CHTF8+ctrl,txpert_macro_pearson_delta,0.36434683897015285,,5000
CHTF8+ctrl,trishift_pearson_delta,0.57545256156329405,,20
CHTF8+ctrl,systema_pearson,1.7800898510758982e-05,,20
CIAO1+ctrl,txpert_macro_pearson_delta,-0.090109970107819376,,5000
CIAO1+ctrl,trishift_pearson_delta,0.33168621004063226,,20
CIAO1+ctrl,systema_pearson,-0.0020051793419257704,,20
CLSPN+ctrl,txpert_macro_pearson_delta,0.036988163916275907,,5000
CLSPN+ctrl,trishift_pearson_delta,-0.50412177525546364,,20
CLSPN+ctrl,systema_pearson,0.39846168662549103,,20
CNIH4+ctrl,txpert_macro_pearson_delta,-0.098704280648834075,,5000
CNIH4+ctrl,trishift_pearson_delta,-0.021823639913909832,,20
CNIH4+ctrl,systema_pearson,-0.10159226131897665,,20
CNOT10+ctrl,txpert_macro_pearson_delta,0.27904593136877059,,5000
CNOT10+ctrl,trishift_pearson_delta,0.36353451937918191,,20
CNOT10+ctrl,systema_pearson,0.10194737242191922,,20
CNOT2+ctrl,txpert_macro_pearson_delta,0.32741776870668937,,5000
CNOT2+ctrl,trishift_pearson_delta,0.70779892055266747,,20
CNOT2+ctrl,systema_pearson,0.11724859421084473,,20
COG4+ctrl,txpert_macro_pearson_delta,0.36031589793215979,,5000
COG4+ctrl,trishift_pearson_delta,0.62509610955475126,,20
COG4+ctrl,systema_pearson,-0.3465096475215777,,20
COPB2+ctrl,txpert_macro_pearson_delta,0.11520319543941732,,5000
COPB2+ctrl,trishift_pearson_delta,0.69515334433552478,,20
COPB2+ctrl,systema_pearson,0.83089049403196891,,20
COPS5+ctrl,txpert_macro_pearson_delta,0.43469331713865361,,5000
COPS5+ctrl,trishift_pearson_delta,0.87768154243630214,,20
COPS5+ctrl,systema_pearson,-0.53880289042755325,,20
COQ2+ctrl,txpert_macro_pearson_delta,0.50083582534998738,,5000
COQ2+ctrl,trishift_pearson_delta,0.20237881685760478,,20
COQ2+ctrl,systema_pearson,-0.63393624486780031,,20
COQ5+ctrl,txpert_macro_pearson_delta,0.25646092624008754,,5000
COQ5+ctrl,trishift_pearson_delta,-0.67347654039315297,,20
COQ5+ctrl,systema_pearson,-0.54048622552864456,,20
COX15+ctrl,txpert_macro_pearson_delta,0.35144821335653825,,5000
COX15+ctrl,trishift_pearson_delta,0.73894764029461468,,20
COX15+ctrl,systema_pearson,0.31773592552339619,,20
COX5B+ctrl,txpert_macro_pearson_delta,0.3725289846295296,,5000
COX5B+ctrl,trishift_pearson_delta,0.47024459536426838,,20
COX5B+ctrl,systema_pearson,-0.55211826241097872,,20
CPNE1+ctrl,txpert_macro_pearson_delta,0.49809262146802874,,5000
CPNE1+ctrl,trishift_pearson_delta,0.57924029879192196,,20
CPNE1+ctrl,systema_pearson,-0.80826029183239778,,20
CPOX+ctrl,txpert_macro_pearson_delta,-0.12429951603502089,,5000
CPOX+ctrl,trishift_pearson_delta,-0.30317212719693637,,20
CPOX+ctrl,systema_pearson,-0.31371505286980228,,20
CRKL+ctrl,txpert_macro_pearson_delta,0.053226897894152553,,5000
CRKL+ctrl,trishift_pearson_delta,0.052499183269330348,,20
CRKL+ctrl,systema_pearson,0.085510831395193027,,20
CRNKL1+ctrl,txpert_macro_pearson_delta,0.26583614303074538,,5000
CRNKL1+ctrl,trishift_pearson_delta,-0.0211257833554052,,20
CRNKL1+ctrl,systema_pearson,0.07788138955975514,,20
CT45A5+ctrl,txpert_macro_pearson_delta,0.20293102755879353,,5000
CT45A5+ctrl,trishift_pearson_delta,-0.38109825114533313,,20
CT45A5+ctrl,systema_pearson,-0.24508218305137322,,20
CTCF+ctrl,txpert_macro_pearson_delta,0.49099045739896002,,5000
CTCF+ctrl,trishift_pearson_delta,0.1192233584872972,,20
CTCF+ctrl,systema_pearson,-0.26417061022529931,,20
CTU2+ctrl,txpert_macro_pearson_delta,0.3060886163927477,,5000
CTU2+ctrl,trishift_pearson_delta,0.71297782866706017,,20
CTU2+ctrl,systema_pearson,0.46368432006814914,,20
CWC22+ctrl,txpert_macro_pearson_delta,0.45992921416280902,,5000
CWC22+ctrl,trishift_pearson_delta,0.79535438607772391,,20
CWC22+ctrl,systema_pearson,-0.12990821870705385,,20
CWC25+ctrl,txpert_macro_pearson_delta,0.006567624698239829,,5000
CWC25+ctrl,trishift_pearson_delta,0.10208349207800269,,20
CWC25+ctrl,systema_pearson,-0.62281386890438029,,20
CWF19L2+ctrl,txpert_macro_pearson_delta,0.45257972637350274,,5000
CWF19L2+ctrl,trishift_pearson_delta,0.55538022137856491,,20
CWF19L2+ctrl,systema_pearson,-0.73458125158891552,,20
CYC1+ctrl,txpert_macro_pearson_delta,0.20377184445261579,,5000
CYC1+ctrl,trishift_pearson_delta,-0.36789885508370063,,20
CYC1+ctrl,systema_pearson,0.49950656870655064,,20
CYP4F11+ctrl,txpert_macro_pearson_delta,0.028534419156844657,,5000
CYP4F11+ctrl,trishift_pearson_delta,0.011036842104457781,,20
CYP4F11+ctrl,systema_pearson,-0.047283384503012033,,20
DAP3+ctrl,txpert_macro_pearson_delta,0.36720356760492928,,5000
DAP3+ctrl,trishift_pearson_delta,0.3991849899970919,,20
DAP3+ctrl,systema_pearson,0.078784597604965367,,20
DARS+ctrl,txpert_macro_pearson_delta,0.61610273319336495,,5000
DARS+ctrl,trishift_pearson_delta,0.37610317435360802,,20
DARS+ctrl,systema_pearson,0.71685794814975345,,20
DBF4+ctrl,txpert_macro_pearson_delta,-0.096763829343366428,,5000
DBF4+ctrl,trishift_pearson_delta,0.039688693584626962,,20
DBF4+ctrl,systema_pearson,0.2916179567230488,,20
DCAF6+ctrl,txpert_macro_pearson_delta,-0.10570690884026607,,5000
DCAF6+ctrl,trishift_pearson_delta,-0.12216481693402918,,20
DCAF6+ctrl,systema_pearson,-0.41452101442974648,,20
DCTN2+ctrl,txpert_macro_pearson_delta,0.23808809695063979,,5000
DCTN2+ctrl,trishift_pearson_delta,0.72035681760280834,,20
DCTN2+ctrl,systema_pearson,-0.050443291483030568,,20
DDB1+ctrl,txpert_macro_pearson_delta,0.4507864455958373,,5000
DDB1+ctrl,trishift_pearson_delta,0.88172270071583247,,20
DDB1+ctrl,systema_pearson,-0.71020256868983211,,20
DDX11+ctrl,txpert_macro_pearson_delta,0.21358713821733472,,5000
DDX11+ctrl,trishift_pearson_delta,0.29149180844443473,,20
DDX11+ctrl,systema_pearson,-0.42575806434002339,,20
DDX19B+ctrl,txpert_macro_pearson_delta,0.12812199273777819,,5000
DDX19B+ctrl,trishift_pearson_delta,0.072619586877961231,,20
DDX19B+ctrl,systema_pearson,0.056004412737420996,,20
DDX27+ctrl,txpert_macro_pearson_delta,0.47852593182343539,,5000
DDX27+ctrl,trishift_pearson_delta,0.59334691149035212,,20
DDX27+ctrl,systema_pearson,-0.68838512594771251,,20
DDX3X+ctrl,txpert_macro_pearson_delta,-0.057542308678429049,,5000
DDX3X+ctrl,trishift_pearson_delta,-0.14846734170614045,,20
DDX3X+ctrl,systema_pearson,0.67309198038588658,,20
DDX42+ctrl,txpert_macro_pearson_delta,0.01427905286711152,,5000
DDX42+ctrl,trishift_pearson_delta,0.11102293171610812,,20
DDX42+ctrl,systema_pearson,0.31865819592005251,,20
DDX47+ctrl,txpert_macro_pearson_delta,0.74319613061819667,,5000
DDX47+ctrl,trishift_pearson_delta,0.79151381043123104,,20
DDX47+ctrl,systema_pearson,-0.23754114980442764,,20
DDX51+ctrl,txpert_macro_pearson_delta,0.47296763954970533,,5000
DDX51+ctrl,trishift_pearson_delta,0.5647193098346085,,20
DDX51+ctrl,systema_pearson,0.32909957391713668,,20
DDX52+ctrl,txpert_macro_pearson_delta,0.59090454433438677,,5000
DDX52+ctrl,trishift_pearson_delta,0.22941298041517472,,20
DDX52+ctrl,systema_pearson,0.46552142599155044,,20
DDX59+ctrl,txpert_macro_pearson_delta,0.27100012511740512,,5000
DDX59+ctrl,trishift_pearson_delta,0.50646394419385954,,20
DDX59+ctrl,systema_pearson,0.16438444828876073,,20
DGCR8+ctrl,txpert_macro_pearson_delta,0.45224165490955687,,5000
DGCR8+ctrl,trishift_pearson_delta,0.39176124094911902,,20
DGCR8+ctrl,systema_pearson,-0.1548312537786658,,20
DHFR+ctrl,txpert_macro_pearson_delta,-0.080014397471274798,,5000
DHFR+ctrl,trishift_pearson_delta,-0.26372738000101104,,20
DHFR+ctrl,systema_pearson,-0.2353482096322799,,20
DHODH+ctrl,txpert_macro_pearson_delta,0.24816144419594338,,5000
DHODH+ctrl,trishift_pearson_delta,0.33480232841126667,,20
DHODH+ctrl,systema_pearson,-0.23160832954138105,,20
DHX16+ctrl,txpert_macro_pearson_delta,0.53552771656456988,,5000
DHX16+ctrl,trishift_pearson_delta,0.72012898858626473,,20
DHX16+ctrl,systema_pearson,-0.6252913156568094,,20
DHX30+ctrl,txpert_macro_pearson_delta,0.14394081517382862,,5000
DHX30+ctrl,trishift_pearson_delta,-0.19374410113872736,,20
DHX30+ctrl,systema_pearson,-0.075167908147922818,,20
DNAJA1+ctrl,txpert_macro_pearson_delta,0.045604728790309509,,5000
DNAJA1+ctrl,trishift_pearson_delta,-0.56056605023817807,,19
DNAJA1+ctrl,systema_pearson,0.50775955470256473,,19
DNAJC17+ctrl,txpert_macro_pearson_delta,0.41479303363944386,,5000
DNAJC17+ctrl,trishift_pearson_delta,0.60541692067913788,,20
DNAJC17+ctrl,systema_pearson,-0.41438100954755436,,20
DNAJC19+ctrl,txpert_macro_pearson_delta,0.16513684578479779,,5000
DNAJC19+ctrl,trishift_pearson_delta,0.64790038451944132,,20
DNAJC19+ctrl,systema_pearson,-0.22165411616337616,,20
DNLZ+ctrl,txpert_macro_pearson_delta,0.13188434797737641,,5000
DNLZ+ctrl,trishift_pearson_delta,0.58865368085064218,,20
DNLZ+ctrl,systema_pearson,0.31659810568441249,,20
DNM1+ctrl,txpert_macro_pearson_delta,-0.17730071195892161,,5000
DNM1+ctrl,trishift_pearson_delta,0.060113082827039033,,20
DNM1+ctrl,systema_pearson,0.020507442955535193,,20
DNM2+ctrl,txpert_macro_pearson_delta,0.38133251193417561,,5000
DNM2+ctrl,trishift_pearson_delta,0.88501225155745866,,20
DNM2+ctrl,systema_pearson,0.67079178893266034,,20
DNTTIP2+ctrl,txpert_macro_pearson_delta,0.62845948524874651,,5000
DNTTIP2+ctrl,trishift_pearson_delta,0.64361126575738647,,20
DNTTIP2+ctrl,systema_pearson,-0.37525674791368152,,20
DOHH+ctrl,txpert_macro_pearson_delta,0.071345013449196623,,5000
DOHH+ctrl,trishift_pearson_delta,-0.52622819231939411,,20
DOHH+ctrl,systema_pearson,-0.23132273262976261,,20
DPAGT1+ctrl,txpert_macro_pearson_delta,0.047028593254732423,,5000
DPAGT1+ctrl,trishift_pearson_delta,-0.67477954382597571,,20
DPAGT1+ctrl,systema_pearson,0.059459516195491315,,20
DPH2+ctrl,txpert_macro_pearson_delta,0.49166537863427584,,5000
DPH2+ctrl,trishift_pearson_delta,0.71603633658127885,,20
DPH2+ctrl,systema_pearson,0.11674657927683001,,20
DPM2+ctrl,txpert_macro_pearson_delta,0.38852103358178341,,5000
DPM2+ctrl,trishift_pearson_delta,0.41840279663443336,,20
DPM2+ctrl,systema_pearson,0.7868253465232472,,20
DR1+ctrl,txpert_macro_pearson_delta,0.056990584440995695,,5000
DR1+ctrl,trishift_pearson_delta,-0.14553146775733639,,20
DR1+ctrl,systema_pearson,0.47626985158727331,,20
DYNLL2+ctrl,txpert_macro_pearson_delta,-0.18695102052960996,,5000
DYNLL2+ctrl,trishift_pearson_delta,-0.27141518113290841,,20
DYNLL2+ctrl,systema_pearson,0.03717077617768029,,20
EEF1B2+ctrl,txpert_macro_pearson_delta,0.23975291823713432,,5000
EEF1B2+ctrl,trishift_pearson_delta,0.41553440810202658,,19
EEF1B2+ctrl,systema_pearson,0.28689238157339103,,19
EEF1G+ctrl,txpert_macro_pearson_delta,0.56392375956054652,,5000
EEF1G+ctrl,trishift_pearson_delta,0.75384897468123835,,20
EEF1G+ctrl,systema_pearson,-0.47474326024520547,,20
EEF2+ctrl,txpert_macro_pearson_delta,0.51102351762989184,,5000
EEF2+ctrl,trishift_pearson_delta,0.46436056251331104,,19
EEF2+ctrl,systema_pearson,-0.080823868451179337,,19
EEFSEC+ctrl,txpert_macro_pearson_delta,0.45049441603247364,,5000
EEFSEC+ctrl,trishift_pearson_delta,0.92713413123308486,,20
EEFSEC+ctrl,systema_pearson,0.28825454015958041,,20
EIF1+ctrl,txpert_macro_pearson_delta,0.036160013543436301,,5000
EIF1+ctrl,trishift_pearson_delta,0.017960510736982883,,19
EIF1+ctrl,systema_pearson,0.091098172904072267,,19
EIF1AD+ctrl,txpert_macro_pearson_delta,0.42271478215703007,,5000
EIF1AD+ctrl,trishift_pearson_delta,0.25883642748214647,,20
EIF1AD+ctrl,systema_pearson,-0.14111706292841461,,20
EIF1AX+ctrl,txpert_macro_pearson_delta,0.12804609537711595,,5000
EIF1AX+ctrl,trishift_pearson_delta,-0.16011169816679527,,20
EIF1AX+ctrl,systema_pearson,-0.23066273290340472,,20
EIF3B+ctrl,txpert_macro_pearson_delta,0.67761606462649437,,5000
EIF3B+ctrl,trishift_pearson_delta,0.89567813548557684,,20
EIF3B+ctrl,systema_pearson,-0.63729556389914288,,20
EIF3M+ctrl,txpert_macro_pearson_delta,0.47696998297533938,,5000
EIF3M+ctrl,trishift_pearson_delta,0.40991471776280874,,20
EIF3M+ctrl,systema_pearson,-0.18673481592572488,,20
EIF4E+ctrl,txpert_macro_pearson_delta,0.63763371641265676,,5000
EIF4E+ctrl,trishift_pearson_delta,0.70894736351812193,,20
EIF4E+ctrl,systema_pearson,-0.48890485488943058,,20
EIF4G1+ctrl,txpert_macro_pearson_delta,0.52284995541030155,,5000
EIF4G1+ctrl,trishift_pearson_delta,0.58839056609608698,,20
EIF4G1+ctrl,systema_pearson,-0.68998485637496065,,20
EIF4H+ctrl,txpert_macro_pearson_delta,-0.004893244679781924,,5000
EIF4H+ctrl,trishift_pearson_delta,0.17521476751943685,,20
EIF4H+ctrl,systema_pearson,0.59140505627767681,,20
EIF5A+ctrl,txpert_macro_pearson_delta,0.51483022510239107,,5000
EIF5A+ctrl,trishift_pearson_delta,0.8302578766161508,,20
EIF5A+ctrl,systema_pearson,0.094059226759198103,,20
EIF6+ctrl,txpert_macro_pearson_delta,0.57468500990199012,,5000
EIF6+ctrl,trishift_pearson_delta,0.76120093969813041,,20
EIF6+ctrl,systema_pearson,-0.51555583999720311,,20
ELOVL1+ctrl,txpert_macro_pearson_delta,-0.062399569922492362,,5000
ELOVL1+ctrl,trishift_pearson_delta,0.78556336614181954,,20
ELOVL1+ctrl,systema_pearson,-0.26311402756852259,,20
ELP5+ctrl,txpert_macro_pearson_delta,0.2534112493915337,,5000
ELP5+ctrl,trishift_pearson_delta,0.61508785327139071,,20
ELP5+ctrl,systema_pearson,0.44988431995178085,,20
EMC1+ctrl,txpert_macro_pearson_delta,0.36454800092445694,,5000
EMC1+ctrl,trishift_pearson_delta,0.71999139419638059,,20
EMC1+ctrl,systema_pearson,-0.22119118960147624,,20
EMC3+ctrl,txpert_macro_pearson_delta,0.32073765673633448,,5000
EMC3+ctrl,trishift_pearson_delta,0.66139490247342392,,20
EMC3+ctrl,systema_pearson,-0.013273549937359106,,20
EPB41L2+ctrl,txpert_macro_pearson_delta,0.39404133115881457,,5000
EPB41L2+ctrl,trishift_pearson_delta,0.64887124457068202,,20
EPB41L2+ctrl,systema_pearson,-0.36683115080355733,,20
ERH+ctrl,txpert_macro_pearson_delta,0.40399468340404493,,5000
ERH+ctrl,trishift_pearson_delta,,de_unavailable:insufficient_truth_cells_for_t_test:n=1,0
ERH+ctrl,systema_pearson,,de_unavailable:insufficient_truth_cells_for_t_test:n=1,0
ETF1+ctrl,txpert_macro_pearson_delta,0.67932374987014199,,5000
ETF1+ctrl,trishift_pearson_delta,0.66274717600246558,,20
ETF1+ctrl,systema_pearson,-0.65849327272467117,,20
EXOC5+ctrl,txpert_macro_pearson_delta,0.45918147669411619,,5000
EXOC5+ctrl,trishift_pearson_delta,0.38324379453904417,,20
EXOC5+ctrl,systema_pearson,0.13714978934125793,,20
EXOC7+ctrl,txpert_macro_pearson_delta,0.58493169547712598,,5000
EXOC7+ctrl,trishift_pearson_delta,0.37207769794077633,,20
EXOC7+ctrl,systema_pearson,-0.56575691935479733,,20
EXOSC9+ctrl,txpert_macro_pearson_delta,0.60141078040847851,,5000
EXOSC9+ctrl,trishift_pearson_delta,0.73513457693768547,,20
EXOSC9+ctrl,systema_pearson,-0.083604670172866796,,20
FAM133B+ctrl,txpert_macro_pearson_delta,0.37410255838126633,,5000
FAM133B+ctrl,trishift_pearson_delta,0.34820154865698238,,19
FAM133B+ctrl,systema_pearson,0.44843675536885108,,19
FAM207A+ctrl,txpert_macro_pearson_delta,-0.0006264546905766057,,5000
FAM207A+ctrl,trishift_pearson_delta,0.21026933395215286,,20
FAM207A+ctrl,systema_pearson,0.084602571546531752,,20
FAM229A+ctrl,txpert_macro_pearson_delta,0.059914008948055958,,5000
FAM229A+ctrl,trishift_pearson_delta,-0.74604955713081567,,20
FAM229A+ctrl,systema_pearson,0.16835597557342105,,20
FAM32A+ctrl,txpert_macro_pearson_delta,0.43082172635147947,,5000
FAM32A+ctrl,trishift_pearson_delta,0.81471290875972224,,20
FAM32A+ctrl,systema_pearson,0.45538417656737612,,20
FBL+ctrl,txpert_macro_pearson_delta,0.66560542989118354,,5000
FBL+ctrl,trishift_pearson_delta,0.65595146299164908,,20
FBL+ctrl,systema_pearson,-0.37310481791593408,,20
FBRSL1+ctrl,txpert_macro_pearson_delta,0.47040138446811397,,5000
FBRSL1+ctrl,trishift_pearson_delta,0.76387639809019414,,20
FBRSL1+ctrl,systema_pearson,0.4698080750572679,,20
FDPS+ctrl,txpert_macro_pearson_delta,0.24477558580807166,,5000
FDPS+ctrl,trishift_pearson_delta,-0.33457178282703404,,19
FDPS+ctrl,systema_pearson,-0.32995779512164491,,19
FDXR+ctrl,txpert_macro_pearson_delta,0.14830880643597782,,5000
FDXR+ctrl,trishift_pearson_delta,0.22181144586114487,,20
FDXR+ctrl,systema_pearson,-0.76109625428139871,,20
FGFR1OP+ctrl,txpert_macro_pearson_delta,0.25379411371611704,,5000
FGFR1OP+ctrl,trishift_pearson_delta,0.23483350365483593,,20
FGFR1OP+ctrl,systema_pearson,-0.034592650435802709,,20
FIP1L1+ctrl,txpert_macro_pearson_delta,0.40284712572287062,,5000
FIP1L1+ctrl,trishift_pearson_delta,0.5428300054931019,,20
FIP1L1+ctrl,systema_pearson,0.41990760461266996,,20
FOLR3+ctrl,txpert_macro_pearson_delta,0.20126947583979832,,5000
FOLR3+ctrl,trishift_pearson_delta,0.025556960307972963,,20
FOLR3+ctrl,systema_pearson,-0.014985246197443128,,20
FOXL2+ctrl,txpert_macro_pearson_delta,0.014409711176963588,,5000
FOXL2+ctrl,trishift_pearson_delta,0.66243524547561727,,20
FOXL2+ctrl,systema_pearson,-0.14486675867721965,,20
GABPA+ctrl,txpert_macro_pearson_delta,0.3416134808127208,,5000
GABPA+ctrl,trishift_pearson_delta,0.49148360356475546,,20
GABPA+ctrl,systema_pearson,-0.071107017567236572,,20
GART+ctrl,txpert_macro_pearson_delta,0.41643078942374673,,5000
GART+ctrl,trishift_pearson_delta,0.00089572525164156164,,20
GART+ctrl,systema_pearson,-0.36875969431621786,,20
GBF1+ctrl,txpert_macro_pearson_delta,0.0041022902289040639,,5000
GBF1+ctrl,trishift_pearson_delta,0.4754108305968322,,20
GBF1+ctrl,systema_pearson,0.39684500034171377,,20
GCLC+ctrl,txpert_macro_pearson_delta,0.23610575653240601,,5000
GCLC+ctrl,trishift_pearson_delta,-0.045423105221261299,,20
GCLC+ctrl,systema_pearson,0.42041183715294245,,20
GEMIN7+ctrl,txpert_macro_pearson_delta,0.47803225011234995,,5000
GEMIN7+ctrl,trishift_pearson_delta,0.22950397887728066,,20
GEMIN7+ctrl,systema_pearson,0.63999311957069693,,20
GIT2+ctrl,txpert_macro_pearson_delta,0.23594808195208875,,5000
GIT2+ctrl,trishift_pearson_delta,0.33014931965374739,,20
GIT2+ctrl,systema_pearson,0.47154286555448532,,20
GLB1+ctrl,txpert_macro_pearson_delta,0.52961533726110455,,5000
GLB1+ctrl,trishift_pearson_delta,0.44703296664039022,,20
GLB1+ctrl,systema_pearson,0.3807239929079243,,20
GLE1+ctrl,txpert_macro_pearson_delta,0.34359732659231529,,5000
GLE1+ctrl,trishift_pearson_delta,0.031157333220712121,,20
GLE1+ctrl,systema_pearson,0.00062318484290688973,,20
GON4L+ctrl,txpert_macro_pearson_delta,0.31278830046228701,,5000
GON4L+ctrl,trishift_pearson_delta,-0.2951927474752688,,20
GON4L+ctrl,systema_pearson,-0.053551370842706093,,20
GOSR2+ctrl,txpert_macro_pearson_delta,0.41528632122295606,,5000
GOSR2+ctrl,trishift_pearson_delta,-0.25462939159500864,,20
GOSR2+ctrl,systema_pearson,-0.4449716007675204,,20
GPKOW+ctrl,txpert_macro_pearson_delta,0.2309618063146863,,5000
GPKOW+ctrl,trishift_pearson_delta,0.81011709277836674,,20
GPKOW+ctrl,systema_pearson,-0.49658010049876466,,20
GPR61+ctrl,txpert_macro_pearson_delta,-0.21338052081402922,,5000
GPR61+ctrl,trishift_pearson_delta,-0.23746711397469736,,20
GPR61+ctrl,systema_pearson,-0.14731783231962736,,20
GPS2+ctrl,txpert_macro_pearson_delta,0.23532466124786192,,5000
GPS2+ctrl,trishift_pearson_delta,0.63438337657855637,,20
GPS2+ctrl,systema_pearson,0.25178361451244857,,20
GRWD1+ctrl,txpert_macro_pearson_delta,0.088852613112479314,,5000
GRWD1+ctrl,trishift_pearson_delta,0.30550938594918098,,20
GRWD1+ctrl,systema_pearson,0.5324364534796826,,20
GSPT1+ctrl,txpert_macro_pearson_delta,0.42436343102403773,,5000
GSPT1+ctrl,trishift_pearson_delta,0.82409974666096009,,20
GSPT1+ctrl,systema_pearson,0.038308571910570986,,20
GTF2E1+ctrl,txpert_macro_pearson_delta,0.52287677942619315,,5000
GTF2E1+ctrl,trishift_pearson_delta,0.4483972479237428,,20
GTF2E1+ctrl,systema_pearson,-0.5473380476994063,,20
GTF2H3+ctrl,txpert_macro_pearson_delta,0.41118050159672398,,5000
GTF2H3+ctrl,trishift_pearson_delta,0.54962989732828071,,20
GTF2H3+ctrl,systema_pearson,-0.047074039125328475,,20
GTF3C1+ctrl,txpert_macro_pearson_delta,0.65398270512062251,,5000
GTF3C1+ctrl,trishift_pearson_delta,0.89494514153834648,,20
GTF3C1+ctrl,systema_pearson,-0.33105527163611465,,20
GTF3C5+ctrl,txpert_macro_pearson_delta,0.32685809513913616,,5000
GTF3C5+ctrl,trishift_pearson_delta,0.5501000425621021,,20
GTF3C5+ctrl,systema_pearson,-0.20884186591623261,,20
GTF3C6+ctrl,txpert_macro_pearson_delta,0.27773959229144118,,5000
GTF3C6+ctrl,trishift_pearson_delta,0.43305579845371317,,20
GTF3C6+ctrl,systema_pearson,-0.17464563489315124,,20
H2AFZ+ctrl,txpert_macro_pearson_delta,0.037311275640486509,,5000
H2AFZ+ctrl,trishift_pearson_delta,-0.092604595431475437,,19
H2AFZ+ctrl,systema_pearson,0.24636685347253015,,19
HAPLN2+ctrl,txpert_macro_pearson_delta,-0.080228725227138822,,5000
HAPLN2+ctrl,trishift_pearson_delta,-0.015433764748382657,,20
HAPLN2+ctrl,systema_pearson,0.39671200227163389,,20
HAUS1+ctrl,txpert_macro_pearson_delta,0.14277192632046665,,5000
HAUS1+ctrl,trishift_pearson_delta,0.031848190486236216,,20
HAUS1+ctrl,systema_pearson,0.036752893291893317,,20
HAUS4+ctrl,txpert_macro_pearson_delta,0.38839730355542113,,5000
HAUS4+ctrl,trishift_pearson_delta,0.87560486064155651,,20
HAUS4+ctrl,systema_pearson,0.49718605911008978,,20
HAUS8+ctrl,txpert_macro_pearson_delta,0.42405029933156563,,5000
HAUS8+ctrl,trishift_pearson_delta,0.9382210674421837,,20
HAUS8+ctrl,systema_pearson,0.53518660389168937,,20
HCFC1+ctrl,txpert_macro_pearson_delta,0.16087365838299159,,5000
HCFC1+ctrl,trishift_pearson_delta,0.37730471640756491,,20
HCFC1+ctrl,systema_pearson,0.11632159938416334,,20
HEATR1+ctrl,txpert_macro_pearson_delta,0.64459317318285914,,5000
HEATR1+ctrl,trishift_pearson_delta,0.5918268257633158,,20
HEATR1+ctrl,systema_pearson,-0.53082402647627103,,20
HIST1H2AE+ctrl,txpert_macro_pearson_delta,0.0035502300151058746,,5000
HIST1H2AE+ctrl,trishift_pearson_delta,-0.014139644193418004,,20
HIST1H2AE+ctrl,systema_pearson,-0.036426644411375199,,20
HIST1H2BE+ctrl,txpert_macro_pearson_delta,-0.077003367115927118,,5000
HIST1H2BE+ctrl,trishift_pearson_delta,-0.30266754483188674,,20
HIST1H2BE+ctrl,systema_pearson,-0.28472863396426823,,20
HIST1H2BM+ctrl,txpert_macro_pearson_delta,0.073667447866937463,,5000
HIST1H2BM+ctrl,trishift_pearson_delta,-0.20750110999181162,,20
HIST1H2BM+ctrl,systema_pearson,-0.058272329391863442,,20
HIST1H2BN+ctrl,txpert_macro_pearson_delta,-0.1598597192495102,,5000
HIST1H2BN+ctrl,trishift_pearson_delta,0.25766900567269019,,20
HIST1H2BN+ctrl,systema_pearson,0.61172622032634782,,20
HIST2H3A+ctrl,txpert_macro_pearson_delta,-0.011075719200682758,,5000
HIST2H3A+ctrl,trishift_pearson_delta,0.12322432080873477,,20
HIST2H3A+ctrl,systema_pearson,-0.1168014076804062,,20
HMBOX1+ctrl,txpert_macro_pearson_delta,0.42706137039608044,,5000
HMBOX1+ctrl,trishift_pearson_delta,0.50828195344808824,,20
HMBOX1+ctrl,systema_pearson,-0.070222754002214657,,20
HMGB3+ctrl,txpert_macro_pearson_delta,0.46511516940574754,,5000
HMGB3+ctrl,trishift_pearson_delta,0.57684309667403977,,20
HMGB3+ctrl,systema_pearson,-0.31521560375333252,,20
HNRNPDL+ctrl,txpert_macro_pearson_delta,0.29997686496562503,,5000
HNRNPDL+ctrl,trishift_pearson_delta,-0.3938645730515668,,19
HNRNPDL+ctrl,systema_pearson,-0.42124404682225813,,19
HNRNPM+ctrl,txpert_macro_pearson_delta,0.48365665515007716,,5000
HNRNPM+ctrl,trishift_pearson_delta,0.75575730713707501,,20
HNRNPM+ctrl,systema_pearson,-0.091383713291577254,,20
HNRNPU+ctrl,txpert_macro_pearson_delta,0.49193164000059214,,5000
HNRNPU+ctrl,trishift_pearson_delta,0.75969053860594549,,20
HNRNPU+ctrl,systema_pearson,-0.28785321315396212,,20
HOXC10+ctrl,txpert_macro_pearson_delta,0.038194187463370777,,5000
HOXC10+ctrl,trishift_pearson_delta,-0.14613354279849067,,20
HOXC10+ctrl,systema_pearson,-0.083838849442483335,,20
HSD17B10+ctrl,txpert_macro_pearson_delta,0.094932951255287987,,5000
HSD17B10+ctrl,trishift_pearson_delta,-0.063308455820307891,,20
HSD17B10+ctrl,systema_pearson,-0.71570121938573339,,20
HSF1+ctrl,txpert_macro_pearson_delta,0.386894427153049,,5000
HSF1+ctrl,trishift_pearson_delta,-0.43095292622729631,,20
HSF1+ctrl,systema_pearson,-0.4202427403318395,,20
HSP90B1+ctrl,txpert_macro_pearson_delta,-0.19381668178550646,,5000
HSP90B1+ctrl,trishift_pearson_delta,-0.38141150906123311,,19
HSP90B1+ctrl,systema_pearson,0.40409978948260372,,19
HSPA9+ctrl,txpert_macro_pearson_delta,0.5217816369368764,,5000
HSPA9+ctrl,trishift_pearson_delta,0.58695394860191019,,19
HSPA9+ctrl,systema_pearson,-0.033266132645718025,,19
HTATSF1+ctrl,txpert_macro_pearson_delta,0.3594156370232845,,5000
HTATSF1+ctrl,trishift_pearson_delta,0.45320095556192513,,20
HTATSF1+ctrl,systema_pearson,0.42785096083879098,,20
HUS1+ctrl,txpert_macro_pearson_delta,0.13272956035224337,,5000
HUS1+ctrl,trishift_pearson_delta,0.28934344151179253,,20
HUS1+ctrl,systema_pearson,-0.28002216861220525,,20
HYPK+ctrl,txpert_macro_pearson_delta,0.19229535312089657,,5000
HYPK+ctrl,trishift_pearson_delta,0.070530751967653252,,20
HYPK+ctrl,systema_pearson,0.083080643932936848,,20
IARS2+ctrl,txpert_macro_pearson_delta,0.54364811278444658,,5000
IARS2+ctrl,trishift_pearson_delta,0.50018515328017399,,20
IARS2+ctrl,systema_pearson,0.075371197663764017,,20
IFITM2+ctrl,txpert_macro_pearson_delta,-0.10449665511477414,,5000
IFITM2+ctrl,trishift_pearson_delta,0.0014203902294176781,,20
IFITM2+ctrl,systema_pearson,0.23857842631078396,,20
IGBP1+ctrl,txpert_macro_pearson_delta,0.37942393381912076,,5000
IGBP1+ctrl,trishift_pearson_delta,0.53808766927843454,,20
IGBP1+ctrl,systema_pearson,0.14955137063476664,,20
ILF2+ctrl,txpert_macro_pearson_delta,0.29061218005785033,,5000
ILF2+ctrl,trishift_pearson_delta,0.30667766631727211,,20
ILF2+ctrl,systema_pearson,-0.64773350725831302,,20
IMP3+ctrl,txpert_macro_pearson_delta,0.22366535099917226,,5000
IMP3+ctrl,trishift_pearson_delta,0.72069559186397802,,20
IMP3+ctrl,systema_pearson,-0.079654411702629865,,20
IMPA2+ctrl,txpert_macro_pearson_delta,0.65515344532552833,,5000
IMPA2+ctrl,trishift_pearson_delta,0.90478742023939618,,20
IMPA2+ctrl,systema_pearson,0.073996052309164728,,20
ING3+ctrl,txpert_macro_pearson_delta,0.021075829615099358,,5000
ING3+ctrl,trishift_pearson_delta,0.10090411797225247,,20
ING3+ctrl,systema_pearson,0.23878075276873198,,20
INTS1+ctrl,txpert_macro_pearson_delta,0.32814276884431304,,5000
INTS1+ctrl,trishift_pearson_delta,0.50207924719690245,,20
INTS1+ctrl,systema_pearson,-0.26253056906052613,,20
INTS2+ctrl,txpert_macro_pearson_delta,0.27120818214668407,,5000
INTS2+ctrl,trishift_pearson_delta,-0.35310960751883674,,20
INTS2+ctrl,systema_pearson,-0.27745322104425979,,20
INTS6+ctrl,txpert_macro_pearson_delta,0.14613522410548083,,5000
INTS6+ctrl,trishift_pearson_delta,-0.10894355462688871,,20
INTS6+ctrl,systema_pearson,-0.44843526643215392,,20
INTS7+ctrl,txpert_macro_pearson_delta,0.11384720755099526,,5000
INTS7+ctrl,trishift_pearson_delta,-0.0011838801122985008,,20
INTS7+ctrl,systema_pearson,-0.09651637990500081,,20
IPO7+ctrl,txpert_macro_pearson_delta,0.28940149681807659,,5000
IPO7+ctrl,trishift_pearson_delta,0.48297595611813954,,20
IPO7+ctrl,systema_pearson,0.34383509684202646,,20
ISCA2+ctrl,txpert_macro_pearson_delta,0.42659486075986064,,5000
ISCA2+ctrl,trishift_pearson_delta,0.70862843535768771,,20
ISCA2+ctrl,systema_pearson,0.43921101873840962,,20
KATNB1+ctrl,txpert_macro_pearson_delta,-0.23495541914768678,,5000
KATNB1+ctrl,trishift_pearson_delta,-0.038843377021960869,,20
KATNB1+ctrl,systema_pearson,0.34191927652993803,,20
KCMF1+ctrl,txpert_macro_pearson_delta,0.22690709042842166,,5000
KCMF1+ctrl,trishift_pearson_delta,0.53099481685222782,,20
KCMF1+ctrl,systema_pearson,0.22902996342665971,,20
KCNA10+ctrl,txpert_macro_pearson_delta,0.073714766841064719,,5000
KCNA10+ctrl,trishift_pearson_delta,-0.49698787140261352,,20
KCNA10+ctrl,systema_pearson,-0.25062974205574523,,20
KDM6A+ctrl,txpert_macro_pearson_delta,-0.091719726142508354,,5000
KDM6A+ctrl,trishift_pearson_delta,-0.19338923922850759,,20
KDM6A+ctrl,systema_pearson,-0.10372698225156197,,20
KIF18B+ctrl,txpert_macro_pearson_delta,0.44780906057512093,,5000
KIF18B+ctrl,trishift_pearson_delta,0.74731694577363483,,20
KIF18B+ctrl,systema_pearson,-0.22825277070429456,,20
KIF23+ctrl,txpert_macro_pearson_delta,-0.031068893658328333,,5000
KIF23+ctrl,trishift_pearson_delta,0.17158477604250968,,20
KIF23+ctrl,systema_pearson,-0.25463392129810924,,20
KLHL11+ctrl,txpert_macro_pearson_delta,0.02265071533510328,,5000
KLHL11+ctrl,trishift_pearson_delta,-0.79549010816342669,,20
KLHL11+ctrl,systema_pearson,0.90115164115735147,,20
KPNA6+ctrl,txpert_macro_pearson_delta,-0.11197192577507371,,5000
KPNA6+ctrl,trishift_pearson_delta,-0.93265773486831216,,20
KPNA6+ctrl,systema_pearson,0.0002608097747534583,,20
KRT17+ctrl,txpert_macro_pearson_delta,-0.21981224352350773,,5000
KRT17+ctrl,trishift_pearson_delta,-0.0078841294864111077,,20
KRT17+ctrl,systema_pearson,0.11894378510396118,,20
KRT8+ctrl,txpert_macro_pearson_delta,0.14761514486746466,,5000
KRT8+ctrl,trishift_pearson_delta,0.015594416393954492,,20
KRT8+ctrl,systema_pearson,-0.0044327553929242626,,20
KRTAP4-7+ctrl,txpert_macro_pearson_delta,-0.17628242604899397,,5000
KRTAP4-7+ctrl,trishift_pearson_delta,-0.87577553067918701,,20
KRTAP4-7+ctrl,systema_pearson,0.71037657797038456,,20
LAMTOR4+ctrl,txpert_macro_pearson_delta,0.27561583013705271,,5000
LAMTOR4+ctrl,trishift_pearson_delta,0.61243490174189352,,20
LAMTOR4+ctrl,systema_pearson,0.5687374593183856,,20
LARS+ctrl,txpert_macro_pearson_delta,0.6549714587047738,,5000
LARS+ctrl,trishift_pearson_delta,0.77342690503587352,,20
LARS+ctrl,systema_pearson,-0.85743799758930195,,20
LCE1C+ctrl,txpert_macro_pearson_delta,-0.2309088343400664,,5000
LCE1C+ctrl,trishift_pearson_delta,-0.14967097291093504,,20
LCE1C+ctrl,systema_pearson,-0.18130275996837111,,20
LCE1E+ctrl,txpert_macro_pearson_delta,-0.17261876628193853,,5000
LCE1E+ctrl,trishift_pearson_delta,-0.8887730156827971,,20
LCE1E+ctrl,systema_pearson,0.43442668494994235,,20
LCN10+ctrl,txpert_macro_pearson_delta,-0.05654345923314031,,5000
LCN10+ctrl,trishift_pearson_delta,-0.21003031629032909,,20
LCN10+ctrl,systema_pearson,-0.16031144870970124,,20
LIN54+ctrl,txpert_macro_pearson_delta,0.35755376374559711,,5000
LIN54+ctrl,trishift_pearson_delta,0.47955682069393696,,20
LIN54+ctrl,systema_pearson,0.12593655884156579,,20
LRP5+ctrl,txpert_macro_pearson_delta,0.44475324396549659,,5000
LRP5+ctrl,trishift_pearson_delta,0.25009920789432588,,20
LRP5+ctrl,systema_pearson,0.022064253328745873,,20
LSG1+ctrl,txpert_macro_pearson_delta,0.48117381078184723,,5000
LSG1+ctrl,trishift_pearson_delta,0.72783272224141127,,20
LSG1+ctrl,systema_pearson,-0.051883102848568625,,20
LSM10+ctrl,txpert_macro_pearson_delta,0.13224628875723496,,5000
LSM10+ctrl,trishift_pearson_delta,0.38773674835577882,,20
LSM10+ctrl,systema_pearson,0.082456168581030817,,20
LSM2+ctrl,txpert_macro_pearson_delta,0.35989256351925503,,5000
LSM2+ctrl,trishift_pearson_delta,0.58238546341969422,,20
LSM2+ctrl,systema_pearson,0.14776951704129535,,20
LTBP4+ctrl,txpert_macro_pearson_delta,0.1623553711876369,,5000
LTBP4+ctrl,trishift_pearson_delta,0.28650625090563109,,20
LTBP4+ctrl,systema_pearson,-0.15921508392680833,,20
LTV1+ctrl,txpert_macro_pearson_delta,0.65057615638888278,,5000
LTV1+ctrl,trishift_pearson_delta,0.22204614058622801,,20
LTV1+ctrl,systema_pearson,-0.31449986027770943,,20
LUC7L3+ctrl,txpert_macro_pearson_delta,0.4648008388553444,,5000
LUC7L3+ctrl,trishift_pearson_delta,-0.10614937388340294,,20
LUC7L3+ctrl,systema_pearson,-0.65442363577298668,,20
LZTR1+ctrl,txpert_macro_pearson_delta,0.30480346881441694,,5000
LZTR1+ctrl,trishift_pearson_delta,0.45335443744745441,,20
LZTR1+ctrl,systema_pearson,-0.15342292286860823,,20
MAU2+ctrl,txpert_macro_pearson_delta,0.67821162905515864,,5000
MAU2+ctrl,trishift_pearson_delta,0.92382910533839591,,20
MAU2+ctrl,systema_pearson,-0.80821145935595895,,20
MBTPS2+ctrl,txpert_macro_pearson_delta,0.18395686132000022,,5000
MBTPS2+ctrl,trishift_pearson_delta,0.54911881851215583,,20
MBTPS2+ctrl,systema_pearson,0.036901369173641965,,20
MCL1+ctrl,txpert_macro_pearson_delta,-0.074529483151706516,,5000
MCL1+ctrl,trishift_pearson_delta,0.16530992268585815,,20
MCL1+ctrl,systema_pearson,0.057502417922921864,,20
MCM10+ctrl,txpert_macro_pearson_delta,0.27015642073810525,,5000
MCM10+ctrl,trishift_pearson_delta,0.21172357835592445,,20
MCM10+ctrl,systema_pearson,-0.064178066601252901,,20
MCM3+ctrl,txpert_macro_pearson_delta,0.43316111935562557,,5000
MCM3+ctrl,trishift_pearson_delta,0.58808687957352379,,20
MCM3+ctrl,systema_pearson,-0.71753982131017258,,20
MCM3AP+ctrl,txpert_macro_pearson_delta,0.51463493324956988,,5000
MCM3AP+ctrl,trishift_pearson_delta,0.78700138582280288,,20
MCM3AP+ctrl,systema_pearson,-0.14154323511181596,,20
MCMBP+ctrl,txpert_macro_pearson_delta,0.54340702843276512,,5000
MCMBP+ctrl,trishift_pearson_delta,0.17625059022910375,,20
MCMBP+ctrl,systema_pearson,-0.81576973670942654,,20
MCRS1+ctrl,txpert_macro_pearson_delta,-0.043707569611502725,,5000
MCRS1+ctrl,trishift_pearson_delta,0.1394426892149257,,20
MCRS1+ctrl,systema_pearson,0.056080399192102483,,20
MED1+ctrl,txpert_macro_pearson_delta,0.29054532124448407,,5000
MED1+ctrl,trishift_pearson_delta,0.44137869264862828,,20
MED1+ctrl,systema_pearson,-0.63556071030248029,,20
MED19+ctrl,txpert_macro_pearson_delta,0.64247677090303856,,5000
MED19+ctrl,trishift_pearson_delta,0.86453025741279688,,20
MED19+ctrl,systema_pearson,-0.62325179741562631,,20
MED20+ctrl,txpert_macro_pearson_delta,0.47495275527225594,,5000
MED20+ctrl,trishift_pearson_delta,0.10560399486410282,,20
MED20+ctrl,systema_pearson,-0.21817774714701132,,20
MED21+ctrl,txpert_macro_pearson_delta,0.67056893012359142,,5000
MED21+ctrl,trishift_pearson_delta,0.84113685092696533,,20
MED21+ctrl,systema_pearson,-0.2421129053313241,,20
MED28+ctrl,txpert_macro_pearson_delta,0.48874370062394351,,5000
MED28+ctrl,trishift_pearson_delta,0.28548293409085373,,20
MED28+ctrl,systema_pearson,0.19735723791011653,,20
MED30+ctrl,txpert_macro_pearson_delta,0.64989229795505654,,5000
MED30+ctrl,trishift_pearson_delta,0.62067264957550639,,20
MED30+ctrl,systema_pearson,-0.28070953394090187,,20
MED8+ctrl,txpert_macro_pearson_delta,0.55967257093828071,,5000
MED8+ctrl,trishift_pearson_delta,0.48245183810630343,,20
MED8+ctrl,systema_pearson,-0.11540971304953644,,20
MEF2A+ctrl,txpert_macro_pearson_delta,0.40581730032357921,,5000
MEF2A+ctrl,trishift_pearson_delta,0.86577316681549921,,20
MEF2A+ctrl,systema_pearson,0.19856906651447839,,20
MEIS3+ctrl,txpert_macro_pearson_delta,0.52575360394665704,,5000
MEIS3+ctrl,trishift_pearson_delta,0.72449445785315536,,20
MEIS3+ctrl,systema_pearson,-0.64228877285749952,,20
METAP2+ctrl,txpert_macro_pearson_delta,0.38388545391474771,,5000
METAP2+ctrl,trishift_pearson_delta,0.14061312124982039,,20
METAP2+ctrl,systema_pearson,0.53653827607173477,,20
METTL17+ctrl,txpert_macro_pearson_delta,0.21107196419404642,,5000
METTL17+ctrl,trishift_pearson_delta,0.38730731993208034,,20
METTL17+ctrl,systema_pearson,0.14295614239786775,,20
MICOS10+ctrl,txpert_macro_pearson_delta,0.16323815910514111,,5000
MICOS10+ctrl,trishift_pearson_delta,0.32563682588524195,,20
MICOS10+ctrl,systema_pearson,0.023698055531845105,,20
MIOS+ctrl,txpert_macro_pearson_delta,0.46503016149417298,,5000
MIOS+ctrl,trishift_pearson_delta,0.75970136143904732,,20
MIOS+ctrl,systema_pearson,-0.41563337492470537,,20
MIPEP+ctrl,txpert_macro_pearson_delta,0.11907132385577113,,5000
MIPEP+ctrl,trishift_pearson_delta,0.69455538098750047,,20
MIPEP+ctrl,systema_pearson,0.077027694136166391,,20
MKRN1+ctrl,txpert_macro_pearson_delta,-0.1152809826174982,,5000
MKRN1+ctrl,trishift_pearson_delta,-0.79618002932047038,,20
MKRN1+ctrl,systema_pearson,0.13064542458888917,,20
MMP17+ctrl,txpert_macro_pearson_delta,0.43975483103909141,,5000
MMP17+ctrl,trishift_pearson_delta,0.17083064401775697,,20
MMP17+ctrl,systema_pearson,-0.2885955212185865,,20
MMS19+ctrl,txpert_macro_pearson_delta,0.29072951447173973,,5000
MMS19+ctrl,trishift_pearson_delta,0.42089949541525751,,20
MMS19+ctrl,systema_pearson,-0.37043025231243076,,20
MOG+ctrl,txpert_macro_pearson_delta,-0.0056276992359950567,,5000
MOG+ctrl,trishift_pearson_delta,0.12884356312515777,,20
MOG+ctrl,systema_pearson,0.36439408142470137,,20
MON1A+ctrl,txpert_macro_pearson_delta,-0.013110145408214225,,5000
MON1A+ctrl,trishift_pearson_delta,0.0087105212576366886,,20
MON1A+ctrl,systema_pearson,0.079792208623504529,,20
MRPL1+ctrl,txpert_macro_pearson_delta,0.14103533750726377,,5000
MRPL1+ctrl,trishift_pearson_delta,-0.039972936980272156,,20
MRPL1+ctrl,systema_pearson,-0.078477995684105406,,20
MRPL10+ctrl,txpert_macro_pearson_delta,0.19268302138858212,,5000
MRPL10+ctrl,trishift_pearson_delta,-0.090632696816575431,,20
MRPL10+ctrl,systema_pearson,-0.57560644921097859,,20
MRPL14+ctrl,txpert_macro_pearson_delta,0.2080320188572515,,5000
MRPL14+ctrl,trishift_pearson_delta,0.16738896308186341,,20
MRPL14+ctrl,systema_pearson,0.23065581688046025,,20
MRPL2+ctrl,txpert_macro_pearson_delta,0.19487143353728334,,5000
MRPL2+ctrl,trishift_pearson_delta,-0.16039012649819312,,20
MRPL2+ctrl,systema_pearson,-0.41309015497628054,,20
MRPL28+ctrl,txpert_macro_pearson_delta,0.45772267812239675,,5000
MRPL28+ctrl,trishift_pearson_delta,0.60645157536601046,,20
MRPL28+ctrl,systema_pearson,-0.47951121744426484,,20
MRPL3+ctrl,txpert_macro_pearson_delta,0.20052598421641527,,5000
MRPL3+ctrl,trishift_pearson_delta,0.4810773872338025,,20
MRPL3+ctrl,systema_pearson,-0.032624752204790178,,20
MRPL35+ctrl,txpert_macro_pearson_delta,0.33307720009403607,,5000
MRPL35+ctrl,trishift_pearson_delta,0.39205257714610181,,20
MRPL35+ctrl,systema_pearson,-0.5272926013836251,,20
MRPL38+ctrl,txpert_macro_pearson_delta,0.43767936947043323,,5000
MRPL38+ctrl,trishift_pearson_delta,0.51536870329566831,,20
MRPL38+ctrl,systema_pearson,0.10092602735925098,,20
MRPL41+ctrl,txpert_macro_pearson_delta,0.26139453621455006,,5000
MRPL41+ctrl,trishift_pearson_delta,0.43254461542845074,,20
MRPL41+ctrl,systema_pearson,-0.45476330821860117,,20
MRPL43+ctrl,txpert_macro_pearson_delta,0.31256328456681637,,5000
MRPL43+ctrl,trishift_pearson_delta,0.34999828899415325,,20
MRPL43+ctrl,systema_pearson,-0.33081118816083255,,20
MRPL50+ctrl,txpert_macro_pearson_delta,0.28357829779009641,,5000
MRPL50+ctrl,trishift_pearson_delta,0.33823621395501108,,20
MRPL50+ctrl,systema_pearson,-0.41466363137173473,,20
MRPS2+ctrl,txpert_macro_pearson_delta,0.030783362071817463,,5000
MRPS2+ctrl,trishift_pearson_delta,0.5600849045531654,,20
MRPS2+ctrl,systema_pearson,-0.090354276304322537,,20
MRPS23+ctrl,txpert_macro_pearson_delta,0.19010247213720127,,5000
MRPS23+ctrl,trishift_pearson_delta,0.68465314791496534,,20
MRPS23+ctrl,systema_pearson,0.28958681370705586,,20
MRPS25+ctrl,txpert_macro_pearson_delta,0.34334690923553557,,5000
MRPS25+ctrl,trishift_pearson_delta,0.51786441381534998,,20
MRPS25+ctrl,systema_pearson,-0.23481346382353221,,20
MRPS30+ctrl,txpert_macro_pearson_delta,0.27964678020001055,,5000
MRPS30+ctrl,trishift_pearson_delta,0.36273768140378132,,20
MRPS30+ctrl,systema_pearson,0.26577764606840648,,20
MRPS35+ctrl,txpert_macro_pearson_delta,0.13432255905346902,,5000
MRPS35+ctrl,trishift_pearson_delta,0.54804914149385142,,20
MRPS35+ctrl,systema_pearson,-0.27037557878979046,,20
MT2A+ctrl,txpert_macro_pearson_delta,0.1129379498724804,,5000
MT2A+ctrl,trishift_pearson_delta,-0.84667638056592565,,20
MT2A+ctrl,systema_pearson,-0.63302730675963192,,20
MVD+ctrl,txpert_macro_pearson_delta,0.47982658463096123,,5000
MVD+ctrl,trishift_pearson_delta,0.50729399041923018,,20
MVD+ctrl,systema_pearson,-0.66749820702310902,,20
NAA10+ctrl,txpert_macro_pearson_delta,0.55696010572271182,,5000
NAA10+ctrl,trishift_pearson_delta,0.90973053344628874,,20
NAA10+ctrl,systema_pearson,-0.4117680406831577,,20
NAA25+ctrl,txpert_macro_pearson_delta,0.51540583645890636,,5000
NAA25+ctrl,trishift_pearson_delta,0.16674646572463536,,20
NAA25+ctrl,systema_pearson,-0.52746305477888278,,20
NAF1+ctrl,txpert_macro_pearson_delta,0.35308600152723418,,5000
NAF1+ctrl,trishift_pearson_delta,0.37513432976301464,,20
NAF1+ctrl,systema_pearson,0.34074311185604689,,20
NARS+ctrl,txpert_macro_pearson_delta,0.60008165348966969,,5000
NARS+ctrl,trishift_pearson_delta,0.83541722644866123,,20
NARS+ctrl,systema_pearson,-0.15653654219428165,,20
NBPF12+ctrl,txpert_macro_pearson_delta,-0.30453404405132717,,5000
NBPF12+ctrl,trishift_pearson_delta,-0.79349271397713717,,20
NBPF12+ctrl,systema_pearson,0.59149828307268637,,20
NBPF3+ctrl,txpert_macro_pearson_delta,-0.15376411872985085,,5000
NBPF3+ctrl,trishift_pearson_delta,0.51079465228306709,,20
NBPF3+ctrl,systema_pearson,0.37792448459876066,,20
NCAPD2+ctrl,txpert_macro_pearson_delta,0.074296385651752311,,5000
NCAPD2+ctrl,trishift_pearson_delta,0.1497562630346092,,20
NCAPD2+ctrl,systema_pearson,0.38563619164306773,,20
NCAPH+ctrl,txpert_macro_pearson_delta,0.49424353715394259,,5000
NCAPH+ctrl,trishift_pearson_delta,0.94358543247691407,,20
NCAPH+ctrl,systema_pearson,-0.40969778942361318,,20
NCOA4+ctrl,txpert_macro_pearson_delta,0.16627865304038156,,5000
NCOA4+ctrl,trishift_pearson_delta,0.61169316986609301,,20
NCOA4+ctrl,systema_pearson,0.57803367232717418,,20
NDC80+ctrl,txpert_macro_pearson_delta,0.16450736229967733,,5000
NDC80+ctrl,trishift_pearson_delta,0.5574204092970656,,20
NDC80+ctrl,systema_pearson,0.79275067905740226,,20
NDUFA11+ctrl,txpert_macro_pearson_delta,0.43616426221428689,,5000
NDUFA11+ctrl,trishift_pearson_delta,0.82650035613838535,,20
NDUFA11+ctrl,systema_pearson,0.34624478115474555,,20
NDUFA3+ctrl,txpert_macro_pearson_delta,0.32968421743420723,,5000
NDUFA3+ctrl,trishift_pearson_delta,0.67368784846202623,,20
NDUFA3+ctrl,systema_pearson,-0.084292244995015128,,20
NDUFA4+ctrl,txpert_macro_pearson_delta,0.12362348845679066,,5000
NDUFA4+ctrl,trishift_pearson_delta,-0.32586120516472694,,20
NDUFA4+ctrl,systema_pearson,0.59934859331790358,,20
NDUFA6+ctrl,txpert_macro_pearson_delta,0.26964021371408875,,5000
NDUFA6+ctrl,trishift_pearson_delta,0.21282454657209202,,20
NDUFA6+ctrl,systema_pearson,-0.75527845688125017,,20
NDUFB10+ctrl,txpert_macro_pearson_delta,0.37535385609270461,,5000
NDUFB10+ctrl,trishift_pearson_delta,0.79854633230930017,,20
NDUFB10+ctrl,systema_pearson,-0.51511436006554134,,20
NDUFB7+ctrl,txpert_macro_pearson_delta,0.095555861297926717,,5000
NDUFB7+ctrl,trishift_pearson_delta,-0.44838956954588588,,20
NDUFB7+ctrl,systema_pearson,-0.53291036695816218,,20
NDUFB8+ctrl,txpert_macro_pearson_delta,0.33738990012238734,,5000
NDUFB8+ctrl,trishift_pearson_delta,-0.011791259679801366,,20
NDUFB8+ctrl,systema_pearson,0.57607888069917879,,20
NDUFV2+ctrl,txpert_macro_pearson_delta,0.42044489904448801,,5000
NDUFV2+ctrl,trishift_pearson_delta,0.35460232906543226,,20
NDUFV2+ctrl,systema_pearson,0.094439861195964397,,20
NEDD1+ctrl,txpert_macro_pearson_delta,-0.0062260087285218183,,5000
NEDD1+ctrl,trishift_pearson_delta,-0.43720959756773875,,20
NEDD1+ctrl,systema_pearson,-0.45131024474284726,,20
NELFB+ctrl,txpert_macro_pearson_delta,0.12240491649709749,,5000
NELFB+ctrl,trishift_pearson_delta,0.13110400554333593,,20
NELFB+ctrl,systema_pearson,-0.13421673243520668,,20
NFS1+ctrl,txpert_macro_pearson_delta,0.44061909740177729,,5000
NFS1+ctrl,trishift_pearson_delta,0.30030260014918747,,20
NFS1+ctrl,systema_pearson,0.45277945317088258,,20
NIFK+ctrl,txpert_macro_pearson_delta,0.50796268051597782,,5000
NIFK+ctrl,trishift_pearson_delta,0.58514699636539391,,20
NIFK+ctrl,systema_pearson,-0.34944806753882773,,20
NKX6-1+ctrl,txpert_macro_pearson_delta,0.46141994121623242,,5000
NKX6-1+ctrl,trishift_pearson_delta,0.89577217330791759,,20
NKX6-1+ctrl,systema_pearson,0.15560181361064179,,20
NLE1+ctrl,txpert_macro_pearson_delta,0.56758379224435485,,5000
NLE1+ctrl,trishift_pearson_delta,0.82533174524465391,,20
NLE1+ctrl,systema_pearson,0.138991674478912,,20
NMD3+ctrl,txpert_macro_pearson_delta,0.65136036961073163,,5000
NMD3+ctrl,trishift_pearson_delta,0.82791262497461171,,20
NMD3+ctrl,systema_pearson,0.16140892917252347,,20
NOC4L+ctrl,txpert_macro_pearson_delta,0.54393392181710121,,5000
NOC4L+ctrl,trishift_pearson_delta,-0.057577691213352385,,20
NOC4L+ctrl,systema_pearson,-0.30856923074528708,,20
NOL6+ctrl,txpert_macro_pearson_delta,0.58536981801305743,,5000
NOL6+ctrl,trishift_pearson_delta,0.56770641154954959,,20
NOL6+ctrl,systema_pearson,0.043824495115415134,,20
NOL9+ctrl,txpert_macro_pearson_delta,0.38581628212061553,,5000
NOL9+ctrl,trishift_pearson_delta,0.57173434335784379,,20
NOL9+ctrl,systema_pearson,-0.72107164712502636,,20
NOLC1+ctrl,txpert_macro_pearson_delta,0.48816924404761014,,5000
NOLC1+ctrl,trishift_pearson_delta,0.6976383922323931,,20
NOLC1+ctrl,systema_pearson,0.21076656055615117,,20
NOP16+ctrl,txpert_macro_pearson_delta,0.5667508966039162,,5000
NOP16+ctrl,trishift_pearson_delta,0.79145366483965807,,20
NOP16+ctrl,systema_pearson,0.29243024404378076,,20
NSA2+ctrl,txpert_macro_pearson_delta,0.52163263831775508,,5000
NSA2+ctrl,trishift_pearson_delta,0.81184664949586061,,20
NSA2+ctrl,systema_pearson,-0.63165235560016941,,20
NSMCE1+ctrl,txpert_macro_pearson_delta,-0.055647061580147747,,5000
NSMCE1+ctrl,trishift_pearson_delta,-0.41495264525281111,,20
NSMCE1+ctrl,systema_pearson,-0.41772080247681709,,20
NSMCE2+ctrl,txpert_macro_pearson_delta,0.20282235118341121,,5000
NSMCE2+ctrl,trishift_pearson_delta,0.12473029709776617,,20
NSMCE2+ctrl,systema_pearson,-0.36620220243851165,,20
NSRP1+ctrl,txpert_macro_pearson_delta,0.48243428999203991,,5000
NSRP1+ctrl,trishift_pearson_delta,0.69755999408972491,,20
NSRP1+ctrl,systema_pearson,-0.012266665413653744,,20
NSUN4+ctrl,txpert_macro_pearson_delta,0.031050909650563095,,5000
NSUN4+ctrl,trishift_pearson_delta,-0.6094904847619016,,20
NSUN4+ctrl,systema_pearson,0.0016614525494509484,,20
NUB1+ctrl,txpert_macro_pearson_delta,0.20367134616413873,,5000
NUB1+ctrl,trishift_pearson_delta,-0.56593425482160808,,20
NUB1+ctrl,systema_pearson,-0.64673798893891266,,20
NUDCD3+ctrl,txpert_macro_pearson_delta,0.18598998289094337,,5000
NUDCD3+ctrl,trishift_pearson_delta,0.11757236381758734,,20
NUDCD3+ctrl,systema_pearson,0.71856716307633495,,20
NUDT15+ctrl,txpert_macro_pearson_delta,-0.003669418570418847,,5000
NUDT15+ctrl,trishift_pearson_delta,0.57702429236585728,,20
NUDT15+ctrl,systema_pearson,0.45485279680457902,,20
NUP153+ctrl,txpert_macro_pearson_delta,0.016002008195375977,,5000
NUP153+ctrl,trishift_pearson_delta,0.3979485828696131,,20
NUP153+ctrl,systema_pearson,0.13414265793481905,,20
NUP205+ctrl,txpert_macro_pearson_delta,0.2116180707090039,,5000
NUP205+ctrl,trishift_pearson_delta,-0.28087853484180025,,20
NUP205+ctrl,systema_pearson,-0.35679127789857457,,20
NUP43+ctrl,txpert_macro_pearson_delta,0.41516684523359398,,5000
NUP43+ctrl,trishift_pearson_delta,0.24097429107877563,,20
NUP43+ctrl,systema_pearson,-0.56516649597230162,,20
NUTF2+ctrl,txpert_macro_pearson_delta,0.071605869136889155,,5000
NUTF2+ctrl,trishift_pearson_delta,0.17690471208507955,,20
NUTF2+ctrl,systema_pearson,0.38338473755101449,,20
NVL+ctrl,txpert_macro_pearson_delta,0.50841488012854896,,5000
NVL+ctrl,trishift_pearson_delta,0.7521837986726958,,20
NVL+ctrl,systema_pearson,-0.56839184091179051,,20
OIP5+ctrl,txpert_macro_pearson_delta,-0.095687579335375098,,5000
OIP5+ctrl,trishift_pearson_delta,-0.41886678081815393,,20
OIP5+ctrl,systema_pearson,-0.45615464473743611,,20
OR1D2+ctrl,txpert_macro_pearson_delta,-0.019824113741794758,,5000
OR1D2+ctrl,trishift_pearson_delta,-0.065708902566911379,,20
OR1D2+ctrl,systema_pearson,0.16250089231237375,,20
OR1E2+ctrl,txpert_macro_pearson_delta,-0.12596388800930527,,5000
OR1E2+ctrl,trishift_pearson_delta,0.16354258039090394,,20
OR1E2+ctrl,systema_pearson,0.41695433026206913,,20
OR2A1+ctrl,txpert_macro_pearson_delta,0.080902315198914276,,5000
OR2A1+ctrl,trishift_pearson_delta,0.58576742691694506,,20
OR2A1+ctrl,systema_pearson,-0.17054886685028897,,20
OR4N2+ctrl,txpert_macro_pearson_delta,-0.037289930593035508,,5000
OR4N2+ctrl,trishift_pearson_delta,0.062515964251909972,,20
OR4N2+ctrl,systema_pearson,0.3190830673957385,,20
OR7A17+ctrl,txpert_macro_pearson_delta,0.13647741474423572,,5000
OR7A17+ctrl,trishift_pearson_delta,0.038529881899677119,,20
OR7A17+ctrl,systema_pearson,0.45363510026529225,,20
PAK1IP1+ctrl,txpert_macro_pearson_delta,0.41146853118173177,,5000
PAK1IP1+ctrl,trishift_pearson_delta,0.82757992496255273,,20
PAK1IP1+ctrl,systema_pearson,-0.57915552327911135,,20
PAXBP1+ctrl,txpert_macro_pearson_delta,0.60155447420365671,,5000
PAXBP1+ctrl,trishift_pearson_delta,0.87710288075391396,,20
PAXBP1+ctrl,systema_pearson,-0.31839684984302796,,20
PCBP1+ctrl,txpert_macro_pearson_delta,0.55157082644499633,,5000
PCBP1+ctrl,trishift_pearson_delta,0.80070255207662255,,20
PCBP1+ctrl,systema_pearson,0.11703568952051611,,20
PCF11+ctrl,txpert_macro_pearson_delta,0.34387647018190226,,5000
PCF11+ctrl,trishift_pearson_delta,-0.046410733001459155,,20
PCF11+ctrl,systema_pearson,-0.12570567243746553,,20
PCM1+ctrl,txpert_macro_pearson_delta,0.37667591828674679,,5000
PCM1+ctrl,trishift_pearson_delta,0.20936659884247014,,20
PCM1+ctrl,systema_pearson,-0.31717989527751222,,20
PDAP1+ctrl,txpert_macro_pearson_delta,0.23119604816494629,,5000
PDAP1+ctrl,trishift_pearson_delta,0.039262571414735221,,20
PDAP1+ctrl,systema_pearson,-0.76889672448906976,,20
PDCD7+ctrl,txpert_macro_pearson_delta,0.25747257946220453,,5000
PDCD7+ctrl,trishift_pearson_delta,0.3233781907671624,,20
PDCD7+ctrl,systema_pearson,0.082339448885043895,,20
PDHA1+ctrl,txpert_macro_pearson_delta,0.35548140176592374,,5000
PDHA1+ctrl,trishift_pearson_delta,0.79122491166162234,,20
PDHA1+ctrl,systema_pearson,0.037685491819565785,,20
PDRG1+ctrl,txpert_macro_pearson_delta,0.44289754479135779,,5000
PDRG1+ctrl,trishift_pearson_delta,0.83504480571406303,,20
PDRG1+ctrl,systema_pearson,-0.79371907196564317,,20
PEX1+ctrl,txpert_macro_pearson_delta,0.40786258339781728,,5000
PEX1+ctrl,trishift_pearson_delta,0.61746739177621424,,20
PEX1+ctrl,systema_pearson,-0.35840747506861903,,20
PFDN6+ctrl,txpert_macro_pearson_delta,0.39178481268081883,,5000
PFDN6+ctrl,trishift_pearson_delta,0.66455380641883888,,20
PFDN6+ctrl,systema_pearson,0.042261427299693059,,20
PGAM1+ctrl,txpert_macro_pearson_delta,0.42339033825767775,,5000
PGAM1+ctrl,trishift_pearson_delta,0.7216588918056821,,20
PGAM1+ctrl,systema_pearson,-0.5758177722471447,,20
PGD+ctrl,txpert_macro_pearson_delta,0.49861375907246835,,5000
PGD+ctrl,trishift_pearson_delta,0.78827199938878034,,20
PGD+ctrl,systema_pearson,0.22691921213451002,,20
PGPEP1+ctrl,txpert_macro_pearson_delta,0.23295185133440766,,5000
PGPEP1+ctrl,trishift_pearson_delta,0.28773385575487348,,20
PGPEP1+ctrl,systema_pearson,0.2921585982330252,,20
PIAS4+ctrl,txpert_macro_pearson_delta,0.18145913490712154,,5000
PIAS4+ctrl,trishift_pearson_delta,0.14667323176348074,,20
PIAS4+ctrl,systema_pearson,-0.50337299138031488,,20
PIGH+ctrl,txpert_macro_pearson_delta,0.43110434119381696,,5000
PIGH+ctrl,trishift_pearson_delta,0.81985359626515653,,20
PIGH+ctrl,systema_pearson,0.23430220827581902,,20
PIK3R4+ctrl,txpert_macro_pearson_delta,0.0115862563239701,,5000
PIK3R4+ctrl,trishift_pearson_delta,-0.41378747017049206,,20
PIK3R4+ctrl,systema_pearson,-0.54730963074004735,,20
PLEKHN1+ctrl,txpert_macro_pearson_delta,-0.12620224962907614,,5000
PLEKHN1+ctrl,trishift_pearson_delta,-0.33780031671677907,,20
PLEKHN1+ctrl,systema_pearson,-0.28568740500608003,,20
PMF1+ctrl,txpert_macro_pearson_delta,0.67016417812803541,,5000
PMF1+ctrl,trishift_pearson_delta,0.51779511988182125,,20
PMF1+ctrl,systema_pearson,-0.23814351383699306,,20
PMPCB+ctrl,txpert_macro_pearson_delta,0.37355041724115945,,5000
PMPCB+ctrl,trishift_pearson_delta,0.7474607580517042,,20
PMPCB+ctrl,systema_pearson,0.55144623939123993,,20
PNISR+ctrl,txpert_macro_pearson_delta,0.34387370016152807,,5000
PNISR+ctrl,trishift_pearson_delta,0.67710993550882248,,19
PNISR+ctrl,systema_pearson,-0.36472622115265158,,19
PNPT1+ctrl,txpert_macro_pearson_delta,0.16470653630129578,,5000
PNPT1+ctrl,trishift_pearson_delta,0.42680174279399907,,20
PNPT1+ctrl,systema_pearson,-0.12099011345589859,,20
POLA2+ctrl,txpert_macro_pearson_delta,0.23317218113788457,,5000
POLA2+ctrl,trishift_pearson_delta,-0.12504961173913029,,20
POLA2+ctrl,systema_pearson,-0.043765806627838709,,20
POLD3+ctrl,txpert_macro_pearson_delta,0.46167928333739022,,5000
POLD3+ctrl,trishift_pearson_delta,0.84060483843794553,,20
POLD3+ctrl,systema_pearson,-0.57838369507504239,,20
POLG2+ctrl,txpert_macro_pearson_delta,-0.0050732798163290738,,5000
POLG2+ctrl,trishift_pearson_delta,0.57640791722729379,,20
POLG2+ctrl,systema_pearson,-0.24707607019187716,,20
POLR2D+ctrl,txpert_macro_pearson_delta,0.52930727036539149,,5000
POLR2D+ctrl,trishift_pearson_delta,0.80784055122885556,,20
POLR2D+ctrl,systema_pearson,0.0041870041159463465,,20
POLR2I+ctrl,txpert_macro_pearson_delta,0.62810192743780824,,5000
POLR2I+ctrl,trishift_pearson_delta,0.85401602910571062,,20
POLR2I+ctrl,systema_pearson,0.060447645729180821,,20
POLR2M+ctrl,txpert_macro_pearson_delta,0.47686090609981707,,5000
POLR2M+ctrl,trishift_pearson_delta,0.79682131013607171,,20
POLR2M+ctrl,systema_pearson,-0.49734019340093893,,20
POLR3D+ctrl,txpert_macro_pearson_delta,0.67561375842121274,,5000
POLR3D+ctrl,trishift_pearson_delta,0.60193508046453714,,20
POLR3D+ctrl,systema_pearson,-0.56235349635136711,,20
POLR3F+ctrl,txpert_macro_pearson_delta,0.61691539110510796,,5000
POLR3F+ctrl,trishift_pearson_delta,0.63923101226479406,,20
POLR3F+ctrl,systema_pearson,-0.25725842256665626,,20
PPIE+ctrl,txpert_macro_pearson_delta,0.48362581001583349,,5000
PPIE+ctrl,trishift_pearson_delta,0.73985092757683246,,20
PPIE+ctrl,systema_pearson,-0.38708728573671797,,20
PRIM2+ctrl,txpert_macro_pearson_delta,0.34699043039495409,,5000
PRIM2+ctrl,trishift_pearson_delta,0.17354963881744612,,20
PRIM2+ctrl,systema_pearson,-0.11946793112266155,,20
PRODH+ctrl,txpert_macro_pearson_delta,-0.01922358685226478,,5000
PRODH+ctrl,trishift_pearson_delta,0.32805931408067202,,20
PRODH+ctrl,systema_pearson,0.091508038053503965,,20
PRPF18+ctrl,txpert_macro_pearson_delta,0.44306064132376022,,5000
PRPF18+ctrl,trishift_pearson_delta,0.76879904136529753,,20
PRPF18+ctrl,systema_pearson,-0.49158179639797889,,20
PRPF19+ctrl,txpert_macro_pearson_delta,0.66400254826296745,,5000
PRPF19+ctrl,trishift_pearson_delta,0.81226550976568068,,20
PRPF19+ctrl,systema_pearson,-0.39910423736848827,,20
PRPF39+ctrl,txpert_macro_pearson_delta,0.30038121424549252,,5000
PRPF39+ctrl,trishift_pearson_delta,0.74486676699267051,,20
PRPF39+ctrl,systema_pearson,0.47965364662531657,,20
PRPF40A+ctrl,txpert_macro_pearson_delta,0.49504376425363494,,5000
PRPF40A+ctrl,trishift_pearson_delta,0.77203254237330465,,20
PRPF40A+ctrl,systema_pearson,-0.47853752894336093,,20
PSMA2+ctrl,txpert_macro_pearson_delta,0.27208880817258974,,5000
PSMA2+ctrl,trishift_pearson_delta,0.43762583304999647,,20
PSMA2+ctrl,systema_pearson,-0.24727792111800684,,20
PSMA4+ctrl,txpert_macro_pearson_delta,0.27267450357935102,,5000
PSMA4+ctrl,trishift_pearson_delta,-0.36176860557419305,,20
PSMA4+ctrl,systema_pearson,-0.05304727152068215,,20
PSMA5+ctrl,txpert_macro_pearson_delta,0.27224845941934606,,5000
PSMA5+ctrl,trishift_pearson_delta,0.27257552978534438,,20
PSMA5+ctrl,systema_pearson,-0.075233691347719484,,20
PSMA6+ctrl,txpert_macro_pearson_delta,0.31237666016700583,,5000
PSMA6+ctrl,trishift_pearson_delta,-0.056121234060987804,,20
PSMA6+ctrl,systema_pearson,0.013491623861570897,,20
PSMB1+ctrl,txpert_macro_pearson_delta,0.11555605470767175,,5000
PSMB1+ctrl,trishift_pearson_delta,-0.26379722865177269,,20
PSMB1+ctrl,systema_pearson,-0.088473070841021281,,20
PSMB2+ctrl,txpert_macro_pearson_delta,0.38314837334648555,,5000
PSMB2+ctrl,trishift_pearson_delta,-0.1519709879152743,,20
PSMB2+ctrl,systema_pearson,-0.27146073257978481,,20
PSMB3+ctrl,txpert_macro_pearson_delta,0.32285901523253041,,5000
PSMB3+ctrl,trishift_pearson_delta,-0.090405522205472891,,20
PSMB3+ctrl,systema_pearson,0.079741464399262843,,20
PSMB5+ctrl,txpert_macro_pearson_delta,0.28530743528792657,,5000
PSMB5+ctrl,trishift_pearson_delta,0.59649553281204837,,20
PSMB5+ctrl,systema_pearson,-0.099851565178424515,,20
PSMC4+ctrl,txpert_macro_pearson_delta,0.32877913551532378,,5000
PSMC4+ctrl,trishift_pearson_delta,0.43023604926154752,,20
PSMC4+ctrl,systema_pearson,0.34872292159781432,,20
PSMD11+ctrl,txpert_macro_pearson_delta,0.04960326522162354,,5000
PSMD11+ctrl,trishift_pearson_delta,0.085824463147541136,,20
PSMD11+ctrl,systema_pearson,0.50758425004733665,,20
PSMD12+ctrl,txpert_macro_pearson_delta,0.2638242435072452,,5000
PSMD12+ctrl,trishift_pearson_delta,0.18790444822230282,,20
PSMD12+ctrl,systema_pearson,-0.14510440839039671,,20
PSMD2+ctrl,txpert_macro_pearson_delta,0.18380839284730971,,5000
PSMD2+ctrl,trishift_pearson_delta,0.37059817818678248,,20
PSMD2+ctrl,systema_pearson,0.53696883171990706,,20
PSMD3+ctrl,txpert_macro_pearson_delta,0.02954057372429645,,5000
PSMD3+ctrl,trishift_pearson_delta,,de_unavailable:insufficient_truth_cells_for_t_test:n=1,0
PSMD3+ctrl,systema_pearson,,de_unavailable:insufficient_truth_cells_for_t_test:n=1,0
PSMD4+ctrl,txpert_macro_pearson_delta,0.46812867944310638,,5000
PSMD4+ctrl,trishift_pearson_delta,0.46380713435751175,,20
PSMD4+ctrl,systema_pearson,-0.3814418810902106,,20
PSMD7+ctrl,txpert_macro_pearson_delta,0.13539637784648331,,5000
PSMD7+ctrl,trishift_pearson_delta,-0.19202543332303829,,20
PSMD7+ctrl,systema_pearson,-0.12337632050738229,,20
PSMD8+ctrl,txpert_macro_pearson_delta,0.1280022973164511,,5000
PSMD8+ctrl,trishift_pearson_delta,0.35016273287306066,,20
PSMD8+ctrl,systema_pearson,0.39936045032728862,,20
PSME2+ctrl,txpert_macro_pearson_delta,-0.11378564505060323,,5000
PSME2+ctrl,trishift_pearson_delta,-0.348005972929192,,19
PSME2+ctrl,systema_pearson,-0.029562168199481768,,19
PSTK+ctrl,txpert_macro_pearson_delta,-0.050522977942402278,,5000
PSTK+ctrl,trishift_pearson_delta,0.65348752090705864,,20
PSTK+ctrl,systema_pearson,-0.21929906998174112,,20
PTCD3+ctrl,txpert_macro_pearson_delta,0.47856884855417386,,5000
PTCD3+ctrl,trishift_pearson_delta,0.7574478962400224,,20
PTCD3+ctrl,systema_pearson,-0.13850369532861856,,20
PTPMT1+ctrl,txpert_macro_pearson_delta,0.15901421202597385,,5000
PTPMT1+ctrl,trishift_pearson_delta,0.58788055031093345,,20
PTPMT1+ctrl,systema_pearson,-0.70206023380816496,,20
PTPN23+ctrl,txpert_macro_pearson_delta,0.41673987653122219,,5000
PTPN23+ctrl,trishift_pearson_delta,0.43463561685887442,,20
PTPN23+ctrl,systema_pearson,-0.46248086359570983,,20
PUF60+ctrl,txpert_macro_pearson_delta,0.091011033025223884,,5000
PUF60+ctrl,trishift_pearson_delta,-0.087539049093356816,,20
PUF60+ctrl,systema_pearson,0.084272955541378494,,20
PWP2+ctrl,txpert_macro_pearson_delta,0.6108161811907078,,5000
PWP2+ctrl,trishift_pearson_delta,0.40607663906911701,,20
PWP2+ctrl,systema_pearson,0.14533796405913163,,20
PYROXD1+ctrl,txpert_macro_pearson_delta,-0.094284311682161018,,5000
PYROXD1+ctrl,trishift_pearson_delta,0.44659622234754326,,20
PYROXD1+ctrl,systema_pearson,0.26721944224261346,,20
PYURF+ctrl,txpert_macro_pearson_delta,0.52001024063427381,,5000
PYURF+ctrl,trishift_pearson_delta,0.76027193835605589,,20
PYURF+ctrl,systema_pearson,-0.38210896911737674,,20
RAB4B+ctrl,txpert_macro_pearson_delta,0.42492666348382774,,5000
RAB4B+ctrl,trishift_pearson_delta,0.55712553605143855,,20
RAB4B+ctrl,systema_pearson,-0.4961185629907866,,20
RAD51+ctrl,txpert_macro_pearson_delta,0.37403491972701103,,5000
RAD51+ctrl,trishift_pearson_delta,-0.62332612835963774,,20
RAD51+ctrl,systema_pearson,-0.49109507267002961,,20
RAD51C+ctrl,txpert_macro_pearson_delta,0.11328931403451221,,5000
RAD51C+ctrl,trishift_pearson_delta,0.42193847851688093,,20
RAD51C+ctrl,systema_pearson,0.33851002791106627,,20
RAD51D+ctrl,txpert_macro_pearson_delta,0.033227345616356221,,5000
RAD51D+ctrl,trishift_pearson_delta,0.22541083535485026,,20
RAD51D+ctrl,systema_pearson,0.15384496775489259,,20
RANGAP1+ctrl,txpert_macro_pearson_delta,0.16448541074951403,,5000
RANGAP1+ctrl,trishift_pearson_delta,0.64383780518138145,,20
RANGAP1+ctrl,systema_pearson,-0.20775992075539051,,20
RARS+ctrl,txpert_macro_pearson_delta,0.68098561373903799,,5000
RARS+ctrl,trishift_pearson_delta,0.91672086688348575,,20
RARS+ctrl,systema_pearson,-0.65446151565901611,,20
RARS2+ctrl,txpert_macro_pearson_delta,0.37293998953398627,,5000
RARS2+ctrl,trishift_pearson_delta,0.56006248100458023,,20
RARS2+ctrl,systema_pearson,-0.068196154784640403,,20
RBM12+ctrl,txpert_macro_pearson_delta,0.47053056950451072,,5000
RBM12+ctrl,trishift_pearson_delta,0.84148392244589043,,20
RBM12+ctrl,systema_pearson,-0.69264888379747169,,20
RBM25+ctrl,txpert_macro_pearson_delta,0.52983155376907043,,5000
RBM25+ctrl,trishift_pearson_delta,0.70795158655813162,,20
RBM25+ctrl,systema_pearson,-0.38968163458576194,,20
RBM42+ctrl,txpert_macro_pearson_delta,0.44112978902600603,,5000
RBM42+ctrl,trishift_pearson_delta,0.31184187234547117,,20
RBM42+ctrl,systema_pearson,-0.61564795243299064,,20
RBM8A+ctrl,txpert_macro_pearson_delta,0.38937231745134054,,5000
RBM8A+ctrl,trishift_pearson_delta,0.31933007092751103,,20
RBM8A+ctrl,systema_pearson,0.01168259028089298,,20
RBMXL1+ctrl,txpert_macro_pearson_delta,-0.056618445550461416,,5000
RBMXL1+ctrl,trishift_pearson_delta,-0.14428981184716577,,20
RBMXL1+ctrl,systema_pearson,-0.28475990210239527,,20
RCL1+ctrl,txpert_macro_pearson_delta,0.61050293636742625,,5000
RCL1+ctrl,trishift_pearson_delta,0.2823356592195515,,20
RCL1+ctrl,systema_pearson,-0.061862864093343968,,20
REV3L+ctrl,txpert_macro_pearson_delta,-0.12187209478619547,,5000
REV3L+ctrl,trishift_pearson_delta,0.32522785436728902,,20
REV3L+ctrl,systema_pearson,0.42094259888333074,,20
RHOQ+ctrl,txpert_macro_pearson_delta,0.10584414322192036,,5000
RHOQ+ctrl,trishift_pearson_delta,-0.042905243641599491,,20
RHOQ+ctrl,systema_pearson,0.51231063077483707,,20
RHPN1+ctrl,txpert_macro_pearson_delta,-0.11543947709910339,,5000
RHPN1+ctrl,trishift_pearson_delta,-0.45805068093319279,,20
RHPN1+ctrl,systema_pearson,-0.56592283295525769,,20
RMI1+ctrl,txpert_macro_pearson_delta,-0.13949255419942583,,5000
RMI1+ctrl,trishift_pearson_delta,0.13836747436035826,,20
RMI1+ctrl,systema_pearson,0.31948689830353949,,20
RNF4+ctrl,txpert_macro_pearson_delta,0.34944954248308097,,5000
RNF4+ctrl,trishift_pearson_delta,0.37325632140507259,,20
RNF4+ctrl,systema_pearson,-0.10117187256954108,,20
RNGTT+ctrl,txpert_macro_pearson_delta,0.29846900240555724,,5000
RNGTT+ctrl,trishift_pearson_delta,0.70242782162029083,,20
RNGTT+ctrl,systema_pearson,-0.37290605724191528,,20
RPAIN+ctrl,txpert_macro_pearson_delta,0.17515688146057354,,5000
RPAIN+ctrl,trishift_pearson_delta,-0.27718789048467213,,20
RPAIN+ctrl,systema_pearson,-0.08038005323348936,,20
RPAP3+ctrl,txpert_macro_pearson_delta,0.40027096658321454,,5000
RPAP3+ctrl,trishift_pearson_delta,0.86250026949454717,,20
RPAP3+ctrl,systema_pearson,0.10522219072268334,,20
RPE+ctrl,txpert_macro_pearson_delta,0.014586161147928456,,5000
RPE+ctrl,trishift_pearson_delta,0.48967690457015439,,20
RPE+ctrl,systema_pearson,0.142276563807295,,20
RPL11+ctrl,txpert_macro_pearson_delta,0.67826120138930357,,5000
RPL11+ctrl,trishift_pearson_delta,0.8986926085250686,,20
RPL11+ctrl,systema_pearson,-0.61001268878086445,,20
RPL15+ctrl,txpert_macro_pearson_delta,0.58909332922277868,,5000
RPL15+ctrl,trishift_pearson_delta,-0.10905192728584817,,20
RPL15+ctrl,systema_pearson,-0.22156633337222612,,20
RPL28+ctrl,txpert_macro_pearson_delta,0.17759871078693679,,5000
RPL28+ctrl,trishift_pearson_delta,0.78399867220007757,,20
RPL28+ctrl,systema_pearson,0.8094099664550648,,20
RPL37+ctrl,txpert_macro_pearson_delta,0.5451230410761152,,5000
RPL37+ctrl,trishift_pearson_delta,0.90091702167463672,,19
RPL37+ctrl,systema_pearson,-0.086987486343108059,,19
RPL7+ctrl,txpert_macro_pearson_delta,0.65055419331615105,,5000
RPL7+ctrl,trishift_pearson_delta,0.87691639725194015,,20
RPL7+ctrl,systema_pearson,-0.39456532995503907,,20
RPL8+ctrl,txpert_macro_pearson_delta,0.59734108307759126,,5000
RPL8+ctrl,trishift_pearson_delta,0.83623697228676475,,20
RPL8+ctrl,systema_pearson,-0.47431593310390918,,20
RPN2+ctrl,txpert_macro_pearson_delta,0.021290691066099043,,5000
RPN2+ctrl,trishift_pearson_delta,-0.0046519016743302556,,20
RPN2+ctrl,systema_pearson,0.050064967031605782,,20
RPP14+ctrl,txpert_macro_pearson_delta,0.60875275583283583,,5000
RPP14+ctrl,trishift_pearson_delta,0.38269589116060904,,20
RPP14+ctrl,systema_pearson,0.3550890060328748,,20
RPP21+ctrl,txpert_macro_pearson_delta,0.25415635591620866,,5000
RPP21+ctrl,trishift_pearson_delta,0.073664170955690333,,20
RPP21+ctrl,systema_pearson,0.16152694736684034,,20
RPP38+ctrl,txpert_macro_pearson_delta,0.35563527756975466,,5000
RPP38+ctrl,trishift_pearson_delta,0.85876296866373036,,20
RPP38+ctrl,systema_pearson,-0.18264206825661866,,20
RPP40+ctrl,txpert_macro_pearson_delta,0.35127418732133214,,5000
RPP40+ctrl,trishift_pearson_delta,0.04280140575168951,,20
RPP40+ctrl,systema_pearson,-0.19241190311383627,,20
RPRD1B+ctrl,txpert_macro_pearson_delta,0.28628335380813752,,5000
RPRD1B+ctrl,trishift_pearson_delta,0.55237011167455741,,20
RPRD1B+ctrl,systema_pearson,-0.28135641873140088,,20
RPS10+ctrl,txpert_macro_pearson_delta,0.53111027414666689,,5000
RPS10+ctrl,trishift_pearson_delta,0.49023334324050338,,20
RPS10+ctrl,systema_pearson,0.31870569661329656,,20
RPS10-NUDT3+ctrl,txpert_macro_pearson_delta,0.59212801974194362,,5000
RPS10-NUDT3+ctrl,trishift_pearson_delta,0.41940701364804867,,20
RPS10-NUDT3+ctrl,systema_pearson,-0.18881946299964658,,20
RPS11+ctrl,txpert_macro_pearson_delta,0.68900639772034122,,5000
RPS11+ctrl,trishift_pearson_delta,0.84651090162852016,,20
RPS11+ctrl,systema_pearson,-0.52925171857046671,,20
RPS12+ctrl,txpert_macro_pearson_delta,0.66406261679716283,,5000
RPS12+ctrl,trishift_pearson_delta,0.87516160763836104,,19
RPS12+ctrl,systema_pearson,-0.65932771479734498,,19
RPS13+ctrl,txpert_macro_pearson_delta,0.75305956463235779,,5000
RPS13+ctrl,trishift_pearson_delta,0.87841873582427354,,20
RPS13+ctrl,systema_pearson,-0.034441292201589063,,20
RPS17+ctrl,txpert_macro_pearson_delta,0.6472623585104279,,5000
RPS17+ctrl,trishift_pearson_delta,0.85066254674871167,,20
RPS17+ctrl,systema_pearson,0.11462504652592272,,20
RPS19+ctrl,txpert_macro_pearson_delta,0.71903138737702099,,5000
RPS19+ctrl,trishift_pearson_delta,0.8694974644142246,,20
RPS19+ctrl,systema_pearson,0.048038623929176467,,20
RPS19BP1+ctrl,txpert_macro_pearson_delta,0.53551259424733932,,5000
RPS19BP1+ctrl,trishift_pearson_delta,-0.12288906974649906,,20
RPS19BP1+ctrl,systema_pearson,0.21232196150919755,,20
RPS2+ctrl,txpert_macro_pearson_delta,0.73015737664598257,,5000
RPS2+ctrl,trishift_pearson_delta,0.74922594549259758,,20
RPS2+ctrl,systema_pearson,-0.65371809295204308,,20
RPS24+ctrl,txpert_macro_pearson_delta,0.6775192046066626,,5000
RPS24+ctrl,trishift_pearson_delta,0.84575295552568619,,19
RPS24+ctrl,systema_pearson,0.11521390374484695,,19
RPS27+ctrl,txpert_macro_pearson_delta,0.58835423086074645,,5000
RPS27+ctrl,trishift_pearson_delta,0.41164528575906667,,19
RPS27+ctrl,systema_pearson,-0.42398475333199304,,19
RPS28+ctrl,txpert_macro_pearson_delta,0.67596308924239479,,5000
RPS28+ctrl,trishift_pearson_delta,0.8837664929940191,,19
RPS28+ctrl,systema_pearson,-0.19440371715196544,,19
RPS29+ctrl,txpert_macro_pearson_delta,0.74324843465307777,,5000
RPS29+ctrl,trishift_pearson_delta,0.86747351217527857,,20
RPS29+ctrl,systema_pearson,-0.38328075354371977,,20
RRN3+ctrl,txpert_macro_pearson_delta,0.70740512545264744,,5000
RRN3+ctrl,trishift_pearson_delta,0.8905558129270611,,20
RRN3+ctrl,systema_pearson,-0.26264371192500024,,20
RRP7A+ctrl,txpert_macro_pearson_delta,0.6074562891671299,,5000
RRP7A+ctrl,trishift_pearson_delta,0.36228320394678176,,20
RRP7A+ctrl,systema_pearson,0.18705993366763701,,20
RSRC2+ctrl,txpert_macro_pearson_delta,0.14059336569075645,,5000
RSRC2+ctrl,trishift_pearson_delta,-0.36109506725628987,,20
RSRC2+ctrl,systema_pearson,-0.56889660660270602,,20
RUVBL1+ctrl,txpert_macro_pearson_delta,0.51916948565924548,,5000
RUVBL1+ctrl,trishift_pearson_delta,0.74715513847824921,,20
RUVBL1+ctrl,systema_pearson,-0.0749197882628653,,20
SAP130+ctrl,txpert_macro_pearson_delta,0.22005970095413985,,5000
SAP130+ctrl,trishift_pearson_delta,0.34942360496183328,,20
SAP130+ctrl,systema_pearson,0.14646075104176001,,20
SBDS+ctrl,txpert_macro_pearson_delta,0.061897404131973338,,5000
SBDS+ctrl,trishift_pearson_delta,-0.17332954959995209,,20
SBDS+ctrl,systema_pearson,0.25290139213010049,,20
SDAD1+ctrl,txpert_macro_pearson_delta,0.48386033071925622,,5000
SDAD1+ctrl,trishift_pearson_delta,0.74438274255915649,,20
SDAD1+ctrl,systema_pearson,-0.49827802595456383,,20
SDC1+ctrl,txpert_macro_pearson_delta,0.42639237901220955,,5000
SDC1+ctrl,trishift_pearson_delta,0.20987420881506505,,20
SDC1+ctrl,systema_pearson,-0.21368142848977389,,20
SDHD+ctrl,txpert_macro_pearson_delta,-0.070339346143092854,,5000
SDHD+ctrl,trishift_pearson_delta,-0.69764701126101769,,20
SDHD+ctrl,systema_pearson,-0.34889411783744745,,20
SEH1L+ctrl,txpert_macro_pearson_delta,0.48579530791148923,,5000
SEH1L+ctrl,trishift_pearson_delta,0.43057037832021022,,20
SEH1L+ctrl,systema_pearson,0.33584516978020373,,20
SEM1+ctrl,txpert_macro_pearson_delta,0.5458416677179444,,5000
SEM1+ctrl,trishift_pearson_delta,0.69707630133331844,,20
SEM1+ctrl,systema_pearson,-0.77877563854974796,,20
SEPHS2+ctrl,txpert_macro_pearson_delta,-0.0073497996758556845,,5000
SEPHS2+ctrl,trishift_pearson_delta,-0.095678107783799413,,20
SEPHS2+ctrl,systema_pearson,-0.41937591990451006,,20
SET+ctrl,txpert_macro_pearson_delta,0.065961963178908539,,5000
SET+ctrl,trishift_pearson_delta,0.37587870358436931,,20
SET+ctrl,systema_pearson,0.22275538779356227,,20
SETD5+ctrl,txpert_macro_pearson_delta,0.10235018114781767,,5000
SETD5+ctrl,trishift_pearson_delta,0.34015684436831223,,20
SETD5+ctrl,systema_pearson,-0.17601458787258673,,20
SETDB1+ctrl,txpert_macro_pearson_delta,0.33584829396135463,,5000
SETDB1+ctrl,trishift_pearson_delta,0.6505737446076123,,20
SETDB1+ctrl,systema_pearson,-0.056376818797585611,,20
SF3A2+ctrl,txpert_macro_pearson_delta,0.4541884329622432,,5000
SF3A2+ctrl,trishift_pearson_delta,0.62332060928886468,,20
SF3A2+ctrl,systema_pearson,-0.36736848691700286,,20
SF3B1+ctrl,txpert_macro_pearson_delta,0.48762255897947326,,5000
SF3B1+ctrl,trishift_pearson_delta,0.30802993346515734,,19
SF3B1+ctrl,systema_pearson,-0.4043542783852504,,19
SF3B4+ctrl,txpert_macro_pearson_delta,0.62868309850976256,,5000
SF3B4+ctrl,trishift_pearson_delta,0.82045985653067521,,20
SF3B4+ctrl,systema_pearson,0.19587236329360883,,20
SFSWAP+ctrl,txpert_macro_pearson_delta,0.36059767986854169,,5000
SFSWAP+ctrl,trishift_pearson_delta,0.47228424241232536,,20
SFSWAP+ctrl,systema_pearson,-0.33783776690206119,,20
SGPP1+ctrl,txpert_macro_pearson_delta,-0.055019055449705638,,5000
SGPP1+ctrl,trishift_pearson_delta,0.071727319886938354,,20
SGPP1+ctrl,systema_pearson,0.33259264683045575,,20
SIRT7+ctrl,txpert_macro_pearson_delta,0.61816330939727226,,5000
SIRT7+ctrl,trishift_pearson_delta,0.75068109052482423,,20
SIRT7+ctrl,systema_pearson,-0.79751566731453627,,20
SLBP+ctrl,txpert_macro_pearson_delta,0.27422226738911504,,5000
SLBP+ctrl,trishift_pearson_delta,0.60338111877888179,,20
SLBP+ctrl,systema_pearson,0.049873770998949817,,20
SLC39A9+ctrl,txpert_macro_pearson_delta,0.53880971738543848,,5000
SLC39A9+ctrl,trishift_pearson_delta,0.59592750927858396,,20
SLC39A9+ctrl,systema_pearson,-0.39518143457280369,,20
SLC7A5+ctrl,txpert_macro_pearson_delta,-0.048838108069603071,,5000
SLC7A5+ctrl,trishift_pearson_delta,-0.3761198960540646,,20
SLC7A5+ctrl,systema_pearson,0.10581866437416514,,20
SLU7+ctrl,txpert_macro_pearson_delta,0.41917269263845142,,5000
SLU7+ctrl,trishift_pearson_delta,-0.042699687336378002,,20
SLU7+ctrl,systema_pearson,-0.45051086456861045,,20
SMC1A+ctrl,txpert_macro_pearson_delta,0.69233511188948194,,5000
SMC1A+ctrl,trishift_pearson_delta,0.6764457695278091,,20
SMC1A+ctrl,systema_pearson,0.042716819650462812,,20
SMG5+ctrl,txpert_macro_pearson_delta,0.38683098207907918,,5000
SMG5+ctrl,trishift_pearson_delta,0.35567326030385099,,20
SMG5+ctrl,systema_pearson,-0.42575381464752371,,20
SMG9+ctrl,txpert_macro_pearson_delta,0.05802148023621808,,5000
SMG9+ctrl,trishift_pearson_delta,0.27673130469209556,,20
SMG9+ctrl,systema_pearson,-0.051130441186148602,,20
SMUG1+ctrl,txpert_macro_pearson_delta,0.31666495973225206,,5000
SMUG1+ctrl,trishift_pearson_delta,0.32933272158010118,,20
SMUG1+ctrl,systema_pearson,0.7025544757482024,,20
SNAPC1+ctrl,txpert_macro_pearson_delta,0.47716118557096582,,5000
SNAPC1+ctrl,trishift_pearson_delta,0.57575657555511339,,20
SNAPC1+ctrl,systema_pearson,0.18334405511533133,,20
SNRNP27+ctrl,txpert_macro_pearson_delta,0.54244087551452236,,5000
SNRNP27+ctrl,trishift_pearson_delta,0.70663875215067529,,20
SNRNP27+ctrl,systema_pearson,0.011164129983265589,,20
SNRNP35+ctrl,txpert_macro_pearson_delta,0.26182918861974203,,5000
SNRNP35+ctrl,trishift_pearson_delta,0.89078927079521286,,20
SNRNP35+ctrl,systema_pearson,0.81283015537170111,,20
SNRNP48+ctrl,txpert_macro_pearson_delta,0.43194506232646251,,5000
SNRNP48+ctrl,trishift_pearson_delta,0.39273708558719161,,20
SNRNP48+ctrl,systema_pearson,-0.28453375484828275,,20
SNRPA+ctrl,txpert_macro_pearson_delta,0.2274167025544461,,5000
SNRPA+ctrl,trishift_pearson_delta,0.87633408059237128,,20
SNRPA+ctrl,systema_pearson,-0.44859184906639388,,20
SNRPD3+ctrl,txpert_macro_pearson_delta,0.55478151384779228,,5000
SNRPD3+ctrl,trishift_pearson_delta,0.73550753950275671,,20
SNRPD3+ctrl,systema_pearson,-0.39079035547301566,,20
SOD1+ctrl,txpert_macro_pearson_delta,0.13897779926117282,,5000
SOD1+ctrl,trishift_pearson_delta,-0.80079155472455699,,19
SOD1+ctrl,systema_pearson,-0.24488237781314526,,19
SPDL1+ctrl,txpert_macro_pearson_delta,-0.004973867498116403,,5000
SPDL1+ctrl,trishift_pearson_delta,0.09988356949425907,,20
SPDL1+ctrl,systema_pearson,0.14746691288690245,,20
SPDYE2+ctrl,txpert_macro_pearson_delta,0.27833014231193248,,5000
SPDYE2+ctrl,trishift_pearson_delta,0.058384154544036101,,20
SPDYE2+ctrl,systema_pearson,-0.39677392104424025,,20
SRA1+ctrl,txpert_macro_pearson_delta,0.17406853180383822,,5000
SRA1+ctrl,trishift_pearson_delta,-0.0019564290412973397,,20
SRA1+ctrl,systema_pearson,0.32094692052353374,,20
SRBD1+ctrl,txpert_macro_pearson_delta,0.30797381978148608,,5000
SRBD1+ctrl,trishift_pearson_delta,0.71825122376870787,,20
SRBD1+ctrl,systema_pearson,-0.64815937120572753,,20
SRCAP+ctrl,txpert_macro_pearson_delta,-0.10664957371482736,,5000
SRCAP+ctrl,trishift_pearson_delta,-0.17144092998921215,,20
SRCAP+ctrl,systema_pearson,0.17634344516867187,,20
SRF+ctrl,txpert_macro_pearson_delta,0.11512756787334626,,5000
SRF+ctrl,trishift_pearson_delta,0.46027521177568614,,20
SRF+ctrl,systema_pearson,-0.031456498613016907,,20
SRFBP1+ctrl,txpert_macro_pearson_delta,0.47471702195335708,,5000
SRFBP1+ctrl,trishift_pearson_delta,-0.00028974299851306515,,20
SRFBP1+ctrl,systema_pearson,-0.0042920999944937649,,20
SRP14+ctrl,txpert_macro_pearson_delta,0.079866937957127793,,5000
SRP14+ctrl,trishift_pearson_delta,-0.097468214907564715,,20
SRP14+ctrl,systema_pearson,0.17631731887739654,,20
SRP54+ctrl,txpert_macro_pearson_delta,0.57833714630545174,,5000
SRP54+ctrl,trishift_pearson_delta,0.87779345161811251,,20
SRP54+ctrl,systema_pearson,-0.34892044592081001,,20
SRSF2+ctrl,txpert_macro_pearson_delta,0.33835402281206606,,5000
SRSF2+ctrl,trishift_pearson_delta,-0.4291423398844183,,19
SRSF2+ctrl,systema_pearson,-0.70395555774938223,,19
SRSF6+ctrl,txpert_macro_pearson_delta,0.25878437007638921,,5000
SRSF6+ctrl,trishift_pearson_delta,0.29977275608557991,,20
SRSF6+ctrl,systema_pearson,0.48711482708965526,,20
SRSF7+ctrl,txpert_macro_pearson_delta,0.41747532475006821,,5000
SRSF7+ctrl,trishift_pearson_delta,-0.56699916960941321,,19
SRSF7+ctrl,systema_pearson,0.19847100756727257,,19
STRIP1+ctrl,txpert_macro_pearson_delta,0.098113291413676335,,5000
STRIP1+ctrl,trishift_pearson_delta,0.13470949044081001,,20
STRIP1+ctrl,systema_pearson,-0.29082407725265264,,20
STT3B+ctrl,txpert_macro_pearson_delta,0.11108188585220055,,5000
STT3B+ctrl,trishift_pearson_delta,0.84954098089238628,,20
STT3B+ctrl,systema_pearson,0.02741515990515115,,20
STXBP4+ctrl,txpert_macro_pearson_delta,-0.064072121243754387,,5000
STXBP4+ctrl,trishift_pearson_delta,-0.6139640476747954,,20
STXBP4+ctrl,systema_pearson,0.77716051636281946,,20
SUGP1+ctrl,txpert_macro_pearson_delta,0.37190033592393595,,5000
SUGP1+ctrl,trishift_pearson_delta,0.76520992583310243,,20
SUGP1+ctrl,systema_pearson,-0.55374120658208681,,20
SUPT16H+ctrl,txpert_macro_pearson_delta,0.3644004208791406,,5000
SUPT16H+ctrl,trishift_pearson_delta,0.59460994353305996,,19
SUPT16H+ctrl,systema_pearson,-0.52724596891089071,,19
SUPT20H+ctrl,txpert_macro_pearson_delta,0.16768067879398177,,5000
SUPT20H+ctrl,trishift_pearson_delta,0.067593718131762334,,20
SUPT20H+ctrl,systema_pearson,-0.094214403415730855,,20
SUPT4H1+ctrl,txpert_macro_pearson_delta,0.2173458017265153,,5000
SUPT4H1+ctrl,trishift_pearson_delta,0.057233543317588745,,20
SUPT4H1+ctrl,systema_pearson,0.79870168131918007,,20
SYNGR3+ctrl,txpert_macro_pearson_delta,0.39667367577546842,,5000
SYNGR3+ctrl,trishift_pearson_delta,0.89852086149038035,,20
SYNGR3+ctrl,systema_pearson,-0.041904513632225089,,20
TAF10+ctrl,txpert_macro_pearson_delta,0.47126452251200956,,5000
TAF10+ctrl,trishift_pearson_delta,0.86953158352662829,,20
TAF10+ctrl,systema_pearson,-0.10999861779577097,,20
TAF12+ctrl,txpert_macro_pearson_delta,0.56703283637873658,,5000
TAF12+ctrl,trishift_pearson_delta,0.73119826824377621,,20
TAF12+ctrl,systema_pearson,-0.33905628565878859,,20
TAF1C+ctrl,txpert_macro_pearson_delta,0.32278732023061818,,5000
TAF1C+ctrl,trishift_pearson_delta,0.51180726651715547,,20
TAF1C+ctrl,systema_pearson,0.18961571182631373,,20
TAMM41+ctrl,txpert_macro_pearson_delta,0.13312402586328737,,5000
TAMM41+ctrl,trishift_pearson_delta,-0.15375537905436018,,20
TAMM41+ctrl,systema_pearson,0.12875123855851298,,20
TBC1D28+ctrl,txpert_macro_pearson_delta,-0.3359569934535156,,5000
TBC1D28+ctrl,trishift_pearson_delta,-0.86438538700439782,,20
TBC1D28+ctrl,systema_pearson,0.41827571919064888,,20
TBCC+ctrl,txpert_macro_pearson_delta,0.11416750530338951,,5000
TBCC+ctrl,trishift_pearson_delta,0.45193097707229651,,20
TBCC+ctrl,systema_pearson,0.39468787166945446,,20
TBP+ctrl,txpert_macro_pearson_delta,0.37420710731268803,,5000
TBP+ctrl,trishift_pearson_delta,0.42821300546941127,,20
TBP+ctrl,systema_pearson,-0.11710720374928454,,20
TBX1+ctrl,txpert_macro_pearson_delta,0.13187132190177911,,5000
TBX1+ctrl,trishift_pearson_delta,0.59213647602103348,,20
TBX1+ctrl,systema_pearson,-0.29345007342340113,,20
TCOF1+ctrl,txpert_macro_pearson_delta,0.53666262696358091,,5000
TCOF1+ctrl,trishift_pearson_delta,0.84501109078743508,,20
TCOF1+ctrl,systema_pearson,0.51798600343546286,,20
TELO2+ctrl,txpert_macro_pearson_delta,0.53864347715849858,,5000
TELO2+ctrl,trishift_pearson_delta,0.76832699695766793,,20
TELO2+ctrl,systema_pearson,-0.64814310630163474,,20
TFAP4+ctrl,txpert_macro_pearson_delta,0.45988435308515541,,5000
TFAP4+ctrl,trishift_pearson_delta,-0.31275059099735736,,20
TFAP4+ctrl,systema_pearson,-0.41351223157135308,,20
TFRC+ctrl,txpert_macro_pearson_delta,0.46430676118455433,,5000
TFRC+ctrl,trishift_pearson_delta,0.24695342696838671,,20
TFRC+ctrl,systema_pearson,-0.10700564276997407,,20
THAP11+ctrl,txpert_macro_pearson_delta,0.40249572969997943,,5000
THAP11+ctrl,trishift_pearson_delta,-0.026019763192491982,,20
THAP11+ctrl,systema_pearson,0.31260312772028631,,20
THOC2+ctrl,txpert_macro_pearson_delta,0.5503956395493278,,5000
THOC2+ctrl,trishift_pearson_delta,0.74319976732422999,,20
THOC2+ctrl,systema_pearson,0.59079868389716661,,20
THOC6+ctrl,txpert_macro_pearson_delta,0.35145244900632766,,5000
THOC6+ctrl,trishift_pearson_delta,0.78612179754127942,,20
THOC6+ctrl,systema_pearson,0.29029885399972155,,20
TIMM23B+ctrl,txpert_macro_pearson_delta,0.50095037966577305,,5000
TIMM23B+ctrl,trishift_pearson_delta,0.53989250170335124,,20
TIMM23B+ctrl,systema_pearson,-0.15799150269431597,,20
TIMM8A+ctrl,txpert_macro_pearson_delta,0.034979729996842894,,5000
TIMM8A+ctrl,trishift_pearson_delta,-0.14079051535679435,,20
TIMM8A+ctrl,systema_pearson,0.48425430826464061,,20
TIPIN+ctrl,txpert_macro_pearson_delta,0.0344016904065194,,5000
TIPIN+ctrl,trishift_pearson_delta,-0.0082899573323618019,,20
TIPIN+ctrl,systema_pearson,0.29487042557524668,,20
TLCD1+ctrl,txpert_macro_pearson_delta,0.062023760649815692,,5000
TLCD1+ctrl,trishift_pearson_delta,0.16771736081033664,,20
TLCD1+ctrl,systema_pearson,0.30300070881203101,,20
TLN1+ctrl,txpert_macro_pearson_delta,-0.0040975661482249657,,5000
TLN1+ctrl,trishift_pearson_delta,-0.51227235276278071,,20
TLN1+ctrl,systema_pearson,-0.29949440344912326,,20
TMEM127+ctrl,txpert_macro_pearson_delta,-0.26509841390937899,,5000
TMEM127+ctrl,trishift_pearson_delta,-0.89336117593555098,,20
TMEM127+ctrl,systema_pearson,0.46436678167330031,,20
TMEM161B+ctrl,txpert_macro_pearson_delta,0.32999158662080486,,5000
TMEM161B+ctrl,trishift_pearson_delta,0.093446480968973136,,20
TMEM161B+ctrl,systema_pearson,-0.15586232074489284,,20
TMEM214+ctrl,txpert_macro_pearson_delta,0.43486633296774574,,5000
TMEM214+ctrl,trishift_pearson_delta,0.73045495397706517,,20
TMEM214+ctrl,systema_pearson,-0.16729977138587251,,20
TMEM240+ctrl,txpert_macro_pearson_delta,-0.044433688164585636,,5000
TMEM240+ctrl,trishift_pearson_delta,-0.41265436918438303,,20
TMEM240+ctrl,systema_pearson,-0.75006003794998199,,20
TMX2+ctrl,txpert_macro_pearson_delta,0.5292748915245491,,5000
TMX2+ctrl,trishift_pearson_delta,0.87389387126687845,,20
TMX2+ctrl,systema_pearson,-0.39765964174630369,,20
TNPO3+ctrl,txpert_macro_pearson_delta,0.30755771315499225,,5000
TNPO3+ctrl,trishift_pearson_delta,0.12652419767325593,,20
TNPO3+ctrl,systema_pearson,-0.33747560589844844,,20
TOMM20+ctrl,txpert_macro_pearson_delta,0.33637335288576325,,5000
TOMM20+ctrl,trishift_pearson_delta,0.8371503786069785,,20
TOMM20+ctrl,systema_pearson,0.30095805265511222,,20
TOMM22+ctrl,txpert_macro_pearson_delta,0.35978804299150458,,5000
TOMM22+ctrl,trishift_pearson_delta,0.37693533916094579,,20
TOMM22+ctrl,systema_pearson,-0.68272835201869908,,20
TOP1+ctrl,txpert_macro_pearson_delta,0.35871005987782068,,5000
TOP1+ctrl,trishift_pearson_delta,-0.074316784123208204,,19
TOP1+ctrl,systema_pearson,0.082000576983983081,,19
TOX4+ctrl,txpert_macro_pearson_delta,-0.11142748625549977,,5000
TOX4+ctrl,trishift_pearson_delta,-0.61691427911441643,,20
TOX4+ctrl,systema_pearson,0.34672535029924678,,20
TPR+ctrl,txpert_macro_pearson_delta,0.44759051867197908,,5000
TPR+ctrl,trishift_pearson_delta,0.69291059654321185,,20
TPR+ctrl,systema_pearson,-0.21727213143892474,,20
TRAPPC1+ctrl,txpert_macro_pearson_delta,-0.18940960039681876,,5000
TRAPPC1+ctrl,trishift_pearson_delta,0.72606930505825906,,20
TRAPPC1+ctrl,systema_pearson,0.69118927777305772,,20
TRAPPC8+ctrl,txpert_macro_pearson_delta,0.18925977263791446,,5000
TRAPPC8+ctrl,trishift_pearson_delta,0.77042422900718732,,20
TRAPPC8+ctrl,systema_pearson,0.064575428194671963,,20
TSEN34+ctrl,txpert_macro_pearson_delta,0.13982514891961159,,5000
TSEN34+ctrl,trishift_pearson_delta,0.55896206824757144,,20
TSEN34+ctrl,systema_pearson,0.40188750168835813,,20
TSG101+ctrl,txpert_macro_pearson_delta,0.53143821369697364,,5000
TSG101+ctrl,trishift_pearson_delta,0.34660702663177767,,20
TSG101+ctrl,systema_pearson,0.44060121997373142,,20
TSPYL5+ctrl,txpert_macro_pearson_delta,0.30021066557451154,,5000
TSPYL5+ctrl,trishift_pearson_delta,0.77293853175184546,,20
TSPYL5+ctrl,systema_pearson,-0.17079398366282814,,20
TTC1+ctrl,txpert_macro_pearson_delta,0.47426757702982714,,5000
TTC1+ctrl,trishift_pearson_delta,0.71271826260173865,,20
TTC1+ctrl,systema_pearson,-0.15877292146245431,,20
TTF2+ctrl,txpert_macro_pearson_delta,0.27096417651608035,,5000
TTF2+ctrl,trishift_pearson_delta,0.27917135267919196,,20
TTF2+ctrl,systema_pearson,0.15905349423945098,,20
TUBB2A+ctrl,txpert_macro_pearson_delta,0.18844996579920326,,5000
TUBB2A+ctrl,trishift_pearson_delta,0.47002006094366416,,20
TUBB2A+ctrl,systema_pearson,-0.61526540939433172,,20
TUBGCP3+ctrl,txpert_macro_pearson_delta,0.31569222502488159,,5000
TUBGCP3+ctrl,trishift_pearson_delta,0.10031801376331027,,20
TUBGCP3+ctrl,systema_pearson,0.059429154501661849,,20
TWF1+ctrl,txpert_macro_pearson_delta,-0.14439562317134783,,5000
TWF1+ctrl,trishift_pearson_delta,-0.62390197185761431,,20
TWF1+ctrl,systema_pearson,-0.37455141976632539,,20
TWNK+ctrl,txpert_macro_pearson_delta,0.1553855825928408,,5000
TWNK+ctrl,trishift_pearson_delta,0.73626748823581545,,20
TWNK+ctrl,systema_pearson,-0.38933404101218194,,20
TWSG1+ctrl,txpert_macro_pearson_delta,0.44984376843373042,,5000
TWSG1+ctrl,trishift_pearson_delta,0.43286279873568745,,20
TWSG1+ctrl,systema_pearson,0.013606547687701616,,20
TXNL4A+ctrl,txpert_macro_pearson_delta,0.36165580462072827,,5000
TXNL4A+ctrl,trishift_pearson_delta,0.90082620911832445,,20
TXNL4A+ctrl,systema_pearson,-0.41132507753042147,,20
U2SURP+ctrl,txpert_macro_pearson_delta,0.40635635137164494,,5000
U2SURP+ctrl,trishift_pearson_delta,0.37388865159554208,,20
U2SURP+ctrl,systema_pearson,-0.17807325038227975,,20
UBA1+ctrl,txpert_macro_pearson_delta,-0.038039036107567079,,5000
UBA1+ctrl,trishift_pearson_delta,0.49231274700139221,,20
UBA1+ctrl,systema_pearson,-0.20768691485373578,,20
UBE2L3+ctrl,txpert_macro_pearson_delta,-0.07097450373144723,,5000
UBE2L3+ctrl,trishift_pearson_delta,0.39580707820286809,,20
UBE2L3+ctrl,systema_pearson,0.2897374085394559,,20
UBE2Z+ctrl,txpert_macro_pearson_delta,-0.15638302327697198,,5000
UBE2Z+ctrl,trishift_pearson_delta,-0.26529442376213214,,20
UBE2Z+ctrl,systema_pearson,-0.23140499446028834,,20
UBL5+ctrl,txpert_macro_pearson_delta,0.52605387713730078,,5000
UBL5+ctrl,trishift_pearson_delta,0.39920953702281803,,20
UBL5+ctrl,systema_pearson,-0.086738348996701284,,20
UBR5+ctrl,txpert_macro_pearson_delta,-0.012018803265952343,,5000
UBR5+ctrl,trishift_pearson_delta,-0.11084058877758897,,20
UBR5+ctrl,systema_pearson,-0.47296328397870924,,20
UPF2+ctrl,txpert_macro_pearson_delta,0.30918562678811046,,5000
UPF2+ctrl,trishift_pearson_delta,0.40909744080940391,,20
UPF2+ctrl,systema_pearson,-0.51293046152165989,,20
UQCRFS1+ctrl,txpert_macro_pearson_delta,0.47260226077242051,,5000
UQCRFS1+ctrl,trishift_pearson_delta,0.50289176401699076,,20
UQCRFS1+ctrl,systema_pearson,-0.23672180278384644,,20
UQCRQ+ctrl,txpert_macro_pearson_delta,0.31781805040062522,,5000
UQCRQ+ctrl,trishift_pearson_delta,0.58726200231504688,,20
UQCRQ+ctrl,systema_pearson,0.30022231445094194,,20
URB1+ctrl,txpert_macro_pearson_delta,0.37043581197126019,,5000
URB1+ctrl,trishift_pearson_delta,0.53651538987152336,,20
URB1+ctrl,systema_pearson,0.29661356346149081,,20
USF2+ctrl,txpert_macro_pearson_delta,0.55915324381082832,,5000
USF2+ctrl,trishift_pearson_delta,0.50874708632269627,,20
USF2+ctrl,systema_pearson,-0.18337984958250786,,20
USP36+ctrl,txpert_macro_pearson_delta,0.28693781016863562,,5000
USP36+ctrl,trishift_pearson_delta,0.87321333433278292,,20
USP36+ctrl,systema_pearson,0.35534947117749188,,20
USP39+ctrl,txpert_macro_pearson_delta,0.26719764019257636,,5000
USP39+ctrl,trishift_pearson_delta,-0.33511665825736875,,20
USP39+ctrl,systema_pearson,-0.15068837029971682,,20
USP5+ctrl,txpert_macro_pearson_delta,-0.0016643988298072031,,5000
USP5+ctrl,trishift_pearson_delta,0.71779636235656052,,20
USP5+ctrl,systema_pearson,0.66009499856666376,,20
USP8+ctrl,txpert_macro_pearson_delta,0.55066310059432944,,5000
USP8+ctrl,trishift_pearson_delta,0.92278993114592656,,20
USP8+ctrl,systema_pearson,-0.4423289729307327,,20
USPL1+ctrl,txpert_macro_pearson_delta,0.4966414160489856,,5000
USPL1+ctrl,trishift_pearson_delta,0.79447790017301578,,20
USPL1+ctrl,systema_pearson,-0.6721779430702195,,20
UTP15+ctrl,txpert_macro_pearson_delta,0.74186262775798417,,5000
UTP15+ctrl,trishift_pearson_delta,0.85294558528637576,,20
UTP15+ctrl,systema_pearson,-0.28410915992237334,,20
UTP25+ctrl,txpert_macro_pearson_delta,0.45408634000295545,,5000
UTP25+ctrl,trishift_pearson_delta,0.59609640170880995,,20
UTP25+ctrl,systema_pearson,0.3071380797490984,,20
UTP6+ctrl,txpert_macro_pearson_delta,0.63425372223702481,,5000
UTP6+ctrl,trishift_pearson_delta,0.89672844963538056,,20
UTP6+ctrl,systema_pearson,-0.042573862546296116,,20
VHL+ctrl,txpert_macro_pearson_delta,0.045603482049026124,,5000
VHL+ctrl,trishift_pearson_delta,0.33018941240833249,,20
VHL+ctrl,systema_pearson,0.28982471864956,,20
VPS25+ctrl,txpert_macro_pearson_delta,0.015905173378937491,,5000
VPS25+ctrl,trishift_pearson_delta,-0.3421671900302159,,20
VPS25+ctrl,systema_pearson,0.83046662352822875,,20
VPS33A+ctrl,txpert_macro_pearson_delta,0.14458877291555941,,5000
VPS33A+ctrl,trishift_pearson_delta,-0.44573504473917686,,20
VPS33A+ctrl,systema_pearson,0.53423587778528669,,20
VPS37A+ctrl,txpert_macro_pearson_delta,0.41508601257554423,,5000
VPS37A+ctrl,trishift_pearson_delta,0.60903562763341679,,20
VPS37A+ctrl,systema_pearson,-0.01508994048072417,,20
VPS41+ctrl,txpert_macro_pearson_delta,-0.034500861903900823,,5000
VPS41+ctrl,trishift_pearson_delta,-0.4819879432533779,,20
VPS41+ctrl,systema_pearson,0.053935068179959807,,20
WDR1+ctrl,txpert_macro_pearson_delta,0.14022025054317086,,5000
WDR1+ctrl,trishift_pearson_delta,-0.53744945166816538,,20
WDR1+ctrl,systema_pearson,-0.48214907851173056,,20
WDR12+ctrl,txpert_macro_pearson_delta,0.52780370646652075,,5000
WDR12+ctrl,trishift_pearson_delta,0.80381736390462077,,20
WDR12+ctrl,systema_pearson,-0.44873244186281946,,20
WDR18+ctrl,txpert_macro_pearson_delta,0.48107255635186957,,5000
WDR18+ctrl,trishift_pearson_delta,0.71894620816263122,,20
WDR18+ctrl,systema_pearson,-0.078894008161255275,,20
WDR24+ctrl,txpert_macro_pearson_delta,-0.079861356626539884,,5000
WDR24+ctrl,trishift_pearson_delta,-0.38705647525525405,,20
WDR24+ctrl,systema_pearson,-0.38108918188668855,,20
WDR25+ctrl,txpert_macro_pearson_delta,0.53814812718723837,,5000
WDR25+ctrl,trishift_pearson_delta,0.85100059011330398,,20
WDR25+ctrl,systema_pearson,-0.053497304521110296,,20
WDR36+ctrl,txpert_macro_pearson_delta,0.58386401781688924,,5000
WDR36+ctrl,trishift_pearson_delta,0.50318744800569448,,20
WDR36+ctrl,systema_pearson,0.15946171470621187,,20
WDR43+ctrl,txpert_macro_pearson_delta,0.70180032623366406,,5000
WDR43+ctrl,trishift_pearson_delta,0.75831585918088218,,20
WDR43+ctrl,systema_pearson,-0.56160358673492872,,20
WDR61+ctrl,txpert_macro_pearson_delta,0.034419384399245537,,5000
WDR61+ctrl,trishift_pearson_delta,0.099634479177994617,,20
WDR61+ctrl,systema_pearson,-0.57868624594399665,,20
WDR7+ctrl,txpert_macro_pearson_delta,0.43965305411050426,,5000
WDR7+ctrl,trishift_pearson_delta,0.75554704387535088,,20
WDR7+ctrl,systema_pearson,-0.27897049203382124,,20
WDTC1+ctrl,txpert_macro_pearson_delta,0.40399047925668002,,5000
WDTC1+ctrl,trishift_pearson_delta,-0.3493789111035388,,20
WDTC1+ctrl,systema_pearson,0.015595598105000896,,20
XPO1+ctrl,txpert_macro_pearson_delta,0.20901396953013601,,5000
XPO1+ctrl,trishift_pearson_delta,0.74250867243301422,,20
XPO1+ctrl,systema_pearson,0.6573913252844289,,20
XRCC3+ctrl,txpert_macro_pearson_delta,0.24605537700606556,,5000
XRCC3+ctrl,trishift_pearson_delta,-0.11228737760379429,,20
XRCC3+ctrl,systema_pearson,-0.46618595545653507,,20
YBX1+ctrl,txpert_macro_pearson_delta,0.38719344483203033,,5000
YBX1+ctrl,trishift_pearson_delta,0.67479473399226586,,20
YBX1+ctrl,systema_pearson,-0.17232492365145372,,20
ZBTB11+ctrl,txpert_macro_pearson_delta,0.28397145350898328,,5000
ZBTB11+ctrl,trishift_pearson_delta,0.6265574527068537,,20
ZBTB11+ctrl,systema_pearson,0.059937742617382418,,20
ZBTB4+ctrl,txpert_macro_pearson_delta,0.50377585619237519,,5000
ZBTB4+ctrl,trishift_pearson_delta,0.92670360703296062,,20
ZBTB4+ctrl,systema_pearson,-0.52049578976185062,,20
ZFC3H1+ctrl,txpert_macro_pearson_delta,0.27970430066312024,,5000
ZFC3H1+ctrl,trishift_pearson_delta,-0.18641716272344372,,20
ZFC3H1+ctrl,systema_pearson,-0.32193266644975405,,20
ZNF131+ctrl,txpert_macro_pearson_delta,0.085808867347067469,,5000
ZNF131+ctrl,trishift_pearson_delta,0.85066196318791432,,20
ZNF131+ctrl,systema_pearson,0.24022096160782619,,20
ZNF24+ctrl,txpert_macro_pearson_delta,0.18597212195287649,,5000
ZNF24+ctrl,trishift_pearson_delta,-0.027501811435203815,,20
ZNF24+ctrl,systema_pearson,0.043077075851248481,,20
ZNF292+ctrl,txpert_macro_pearson_delta,0.03568501569530784,,5000
ZNF292+ctrl,trishift_pearson_delta,-0.57487080604066976,,20
ZNF292+ctrl,systema_pearson,-0.6158009870114306,,20
ZNF559+ctrl,txpert_macro_pearson_delta,0.43294165202482343,,5000
ZNF559+ctrl,trishift_pearson_delta,0.25116982324088105,,20
ZNF559+ctrl,systema_pearson,-0.34098188043083244,,20
ZNF687+ctrl,txpert_macro_pearson_delta,-0.077647863347015164,,5000
ZNF687+ctrl,trishift_pearson_delta,0.70847065573899948,,20
ZNF687+ctrl,systema_pearson,0.80116776410532509,,20
ZNF706+ctrl,txpert_macro_pearson_delta,0.10310973015663714,,5000
ZNF706+ctrl,trishift_pearson_delta,0.83024451544800781,,20
ZNF706+ctrl,systema_pearson,0.51585104414046234,,20
ZNF763+ctrl,txpert_macro_pearson_delta,0.010481349718304358,,5000
ZNF763+ctrl,trishift_pearson_delta,-0.82776983513915936,,20
ZNF763+ctrl,systema_pearson,-0.7202998977045173,,20
ZNF84+ctrl,txpert_macro_pearson_delta,0.39332882178832745,,5000
ZNF84+ctrl,trishift_pearson_delta,-0.20547740965456213,,20
ZNF84+ctrl,systema_pearson,0.11264319017612125,,20
ZNHIT6+ctrl,txpert_macro_pearson_delta,0.54424222910879338,,5000
ZNHIT6+ctrl,trishift_pearson_delta,0.71707992714228375,,20
ZNHIT6+ctrl,systema_pearson,0.36926692615709722,,20
ZRANB2+ctrl,txpert_macro_pearson_delta,0.060113803468309128,,5000
ZRANB2+ctrl,trishift_pearson_delta,-0.55047394686793727,,20
ZRANB2+ctrl,systema_pearson,-0.47442678079495137,,20
ZW10+ctrl,txpert_macro_pearson_delta,0.11997730191500731,,5000
ZW10+ctrl,trishift_pearson_delta,-0.73665700865848971,,20
ZW10+ctrl,systema_pearson,0.10405480917773727,,20
