condition_id,metric_id,value,reason,gene_count
AARS+ctrl,txpert_macro_pearson_delta,0.58387206895141641,,5000
AARS+ctrl,trishift_pearson_delta,0.79739676226159006,,20
AARS+ctrl,systema_pearson,-0.36468286644850423,,20
AASDHPPT+ctrl,txpert_macro_pearson_delta,-0.27463635335971515,,5000
AASDHPPT+ctrl,trishift_pearson_delta,-0.55067357044835141,,20
AASDHPPT+ctrl,systema_pearson,-0.12594807416358211,,20
ABHD17A+ctrl,txpert_macro_pearson_delta,-0.17143369923036939,,5000
ABHD17A+ctrl,trishift_pearson_delta,0.45947942803310271,,20
ABHD17A+ctrl,systema_pearson,0.22451814847716739,,20
ACTR10+ctrl,txpert_macro_pearson_delta,0.47915669217457052,,5000
ACTR10+ctrl,trishift_pearson_delta,0.9626390950233682,,20
ACTR10+ctrl,systema_pearson,0.59407481342654966,,20
ADAT3+ctrl,txpert_macro_pearson_delta,-0.14344589479062739,,5000
ADAT3+ctrl,trishift_pearson_delta,0.50749004886889826,,20
ADAT3+ctrl,systema_pearson,0.47543383373381987,,20
AGBL5+ctrl,txpert_macro_pearson_delta,0.23920426629376654,,5000
AGBL5+ctrl,trishift_pearson_delta,0.41501121391304374,,20
AGBL5+ctrl,systema_pearson,0.10698273295384998,,20
AKIRIN2+ctrl,txpert_macro_pearson_delta,0.21045741897531428,,5000
AKIRIN2+ctrl,trishift_pearson_delta,0.30483405955264314,,20
AKIRIN2+ctrl,systema_pearson,-0.57454574275869408,,20
ALDOA+ctrl,txpert_macro_pearson_delta,0.11393838654252456,,5000
ALDOA+ctrl,trishift_pearson_delta,-0.24751934785852292,,20
ALDOA+ctrl,systema_pearson,0.044699645657665828,,20
ALG14+ctrl,txpert_macro_pearson_delta,0.1509379965712512,,5000
ALG14+ctrl,trishift_pearson_delta,0.40876797166145856,,20
ALG14+ctrl,systema_pearson,-0.18534758654525135,,20
ALYREF+ctrl,txpert_macro_pearson_delta,0.094153081516279394,,5000
ALYREF+ctrl,trishift_pearson_delta,-0.10335228553393132,,20
ALYREF+ctrl,systema_pearson,-0.14064065105195492,,20
ANAPC11+ctrl,txpert_macro_pearson_delta,0.12773099250005052,,5000
ANAPC11+ctrl,trishift_pearson_delta,0.75961583154213841,,20
ANAPC11+ctrl,systema_pearson,0.29527968081710021,,20
ANAPC15+ctrl,txpert_macro_pearson_delta,0.10817217810844594,,5000
ANAPC15+ctrl,trishift_pearson_delta,0.55034414120343089,,20
ANAPC15+ctrl,systema_pearson,0.16317162474031249,,20
ANAPC4+ctrl,txpert_macro_pearson_delta,0.4235652546278913,,5000
ANAPC4+ctrl,trishift_pearson_delta,-0.12211252157292628,,20
ANAPC4+ctrl,systema_pearson,-0.24884986126048472,,20
ANKLE2+ctrl,txpert_macro_pearson_delta,-0.068383757493454198,,5000
ANKLE2+ctrl,trishift_pearson_delta,-0.75378925311456857,,20
ANKLE2+ctrl,systema_pearson,0.055430585975746405,,20
ANKRD11+ctrl,txpert_macro_pearson_delta,0.061668337357605234,,5000
ANKRD11+ctrl,trishift_pearson_delta,0.23436046154903989,,19
ANKRD11+ctrl,systema_pearson,-0.34923134384898868,,19
ANKS6+ctrl,txpert_macro_pearson_delta,0.039732683817898518,,5000
ANKS6+ctrl,trishift_pearson_delta,0.069372338627267577,,20
ANKS6+ctrl,systema_pearson,0.55621711937740015,,20
AP2A1+ctrl,txpert_macro_pearson_delta,0.72149494279642534,,5000
AP2A1+ctrl,trishift_pearson_delta,0.85772173747042058,,20
AP2A1+ctrl,systema_pearson,-0.80247106013239844,,20
ARHGAP6+ctrl,txpert_macro_pearson_delta,0.61395865153115026,,5000
ARHGAP6+ctrl,trishift_pearson_delta,0.86052575664970987,,20
ARHGAP6+ctrl,systema_pearson,-0.3896605787903008,,20
ARL4D+ctrl,txpert_macro_pearson_delta,0.21197505843095144,,5000
ARL4D+ctrl,trishift_pearson_delta,0.46556382497595478,,20
ARL4D+ctrl,systema_pearson,-0.18946150867155198,,20
ARPC1B+ctrl,txpert_macro_pearson_delta,0.71427034192625116,,5000
ARPC1B+ctrl,trishift_pearson_delta,0.94168097054568589,,20
ARPC1B+ctrl,systema_pearson,0.36240163840602685,,20
ARRB2+ctrl,txpert_macro_pearson_delta,0.48223254862273612,,5000
ARRB2+ctrl,trishift_pearson_delta,0.93295874350728891,,20
ARRB2+ctrl,systema_pearson,0.77708181270886356,,20
ATF5+ctrl,txpert_macro_pearson_delta,0.61905417454251099,,5000
ATF5+ctrl,trishift_pearson_delta,0.9072332134763077,,20
ATF5+ctrl,systema_pearson,0.81353485002594172,,20
ATL2+ctrl,txpert_macro_pearson_delta,0.3780654390323554,,5000
ATL2+ctrl,trishift_pearson_delta,0.10338143784797441,,20
ATL2+ctrl,systema_pearson,-0.015242904387951848,,20
ATP5PD+ctrl,txpert_macro_pearson_delta,0.62274771760796832,,5000
ATP5PD+ctrl,trishift_pearson_delta,0.80830914699479672,,20
ATP5PD+ctrl,systema_pearson,0.43837038584363719,,20
ATP6V1C1+ctrl,txpert_macro_pearson_delta,0.46804195688938388,,5000
ATP6V1C1+ctrl,trishift_pearson_delta,0.31659246942895197,,20
ATP6V1C1+ctrl,systema_pearson,0.34366507143958736,,20
ATP6V1G1+ctrl,txpert_macro_pearson_delta,0.46409195154050925,,5000
ATP6V1G1+ctrl,trishift_pearson_delta,-0.26566464745266527,,20
ATP6V1G1+ctrl,systema_pearson,0.23817010313488185,,20
AURKAIP1+ctrl,txpert_macro_pearson_delta,0.48814718830520087,,5000
AURKAIP1+ctrl,trishift_pearson_delta,0.052615288751558506,,20
AURKAIP1+ctrl,systema_pearson,0.25274746255326774,,20
BDP1+ctrl,txpert_macro_pearson_delta,0.58561193880664475,,5000
BDP1+ctrl,trishift_pearson_delta,0.55586813918612121,,20
BDP1+ctrl,systema_pearson,-0.36821246948261338,,20
BOP1+ctrl,txpert_macro_pearson_delta,0.81029454625337471,,5000
BOP1+ctrl,trishift_pearson_delta,0.97508450194049101,,20
BOP1+ctrl,systema_pearson,0.17591013049815557,,20
BRCA2+ctrl,txpert_macro_pearson_delta,0.61438328683859234,,5000
BRCA2+ctrl,trishift_pearson_delta,0.88084122502439766,,20
BRCA2+ctrl,systema_pearson,0.3968067293164711,,20
BRF1+ctrl,txpert_macro_pearson_delta,0.61516809456698063,,5000
BRF1+ctrl,trishift_pearson_delta,0.77627357415492204,,20
BRF1+ctrl,systema_pearson,-0.38523686657713468,,20
BRIP1+ctrl,txpert_macro_pearson_delta,0.18027725194349281,,5000
BRIP1+ctrl,trishift_pearson_delta,0.047230699687618331,,20
BRIP1+ctrl,systema_pearson,-0.21115012833777047,,20
BTF3+ctrl,txpert_macro_pearson_delta,0.43773656978669145,,5000
BTF3+ctrl,trishift_pearson_delta,0.61617802933635302,,20
BTF3+ctrl,systema_pearson,-0.2466954935534301,,20
BTF3L4+ctrl,txpert_macro_pearson_delta,-0.19140942986622786,,5000
BTF3L4+ctrl,trishift_pearson_delta,0.02013841629503102,,20
BTF3L4+ctrl,systema_pearson,-0.03674834676659941,,20
BUB1+ctrl,txpert_macro_pearson_delta,0.47690704302215159,,5000
BUB1+ctrl,trishift_pearson_delta,-0.012657464040085569,,20
BUB1+ctrl,systema_pearson,-0.028780661209928823,,20
BUB1B+ctrl,txpert_macro_pearson_delta,0.19482149693416947,,5000
BUB1B+ctrl,trishift_pearson_delta,-0.012225891617412105,,20
BUB1B+ctrl,systema_pearson,-0.088256426782771735,,20
BUB3+ctrl,txpert_macro_pearson_delta,-0.010057915532128566,,5000
BUB3+ctrl,trishift_pearson_delta,0.2729491287210517,,20
BUB3+ctrl,systema_pearson,0.25964028484066975,,20
BUD13+ctrl,txpert_macro_pearson_delta,0.27758080926305567,,5000
BUD13+ctrl,trishift_pearson_delta,0.28260624345470436,,20
BUD13+ctrl,systema_pearson,-0.44981847740928327,,20
BYSL+ctrl,txpert_macro_pearson_delta,0.74064838080542028,,5000
BYSL+ctrl,trishift_pearson_delta,0.97443781779111283,,20
BYSL+ctrl,systema_pearson,-0.27785912131702489,,20
C6orf15+ctrl,txpert_macro_pearson_delta,0.04471809115905908,,5000
C6orf15+ctrl,trishift_pearson_delta,0.47932060625762712,,20
C6orf15+ctrl,systema_pearson,0.21580099555929694,,20
C7orf26+ctrl,txpert_macro_pearson_delta,0.48525141783737186,,5000
C7orf26+ctrl,trishift_pearson_delta,0.4789004686351912,,20
C7orf26+ctrl,systema_pearson,0.2116279075871047,,20
CABIN1+ctrl,txpert_macro_pearson_delta,0.32278513514186086,,5000
CABIN1+ctrl,trishift_pearson_delta,0.35178031344422012,,20
CABIN1+ctrl,systema_pearson,-0.51555099959786477,,20
CACTIN+ctrl,txpert_macro_pearson_delta,0.47904826935659378,,5000
CACTIN+ctrl,trishift_pearson_delta,0.74448059885002604,,20
CACTIN+ctrl,systema_pearson,-0.24874478729244026,,20
CAMLG+ctrl,txpert_macro_pearson_delta,0.34029351626306759,,5000
CAMLG+ctrl,trishift_pearson_delta,0.38967109734514616,,20
CAMLG+ctrl,systema_pearson,0.07231129781390945,,20
CBX1+ctrl,txpert_macro_pearson_delta,0.0016825975904016879,,5000
CBX1+ctrl,trishift_pearson_delta,0.36412347949193336,,20
CBX1+ctrl,systema_pearson,-0.031533613875353722,,20
CCDC115+ctrl,txpert_macro_pearson_delta,-0.21196705151083242,,5000
CCDC115+ctrl,trishift_pearson_delta,-0.89969662093545588,,20
CCDC115+ctrl,systema_pearson,0.47086454417644064,,20
CCDC144NL+ctrl,txpert_macro_pearson_delta,-0.089773241711001955,,5000
CCDC144NL+ctrl,trishift_pearson_delta,-0.45728850972110341,,20
CCDC144NL+ctrl,systema_pearson,0.12261544088672081,,20
CCNQ+ctrl,txpert_macro_pearson_delta,0.50469578975499962,,5000
CCNQ+ctrl,trishift_pearson_delta,0.60542814906114817,,20
CCNQ+ctrl,systema_pearson,-0.75183329321101622,,20
CCP110+ctrl,txpert_macro_pearson_delta,-0.33794105146318765,,5000
CCP110+ctrl,trishift_pearson_delta,-0.50597480319532651,,20
CCP110+ctrl,systema_pearson,0.1431352727164677,,20
CCT2+ctrl,txpert_macro_pearson_delta,0.6581709568138211,,5000
CCT2+ctrl,trishift_pearson_delta,0.9723982802408242,,20
CCT2+ctrl,systema_pearson,0.39636564096301935,,20
CDC42+ctrl,txpert_macro_pearson_delta,0.39889237363720348,,5000
CDC42+ctrl,trishift_pearson_delta,-0.093034004073363291,,19
CDC42+ctrl,systema_pearson,-0.22458895464788226,,19
CDC7+ctrl,txpert_macro_pearson_delta,0.52762198343126809,,5000
CDC7+ctrl,trishift_pearson_delta,-0.13852808647830112,,20
CDC7+ctrl,systema_pearson,-0.89637333088500115,,20
CDIPT+ctrl,txpert_macro_pearson_delta,-0.12269993603543587,,5000
CDIPT+ctrl,trishift_pearson_delta,-0.45186602410962207,,20
CDIPT+ctrl,systema_pearson,-0.087391169236472221,,20
CDK7+ctrl,txpert_macro_pearson_delta,0.23380858451746839,,5000
CDK7+ctrl,trishift_pearson_delta,0.41205233886398523,,20
CDK7+ctrl,systema_pearson,0.11212430603404865,,20
CEBPG+ctrl,txpert_macro_pearson_delta,0.44791245124185869,,5000
CEBPG+ctrl,trishift_pearson_delta,-0.14313582741950029,,20
CEBPG+ctrl,systema_pearson,-0.86947455030677179,,20
CEBPZ+ctrl,txpert_macro_pearson_delta,0.81274671342218863,,5000
CEBPZ+ctrl,trishift_pearson_delta,0.97443305845528938,,20
CEBPZ+ctrl,systema_pearson,-0.48906109732534403,,20
CENPA+ctrl,txpert_macro_pearson_delta,0.23389357232581556,,5000
CENPA+ctrl,trishift_pearson_delta,0.74078513852154382,,20
CENPA+ctrl,systema_pearson,0.01287598961196808,,20
CENPI+ctrl,txpert_macro_pearson_delta,0.55954675056622671,,5000
CENPI+ctrl,trishift_pearson_delta,0.95995496895010279,,20
CENPI+ctrl,systema_pearson,0.24295260277674319,,20
CENPJ+ctrl,txpert_macro_pearson_delta,0.8098211112574506,,5000
CENPJ+ctrl,trishift_pearson_delta,0.76105604187548903,,20
CENPJ+ctrl,systema_pearson,-0.21493120268780352,,20
CENPT+ctrl,txpert_macro_pearson_delta,0.54781019578473644,,5000
CENPT+ctrl,trishift_pearson_delta,0.82008688003771701,,20
CENPT+ctrl,systema_pearson,0.072359045598717711,,20
CEP152+ctrl,txpert_macro_pearson_delta,0.2572331294560497,,5000
CEP152+ctrl,trishift_pearson_delta,0.024697505634636425,,20
CEP152+ctrl,systema_pearson,-0.22534852883398879,,20
CEP68+ctrl,txpert_macro_pearson_delta,-0.20968119608078389,,5000
CEP68+ctrl,trishift_pearson_delta,0.090702340093944733,,20
CEP68+ctrl,systema_pearson,-0.43087221741918913,,20
CHCHD1+ctrl,txpert_macro_pearson_delta,0.006353413815039434,,5000
CHCHD1+ctrl,trishift_pearson_delta,-0.66485988539331475,,20
CHCHD1+ctrl,systema_pearson,0.15833368763860245,,20
CHCHD2+ctrl,txpert_macro_pearson_delta,0.16456062723145504,,5000
CHCHD2+ctrl,trishift_pearson_delta,-0.06397387444045996,,20
CHCHD2+ctrl,systema_pearson,-0.27724865140813804,,20
CHD4+ctrl,txpert_macro_pearson_delta,0.10561635621763225,,5000
CHD4+ctrl,trishift_pearson_delta,-0.024632232862180747,,20
CHD4+ctrl,systema_pearson,0.20418323183904333,,20
CHMP2A+ctrl,txpert_macro_pearson_delta,0.33351111464564864,,5000
CHMP2A+ctrl,trishift_pearson_delta,0.18687493153954315,,20
CHMP2A+ctrl,systema_pearson,0.48752517858863187,,20
CHMP3+ctrl,txpert_macro_pearson_delta,0.067631340508236285,,5000
CHMP3+ctrl,trishift_pearson_delta,0.44243320128397806,,20
CHMP3+ctrl,systema_pearson,0.3121241323584612,,20
CHTF18+ctrl,txpert_macro_pearson_delta,0.26101008993672492,,5000
CHTF18+ctrl,trishift_pearson_delta,-0.26738746356086729,,20
CHTF18+ctrl,systema_pearson,-0.46913015773104583,,20
CHTOP+ctrl,txpert_macro_pearson_delta,-0.016263007918862444,,5000
CHTOP+ctrl,trishift_pearson_delta,0.072782798769487636,,20
CHTOP+ctrl,systema_pearson,-0.21675323493338486,,20
CLPB+ctrl,txpert_macro_pearson_delta,-0.2326273981970664,,5000
CLPB+ctrl,trishift_pearson_delta,0.27604608484818483,,20
CLPB+ctrl,systema_pearson,-0.1429874780247376,,20
CMTR2+ctrl,txpert_macro_pearson_delta,-0.098817208825906055,,5000
CMTR2+ctrl,trishift_pearson_delta,0.24219757423780144,,20
CMTR2+ctrl,systema_pearson,0.46491165105098103,,20
CNOT1+ctrl,txpert_macro_pearson_delta,0.48291348960456143,,5000
CNOT1+ctrl,trishift_pearson_delta,0.65394946059948889,,20
CNOT1+ctrl,systema_pearson,-0.036558382612836483,,20
CNOT11+ctrl,txpert_macro_pearson_delta,-0.32419045629136672,,5000
CNOT11+ctrl,trishift_pearson_delta,-0.90570390711843229,,20
CNOT11+ctrl,systema_pearson,-0.28722320120656386,,20
COG3+ctrl,txpert_macro_pearson_delta,0.47891767193202833,,5000
COG3+ctrl,trishift_pearson_delta,0.038112015159111085,,20
COG3+ctrl,systema_pearson,-0.092502178200508989,,20
COPB1+ctrl,txpert_macro_pearson_delta,0.63078264090083203,,5000
COPB1+ctrl,trishift_pearson_delta,0.85832023500453847,,20
COPB1+ctrl,systema_pearson,-0.26208717240112078,,20
COPS4+ctrl,txpert_macro_pearson_delta,0.60012019965668795,,5000
COPS4+ctrl,trishift_pearson_delta,0.74659442294084521,,20
COPS4+ctrl,systema_pearson,-0.22445847103273345,,20
COPZ1+ctrl,txpert_macro_pearson_delta,0.49814462578080582,,5000
COPZ1+ctrl,trishift_pearson_delta,0.47690793804725623,,20
COPZ1+ctrl,systema_pearson,0.45585773454417722,,20
COQ4+ctrl,txpert_macro_pearson_delta,0.23046731385030561,,5000
COQ4+ctrl,trishift_pearson_delta,0.11834506068993869,,20
COQ4+ctrl,systema_pearson,-0.6964772403470334,,20
COX11+ctrl,txpert_macro_pearson_delta,0.11896873805852699,,5000
COX11+ctrl,trishift_pearson_delta,0.42201119509315588,,20
COX11+ctrl,systema_pearson,-0.52744635302452281,,20
COX5A+ctrl,txpert_macro_pearson_delta,0.62317128335689986,,5000
COX5A+ctrl,trishift_pearson_delta,0.67890332773625028,,20
COX5A+ctrl,systema_pearson,-0.30882529512574225,,20
CPEB1+ctrl,txpert_macro_pearson_delta,0.77907840669979911,,5000
CPEB1+ctrl,trishift_pearson_delta,0.8932546962930118,,20
CPEB1+ctrl,systema_pearson,-0.56239728863823912,,20
CPNE7+ctrl,txpert_macro_pearson_delta,0.21959543579893548,,5000
CPNE7+ctrl,trishift_pearson_delta,0.1367958217245788,,20
CPNE7+ctrl,systema_pearson,-0.4133754495185582,,20
CRCP+ctrl,txpert_macro_pearson_delta,-0.052872635939289071,,5000
CRCP+ctrl,trishift_pearson_delta,-0.090445131918959989,,20
CRCP+ctrl,systema_pearson,0.07571147614382126,,20
CRLS1+ctrl,txpert_macro_pearson_delta,-0.17728917248750303,,5000
CRLS1+ctrl,trishift_pearson_delta,-0.38931888624932443,,20
CRLS1+ctrl,systema_pearson,0.10132317399365082,,20
CSTF3+ctrl,txpert_macro_pearson_delta,0.57373820868501024,,5000
CSTF3+ctrl,trishift_pearson_delta,0.65946500761488769,,20
CSTF3+ctrl,systema_pearson,0.13611597614608942,,20
CTBP2+ctrl,txpert_macro_pearson_delta,0.20767724923320938,,5000
CTBP2+ctrl,trishift_pearson_delta,-0.67200144082225566,,20
CTBP2+ctrl,systema_pearson,-0.38096213913883398,,20
CTR9+ctrl,txpert_macro_pearson_delta,0.56800302640595079,,5000
CTR9+ctrl,trishift_pearson_delta,0.66955861585595011,,20
CTR9+ctrl,systema_pearson,0.51929720894131515,,20
CWC15+ctrl,txpert_macro_pearson_delta,0.45884233443726963,,5000
CWC15+ctrl,trishift_pearson_delta,0.68158617906731878,,20
CWC15+ctrl,systema_pearson,0.35617569831668022,,20
CWC22+ctrl,txpert_macro_pearson_delta,0.41825118845861037,,5000
CWC22+ctrl,trishift_pearson_delta,0.69970206693332337,,20
CWC22+ctrl,systema_pearson,0.045114037022492857,,20
CWC25+ctrl,txpert_macro_pearson_delta,0.32285718351924758,,5000
CWC25+ctrl,trishift_pearson_delta,0.19848455208604446,,20
CWC25+ctrl,systema_pearson,0.13689945276625823,,20
CXXC1+ctrl,txpert_macro_pearson_delta,0.53169144627559206,,5000
CXXC1+ctrl,trishift_pearson_delta,0.42055734798996164,,20
CXXC1+ctrl,systema_pearson,-0.21361101725710871,,20
CYP2A13+ctrl,txpert_macro_pearson_delta,0.33182130832569606,,5000
CYP2A13+ctrl,trishift_pearson_delta,0.037469034626344939,,20
CYP2A13+ctrl,systema_pearson,-0.23476033692399664,,20
DAD1+ctrl,txpert_macro_pearson_delta,0.57632308274340105,,5000
DAD1+ctrl,trishift_pearson_delta,0.87104075288135807,,19
DAD1+ctrl,systema_pearson,0.12309175432846188,,19
DAP3+ctrl,txpert_macro_pearson_delta,0.27893920369375907,,5000
DAP3+ctrl,trishift_pearson_delta,-0.45106420495871746,,20
DAP3+ctrl,systema_pearson,-0.34957727394039662,,20
DAXX+ctrl,txpert_macro_pearson_delta,0.10811103136229869,,5000
DAXX+ctrl,trishift_pearson_delta,0.1506818103109773,,20
DAXX+ctrl,systema_pearson,-0.19373885017907683,,20
DBR1+ctrl,txpert_macro_pearson_delta,-0.030950097582039288,,5000
DBR1+ctrl,trishift_pearson_delta,-0.51478077813128076,,20
DBR1+ctrl,systema_pearson,-0.48752883493925808,,20
DCTN1+ctrl,txpert_macro_pearson_delta,0.39224694534850096,,5000
DCTN1+ctrl,trishift_pearson_delta,0.90392080143230502,,20
DCTN1+ctrl,systema_pearson,-0.37267691054257263,,20
DCUN1D5+ctrl,txpert_macro_pearson_delta,0.70040385560068685,,5000
DCUN1D5+ctrl,trishift_pearson_delta,0.97997069798475134,,20
DCUN1D5+ctrl,systema_pearson,0.85742530505479642,,20
DDX10+ctrl,txpert_macro_pearson_delta,0.74823519394353044,,5000
DDX10+ctrl,trishift_pearson_delta,0.92916806352343861,,20
DDX10+ctrl,systema_pearson,0.69058475838749889,,20
DDX19A+ctrl,txpert_macro_pearson_delta,0.08347422971576389,,5000
DDX19A+ctrl,trishift_pearson_delta,-0.39527582360328306,,20
DDX19A+ctrl,systema_pearson,0.18506230555152939,,20
DDX24+ctrl,txpert_macro_pearson_delta,0.67857916568559085,,5000
DDX24+ctrl,trishift_pearson_delta,0.67290868162031303,,20
DDX24+ctrl,systema_pearson,-0.38172001249928639,,20
DDX27+ctrl,txpert_macro_pearson_delta,0.81786832184113245,,5000
DDX27+ctrl,trishift_pearson_delta,0.93070594439740351,,20
DDX27+ctrl,systema_pearson,-0.13443797764311374,,20
DDX41+ctrl,txpert_macro_pearson_delta,0.43430019597083547,,5000
DDX41+ctrl,trishift_pearson_delta,0.72564299919054354,,20
DDX41+ctrl,systema_pearson,0.0019007995159083882,,20
DDX46+ctrl,txpert_macro_pearson_delta,0.54918373666713249,,5000
DDX46+ctrl,trishift_pearson_delta,0.77399929594913264,,20
DDX46+ctrl,systema_pearson,0.010750542662919138,,20
DDX5+ctrl,txpert_macro_pearson_delta,0.31982731729071362,,5000
DDX5+ctrl,trishift_pearson_delta,0.82071471121564765,,20
DDX5+ctrl,systema_pearson,0.094575279268645632,,20
DDX51+ctrl,txpert_macro_pearson_delta,0.80564205019179802,,5000
DDX51+ctrl,trishift_pearson_delta,0.97668725367880205,,20
DDX51+ctrl,systema_pearson,0.63282195697998189,,20
DDX56+ctrl,txpert_macro_pearson_delta,0.79693566534558569,,5000
DDX56+ctrl,trishift_pearson_delta,0.93138512111229355,,20
DDX56+ctrl,systema_pearson,0.048368080153492296,,20
DESI1+ctrl,txpert_macro_pearson_delta,0.059920630327035034,,5000
DESI1+ctrl,trishift_pearson_delta,-0.14701617689087601,,20
DESI1+ctrl,systema_pearson,-0.77784552494378645,,20
DHDDS+ctrl,txpert_macro_pearson_delta,0.25189720537135141,,5000
DHDDS+ctrl,trishift_pearson_delta,0.51318631037056728,,20
DHDDS+ctrl,systema_pearson,-0.066084500123799295,,20
DHFR+ctrl,txpert_macro_pearson_delta,-0.083610414376468739,,5000
DHFR+ctrl,trishift_pearson_delta,0.7351810260805467,,20
DHFR+ctrl,systema_pearson,0.55321064182162205,,20
DHX15+ctrl,txpert_macro_pearson_delta,0.61888895411429745,,5000
DHX15+ctrl,trishift_pearson_delta,0.79507801157244529,,20
DHX15+ctrl,systema_pearson,0.13115485652376738,,20
DHX29+ctrl,txpert_macro_pearson_delta,-0.020320315190386649,,5000
DHX29+ctrl,trishift_pearson_delta,0.2588101369812898,,20
DHX29+ctrl,systema_pearson,-0.00097606051632516595,,20
DNAAF3+ctrl,txpert_macro_pearson_delta,0.0077542200800371809,,5000
DNAAF3+ctrl,trishift_pearson_delta,0.1318393344822677,,20
DNAAF3+ctrl,systema_pearson,0.11552003841879199,,20
DNAJC11+ctrl,txpert_macro_pearson_delta,0.068111882986409023,,5000
DNAJC11+ctrl,trishift_pearson_delta,0.38507237312243037,,20
DNAJC11+ctrl,systema_pearson,0.40481297048490861,,20
DNAJC17+ctrl,txpert_macro_pearson_delta,0.51570518062759974,,5000
DNAJC17+ctrl,trishift_pearson_delta,0.79942962361926728,,20
DNAJC17+ctrl,systema_pearson,0.2802067110881053,,20
DNAJC9+ctrl,txpert_macro_pearson_delta,0.38042336876623184,,5000
DNAJC9+ctrl,trishift_pearson_delta,0.627125818403093,,20
DNAJC9+ctrl,systema_pearson,-0.046787153769487243,,20
DNLZ+ctrl,txpert_macro_pearson_delta,-0.17865142451053054,,5000
DNLZ+ctrl,trishift_pearson_delta,-0.8580184407438125,,20
DNLZ+ctrl,systema_pearson,-0.0022630682775178729,,20
DNM1L+ctrl,txpert_macro_pearson_delta,0.02723522564218606,,5000
DNM1L+ctrl,trishift_pearson_delta,0.10285726967647173,,20
DNM1L+ctrl,systema_pearson,0.15481748486711344,,20
DNMT1+ctrl,txpert_macro_pearson_delta,0.34356496655714375,,5000
DNMT1+ctrl,trishift_pearson_delta,-0.045322935392326388,,20
DNMT1+ctrl,systema_pearson,-0.17742704326672507,,20
DNTTIP2+ctrl,txpert_macro_pearson_delta,0.79338233629921118,,5000
DNTTIP2+ctrl,trishift_pearson_delta,0.97613401866618099,,20
DNTTIP2+ctrl,systema_pearson,0.17027411735711431,,20
DONSON+ctrl,txpert_macro_pearson_delta,0.49293285988141711,,5000
DONSON+ctrl,trishift_pearson_delta,0.2115439878558531,,20
DONSON+ctrl,systema_pearson,-0.3165079091138957,,20
DPH1+ctrl,txpert_macro_pearson_delta,0.068380820341033016,,5000
DPH1+ctrl,trishift_pearson_delta,0.49866530032959699,,20
DPH1+ctrl,systema_pearson,-0.010280502795982457,,20
DPH6+ctrl,txpert_macro_pearson_delta,0.080817453107634232,,5000
DPH6+ctrl,trishift_pearson_delta,0.0038632446243939294,,20
DPH6+ctrl,systema_pearson,-0.36086800055534196,,20
DPY19L4+ctrl,txpert_macro_pearson_delta,-0.056836500146703509,,5000
DPY19L4+ctrl,trishift_pearson_delta,0.83223839857760429,,20
DPY19L4+ctrl,systema_pearson,0.42946492988964552,,20
DYNLL1+ctrl,txpert_macro_pearson_delta,0.33528563228652908,,5000
DYNLL1+ctrl,trishift_pearson_delta,0.65689315369943679,,19
DYNLL1+ctrl,systema_pearson,-0.26554114225883213,,19
EEF1A1+ctrl,txpert_macro_pearson_delta,-0.065422101606765745,,5000
EEF1A1+ctrl,trishift_pearson_delta,-0.49091892629726969,,20
EEF1A1+ctrl,systema_pearson,0.46559872235195493,,20
EEF1B2+ctrl,txpert_macro_pearson_delta,-0.018695120613062714,,5000
EEF1B2+ctrl,trishift_pearson_delta,-0.03274368067166538,,19
EEF1B2+ctrl,systema_pearson,-0.046987127206826795,,19
EEF1G+ctrl,txpert_macro_pearson_delta,0.5459457661579139,,5000
EEF1G+ctrl,trishift_pearson_delta,0.3754359844481715,,20
EEF1G+ctrl,systema_pearson,0.91044901662904409,,20
EEF2+ctrl,txpert_macro_pearson_delta,0.51347451752243278,,5000
EEF2+ctrl,trishift_pearson_delta,0.75362816927026655,,20
EEF2+ctrl,systema_pearson,-0.069592256133333044,,20
EHMT2+ctrl,txpert_macro_pearson_delta,0.021927702576832634,,5000
EHMT2+ctrl,trishift_pearson_delta,0.60167002067829478,,20
EHMT2+ctrl,systema_pearson,-0.39789173010305906,,20
EIF1+ctrl,txpert_macro_pearson_delta,0.14975977483679806,,5000
EIF1+ctrl,trishift_pearson_delta,-0.65739188621327982,,19
EIF1+ctrl,systema_pearson,-0.31964398122765503,,19
EIF1AD+ctrl,txpert_macro_pearson_delta,0.27589157958547156,,5000
EIF1AD+ctrl,trishift_pearson_delta,-0.18296870100281939,,20
EIF1AD+ctrl,systema_pearson,-0.39221851711583655,,20
EIF3A+ctrl,txpert_macro_pearson_delta,0.59065695378728378,,5000
EIF3A+ctrl,trishift_pearson_delta,0.96973664853564079,,20
EIF3A+ctrl,systema_pearson,0.24529211531334574,,20
EIF3L+ctrl,txpert_macro_pearson_delta,0.087054109224620396,,5000
EIF3L+ctrl,trishift_pearson_delta,0.65781614939883049,,20
EIF3L+ctrl,systema_pearson,0.6931513550261339,,20
EIF4B+ctrl,txpert_macro_pearson_delta,-0.054589788312846055,,5000
EIF4B+ctrl,trishift_pearson_delta,0.030423413359976576,,19
EIF4B+ctrl,systema_pearson,0.36184733315659967,,19
EIF4E+ctrl,txpert_macro_pearson_delta,0.5295963179351254,,5000
EIF4E+ctrl,trishift_pearson_delta,0.83376432953729795,,20
EIF4E+ctrl,systema_pearson,-0.40376423543840662,,20
EIF4G2+ctrl,txpert_macro_pearson_delta,0.32593824057426873,,5000
EIF4G2+ctrl,trishift_pearson_delta,-0.061940207487878554,,20
EIF4G2+ctrl,systema_pearson,0.062692451530132129,,20
EIF5+ctrl,txpert_macro_pearson_delta,0.33894487999089784,,5000
EIF5+ctrl,trishift_pearson_delta,0.5802846561907935,,19
EIF5+ctrl,systema_pearson,-0.17640363151258964,,19
EIF5A+ctrl,txpert_macro_pearson_delta,0.43025593876338369,,5000
EIF5A+ctrl,trishift_pearson_delta,0.90006697355818321,,20
EIF5A+ctrl,systema_pearson,0.41593708173481947,,20
ELOF1+ctrl,txpert_macro_pearson_delta,0.34541264998558496,,5000
ELOF1+ctrl,trishift_pearson_delta,0.564732380181593,,20
ELOF1+ctrl,systema_pearson,0.66695958408401035,,20
ELP4+ctrl,txpert_macro_pearson_delta,0.49603661368509117,,5000
ELP4+ctrl,trishift_pearson_delta,0.92061781812622301,,20
ELP4+ctrl,systema_pearson,0.28013210599612337,,20
ELP6+ctrl,txpert_macro_pearson_delta,0.47556385091298109,,5000
ELP6+ctrl,trishift_pearson_delta,0.11014431392349713,,20
ELP6+ctrl,systema_pearson,-0.24563492488813093,,20
EMC1+ctrl,txpert_macro_pearson_delta,0.38780963267345425,,5000
EMC1+ctrl,trishift_pearson_delta,0.75191746232086121,,20
EMC1+ctrl,systema_pearson,-0.63562506638720551,,20
EP400+ctrl,txpert_macro_pearson_delta,0.32040859694960033,,5000
EP400+ctrl,trishift_pearson_delta,0.10212377315921412,,20
EP400+ctrl,systema_pearson,-0.010879478222128527,,20
ERCC3+ctrl,txpert_macro_pearson_delta,-0.19260787127775289,,5000
ERCC3+ctrl,trishift_pearson_delta,0.55002775383555469,,20
ERCC3+ctrl,systema_pearson,0.33463961395820041,,20
ESYT2+ctrl,txpert_macro_pearson_delta,0.48142762413786072,,5000
ESYT2+ctrl,trishift_pearson_delta,0.7831394456395917,,20
ESYT2+ctrl,systema_pearson,-0.42370426776780312,,20
EXOC4+ctrl,txpert_macro_pearson_delta,0.15562296653207833,,5000
EXOC4+ctrl,trishift_pearson_delta,-0.074170779044894233,,20
EXOC4+ctrl,systema_pearson,-0.22457290035560204,,20
EXOC5+ctrl,txpert_macro_pearson_delta,0.19454845151786759,,5000
EXOC5+ctrl,trishift_pearson_delta,-0.04346458757561146,,20
EXOC5+ctrl,systema_pearson,-0.11592392175797799,,20
EXOSC8+ctrl,txpert_macro_pearson_delta,0.61723417705945027,,5000
EXOSC8+ctrl,trishift_pearson_delta,0.65501963821727938,,20
EXOSC8+ctrl,systema_pearson,0.42686104401489489,,20
FAM102B+ctrl,txpert_macro_pearson_delta,0.20814966298053836,,5000
FAM102B+ctrl,trishift_pearson_delta,0.74589783869484783,,20
FAM102B+ctrl,systema_pearson,-0.16903821943947558,,20
FAM136A+ctrl,txpert_macro_pearson_delta,0.65185956977001613,,5000
FAM136A+ctrl,trishift_pearson_delta,0.67831678450543664,,20
FAM136A+ctrl,systema_pearson,-0.11454988958796589,,20
FAM207A+ctrl,txpert_macro_pearson_delta,-0.25819928642848133,,5000
FAM207A+ctrl,trishift_pearson_delta,0.46075669702206778,,20
FAM207A+ctrl,systema_pearson,0.44277587718025668,,20
FAM229A+ctrl,txpert_macro_pearson_delta,-0.29299546212764471,,5000
FAM229A+ctrl,trishift_pearson_delta,0.088416614818890252,,20
FAM229A+ctrl,systema_pearson,-0.0062146427143384524,,20
FAU+ctrl,txpert_macro_pearson_delta,0.65848166825906951,,5000
FAU+ctrl,trishift_pearson_delta,0.79026065280368718,,20
FAU+ctrl,systema_pearson,0.10573614404111176,,20
FBLIM1+ctrl,txpert_macro_pearson_delta,-0.15075666373843144,,5000
FBLIM1+ctrl,trishift_pearson_delta,-0.83595089761855923,,20
FBLIM1+ctrl,systema_pearson,-0.46485330723446988,,20
FCF1+ctrl,txpert_macro_pearson_delta,0.70152501736035611,,5000
FCF1+ctrl,trishift_pearson_delta,0.9333470072781912,,20
FCF1+ctrl,systema_pearson,0.48205628444159815,,20
FDPS+ctrl,txpert_macro_pearson_delta,0.49736175083826561,,5000
FDPS+ctrl,trishift_pearson_delta,0.1236696542568399,,19
FDPS+ctrl,systema_pearson,-0.37232876633032824,,19
FEN1+ctrl,txpert_macro_pearson_delta,0.16518512528982046,,5000
FEN1+ctrl,trishift_pearson_delta,0.47573813888285249,,20
FEN1+ctrl,systema_pearson,0.59818318747795607,,20
FGFR1OP+ctrl,txpert_macro_pearson_delta,0.16203535789896167,,5000
FGFR1OP+ctrl,trishift_pearson_delta,0.34916433188959495,,20
FGFR1OP+ctrl,systema_pearson,-0.0021112814837255405,,20
FNTB+ctrl,txpert_macro_pearson_delta,-0.013069082999069562,,5000
FNTB+ctrl,trishift_pearson_delta,0.17720865624919091,,20
FNTB+ctrl,systema_pearson,0.25005046496633454,,20
FOXD4+ctrl,txpert_macro_pearson_delta,0.067329908773697947,,5000
FOXD4+ctrl,trishift_pearson_delta,0.082495915960895824,,20
FOXD4+ctrl,systema_pearson,-0.22261796613248749,,20
GAB2+ctrl,txpert_macro_pearson_delta,-0.061666774570404287,,5000
GAB2+ctrl,trishift_pearson_delta,-0.3506307242321608,,20
GAB2+ctrl,systema_pearson,-0.49350342176400647,,20
GARS+ctrl,txpert_macro_pearson_delta,0.47341198766506354,,5000
GARS+ctrl,trishift_pearson_delta,0.62408991031573346,,20
GARS+ctrl,systema_pearson,0.16928997190243494,,20
GATA1+ctrl,txpert_macro_pearson_delta,0.35876445407254248,,5000
GATA1+ctrl,trishift_pearson_delta,0.74550036065731273,,20
GATA1+ctrl,systema_pearson,0.28100991207607845,,20
GBF1+ctrl,txpert_macro_pearson_delta,0.61207293357810943,,5000
GBF1+ctrl,trishift_pearson_delta,0.89250339034265957,,20
GBF1+ctrl,systema_pearson,-0.17077028677136774,,20
GEMIN6+ctrl,txpert_macro_pearson_delta,0.28958604340881283,,5000
GEMIN6+ctrl,trishift_pearson_delta,0.24152861731655009,,20
GEMIN6+ctrl,systema_pearson,-0.54655200215348287,,20
GINS4+ctrl,txpert_macro_pearson_delta,0.50371594287505606,,5000
GINS4+ctrl,trishift_pearson_delta,0.91853519846744824,,20
GINS4+ctrl,systema_pearson,-0.263259759026931,,20
GJA3+ctrl,txpert_macro_pearson_delta,-0.088269578547894911,,5000
GJA3+ctrl,trishift_pearson_delta,0.57840293635114659,,20
GJA3+ctrl,systema_pearson,0.27919539881161937,,20
GLB1+ctrl,txpert_macro_pearson_delta,0.67132815791064326,,5000
GLB1+ctrl,trishift_pearson_delta,0.92303595352280166,,20
GLB1+ctrl,systema_pearson,0.63280143120448895,,20
GOLT1B+ctrl,txpert_macro_pearson_delta,-0.17332993954322343,,5000
GOLT1B+ctrl,trishift_pearson_delta,0.041780628444325271,,20
GOLT1B+ctrl,systema_pearson,-0.23246865495240163,,20
GON4L+ctrl,txpert_macro_pearson_delta,0.35245335534145517,,5000
GON4L+ctrl,trishift_pearson_delta,0.5970724197448255,,20
GON4L+ctrl,systema_pearson,-0.35312201228090134,,20
GOSR2+ctrl,txpert_macro_pearson_delta,0.42434878635159046,,5000
GOSR2+ctrl,trishift_pearson_delta,0.77203822192028404,,20
GOSR2+ctrl,systema_pearson,0.33236463286437429,,20
GPN3+ctrl,txpert_macro_pearson_delta,0.69411585866973124,,5000
GPN3+ctrl,trishift_pearson_delta,0.84752027591660395,,20
GPN3+ctrl,systema_pearson,-0.55539037991868911,,20
GPS1+ctrl,txpert_macro_pearson_delta,0.66953020630488147,,5000
GPS1+ctrl,trishift_pearson_delta,0.69266679833869282,,20
GPS1+ctrl,systema_pearson,0.017428460109157797,,20
GRSF1+ctrl,txpert_macro_pearson_delta,0.25434423521761623,,5000
GRSF1+ctrl,trishift_pearson_delta,-0.70732665147545837,,20
GRSF1+ctrl,systema_pearson,-0.39404572443965041,,20
GSK3B+ctrl,txpert_macro_pearson_delta,-0.21778751486248668,,5000
GSK3B+ctrl,trishift_pearson_delta,-0.43465691527949218,,20
GSK3B+ctrl,systema_pearson,-0.1105320674305607,,20
GTF2B+ctrl,txpert_macro_pearson_delta,0.28296527485064449,,5000
GTF2B+ctrl,trishift_pearson_delta,0.46453533910403322,,20
GTF2B+ctrl,systema_pearson,0.54614223245434113,,20
GTF2H2C+ctrl,txpert_macro_pearson_delta,-0.093383880416269369,,5000
GTF2H2C+ctrl,trishift_pearson_delta,-0.66308789289904302,,20
GTF2H2C+ctrl,systema_pearson,-0.63957377806587756,,20
GTF3A+ctrl,txpert_macro_pearson_delta,0.48246185114125489,,5000
GTF3A+ctrl,trishift_pearson_delta,0.78919072146688762,,20
GTF3A+ctrl,systema_pearson,-0.78153869563798561,,20
GTF3C4+ctrl,txpert_macro_pearson_delta,0.56925162886191671,,5000
GTF3C4+ctrl,trishift_pearson_delta,0.85870488940698153,,20
GTF3C4+ctrl,systema_pearson,-0.16661938567214804,,20
GTF3C5+ctrl,txpert_macro_pearson_delta,0.17230027093843606,,5000
GTF3C5+ctrl,trishift_pearson_delta,0.64820097721377279,,20
GTF3C5+ctrl,systema_pearson,0.69045174748046512,,20
H2AFX+ctrl,txpert_macro_pearson_delta,-0.10032269325757538,,5000
H2AFX+ctrl,trishift_pearson_delta,-0.35906763866996561,,20
H2AFX+ctrl,systema_pearson,0.33514767824348396,,20
HAMP+ctrl,txpert_macro_pearson_delta,0.34508310257005759,,5000
HAMP+ctrl,trishift_pearson_delta,0.94145014104924263,,20
HAMP+ctrl,systema_pearson,-0.58493871154642418,,20
HARS2+ctrl,txpert_macro_pearson_delta,0.44394465182944659,,5000
HARS2+ctrl,trishift_pearson_delta,-0.057964517008781219,,20
HARS2+ctrl,systema_pearson,-0.036379139461300065,,20
HAUS3+ctrl,txpert_macro_pearson_delta,0.45554878734283544,,5000
HAUS3+ctrl,trishift_pearson_delta,0.57218342679755163,,20
HAUS3+ctrl,systema_pearson,-0.0081955966359639806,,20
HAUS7+ctrl,txpert_macro_pearson_delta,0.064036276936261335,,5000
HAUS7+ctrl,trishift_pearson_delta,0.58490991813644455,,20
HAUS7+ctrl,systema_pearson,-0.074356674394475547,,20
HBS1L+ctrl,txpert_macro_pearson_delta,0.51664196375192717,,5000
HBS1L+ctrl,trishift_pearson_delta,0.54808845798295092,,20
HBS1L+ctrl,systema_pearson,0.26608853559085094,,20
HDAC7+ctrl,txpert_macro_pearson_delta,0.58676156214156483,,5000
HDAC7+ctrl,trishift_pearson_delta,0.90115134231321214,,20
HDAC7+ctrl,systema_pearson,-0.068894114152532035,,20
HIST1H2AB+ctrl,txpert_macro_pearson_delta,0.050669443725334537,,5000
HIST1H2AB+ctrl,trishift_pearson_delta,-0.78390143736949736,,20
HIST1H2AB+ctrl,systema_pearson,-0.67657445453822929,,20
HIST1H2BC+ctrl,txpert_macro_pearson_delta,-0.06440703039901137,,5000
HIST1H2BC+ctrl,trishift_pearson_delta,-0.25857145850215185,,20
HIST1H2BC+ctrl,systema_pearson,-0.20984292030164409,,20
HIST1H2BL+ctrl,txpert_macro_pearson_delta,0.06211541656005997,,5000
HIST1H2BL+ctrl,trishift_pearson_delta,0.43210889538074221,,20
HIST1H2BL+ctrl,systema_pearson,0.338699443448156,,20
HIST1H2BM+ctrl,txpert_macro_pearson_delta,-0.12561266515667377,,5000
HIST1H2BM+ctrl,trishift_pearson_delta,-0.11241529218117192,,20
HIST1H2BM+ctrl,systema_pearson,-0.071335945875044826,,20
HIST2H2BF+ctrl,txpert_macro_pearson_delta,0.27799257086193613,,5000
HIST2H2BF+ctrl,trishift_pearson_delta,0.3003926843892285,,20
HIST2H2BF+ctrl,systema_pearson,0.41131358873969476,,20
HLA-C+ctrl,txpert_macro_pearson_delta,-0.22930022473457984,,5000
HLA-C+ctrl,trishift_pearson_delta,-0.36645590263618993,,20
HLA-C+ctrl,systema_pearson,-0.361114509789142,,20
HMGB1+ctrl,txpert_macro_pearson_delta,0.61031018009709304,,5000
HMGB1+ctrl,trishift_pearson_delta,0.86044644137524395,,19
HMGB1+ctrl,systema_pearson,-0.51920374143815162,,19
HNRNPC+ctrl,txpert_macro_pearson_delta,0.5506356733922656,,5000
HNRNPC+ctrl,trishift_pearson_delta,0.92253903644887048,,20
HNRNPC+ctrl,systema_pearson,0.26039579025014992,,20
HNRNPL+ctrl,txpert_macro_pearson_delta,0.22125045324524936,,5000
HNRNPL+ctrl,trishift_pearson_delta,0.33203681783770911,,20
HNRNPL+ctrl,systema_pearson,0.37528013717359815,,20
HNRNPR+ctrl,txpert_macro_pearson_delta,-0.010211343572223308,,5000
HNRNPR+ctrl,trishift_pearson_delta,0.65282585735189957,,19
HNRNPR+ctrl,systema_pearson,0.38965879306152096,,19
HOXA3+ctrl,txpert_macro_pearson_delta,0.23306405041165987,,5000
HOXA3+ctrl,trishift_pearson_delta,0.60071809637831552,,20
HOXA3+ctrl,systema_pearson,0.16305354349732398,,20
HSCB+ctrl,txpert_macro_pearson_delta,-0.078672441082440273,,5000
HSCB+ctrl,trishift_pearson_delta,-0.10838261066703948,,20
HSCB+ctrl,systema_pearson,0.45116032211232537,,20
HSD17B12+ctrl,txpert_macro_pearson_delta,-0.055170940974653346,,5000
HSD17B12+ctrl,trishift_pearson_delta,-0.74472541034058204,,20
HSD17B12+ctrl,systema_pearson,0.12375588039434185,,20
HSF1+ctrl,txpert_macro_pearson_delta,0.23242929520852987,,5000
HSF1+ctrl,trishift_pearson_delta,0.56902903929335891,,20
HSF1+ctrl,systema_pearson,0.5517252309051236,,20
HSPA8+ctrl,txpert_macro_pearson_delta,0.34586750175555975,,5000
HSPA8+ctrl,trishift_pearson_delta,0.54038233282394232,,19
HSPA8+ctrl,systema_pearson,-0.15289609466682161,,19
HSPH1+ctrl,txpert_macro_pearson_delta,-0.08192447836189734,,5000
HSPH1+ctrl,trishift_pearson_delta,0.15081325010132235,,20
HSPH1+ctrl,systema_pearson,0.31969629519291642,,20
HTATSF1+ctrl,txpert_macro_pearson_delta,0.3894630915508685,,5000
HTATSF1+ctrl,trishift_pearson_delta,0.33305499587684878,,20
HTATSF1+ctrl,systema_pearson,-0.77415251873888802,,20
HYOU1+ctrl,txpert_macro_pearson_delta,0.50037537202656335,,5000
HYOU1+ctrl,trishift_pearson_delta,0.89425441106506154,,20
HYOU1+ctrl,systema_pearson,-0.1614900584619462,,20
IARS+ctrl,txpert_macro_pearson_delta,0.50797149284707244,,5000
IARS+ctrl,trishift_pearson_delta,0.65647025866647268,,20
IARS+ctrl,systema_pearson,-0.10627607592942177,,20
ICE1+ctrl,txpert_macro_pearson_delta,0.72729976598340607,,5000
ICE1+ctrl,trishift_pearson_delta,0.75928312195405168,,20
ICE1+ctrl,systema_pearson,-0.13654860935824786,,20
IFITM3+ctrl,txpert_macro_pearson_delta,0.28385312487078918,,5000
IFITM3+ctrl,trishift_pearson_delta,-0.16874240633306928,,20
IFITM3+ctrl,systema_pearson,-0.49034632214102125,,20
IK+ctrl,txpert_macro_pearson_delta,0.67217660829469383,,5000
IK+ctrl,trishift_pearson_delta,0.89853626363912409,,20
IK+ctrl,systema_pearson,0.24896229733066025,,20
ILF3+ctrl,txpert_macro_pearson_delta,0.32214170758889582,,5000
ILF3+ctrl,trishift_pearson_delta,0.55182950439162282,,20
ILF3+ctrl,systema_pearson,-0.57480960399259973,,20
IMP4+ctrl,txpert_macro_pearson_delta,0.72308880637502071,,5000
IMP4+ctrl,trishift_pearson_delta,0.95622259599243564,,20
IMP4+ctrl,systema_pearson,0.69877789982964778,,20
ING3+ctrl,txpert_macro_pearson_delta,0.4749794944083004,,5000
ING3+ctrl,trishift_pearson_delta,0.43661568116374844,,20
ING3+ctrl,systema_pearson,0.25140251994067137,,20
INTS1+ctrl,txpert_macro_pearson_delta,0.25315650279715329,,5000
INTS1+ctrl,trishift_pearson_delta,0.39732947415461134,,20
INTS1+ctrl,systema_pearson,0.21048257237862739,,20
INTS2+ctrl,txpert_macro_pearson_delta,0.59933937901261392,,5000
INTS2+ctrl,trishift_pearson_delta,0.83140356220974232,,20
INTS2+ctrl,systema_pearson,0.083950293541771415,,20
INTS6+ctrl,txpert_macro_pearson_delta,0.46197315889712187,,5000
INTS6+ctrl,trishift_pearson_delta,0.71873833726623526,,20
INTS6+ctrl,systema_pearson,0.22573992074307761,,20
INTS7+ctrl,txpert_macro_pearson_delta,0.5444591227484874,,5000
INTS7+ctrl,trishift_pearson_delta,0.81906585850596747,,20
INTS7+ctrl,systema_pearson,-0.40522100145155343,,20
IPO7+ctrl,txpert_macro_pearson_delta,0.63403329603979008,,5000
IPO7+ctrl,trishift_pearson_delta,0.91144624259970453,,20
IPO7+ctrl,systema_pearson,0.021995493039006407,,20
ISCA2+ctrl,txpert_macro_pearson_delta,0.19609815210365239,,5000
ISCA2+ctrl,trishift_pearson_delta,0.26865404707409773,,20
ISCA2+ctrl,systema_pearson,0.24002050118204935,,20
KATNB1+ctrl,txpert_macro_pearson_delta,0.23815398949058231,,5000
KATNB1+ctrl,trishift_pearson_delta,0.53873436952781817,,20
KATNB1+ctrl,systema_pearson,-0.092271618723567012,,20
KCMF1+ctrl,txpert_macro_pearson_delta,0.14067921170654607,,5000
KCMF1+ctrl,trishift_pearson_delta,-0.038591915898123191,,20
KCMF1+ctrl,systema_pearson,-0.3327191828259034,,20
KCNA10+ctrl,txpert_macro_pearson_delta,-0.032970224394926383,,5000
KCNA10+ctrl,trishift_pearson_delta,-0.3068191585078382,,20
KCNA10+ctrl,systema_pearson,0.046311103434079681,,20
KDM6A+ctrl,txpert_macro_pearson_delta,-0.11228809914865964,,5000
KDM6A+ctrl,trishift_pearson_delta,-0.5927248698045916,,20
KDM6A+ctrl,systema_pearson,-0.67875581189035006,,20
KIF18B+ctrl,txpert_macro_pearson_delta,0.74877586569948185,,5000
KIF18B+ctrl,trishift_pearson_delta,0.93502016381285358,,20
KIF18B+ctrl,systema_pearson,-0.45005929407582501,,20
KIF23+ctrl,txpert_macro_pearson_delta,0.3865270496939176,,5000
KIF23+ctrl,trishift_pearson_delta,0.35472958670653515,,20
KIF23+ctrl,systema_pearson,0.33791318530145847,,20
KLHL11+ctrl,txpert_macro_pearson_delta,-0.022593689123370765,,5000
KLHL11+ctrl,trishift_pearson_delta,-0.2149704413158878,,20
KLHL11+ctrl,systema_pearson,-0.30222870004254593,,20
KPNA6+ctrl,txpert_macro_pearson_delta,0.41132609511669538,,5000
KPNA6+ctrl,trishift_pearson_delta,0.6061485936312756,,20
KPNA6+ctrl,systema_pearson,0.59414665107764608,,20
KRT17+ctrl,txpert_macro_pearson_delta,-0.15140658030482235,,5000
KRT17+ctrl,trishift_pearson_delta,-0.20625626764970442,,20
KRT17+ctrl,systema_pearson,0.094175889711299629,,20
KRT8+ctrl,txpert_macro_pearson_delta,0.50891110480862944,,5000
KRT8+ctrl,trishift_pearson_delta,0.87568227254280029,,19
KRT8+ctrl,systema_pearson,0.48133440015632367,,19
KRTAP4-7+ctrl,txpert_macro_pearson_delta,0.13876883484688535,,5000
KRTAP4-7+ctrl,trishift_pearson_delta,0.31749066909617002,,20
KRTAP4-7+ctrl,systema_pearson,0.075987126812910269,,20
LAMTOR4+ctrl,txpert_macro_pearson_delta,0.30567502185837275,,5000
LAMTOR4+ctrl,trishift_pearson_delta,0.91667471213773033,,20
LAMTOR4+ctrl,systema_pearson,0.61429755154690213,,20
LARS+ctrl,txpert_macro_pearson_delta,0.68572911330217534,,5000
LARS+ctrl,trishift_pearson_delta,0.83523611451391888,,20
LARS+ctrl,systema_pearson,0.50015815291193078,,20
LCE1C+ctrl,txpert_macro_pearson_delta,-0.23346726834608142,,5000
LCE1C+ctrl,trishift_pearson_delta,0.55107156581716843,,20
LCE1C+ctrl,systema_pearson,0.662109116895783,,20
LCE1E+ctrl,txpert_macro_pearson_delta,-0.20201389462315109,,5000
LCE1E+ctrl,trishift_pearson_delta,0.18332023068370734,,20
LCE1E+ctrl,systema_pearson,0.20091127543229678,,20
LCN10+ctrl,txpert_macro_pearson_delta,-0.28538753618063917,,5000
LCN10+ctrl,trishift_pearson_delta,-0.48882677314742495,,20
LCN10+ctrl,systema_pearson,-0.13202467815933663,,20
LIN54+ctrl,txpert_macro_pearson_delta,-0.059386748479630824,,5000
LIN54+ctrl,trishift_pearson_delta,-0.38315316837451191,,20
LIN54+ctrl,systema_pearson,0.26630680593702305,,20
LRP5+ctrl,txpert_macro_pearson_delta,0.1677960785726266,,5000
LRP5+ctrl,trishift_pearson_delta,-0.034908098373601912,,20
LRP5+ctrl,systema_pearson,0.4434427061052385,,20
LSG1+ctrl,txpert_macro_pearson_delta,0.8040108137982892,,5000
LSG1+ctrl,trishift_pearson_delta,0.96364832120537658,,20
LSG1+ctrl,systema_pearson,0.050993070574836555,,20
LSM10+ctrl,txpert_macro_pearson_delta,0.22670605905045496,,5000
LSM10+ctrl,trishift_pearson_delta,-0.11612543793308998,,20
LSM10+ctrl,systema_pearson,0.24938954970457072,,20
LSM2+ctrl,txpert_macro_pearson_delta,0.71237995859465764,,5000
LSM2+ctrl,trishift_pearson_delta,0.86010050542572969,,20
LSM2+ctrl,systema_pearson,0.20795733569676103,,20
LTBP4+ctrl,txpert_macro_pearson_delta,-0.18525345922098632,,5000
LTBP4+ctrl,trishift_pearson_delta,-0.56995414464373784,,20
LTBP4+ctrl,systema_pearson,0.38398251843618253,,20
LTV1+ctrl,txpert_macro_pearson_delta,0.74284173090598227,,5000
LTV1+ctrl,trishift_pearson_delta,0.94293483756052354,,20
LTV1+ctrl,systema_pearson,0.63138755688750192,,20
LUC7L3+ctrl,txpert_macro_pearson_delta,0.23322854093653961,,5000
LUC7L3+ctrl,trishift_pearson_delta,0.35931816903373576,,20
LUC7L3+ctrl,systema_pearson,-0.11841359074388995,,20
LZTR1+ctrl,txpert_macro_pearson_delta,0.41921344180262871,,5000
LZTR1+ctrl,trishift_pearson_delta,-0.096643003128448771,,20
LZTR1+ctrl,systema_pearson,-0.62643705726168442,,20
MAU2+ctrl,txpert_macro_pearson_delta,0.18936183575992377,,5000
MAU2+ctrl,trishift_pearson_delta,0.68270501854210419,,20
MAU2+ctrl,systema_pearson,0.71194689076589923,,20
MBTPS2+ctrl,txpert_macro_pearson_delta,-0.049219202337373674,,5000
MBTPS2+ctrl,trishift_pearson_delta,0.87269981430300536,,20
MBTPS2+ctrl,systema_pearson,0.26900322197262211,,20
MCL1+ctrl,txpert_macro_pearson_delta,-0.14165531200562462,,5000
MCL1+ctrl,trishift_pearson_delta,-0.92707696343649926,,20
MCL1+ctrl,systema_pearson,-0.22518984300642275,,20
MCM10+ctrl,txpert_macro_pearson_delta,0.75135369463940505,,5000
MCM10+ctrl,trishift_pearson_delta,0.9602436974144043,,20
MCM10+ctrl,systema_pearson,0.33482201139793288,,20
MCM3+ctrl,txpert_macro_pearson_delta,0.71003156839634352,,5000
MCM3+ctrl,trishift_pearson_delta,0.95279285302209282,,20
MCM3+ctrl,systema_pearson,0.072789919485215113,,20
MCM3AP+ctrl,txpert_macro_pearson_delta,0.18196207008164272,,5000
MCM3AP+ctrl,trishift_pearson_delta,0.41895186985946142,,20
MCM3AP+ctrl,systema_pearson,0.44121245293397876,,20
MCMBP+ctrl,txpert_macro_pearson_delta,0.56123564518764912,,5000
MCMBP+ctrl,trishift_pearson_delta,0.77818441555127438,,20
MCMBP+ctrl,systema_pearson,0.20841521874543478,,20
MCRS1+ctrl,txpert_macro_pearson_delta,0.059381586466509484,,5000
MCRS1+ctrl,trishift_pearson_delta,-0.011314726772304282,,20
MCRS1+ctrl,systema_pearson,0.1395599617309051,,20
MED1+ctrl,txpert_macro_pearson_delta,0.60113495633578928,,5000
MED1+ctrl,trishift_pearson_delta,0.93704075060363834,,20
MED1+ctrl,systema_pearson,-0.25638785250159496,,20
MED19+ctrl,txpert_macro_pearson_delta,0.51835166999773463,,5000
MED19+ctrl,trishift_pearson_delta,0.64652869552262471,,20
MED19+ctrl,systema_pearson,-0.46100670361100965,,20
MED20+ctrl,txpert_macro_pearson_delta,0.5773653430938106,,5000
MED20+ctrl,trishift_pearson_delta,0.86397039982292179,,20
MED20+ctrl,systema_pearson,0.63619120934724904,,20
MED21+ctrl,txpert_macro_pearson_delta,0.70404306034362507,,5000
MED21+ctrl,trishift_pearson_delta,0.74504286634071104,,20
MED21+ctrl,systema_pearson,-0.018988311951676381,,20
MED28+ctrl,txpert_macro_pearson_delta,0.40181012335023442,,5000
MED28+ctrl,trishift_pearson_delta,0.72986839128748526,,20
MED28+ctrl,systema_pearson,-0.4159753048640033,,20
MED30+ctrl,txpert_macro_pearson_delta,0.65021800260062124,,5000
MED30+ctrl,trishift_pearson_delta,0.77289301042326086,,20
MED30+ctrl,systema_pearson,0.23081086000480233,,20
MED8+ctrl,txpert_macro_pearson_delta,0.66519130493556611,,5000
MED8+ctrl,trishift_pearson_delta,0.66594135909444319,,20
MED8+ctrl,systema_pearson,-0.64145754688297141,,20
MEF2A+ctrl,txpert_macro_pearson_delta,0.18518021611109098,,5000
MEF2A+ctrl,trishift_pearson_delta,0.23122760691583208,,20
MEF2A+ctrl,systema_pearson,0.53783254846128792,,20
MEIS3+ctrl,txpert_macro_pearson_delta,0.42340514979638316,,5000
MEIS3+ctrl,trishift_pearson_delta,0.57635483486680883,,20
MEIS3+ctrl,systema_pearson,0.042887744609899268,,20
METAP2+ctrl,txpert_macro_pearson_delta,0.33508978246734566,,5000
METAP2+ctrl,trishift_pearson_delta,0.6545191154395118,,20
METAP2+ctrl,systema_pearson,0.60086374534283826,,20
METTL17+ctrl,txpert_macro_pearson_delta,0.19145123481509987,,5000
METTL17+ctrl,trishift_pearson_delta,-0.85961993931580094,,20
METTL17+ctrl,systema_pearson,0.12227477929805776,,20
MICOS10+ctrl,txpert_macro_pearson_delta,0.40660298324925515,,5000
MICOS10+ctrl,trishift_pearson_delta,0.38044404549622307,,20
MICOS10+ctrl,systema_pearson,0.51579507138401137,,20
MIOS+ctrl,txpert_macro_pearson_delta,0.22582920196882411,,5000
MIOS+ctrl,trishift_pearson_delta,-0.89304827250310292,,20
MIOS+ctrl,systema_pearson,-0.50278168225334829,,20
MIPEP+ctrl,txpert_macro_pearson_delta,-0.056376890754897567,,5000
MIPEP+ctrl,trishift_pearson_delta,-0.40332206535358367,,20
MIPEP+ctrl,systema_pearson,-0.16535839065841204,,20
MKRN1+ctrl,txpert_macro_pearson_delta,0.091083986096584774,,5000
MKRN1+ctrl,trishift_pearson_delta,0.2096007067967412,,20
MKRN1+ctrl,systema_pearson,0.21500903980078206,,20
MMP17+ctrl,txpert_macro_pearson_delta,0.62580149329469992,,5000
MMP17+ctrl,trishift_pearson_delta,0.75675777668299526,,20
MMP17+ctrl,systema_pearson,0.35119282272115399,,20
MMS19+ctrl,txpert_macro_pearson_delta,0.43996128130215206,,5000
MMS19+ctrl,trishift_pearson_delta,0.95464405791906504,,20
MMS19+ctrl,systema_pearson,0.68059376705526076,,20
MOG+ctrl,txpert_macro_pearson_delta,-0.050912843126615273,,5000
MOG+ctrl,trishift_pearson_delta,-0.70913642793438036,,20
MOG+ctrl,systema_pearson,-0.95098014599042813,,20
MON1A+ctrl,txpert_macro_pearson_delta,-0.20781751237343191,,5000
MON1A+ctrl,trishift_pearson_delta,-0.57418636431597836,,20
MON1A+ctrl,systema_pearson,0.64458268111910111,,20
MRPL1+ctrl,txpert_macro_pearson_delta,0.079607679961853584,,5000
MRPL1+ctrl,trishift_pearson_delta,-0.38674611172913825,,20
MRPL1+ctrl,systema_pearson,0.35867598614145141,,20
MRPL10+ctrl,txpert_macro_pearson_delta,0.52304894967978444,,5000
MRPL10+ctrl,trishift_pearson_delta,0.35993773340450724,,20
MRPL10+ctrl,systema_pearson,0.69627219839778587,,20
MRPL14+ctrl,txpert_macro_pearson_delta,0.14385895834937473,,5000
MRPL14+ctrl,trishift_pearson_delta,-0.70138147380512383,,20
MRPL14+ctrl,systema_pearson,-0.2268267743819099,,20
MRPL2+ctrl,txpert_macro_pearson_delta,0.3702809330702953,,5000
MRPL2+ctrl,trishift_pearson_delta,-0.64941751077895593,,20
MRPL2+ctrl,systema_pearson,0.64355765647539076,,20
MRPL28+ctrl,txpert_macro_pearson_delta,0.286512071996255,,5000
MRPL28+ctrl,trishift_pearson_delta,-0.48804679683934099,,20
MRPL28+ctrl,systema_pearson,0.60345789473041178,,20
MRPL3+ctrl,txpert_macro_pearson_delta,0.41846675672261269,,5000
MRPL3+ctrl,trishift_pearson_delta,-0.088782915198880319,,20
MRPL3+ctrl,systema_pearson,-0.051554967632313341,,20
MRPL35+ctrl,txpert_macro_pearson_delta,0.49369104615716197,,5000
MRPL35+ctrl,trishift_pearson_delta,0.51565806976308148,,20
MRPL35+ctrl,systema_pearson,-0.25325169232784234,,20
MRPL38+ctrl,txpert_macro_pearson_delta,0.36303650364697876,,5000
MRPL38+ctrl,trishift_pearson_delta,-0.76965474792621547,,20
MRPL38+ctrl,systema_pearson,-0.32909538876441058,,20
MRPL41+ctrl,txpert_macro_pearson_delta,0.555668886480988,,5000
MRPL41+ctrl,trishift_pearson_delta,0.24509319610600938,,20
MRPL41+ctrl,systema_pearson,-0.21208174091313775,,20
MRPL43+ctrl,txpert_macro_pearson_delta,0.31633451935361423,,5000
MRPL43+ctrl,trishift_pearson_delta,-0.47428954307515686,,20
MRPL43+ctrl,systema_pearson,0.52277301373168383,,20
MRPL50+ctrl,txpert_macro_pearson_delta,0.23232092833381407,,5000
MRPL50+ctrl,trishift_pearson_delta,-0.77184176359224088,,20
MRPL50+ctrl,systema_pearson,-0.025270100569722828,,20
MRPS2+ctrl,txpert_macro_pearson_delta,0.14990881619061458,,5000
MRPS2+ctrl,trishift_pearson_delta,0.096683217941467725,,20
MRPS2+ctrl,systema_pearson,0.54675583563496999,,20
MRPS23+ctrl,txpert_macro_pearson_delta,0.44649400150519386,,5000
MRPS23+ctrl,trishift_pearson_delta,-0.19205772723364936,,20
MRPS23+ctrl,systema_pearson,-0.10849344737719858,,20
MRPS25+ctrl,txpert_macro_pearson_delta,0.42364211508736849,,5000
MRPS25+ctrl,trishift_pearson_delta,0.7210568641854761,,20
MRPS25+ctrl,systema_pearson,0.086510754289750344,,20
MRPS30+ctrl,txpert_macro_pearson_delta,0.51098802470851934,,5000
MRPS30+ctrl,trishift_pearson_delta,0.02009497792560699,,20
MRPS30+ctrl,systema_pearson,-0.27442201845674491,,20
MRPS35+ctrl,txpert_macro_pearson_delta,0.59776832636023836,,5000
MRPS35+ctrl,trishift_pearson_delta,0.8118947332920371,,20
MRPS35+ctrl,systema_pearson,0.46060744250013586,,20
MT2A+ctrl,txpert_macro_pearson_delta,-0.081533159640099523,,5000
MT2A+ctrl,trishift_pearson_delta,0.30869670210130884,,20
MT2A+ctrl,systema_pearson,-0.011336704364155651,,20
MVD+ctrl,txpert_macro_pearson_delta,0.36980008324924146,,5000
MVD+ctrl,trishift_pearson_delta,-0.26298548275879352,,20
MVD+ctrl,systema_pearson,-0.10099586659819394,,20
NAA10+ctrl,txpert_macro_pearson_delta,0.59221766964070444,,5000
NAA10+ctrl,trishift_pearson_delta,0.89306155576353285,,20
NAA10+ctrl,systema_pearson,0.33375662569347586,,20
NAA25+ctrl,txpert_macro_pearson_delta,0.3659995699750489,,5000
NAA25+ctrl,trishift_pearson_delta,0.49058989589361229,,20
NAA25+ctrl,systema_pearson,-0.082787519928205669,,20
NAF1+ctrl,txpert_macro_pearson_delta,0.59743197228051415,,5000
NAF1+ctrl,trishift_pearson_delta,0.92366986045489752,,20
NAF1+ctrl,systema_pearson,0.71160018948106607,,20
NARS+ctrl,txpert_macro_pearson_delta,0.67396289039255408,,5000
NARS+ctrl,trishift_pearson_delta,0.85043606796603,,20
NARS+ctrl,systema_pearson,0.419017370135078,,20
NBPF12+ctrl,txpert_macro_pearson_delta,-0.071427833311404648,,5000
NBPF12+ctrl,trishift_pearson_delta,0.072926747155030794,,20
NBPF12+ctrl,systema_pearson,-0.041723815293196367,,20
NBPF3+ctrl,txpert_macro_pearson_delta,0.16392898142512255,,5000
NBPF3+ctrl,trishift_pearson_delta,-0.25613070798310417,,20
NBPF3+ctrl,systema_pearson,0.13673578825057092,,20
NCAPD2+ctrl,txpert_macro_pearson_delta,0.26360452371306137,,5000
NCAPD2+ctrl,trishift_pearson_delta,0.82734275752779163,,20
NCAPD2+ctrl,systema_pearson,0.41744252124390124,,20
NCAPH+ctrl,txpert_macro_pearson_delta,0.50361935589045581,,5000
NCAPH+ctrl,trishift_pearson_delta,0.92683260122760691,,20
NCAPH+ctrl,systema_pearson,0.27534353375430376,,20
NCOA4+ctrl,txpert_macro_pearson_delta,-0.010295273154147031,,5000
NCOA4+ctrl,trishift_pearson_delta,-0.15661898024674378,,19
NCOA4+ctrl,systema_pearson,0.29637065900122056,,19
NDC80+ctrl,txpert_macro_pearson_delta,0.66425248825522165,,5000
NDC80+ctrl,trishift_pearson_delta,0.92294253354565114,,20
NDC80+ctrl,systema_pearson,-0.097384300491719325,,20
NDUFA11+ctrl,txpert_macro_pearson_delta,0.40959718562526554,,5000
NDUFA11+ctrl,trishift_pearson_delta,-0.48493197540277666,,20
NDUFA11+ctrl,systema_pearson,0.73862636729661735,,20
NDUFA3+ctrl,txpert_macro_pearson_delta,0.58956090010169759,,5000
NDUFA3+ctrl,trishift_pearson_delta,-0.74316276032540529,,20
NDUFA3+ctrl,systema_pearson,0.52772713828345341,,20
NDUFA4+ctrl,txpert_macro_pearson_delta,0.092888809858087618,,5000
NDUFA4+ctrl,trishift_pearson_delta,-0.87946994137368406,,20
NDUFA4+ctrl,systema_pearson,-0.92589127422895967,,20
NDUFA6+ctrl,txpert_macro_pearson_delta,0.49819703754492878,,5000
NDUFA6+ctrl,trishift_pearson_delta,0.13252827870098435,,20
NDUFA6+ctrl,systema_pearson,0.59368657465191688,,20
NDUFB10+ctrl,txpert_macro_pearson_delta,0.45204208880407409,,5000
NDUFB10+ctrl,trishift_pearson_delta,0.87603718578689682,,20
NDUFB10+ctrl,systema_pearson,0.73816283435141672,,20
NDUFB7+ctrl,txpert_macro_pearson_delta,0.22483871210766176,,5000
NDUFB7+ctrl,trishift_pearson_delta,0.2840094438791016,,20
NDUFB7+ctrl,systema_pearson,0.13809032610509894,,20
NDUFB8+ctrl,txpert_macro_pearson_delta,0.55816667374670359,,5000
NDUFB8+ctrl,trishift_pearson_delta,0.88991978913435843,,20
NDUFB8+ctrl,systema_pearson,-0.31083469238866551,,20
NDUFV2+ctrl,txpert_macro_pearson_delta,0.46151263747296795,,5000
NDUFV2+ctrl,trishift_pearson_delta,-0.50040662264380842,,19
NDUFV2+ctrl,systema_pearson,-0.091559044482178609,,19
NEDD1+ctrl,txpert_macro_pearson_delta,0.52130000779964525,,5000
NEDD1+ctrl,trishift_pearson_delta,0.21537382958118226,,20
NEDD1+ctrl,systema_pearson,-0.45591955821492419,,20
NELFB+ctrl,txpert_macro_pearson_delta,0.2246417762263572,,5000
NELFB+ctrl,trishift_pearson_delta,0.12452622074589632,,20
NELFB+ctrl,systema_pearson,-0.30530176826516453,,20
NFS1+ctrl,txpert_macro_pearson_delta,0.71464797245962963,,5000
NFS1+ctrl,trishift_pearson_delta,0.92234235994975455,,20
NFS1+ctrl,systema_pearson,0.13754531106939508,,20
NIFK+ctrl,txpert_macro_pearson_delta,0.80665592613196058,,5000
NIFK+ctrl,trishift_pearson_delta,0.98848436143260243,,20
NIFK+ctrl,systema_pearson,-0.0242970715763937,,20
NKX6-1+ctrl,txpert_macro_pearson_delta,0.35764756299291423,,5000
NKX6-1+ctrl,trishift_pearson_delta,-0.7001714104861585,,20
NKX6-1+ctrl,systema_pearson,0.026622478319584735,,20
NLE1+ctrl,txpert_macro_pearson_delta,0.82296507680250464,,5000
NLE1+ctrl,trishift_pearson_delta,0.98698679412092893,,20
NLE1+ctrl,systema_pearson,0.30269841527990321,,20
NMD3+ctrl,txpert_macro_pearson_delta,0.76823070874047794,,5000
NMD3+ctrl,trishift_pearson_delta,0.96535807736706558,,20
NMD3+ctrl,systema_pearson,-0.11349444645114268,,20
NOC4L+ctrl,txpert_macro_pearson_delta,0.73186342773710666,,5000
NOC4L+ctrl,trishift_pearson_delta,0.85331997974517881,,20
NOC4L+ctrl,systema_pearson,-0.37074198978932904,,20
NOL6+ctrl,txpert_macro_pearson_delta,0.72878547663704984,,5000
NOL6+ctrl,trishift_pearson_delta,0.97175502993124607,,20
NOL6+ctrl,systema_pearson,0.013629019522100333,,20
NOL9+ctrl,txpert_macro_pearson_delta,0.62516082338606804,,5000
NOL9+ctrl,trishift_pearson_delta,0.84516370060740509,,20
NOL9+ctrl,systema_pearson,0.052387350425789368,,20
NOLC1+ctrl,txpert_macro_pearson_delta,0.63934169722467216,,5000
NOLC1+ctrl,trishift_pearson_delta,0.89071847761242129,,20
NOLC1+ctrl,systema_pearson,0.28180512986434009,,20
NOP16+ctrl,txpert_macro_pearson_delta,0.80726760021136534,,5000
NOP16+ctrl,trishift_pearson_delta,0.9303214632296043,,20
NOP16+ctrl,systema_pearson,-0.060225696091969053,,20
NSA2+ctrl,txpert_macro_pearson_delta,0.82277051606783003,,5000
NSA2+ctrl,trishift_pearson_delta,0.94909407968073745,,20
NSA2+ctrl,systema_pearson,-0.80417822827179497,,20
NSMCE1+ctrl,txpert_macro_pearson_delta,0.068920887034148309,,5000
NSMCE1+ctrl,trishift_pearson_delta,-0.085267695802040161,,20
NSMCE1+ctrl,systema_pearson,0.7700042750687468,,20
NSMCE2+ctrl,txpert_macro_pearson_delta,-0.40786357998141687,,5000
NSMCE2+ctrl,trishift_pearson_delta,-0.70955946651832547,,20
NSMCE2+ctrl,systema_pearson,-0.61327379388615122,,20
NSRP1+ctrl,txpert_macro_pearson_delta,0.45905094542078662,,5000
NSRP1+ctrl,trishift_pearson_delta,0.24072987467999424,,20
NSRP1+ctrl,systema_pearson,-0.599711071865203,,20
NSUN4+ctrl,txpert_macro_pearson_delta,-0.016809330952789157,,5000
NSUN4+ctrl,trishift_pearson_delta,-0.67884965141134024,,20
NSUN4+ctrl,systema_pearson,0.0060111419286182962,,20
NUB1+ctrl,txpert_macro_pearson_delta,-0.18739851838825095,,5000
NUB1+ctrl,trishift_pearson_delta,0.2572357905330237,,20
NUB1+ctrl,systema_pearson,0.6275896300205428,,20
NUDCD3+ctrl,txpert_macro_pearson_delta,0.46763692490994307,,5000
NUDCD3+ctrl,trishift_pearson_delta,0.60186005462542602,,20
NUDCD3+ctrl,systema_pearson,0.43327514808643752,,20
NUDT15+ctrl,txpert_macro_pearson_delta,-0.11717935777036838,,5000
NUDT15+ctrl,trishift_pearson_delta,0.56295104162346687,,20
NUDT15+ctrl,systema_pearson,0.58308005599152035,,20
NUP153+ctrl,txpert_macro_pearson_delta,0.38599985309337759,,5000
NUP153+ctrl,trishift_pearson_delta,0.63127757977201904,,20
NUP153+ctrl,systema_pearson,0.38376478342360115,,20
NUP160+ctrl,txpert_macro_pearson_delta,0.60263629879421565,,5000
NUP160+ctrl,trishift_pearson_delta,0.77865607194900532,,20
NUP160+ctrl,systema_pearson,-0.2421727323456839,,20
NUP35+ctrl,txpert_macro_pearson_delta,-0.089172143785493693,,5000
NUP35+ctrl,trishift_pearson_delta,-0.063469503806963826,,20
NUP35+ctrl,systema_pearson,-0.4272763048677975,,20
NUS1+ctrl,txpert_macro_pearson_delta,-0.1125327423081971,,5000
NUS1+ctrl,trishift_pearson_delta,-0.08403177196171463,,20
NUS1+ctrl,systema_pearson,-0.30722710044591628,,20
NUTF2+ctrl,txpert_macro_pearson_delta,0.25831728878753429,,5000
NUTF2+ctrl,trishift_pearson_delta,0.72630905869574469,,20
NUTF2+ctrl,systema_pearson,0.046159354300624629,,20
OGT+ctrl,txpert_macro_pearson_delta,0.34473396881682822,,5000
OGT+ctrl,trishift_pearson_delta,0.69455814239469649,,20
OGT+ctrl,systema_pearson,0.49500599416914337,,20
OPA1+ctrl,txpert_macro_pearson_delta,0.32170345226345187,,5000
OPA1+ctrl,trishift_pearson_delta,0.86658983895808439,,20
OPA1+ctrl,systema_pearson,-0.032796038248881998,,20
OR1D2+ctrl,txpert_macro_pearson_delta,-0.39333647961094936,,5000
OR1D2+ctrl,trishift_pearson_delta,-0.97320437214324729,,20
OR1D2+ctrl,systema_pearson,-0.50481154263293548,,20
OR1E2+ctrl,txpert_macro_pearson_delta,0.23528401825452461,,5000
OR1E2+ctrl,trishift_pearson_delta,0.30137153488180185,,20
OR1E2+ctrl,systema_pearson,0.37037857613357605,,20
OR4K1+ctrl,txpert_macro_pearson_delta,-0.14039815080777629,,5000
OR4K1+ctrl,trishift_pearson_delta,-0.43468134433174616,,20
OR4K1+ctrl,systema_pearson,0.064727416642311894,,20
OR7A10+ctrl,txpert_macro_pearson_delta,0.17052762723891396,,5000
OR7A10+ctrl,trishift_pearson_delta,-0.045977479639672365,,20
OR7A10+ctrl,systema_pearson,-0.027392578799121811,,20
PAFAH1B1+ctrl,txpert_macro_pearson_delta,0.26272690958587996,,5000
PAFAH1B1+ctrl,trishift_pearson_delta,0.37472868396517556,,20
PAFAH1B1+ctrl,systema_pearson,-0.27533375464055776,,20
PARS2+ctrl,txpert_macro_pearson_delta,0.30668103644568667,,5000
PARS2+ctrl,trishift_pearson_delta,-0.49960967517659616,,20
PARS2+ctrl,systema_pearson,-0.080588888758920466,,20
PC+ctrl,txpert_macro_pearson_delta,-0.03625880076494243,,5000
PC+ctrl,trishift_pearson_delta,0.52939882037692132,,20
PC+ctrl,systema_pearson,0.51779754341220474,,20
PCBP2+ctrl,txpert_macro_pearson_delta,0.32035984009175961,,5000
PCBP2+ctrl,trishift_pearson_delta,-0.26164125304328439,,20
PCBP2+ctrl,systema_pearson,0.010159502981708996,,20
PCID2+ctrl,txpert_macro_pearson_delta,0.22831141681852046,,5000
PCID2+ctrl,trishift_pearson_delta,0.67273423835080282,,20
PCID2+ctrl,systema_pearson,0.76089925702859873,,20
PCNX3+ctrl,txpert_macro_pearson_delta,-0.2186848523827751,,5000
PCNX3+ctrl,trishift_pearson_delta,-0.61015159994329538,,20
PCNX3+ctrl,systema_pearson,-0.16720749601031146,,20
PDCD6IP+ctrl,txpert_macro_pearson_delta,0.24813994103924389,,5000
PDCD6IP+ctrl,trishift_pearson_delta,0.58963375463297063,,20
PDCD6IP+ctrl,systema_pearson,-0.46839511816444418,,20
PDCD7+ctrl,txpert_macro_pearson_delta,0.13868554400771665,,5000
PDCD7+ctrl,trishift_pearson_delta,0.1941007879738558,,20
PDCD7+ctrl,systema_pearson,-0.31476595583827233,,20
PDPK1+ctrl,txpert_macro_pearson_delta,-0.19345859227763632,,5000
PDPK1+ctrl,trishift_pearson_delta,0.25124725902306944,,20
PDPK1+ctrl,systema_pearson,0.13830162659153067,,20
PET117+ctrl,txpert_macro_pearson_delta,0.37988592722584602,,5000
PET117+ctrl,trishift_pearson_delta,-0.07185066049274591,,20
PET117+ctrl,systema_pearson,-0.41225168570151366,,20
PFDN5+ctrl,txpert_macro_pearson_delta,0.23101730534261816,,5000
PFDN5+ctrl,trishift_pearson_delta,-0.13423423713044297,,20
PFDN5+ctrl,systema_pearson,0.54881976461974569,,20
PFN1+ctrl,txpert_macro_pearson_delta,0.54551445661744558,,5000
PFN1+ctrl,trishift_pearson_delta,0.95047558448737934,,20
PFN1+ctrl,systema_pearson,-0.34198935348558385,,20
PGAM5+ctrl,txpert_macro_pearson_delta,0.16919270803658143,,5000
PGAM5+ctrl,trishift_pearson_delta,-0.48722630321561522,,20
PGAM5+ctrl,systema_pearson,-0.7725271365659756,,20
PGK1+ctrl,txpert_macro_pearson_delta,-0.11568974655566504,,5000
PGK1+ctrl,trishift_pearson_delta,-0.68456397829491666,,19
PGK1+ctrl,systema_pearson,-0.31871143590346218,,19
PIAS1+ctrl,txpert_macro_pearson_delta,-0.053414125088697965,,5000
PIAS1+ctrl,trishift_pearson_delta,-0.1810973436814616,,20
PIAS1+ctrl,systema_pearson,0.84955989308854407,,20
PIAS4+ctrl,txpert_macro_pearson_delta,0.57314134224615865,,5000
PIAS4+ctrl,trishift_pearson_delta,0.76914465822409273,,20
PIAS4+ctrl,systema_pearson,0.025053467636699828,,20
PIK3C3+ctrl,txpert_macro_pearson_delta,0.15790917846039698,,5000
PIK3C3+ctrl,trishift_pearson_delta,-0.0051232783815534063,,20
PIK3C3+ctrl,systema_pearson,0.46283212829288994,,20
PLA2G10+ctrl,txpert_macro_pearson_delta,0.035141605093983508,,5000
PLA2G10+ctrl,trishift_pearson_delta,-0.20860006808891116,,20
PLA2G10+ctrl,systema_pearson,-0.57369170265159886,,20
PLRG1+ctrl,txpert_macro_pearson_delta,0.4617721428992293,,5000
PLRG1+ctrl,trishift_pearson_delta,0.5203473741118495,,20
PLRG1+ctrl,systema_pearson,-0.080300777989696703,,20
PMPCA+ctrl,txpert_macro_pearson_delta,0.52564175707271632,,5000
PMPCA+ctrl,trishift_pearson_delta,0.78474762815680721,,20
PMPCA+ctrl,systema_pearson,0.5684747461336549,,20
PMPCB+ctrl,txpert_macro_pearson_delta,0.65124486174276963,,5000
PMPCB+ctrl,trishift_pearson_delta,0.92882399213602951,,20
PMPCB+ctrl,systema_pearson,-0.1585592029655975,,20
PNO1+ctrl,txpert_macro_pearson_delta,0.75269106810904118,,5000
PNO1+ctrl,trishift_pearson_delta,0.89450902768381413,,20
PNO1+ctrl,systema_pearson,0.55344693248406707,,20
POLA1+ctrl,txpert_macro_pearson_delta,0.76504595875332715,,5000
POLA1+ctrl,trishift_pearson_delta,0.93446456070955819,,20
POLA1+ctrl,systema_pearson,-0.29672055010326209,,20
POLD2+ctrl,txpert_macro_pearson_delta,0.73536003543937933,,5000
POLD2+ctrl,trishift_pearson_delta,0.94634804956247387,,20
POLD2+ctrl,systema_pearson,-0.17290350156492063,,20
POLG+ctrl,txpert_macro_pearson_delta,-0.052650077151903819,,5000
POLG+ctrl,trishift_pearson_delta,0.34016975053181009,,20
POLG+ctrl,systema_pearson,-0.8157195031771951,,20
POLR2C+ctrl,txpert_macro_pearson_delta,0.70855544111325641,,5000
POLR2C+ctrl,trishift_pearson_delta,0.8853647301200307,,20
POLR2C+ctrl,systema_pearson,0.5431977228129079,,20
POLR2H+ctrl,txpert_macro_pearson_delta,0.65099804766265879,,5000
POLR2H+ctrl,trishift_pearson_delta,0.7172432915872301,,20
POLR2H+ctrl,systema_pearson,0.076593988153747669,,20
POLR2L+ctrl,txpert_macro_pearson_delta,0.4511159300216207,,5000
POLR2L+ctrl,trishift_pearson_delta,0.41586259498343875,,20
POLR2L+ctrl,systema_pearson,0.16555692181146689,,20
POLR3C+ctrl,txpert_macro_pearson_delta,0.34936419033341548,,5000
POLR3C+ctrl,trishift_pearson_delta,0.19118413737250264,,20
POLR3C+ctrl,systema_pearson,-0.26901831320315039,,20
POLR3E+ctrl,txpert_macro_pearson_delta,0.036721369073642415,,5000
POLR3E+ctrl,trishift_pearson_delta,-0.05493447461320404,,20
POLR3E+ctrl,systema_pearson,-0.75963361546724528,,20
PPIA+ctrl,txpert_macro_pearson_delta,-0.15575224686593359,,5000
PPIA+ctrl,trishift_pearson_delta,-0.57395943166456431,,20
PPIA+ctrl,systema_pearson,-0.25023427120517977,,20
PRIM1+ctrl,txpert_macro_pearson_delta,0.7409447036689133,,5000
PRIM1+ctrl,trishift_pearson_delta,0.95171313864150808,,20
PRIM1+ctrl,systema_pearson,0.21076694897548634,,20
PRMT5+ctrl,txpert_macro_pearson_delta,0.69850759766567561,,5000
PRMT5+ctrl,trishift_pearson_delta,0.876563141276542,,20
PRMT5+ctrl,systema_pearson,0.48991845488381836,,20
PRORP+ctrl,txpert_macro_pearson_delta,0.15524086358428649,,5000
PRORP+ctrl,trishift_pearson_delta,0.95174449972934427,,20
PRORP+ctrl,systema_pearson,-0.02835403053361147,,20
PRPF18+ctrl,txpert_macro_pearson_delta,0.45497831003400091,,5000
PRPF18+ctrl,trishift_pearson_delta,0.51259755729328349,,20
PRPF18+ctrl,systema_pearson,0.71227481007552962,,20
PRPF38B+ctrl,txpert_macro_pearson_delta,0.1177791099244485,,5000
PRPF38B+ctrl,trishift_pearson_delta,0.41397607571534945,,20
PRPF38B+ctrl,systema_pearson,-0.22024862827648223,,20
PRPF4+ctrl,txpert_macro_pearson_delta,0.77173951890594206,,5000
PRPF4+ctrl,trishift_pearson_delta,0.31799304125106159,,20
PRPF4+ctrl,systema_pearson,0.060522535706958168,,20
PSMA1+ctrl,txpert_macro_pearson_delta,0.70491064440167739,,5000
PSMA1+ctrl,trishift_pearson_delta,0.89342945541878216,,20
PSMA1+ctrl,systema_pearson,0.5994402285771161,,20
PSMA3+ctrl,txpert_macro_pearson_delta,0.66175046233918966,,5000
PSMA3+ctrl,trishift_pearson_delta,0.90295366115869236,,20
PSMA3+ctrl,systema_pearson,0.0086422714817164497,,20
PSMA4+ctrl,txpert_macro_pearson_delta,0.70565208036458504,,5000
PSMA4+ctrl,trishift_pearson_delta,0.93661654300732167,,20
PSMA4+ctrl,systema_pearson,0.12228857324883576,,20
PSMA5+ctrl,txpert_macro_pearson_delta,0.6615097226858645,,5000
PSMA5+ctrl,trishift_pearson_delta,0.81816842844545901,,20
PSMA5+ctrl,systema_pearson,0.18353693929015766,,20
PSMA7+ctrl,txpert_macro_pearson_delta,0.74024712964365247,,5000
PSMA7+ctrl,trishift_pearson_delta,0.83627385187040049,,20
PSMA7+ctrl,systema_pearson,-0.10888609682519747,,20
PSMB1+ctrl,txpert_macro_pearson_delta,0.74719582554614361,,5000
PSMB1+ctrl,trishift_pearson_delta,0.9238774211993156,,20
PSMB1+ctrl,systema_pearson,-0.31812730900586456,,20
PSMB2+ctrl,txpert_macro_pearson_delta,0.71935074491322781,,5000
PSMB2+ctrl,trishift_pearson_delta,0.9345305689559259,,20
PSMB2+ctrl,systema_pearson,0.70022926460661017,,20
PSMB4+ctrl,txpert_macro_pearson_delta,0.58518097840515071,,5000
PSMB4+ctrl,trishift_pearson_delta,0.41449319836956083,,20
PSMB4+ctrl,systema_pearson,0.30831802759496207,,20
PSMC3+ctrl,txpert_macro_pearson_delta,0.56893775666043744,,5000
PSMC3+ctrl,trishift_pearson_delta,0.58885746547281115,,20
PSMC3+ctrl,systema_pearson,-0.062180584565550319,,20
PSMD1+ctrl,txpert_macro_pearson_delta,0.67895509763434791,,5000
PSMD1+ctrl,trishift_pearson_delta,0.46076491705460143,,20
PSMD1+ctrl,systema_pearson,0.13531369010479505,,20
PSMD11+ctrl,txpert_macro_pearson_delta,0.72566106422557031,,5000
PSMD11+ctrl,trishift_pearson_delta,0.86967844026246255,,20
PSMD11+ctrl,systema_pearson,-0.15096284203367064,,20
PSMD14+ctrl,txpert_macro_pearson_delta,0.71640619208924661,,5000
PSMD14+ctrl,trishift_pearson_delta,0.90859234691274204,,20
PSMD14+ctrl,systema_pearson,0.39104700389625446,,20
PSMD2+ctrl,txpert_macro_pearson_delta,0.63586003504702637,,5000
PSMD2+ctrl,trishift_pearson_delta,0.69492675994813513,,20
PSMD2+ctrl,systema_pearson,-0.31703068297350784,,20
PSMD3+ctrl,txpert_macro_pearson_delta,0.61320401568842364,,5000
PSMD3+ctrl,trishift_pearson_delta,0.84100617825435797,,20
PSMD3+ctrl,systema_pearson,-0.36377400101179236,,20
PSMD6+ctrl,txpert_macro_pearson_delta,0.69730832343827753,,5000
PSMD6+ctrl,trishift_pearson_delta,0.94716407219783827,,20
PSMD6+ctrl,systema_pearson,-0.015750480556594979,,20
PSMD7+ctrl,txpert_macro_pearson_delta,0.69998771922815628,,5000
PSMD7+ctrl,trishift_pearson_delta,0.6966836293714328,,20
PSMD7+ctrl,systema_pearson,0.036204027036828589,,20
PSME1+ctrl,txpert_macro_pearson_delta,0.13768646285913327,,5000
PSME1+ctrl,trishift_pearson_delta,-0.53480688524098807,,20
PSME1+ctrl,systema_pearson,-0.68726589647060476,,20
PSMG4+ctrl,txpert_macro_pearson_delta,0.34621201020992276,,5000
PSMG4+ctrl,trishift_pearson_delta,-0.91397102699269972,,20
PSMG4+ctrl,systema_pearson,-0.65964169550673857,,20
PTCD1+ctrl,txpert_macro_pearson_delta,0.054317461631519202,,5000
PTCD1+ctrl,trishift_pearson_delta,-0.9240879270247897,,20
PTCD1+ctrl,systema_pearson,-0.62413792803953061,,20
PTMA+ctrl,txpert_macro_pearson_delta,0.44774691696414598,,5000
PTMA+ctrl,trishift_pearson_delta,0.52836458432120514,,19
PTMA+ctrl,systema_pearson,-0.4127130330578761,,19
PTPN11+ctrl,txpert_macro_pearson_delta,-0.058320288899701984,,5000
PTPN11+ctrl,trishift_pearson_delta,-0.66321918706567617,,20
PTPN11+ctrl,systema_pearson,-0.52053408802387346,,20
PTPN23+ctrl,txpert_macro_pearson_delta,0.3949257667627688,,5000
PTPN23+ctrl,trishift_pearson_delta,-0.10976870727343802,,20
PTPN23+ctrl,systema_pearson,-0.38052558178073176,,20
PWP1+ctrl,txpert_macro_pearson_delta,0.69210083657355681,,5000
PWP1+ctrl,trishift_pearson_delta,0.93345617906324663,,20
PWP1+ctrl,systema_pearson,-0.0017949990346670702,,20
PXN+ctrl,txpert_macro_pearson_delta,0.048282566931780707,,5000
PXN+ctrl,trishift_pearson_delta,0.21119893286865363,,20
PXN+ctrl,systema_pearson,-0.51677756613650982,,20
PYROXD1+ctrl,txpert_macro_pearson_delta,0.20097512427435896,,5000
PYROXD1+ctrl,trishift_pearson_delta,0.16525494155324391,,20
PYROXD1+ctrl,systema_pearson,0.088608797763739339,,20
RAB4A+ctrl,txpert_macro_pearson_delta,-0.035602548141494966,,5000
RAB4A+ctrl,trishift_pearson_delta,-0.15816082369913337,,20
RAB4A+ctrl,systema_pearson,0.39839904518877339,,20
RAD21+ctrl,txpert_macro_pearson_delta,0.42371594808517027,,5000
RAD21+ctrl,trishift_pearson_delta,0.35529325256407335,,20
RAD21+ctrl,systema_pearson,-0.72370989852748036,,20
RAD51+ctrl,txpert_macro_pearson_delta,0.581396489005779,,5000
RAD51+ctrl,trishift_pearson_delta,0.85093397497193157,,20
RAD51+ctrl,systema_pearson,0.7632000038999176,,20
RAD51C+ctrl,txpert_macro_pearson_delta,0.27839304397931541,,5000
RAD51C+ctrl,trishift_pearson_delta,0.34269202843172414,,20
RAD51C+ctrl,systema_pearson,-0.082439342316798572,,20
RANBP2+ctrl,txpert_macro_pearson_delta,-0.22831773862193858,,5000
RANBP2+ctrl,trishift_pearson_delta,0.012132175717017711,,20
RANBP2+ctrl,systema_pearson,-0.041225587592484521,,20
RANGAP1+ctrl,txpert_macro_pearson_delta,-0.03543694035636679,,5000
RANGAP1+ctrl,trishift_pearson_delta,0.39290486992561685,,20
RANGAP1+ctrl,systema_pearson,0.42842337825315652,,20
RARS+ctrl,txpert_macro_pearson_delta,0.5181723295650994,,5000
RARS+ctrl,trishift_pearson_delta,0.89779800307024793,,20
RARS+ctrl,systema_pearson,0.5461073169853321,,20
RBM10+ctrl,txpert_macro_pearson_delta,0.33957442575763536,,5000
RBM10+ctrl,trishift_pearson_delta,0.10775890244504821,,20
RBM10+ctrl,systema_pearson,0.30273229044290367,,20
RBM22+ctrl,txpert_macro_pearson_delta,0.50111536907684306,,5000
RBM22+ctrl,trishift_pearson_delta,0.52256885125321806,,20
RBM22+ctrl,systema_pearson,-0.39718419408579553,,20
RBM4+ctrl,txpert_macro_pearson_delta,0.219158075014524,,5000
RBM4+ctrl,trishift_pearson_delta,-0.1121838709760684,,20
RBM4+ctrl,systema_pearson,-0.37915209594925825,,20
RBM48+ctrl,txpert_macro_pearson_delta,0.078883884660280179,,5000
RBM48+ctrl,trishift_pearson_delta,-0.43335234362955399,,20
RBM48+ctrl,systema_pearson,-0.19636257715329272,,20
RBMX2+ctrl,txpert_macro_pearson_delta,0.13090694531377611,,5000
RBMX2+ctrl,trishift_pearson_delta,0.67235105211728852,,20
RBMX2+ctrl,systema_pearson,0.39294842428517812,,20
RCCD1+ctrl,txpert_macro_pearson_delta,0.28870717944683849,,5000
RCCD1+ctrl,trishift_pearson_delta,0.70627163485629219,,20
RCCD1+ctrl,systema_pearson,-0.40605819621917721,,20
RELL2+ctrl,txpert_macro_pearson_delta,0.19953123634215855,,5000
RELL2+ctrl,trishift_pearson_delta,-0.47588742669819845,,20
RELL2+ctrl,systema_pearson,-0.14683993838823697,,20
RGPD6+ctrl,txpert_macro_pearson_delta,0.082004998371689383,,5000
RGPD6+ctrl,trishift_pearson_delta,-0.20265179546247936,,20
RGPD6+ctrl,systema_pearson,0.19858186624477803,,20
RHOQ+ctrl,txpert_macro_pearson_delta,0.12538548660958121,,5000
RHOQ+ctrl,trishift_pearson_delta,-0.28928645914964618,,20
RHOQ+ctrl,systema_pearson,0.31196781619789987,,20
RIOK2+ctrl,txpert_macro_pearson_delta,0.75651288935957584,,5000
RIOK2+ctrl,trishift_pearson_delta,0.85227768598001841,,20
RIOK2+ctrl,systema_pearson,-0.74173023322575238,,20
RNF31+ctrl,txpert_macro_pearson_delta,0.18459739996567631,,5000
RNF31+ctrl,trishift_pearson_delta,-0.5529334687493771,,20
RNF31+ctrl,systema_pearson,0.73152070834094285,,20
RNF8+ctrl,txpert_macro_pearson_delta,-0.078925670544195248,,5000
RNF8+ctrl,trishift_pearson_delta,0.038678239023858633,,20
RNF8+ctrl,systema_pearson,-0.11315059086550368,,20
RPA3+ctrl,txpert_macro_pearson_delta,0.76412507151611353,,5000
RPA3+ctrl,trishift_pearson_delta,0.93420643528473868,,20
RPA3+ctrl,systema_pearson,0.58336600823235374,,20
RPAP2+ctrl,txpert_macro_pearson_delta,0.70440122412391737,,5000
RPAP2+ctrl,trishift_pearson_delta,0.44093777355520936,,20
RPAP2+ctrl,systema_pearson,-0.32847892603971995,,20
RPAP3+ctrl,txpert_macro_pearson_delta,0.33578173197795652,,5000
RPAP3+ctrl,trishift_pearson_delta,0.19235538274901598,,20
RPAP3+ctrl,systema_pearson,-0.6145141247064132,,20
RPL10A+ctrl,txpert_macro_pearson_delta,0.79043113081434213,,5000
RPL10A+ctrl,trishift_pearson_delta,0.96204657719399922,,20
RPL10A+ctrl,systema_pearson,0.28002744650344158,,20
RPL14+ctrl,txpert_macro_pearson_delta,0.79019854923594635,,5000
RPL14+ctrl,trishift_pearson_delta,0.8066211350006125,,20
RPL14+ctrl,systema_pearson,-0.58182446094209606,,20
RPL27A+ctrl,txpert_macro_pearson_delta,0.79383959450245056,,5000
RPL27A+ctrl,trishift_pearson_delta,0.93965527324653142,,20
RPL27A+ctrl,systema_pearson,0.22482487626332245,,20
RPL36AL+ctrl,txpert_macro_pearson_delta,0.36215102671649363,,5000
RPL36AL+ctrl,trishift_pearson_delta,-0.9178119843559801,,20
RPL36AL+ctrl,systema_pearson,-0.20121927672103598,,20
RPL6+ctrl,txpert_macro_pearson_delta,0.80051451701240106,,5000
RPL6+ctrl,trishift_pearson_delta,0.95654533291239252,,20
RPL6+ctrl,systema_pearson,-0.18899632458330184,,20
RPL7L1+ctrl,txpert_macro_pearson_delta,0.823651531862577,,5000
RPL7L1+ctrl,trishift_pearson_delta,0.93408913927810744,,20
RPL7L1+ctrl,systema_pearson,0.39615284184140787,,20
RPN1+ctrl,txpert_macro_pearson_delta,0.40893487865097283,,5000
RPN1+ctrl,trishift_pearson_delta,0.1156724353937973,,20
RPN1+ctrl,systema_pearson,0.24734344882925283,,20
RPN2+ctrl,txpert_macro_pearson_delta,0.39676464753045415,,5000
RPN2+ctrl,trishift_pearson_delta,0.26304687200614568,,20
RPN2+ctrl,systema_pearson,0.23935649131105333,,20
RPP14+ctrl,txpert_macro_pearson_delta,0.79180064981388565,,5000
RPP14+ctrl,trishift_pearson_delta,0.93211728329084409,,20
RPP14+ctrl,systema_pearson,-0.14764178520834487,,20
RPP30+ctrl,txpert_macro_pearson_delta,0.71407185365006243,,5000
RPP30+ctrl,trishift_pearson_delta,0.88063119689687386,,20
RPP30+ctrl,systema_pearson,0.062263726246983613,,20
RPP38+ctrl,txpert_macro_pearson_delta,0.47789417125559469,,5000
RPP38+ctrl,trishift_pearson_delta,0.94220923721912964,,20
RPP38+ctrl,systema_pearson,0.85211277933129104,,20
RPP40+ctrl,txpert_macro_pearson_delta,0.62915927111804337,,5000
RPP40+ctrl,trishift_pearson_delta,0.82073248383406383,,20
RPP40+ctrl,systema_pearson,0.12426227316234575,,20
RPRD1B+ctrl,txpert_macro_pearson_delta,-0.10329951261711359,,5000
RPRD1B+ctrl,trishift_pearson_delta,-0.45851009559860467,,20
RPRD1B+ctrl,systema_pearson,-0.61924484964020909,,20
RPS10+ctrl,txpert_macro_pearson_delta,0.65683193792072558,,5000
RPS10+ctrl,trishift_pearson_delta,0.89161354434377982,,20
RPS10+ctrl,systema_pearson,0.071318232778642077,,20
RPS10-NUDT3+ctrl,txpert_macro_pearson_delta,0.69581856484994242,,5000
RPS10-NUDT3+ctrl,trishift_pearson_delta,0.88450321385130226,,20
RPS10-NUDT3+ctrl,systema_pearson,0.51162462030843159,,20
RPS11+ctrl,txpert_macro_pearson_delta,0.76004242362041996,,5000
RPS11+ctrl,trishift_pearson_delta,0.7162212829765785,,20
RPS11+ctrl,systema_pearson,0.028169565965416234,,20
RPS12+ctrl,txpert_macro_pearson_delta,0.61737142848208537,,5000
RPS12+ctrl,trishift_pearson_delta,0.76108638333027101,,19
RPS12+ctrl,systema_pearson,0.55722493020968367,,19
RPS16+ctrl,txpert_macro_pearson_delta,0.72621651913141794,,5000
RPS16+ctrl,trishift_pearson_delta,0.64315056698439799,,20
RPS16+ctrl,systema_pearson,0.07850029724248965,,20
RPS18+ctrl,txpert_macro_pearson_delta,0.72736600714409394,,5000
RPS18+ctrl,trishift_pearson_delta,0.97079159383341207,,19
RPS18+ctrl,systema_pearson,0.8211281159119419,,19
RPS19+ctrl,txpert_macro_pearson_delta,0.76912381700093646,,5000
RPS19+ctrl,trishift_pearson_delta,0.98203633807834578,,20
RPS19+ctrl,systema_pearson,0.40409369833165132,,20
RPS19BP1+ctrl,txpert_macro_pearson_delta,0.71153604905873102,,5000
RPS19BP1+ctrl,trishift_pearson_delta,0.80794313818578833,,19
RPS19BP1+ctrl,systema_pearson,0.0037534623911586848,,19
RPS23+ctrl,txpert_macro_pearson_delta,0.61008995576890424,,5000
RPS23+ctrl,trishift_pearson_delta,0.74802988323357011,,20
RPS23+ctrl,systema_pearson,-0.1711657173700063,,20
RPS26+ctrl,txpert_macro_pearson_delta,0.70156912070649569,,5000
RPS26+ctrl,trishift_pearson_delta,0.80540573283816652,,20
RPS26+ctrl,systema_pearson,-0.17043386916429909,,20
RPS27A+ctrl,txpert_macro_pearson_delta,0.78180009912083526,,5000
RPS27A+ctrl,trishift_pearson_delta,0.93551650635254813,,20
RPS27A+ctrl,systema_pearson,0.56621872120707828,,20
RPS28+ctrl,txpert_macro_pearson_delta,0.74076865525721014,,5000
RPS28+ctrl,trishift_pearson_delta,0.93120616477776008,,20
RPS28+ctrl,systema_pearson,-0.6282943614569787,,20
RRM2+ctrl,txpert_macro_pearson_delta,0.75442969866327392,,5000
RRM2+ctrl,trishift_pearson_delta,0.95623169590742096,,20
RRM2+ctrl,systema_pearson,0.35616736557927192,,20
RRP15+ctrl,txpert_macro_pearson_delta,0.55228214456448588,,5000
RRP15+ctrl,trishift_pearson_delta,-0.23940494224450468,,20
RRP15+ctrl,systema_pearson,-0.065662130014427597,,20
RSL24D1+ctrl,txpert_macro_pearson_delta,0.80221304346308109,,5000
RSL24D1+ctrl,trishift_pearson_delta,0.94986548051260622,,20
RSL24D1+ctrl,systema_pearson,-0.40689351153659614,,20
RTTN+ctrl,txpert_macro_pearson_delta,0.18933930648252389,,5000
RTTN+ctrl,trishift_pearson_delta,0.18016308648514495,,20
RTTN+ctrl,systema_pearson,0.14345033654820855,,20
SAMM50+ctrl,txpert_macro_pearson_delta,0.49946850738372389,,5000
SAMM50+ctrl,trishift_pearson_delta,0.37203526103187412,,20
SAMM50+ctrl,systema_pearson,0.14798667574853222,,20
SASS6+ctrl,txpert_macro_pearson_delta,0.31291524474933052,,5000
SASS6+ctrl,trishift_pearson_delta,0.72930516227106323,,20
SASS6+ctrl,systema_pearson,0.15680014820541524,,20
SCNM1+ctrl,txpert_macro_pearson_delta,0.017356627817689395,,5000
SCNM1+ctrl,trishift_pearson_delta,-0.20183624405554532,,20
SCNM1+ctrl,systema_pearson,-0.36532985089994047,,20
SDAD1+ctrl,txpert_macro_pearson_delta,0.81575427736591577,,5000
SDAD1+ctrl,trishift_pearson_delta,0.9713853255768663,,20
SDAD1+ctrl,systema_pearson,0.0045042746040774104,,20
SDHC+ctrl,txpert_macro_pearson_delta,0.096763619322526209,,5000
SDHC+ctrl,trishift_pearson_delta,0.080157680984819984,,20
SDHC+ctrl,systema_pearson,0.5308809928436834,,20
SEC63+ctrl,txpert_macro_pearson_delta,0.13301364292955464,,5000
SEC63+ctrl,trishift_pearson_delta,-0.48329153726494994,,20
SEC63+ctrl,systema_pearson,0.40084910982785382,,20
SEH1L+ctrl,txpert_macro_pearson_delta,0.39118673748039362,,5000
SEH1L+ctrl,trishift_pearson_delta,0.67007061883314378,,20
SEH1L+ctrl,systema_pearson,0.18764997540500297,,20
SENP6+ctrl,txpert_macro_pearson_delta,0.26564123728749384,,5000
SENP6+ctrl,trishift_pearson_delta,0.70593635334657145,,20
SENP6+ctrl,systema_pearson,-0.24963541822662866,,20
SET+ctrl,txpert_macro_pearson_delta,0.32156538986677491,,5000
SET+ctrl,trishift_pearson_delta,0.31760607909988953,,20
SET+ctrl,systema_pearson,-0.23845774878422346,,20
SETD2+ctrl,txpert_macro_pearson_delta,0.24427154378987107,,5000
SETD2+ctrl,trishift_pearson_delta,0.4599086550495966,,20
SETD2+ctrl,systema_pearson,0.23362410396197469,,20
SETD5+ctrl,txpert_macro_pearson_delta,0.32675052002252863,,5000
SETD5+ctrl,trishift_pearson_delta,0.84531906452982963,,20
SETD5+ctrl,systema_pearson,0.2573599484625681,,20
SF3A2+ctrl,txpert_macro_pearson_delta,0.61363321107111546,,5000
SF3A2+ctrl,trishift_pearson_delta,0.80212528092355895,,20
SF3A2+ctrl,systema_pearson,-0.071184317321697985,,20
SF3A3+ctrl,txpert_macro_pearson_delta,0.61767101234945643,,5000
SF3A3+ctrl,trishift_pearson_delta,0.84422955616727613,,20
SF3A3+ctrl,systema_pearson,0.19925717371552182,,20
SF3B3+ctrl,txpert_macro_pearson_delta,0.57601618194319848,,5000
SF3B3+ctrl,trishift_pearson_delta,0.32513312388244547,,20
SF3B3+ctrl,systema_pearson,-0.43692028172359426,,20
SFSWAP+ctrl,txpert_macro_pearson_delta,0.2091679065156434,,5000
SFSWAP+ctrl,trishift_pearson_delta,0.88167066041413966,,20
SFSWAP+ctrl,systema_pearson,0.78747739552802409,,20
SGPP1+ctrl,txpert_macro_pearson_delta,-0.057156622271735562,,5000
SGPP1+ctrl,trishift_pearson_delta,-0.187461769215963,,20
SGPP1+ctrl,systema_pearson,-0.036784928006111633,,20
SIN3A+ctrl,txpert_macro_pearson_delta,0.24214148805123956,,5000
SIN3A+ctrl,trishift_pearson_delta,-0.0202836557083921,,20
SIN3A+ctrl,systema_pearson,-0.40013593544132048,,20
SKP2+ctrl,txpert_macro_pearson_delta,0.17825547374148842,,5000
SKP2+ctrl,trishift_pearson_delta,-0.51464637580710693,,20
SKP2+ctrl,systema_pearson,-0.58603424338883592,,20
SLBP+ctrl,txpert_macro_pearson_delta,0.46712559170144963,,5000
SLBP+ctrl,trishift_pearson_delta,0.65687842295325849,,20
SLBP+ctrl,systema_pearson,0.34735866118321967,,20
SLC39A9+ctrl,txpert_macro_pearson_delta,0.045647433315709217,,5000
SLC39A9+ctrl,trishift_pearson_delta,-0.43966719683466332,,20
SLC39A9+ctrl,systema_pearson,-0.38764388264269595,,20
SLC4A5+ctrl,txpert_macro_pearson_delta,-0.021493177005739821,,5000
SLC4A5+ctrl,trishift_pearson_delta,-0.116962958942384,,20
SLC4A5+ctrl,systema_pearson,-0.20006759431357288,,20
SLC9B1+ctrl,txpert_macro_pearson_delta,0.05183460608834134,,5000
SLC9B1+ctrl,trishift_pearson_delta,-0.30912150900543311,,20
SLC9B1+ctrl,systema_pearson,-0.34441729174689328,,20
SLU7+ctrl,txpert_macro_pearson_delta,0.70889957798770176,,5000
SLU7+ctrl,trishift_pearson_delta,0.87175596694203883,,20
SLU7+ctrl,systema_pearson,0.46481568489870329,,20
SMARCE1+ctrl,txpert_macro_pearson_delta,0.36304906636005757,,5000
SMARCE1+ctrl,trishift_pearson_delta,-0.21145716020561509,,20
SMARCE1+ctrl,systema_pearson,-0.19041276790742168,,20
SMG5+ctrl,txpert_macro_pearson_delta,0.37417745934665497,,5000
SMG5+ctrl,trishift_pearson_delta,0.57987573812473447,,20
SMG5+ctrl,systema_pearson,0.34997982091625524,,20
SMG8+ctrl,txpert_macro_pearson_delta,0.1910694091264688,,5000
SMG8+ctrl,trishift_pearson_delta,0.57377278698968681,,20
SMG8+ctrl,systema_pearson,0.36364057720625442,,20
SMU1+ctrl,txpert_macro_pearson_delta,0.7088345807450428,,5000
SMU1+ctrl,trishift_pearson_delta,0.66454350860233502,,20
SMU1+ctrl,systema_pearson,0.227041614074598,,20
SMUG1+ctrl,txpert_macro_pearson_delta,0.5442488301728452,,5000
SMUG1+ctrl,trishift_pearson_delta,0.50557575318628256,,20
SMUG1+ctrl,systema_pearson,0.14170147922029344,,20
SNRNP25+ctrl,txpert_macro_pearson_delta,0.18170661261176624,,5000
SNRNP25+ctrl,trishift_pearson_delta,0.204470842141105,,20
SNRNP25+ctrl,systema_pearson,-0.68067920257220882,,20
SNRNP27+ctrl,txpert_macro_pearson_delta,0.52224242504468321,,5000
SNRNP27+ctrl,trishift_pearson_delta,0.67968727971861231,,20
SNRNP27+ctrl,systema_pearson,-0.33346290035090653,,20
SNRNP40+ctrl,txpert_macro_pearson_delta,0.12678708480247161,,5000
SNRNP40+ctrl,trishift_pearson_delta,0.34239454671297986,,20
SNRNP40+ctrl,systema_pearson,-0.18188674437532518,,20
SNRNP70+ctrl,txpert_macro_pearson_delta,0.57060794969516071,,5000
SNRNP70+ctrl,trishift_pearson_delta,0.66110141155494295,,20
SNRNP70+ctrl,systema_pearson,-0.18400107788301898,,20
SNRPD3+ctrl,txpert_macro_pearson_delta,0.73451060757826658,,5000
SNRPD3+ctrl,trishift_pearson_delta,0.84901253182336289,,20
SNRPD3+ctrl,systema_pearson,-0.43354954124050576,,20
SOD1+ctrl,txpert_macro_pearson_delta,0.18097035700535238,,5000
SOD1+ctrl,trishift_pearson_delta,0.090685407039425306,,20
SOD1+ctrl,systema_pearson,-0.088134490148594744,,20
SPCS3+ctrl,txpert_macro_pearson_delta,0.080160314543425787,,5000
SPCS3+ctrl,trishift_pearson_delta,0.11571184589421615,,20
SPCS3+ctrl,systema_pearson,-0.083585708907026365,,20
SPDL1+ctrl,txpert_macro_pearson_delta,0.24358026748619965,,5000
SPDL1+ctrl,trishift_pearson_delta,0.16891850843859191,,20
SPDL1+ctrl,systema_pearson,0.25066687827696571,,20
SPTSSA+ctrl,txpert_macro_pearson_delta,0.029244328945524544,,5000
SPTSSA+ctrl,trishift_pearson_delta,0.45727698558899732,,20
SPTSSA+ctrl,systema_pearson,0.54991353727051562,,20
SRA1+ctrl,txpert_macro_pearson_delta,-0.081869369158000041,,5000
SRA1+ctrl,trishift_pearson_delta,-0.75598077893315396,,20
SRA1+ctrl,systema_pearson,-0.28693431214014253,,20
SRBD1+ctrl,txpert_macro_pearson_delta,0.61146288673635352,,5000
SRBD1+ctrl,trishift_pearson_delta,0.31415575756614367,,20
SRBD1+ctrl,systema_pearson,-0.55304192325754986,,20
SRCAP+ctrl,txpert_macro_pearson_delta,0.39922796174409625,,5000
SRCAP+ctrl,trishift_pearson_delta,0.91205057961071745,,20
SRCAP+ctrl,systema_pearson,-0.39410337992593325,,20
SRFBP1+ctrl,txpert_macro_pearson_delta,0.73107188167275672,,5000
SRFBP1+ctrl,trishift_pearson_delta,0.89084896414018488,,20
SRFBP1+ctrl,systema_pearson,0.3492790325376785,,20
SRP19+ctrl,txpert_macro_pearson_delta,0.1428991045848475,,5000
SRP19+ctrl,trishift_pearson_delta,0.56765287367115191,,20
SRP19+ctrl,systema_pearson,0.75976626112744938,,20
SRSF11+ctrl,txpert_macro_pearson_delta,0.02575732206327833,,5000
SRSF11+ctrl,trishift_pearson_delta,0.61130084216952674,,20
SRSF11+ctrl,systema_pearson,-0.57604227329457469,,20
SRSF3+ctrl,txpert_macro_pearson_delta,0.60577936359866336,,5000
SRSF3+ctrl,trishift_pearson_delta,0.77686988445029959,,19
SRSF3+ctrl,systema_pearson,-0.069891106091672747,,19
SRSF6+ctrl,txpert_macro_pearson_delta,0.20136444244500368,,5000
SRSF6+ctrl,trishift_pearson_delta,0.40887864418745534,,20
SRSF6+ctrl,systema_pearson,0.29295424666998593,,20
STRIP1+ctrl,txpert_macro_pearson_delta,0.20907304540878829,,5000
STRIP1+ctrl,trishift_pearson_delta,0.37056744109678447,,20
STRIP1+ctrl,systema_pearson,-0.44806791836328363,,20
STT3B+ctrl,txpert_macro_pearson_delta,0.049049377259082941,,5000
STT3B+ctrl,trishift_pearson_delta,0.031622354211205711,,20
STT3B+ctrl,systema_pearson,0.24921784651521506,,20
STX5+ctrl,txpert_macro_pearson_delta,0.35613591739009898,,5000
STX5+ctrl,trishift_pearson_delta,0.61964177681928667,,20
STX5+ctrl,systema_pearson,0.51875062959051754,,20
SUGP1+ctrl,txpert_macro_pearson_delta,0.60537619588336011,,5000
SUGP1+ctrl,trishift_pearson_delta,0.95798428847378692,,20
SUGP1+ctrl,systema_pearson,-0.31653321287790059,,20
SUMO2+ctrl,txpert_macro_pearson_delta,-0.12129387075828597,,5000
SUMO2+ctrl,trishift_pearson_delta,-0.45751075770825789,,20
SUMO2+ctrl,systema_pearson,-0.61079999901960191,,20
SUPT20H+ctrl,txpert_macro_pearson_delta,0.2268778391024841,,5000
SUPT20H+ctrl,trishift_pearson_delta,0.33941254338448351,,20
SUPT20H+ctrl,systema_pearson,0.2508447218111004,,20
SYMPK+ctrl,txpert_macro_pearson_delta,0.70956946910627616,,5000
SYMPK+ctrl,trishift_pearson_delta,0.83587225189345726,,20
SYMPK+ctrl,systema_pearson,-0.28248835711120746,,20
SYNGR3+ctrl,txpert_macro_pearson_delta,0.047489018910214467,,5000
SYNGR3+ctrl,trishift_pearson_delta,0.30855673010478407,,20
SYNGR3+ctrl,systema_pearson,-0.46523552778646104,,20
TAF1+ctrl,txpert_macro_pearson_delta,0.43752766276787447,,5000
TAF1+ctrl,trishift_pearson_delta,0.3804779331291217,,20
TAF1+ctrl,systema_pearson,-0.37961030594304523,,20
TAF11+ctrl,txpert_macro_pearson_delta,0.019429543601218114,,5000
TAF11+ctrl,trishift_pearson_delta,-0.41023213241141132,,20
TAF11+ctrl,systema_pearson,0.391201004662314,,20
TAF1B+ctrl,txpert_macro_pearson_delta,0.44198259672113221,,5000
TAF1B+ctrl,trishift_pearson_delta,0.32029431313442597,,20
TAF1B+ctrl,systema_pearson,-0.2859453702091414,,20
TAMM41+ctrl,txpert_macro_pearson_delta,-0.15245637496090167,,5000
TAMM41+ctrl,trishift_pearson_delta,-0.10512339833036569,,20
TAMM41+ctrl,systema_pearson,-0.30081431061409425,,20
TBC1D28+ctrl,txpert_macro_pearson_delta,0.33863025308333333,,5000
TBC1D28+ctrl,trishift_pearson_delta,0.67653290738446703,,20
TBC1D28+ctrl,systema_pearson,0.21571645738100825,,20
TBCB+ctrl,txpert_macro_pearson_delta,0.54567006381603989,,5000
TBCB+ctrl,trishift_pearson_delta,0.78514742388448322,,20
TBCB+ctrl,systema_pearson,-0.11844028053936315,,20
TBP+ctrl,txpert_macro_pearson_delta,-0.084787619192876501,,5000
TBP+ctrl,trishift_pearson_delta,0.012344281556091992,,20
TBP+ctrl,systema_pearson,-0.25083791310311832,,20
TBRG4+ctrl,txpert_macro_pearson_delta,0.76938246750061046,,5000
TBRG4+ctrl,trishift_pearson_delta,0.88291773781974436,,20
TBRG4+ctrl,systema_pearson,-0.031186413642659363,,20
TCERG1+ctrl,txpert_macro_pearson_delta,-0.037794912594998134,,5000
TCERG1+ctrl,trishift_pearson_delta,0.76874991646696267,,20
TCERG1+ctrl,systema_pearson,0.086105931362198768,,20
TELO2+ctrl,txpert_macro_pearson_delta,0.283899613555054,,5000
TELO2+ctrl,trishift_pearson_delta,-0.79718120922492985,,20
TELO2+ctrl,systema_pearson,-0.0014021482978415979,,20
TFAP4+ctrl,txpert_macro_pearson_delta,0.36152207694997046,,5000
TFAP4+ctrl,trishift_pearson_delta,0.86022892327578404,,20
TFAP4+ctrl,systema_pearson,-0.51266975622884836,,20
TFPT+ctrl,txpert_macro_pearson_delta,0.75118424603249256,,5000
TFPT+ctrl,trishift_pearson_delta,0.97229296994886871,,20
TFPT+ctrl,systema_pearson,-0.221715998454701,,20
THAP1+ctrl,txpert_macro_pearson_delta,0.74484749723608579,,5000
THAP1+ctrl,trishift_pearson_delta,0.92865693205798538,,20
THAP1+ctrl,systema_pearson,-0.50612854718004863,,20
THOC1+ctrl,txpert_macro_pearson_delta,0.095333258171789281,,5000
THOC1+ctrl,trishift_pearson_delta,0.26396922087319669,,20
THOC1+ctrl,systema_pearson,0.040901896389744022,,20
THOC2+ctrl,txpert_macro_pearson_delta,0.5413065880194462,,5000
THOC2+ctrl,trishift_pearson_delta,0.93075707629198334,,20
THOC2+ctrl,systema_pearson,-0.25502163483421958,,20
THOC6+ctrl,txpert_macro_pearson_delta,0.1192066366985934,,5000
THOC6+ctrl,trishift_pearson_delta,0.071319479168966693,,20
THOC6+ctrl,systema_pearson,-0.16921443291625529,,20
TIMM22+ctrl,txpert_macro_pearson_delta,0.23438630869530136,,5000
TIMM22+ctrl,trishift_pearson_delta,0.37511579359747477,,20
TIMM22+ctrl,systema_pearson,-0.20491982021344998,,20
TIMM23B+ctrl,txpert_macro_pearson_delta,0.6612280043614488,,5000
TIMM23B+ctrl,trishift_pearson_delta,0.86530497475698953,,20
TIMM23B+ctrl,systema_pearson,0.24647148710164377,,20
TIMM44+ctrl,txpert_macro_pearson_delta,0.64555349203409618,,5000
TIMM44+ctrl,trishift_pearson_delta,0.88322143572283229,,20
TIMM44+ctrl,systema_pearson,-0.35829345314689243,,20
TINF2+ctrl,txpert_macro_pearson_delta,0.54977777133464567,,5000
TINF2+ctrl,trishift_pearson_delta,0.74867214949197414,,20
TINF2+ctrl,systema_pearson,-0.19299291940856048,,20
TKT+ctrl,txpert_macro_pearson_delta,0.35389855293294253,,5000
TKT+ctrl,trishift_pearson_delta,0.78748209968629967,,20
TKT+ctrl,systema_pearson,-0.05059836203522472,,20
TMEM127+ctrl,txpert_macro_pearson_delta,-0.090008562780380524,,5000
TMEM127+ctrl,trishift_pearson_delta,0.84020063039207149,,20
TMEM127+ctrl,systema_pearson,0.070798258208590925,,20
TMEM161B+ctrl,txpert_macro_pearson_delta,-0.15795475218257454,,5000
TMEM161B+ctrl,trishift_pearson_delta,0.40589508554169362,,20
TMEM161B+ctrl,systema_pearson,0.28674413329013237,,20
TMEM214+ctrl,txpert_macro_pearson_delta,-0.13813793202940039,,5000
TMEM214+ctrl,trishift_pearson_delta,0.081969359528393071,,20
TMEM214+ctrl,systema_pearson,-0.14112171248033012,,20
TMX2+ctrl,txpert_macro_pearson_delta,0.39428657975469089,,5000
TMX2+ctrl,trishift_pearson_delta,0.35300732246223354,,20
TMX2+ctrl,systema_pearson,-0.18843590371391189,,20
TNPO3+ctrl,txpert_macro_pearson_delta,0.52619157504179392,,5000
TNPO3+ctrl,trishift_pearson_delta,0.85324398973048721,,20
TNPO3+ctrl,systema_pearson,0.20749458039807084,,20
TOMM20+ctrl,txpert_macro_pearson_delta,0.08145674241424801,,5000
TOMM20+ctrl,trishift_pearson_delta,0.041083317516899712,,20
TOMM20+ctrl,systema_pearson,-0.19349867521804986,,20
TOMM22+ctrl,txpert_macro_pearson_delta,0.57570356415570889,,5000
TOMM22+ctrl,trishift_pearson_delta,0.29431108996912853,,20
TOMM22+ctrl,systema_pearson,-0.73005057587327193,,20
TONSL+ctrl,txpert_macro_pearson_delta,0.66313268006464965,,5000
TONSL+ctrl,trishift_pearson_delta,0.94366294759156,,20
TONSL+ctrl,systema_pearson,0.28914097820829643,,20
TOX4+ctrl,txpert_macro_pearson_delta,0.34101559715034913,,5000
TOX4+ctrl,trishift_pearson_delta,0.095927355093342784,,20
TOX4+ctrl,systema_pearson,-0.12046786795254352,,20
TPP2+ctrl,txpert_macro_pearson_delta,0.73287526525553581,,5000
TPP2+ctrl,trishift_pearson_delta,0.80103612099494226,,20
TPP2+ctrl,systema_pearson,-0.24248481411549785,,20
TRAPPC1+ctrl,txpert_macro_pearson_delta,0.32087825497850686,,5000
TRAPPC1+ctrl,trishift_pearson_delta,0.58569832353692053,,20
TRAPPC1+ctrl,systema_pearson,0.64932325072646824,,20
TRAPPC8+ctrl,txpert_macro_pearson_delta,0.29566575560289932,,5000
TRAPPC8+ctrl,trishift_pearson_delta,0.50316796081684745,,20
TRAPPC8+ctrl,systema_pearson,0.18517040187112757,,20
TSEN34+ctrl,txpert_macro_pearson_delta,0.011936915958191878,,5000
TSEN34+ctrl,trishift_pearson_delta,-0.24631943195847592,,20
TSEN34+ctrl,systema_pearson,-0.30230743282325806,,20
TSG101+ctrl,txpert_macro_pearson_delta,0.70870473546508372,,5000
TSG101+ctrl,trishift_pearson_delta,0.93267341294531847,,20
TSG101+ctrl,systema_pearson,-0.85346459652601869,,20
TSPYL5+ctrl,txpert_macro_pearson_delta,0.16294951201154348,,5000
TSPYL5+ctrl,trishift_pearson_delta,-0.041211565023424053,,20
TSPYL5+ctrl,systema_pearson,0.17472610782206277,,20
TSSK3+ctrl,txpert_macro_pearson_delta,0.25539062271777579,,5000
TSSK3+ctrl,trishift_pearson_delta,0.78006340042335909,,20
TSSK3+ctrl,systema_pearson,-0.023275896185724884,,20
TTC4+ctrl,txpert_macro_pearson_delta,0.28664456729366505,,5000
TTC4+ctrl,trishift_pearson_delta,0.25191383291987041,,20
TTC4+ctrl,systema_pearson,0.34673044020230265,,20
TUBB+ctrl,txpert_macro_pearson_delta,0.51441126243742363,,5000
TUBB+ctrl,trishift_pearson_delta,0.3679219029211287,,19
TUBB+ctrl,systema_pearson,0.2476903903234505,,19
TUBGCP2+ctrl,txpert_macro_pearson_delta,0.37807007831466655,,5000
TUBGCP2+ctrl,trishift_pearson_delta,0.97895627438586175,,20
TUBGCP2+ctrl,systema_pearson,0.49474362803464311,,20
TUBGCP3+ctrl,txpert_macro_pearson_delta,0.65597566835343801,,5000
TUBGCP3+ctrl,trishift_pearson_delta,0.8946968116276921,,20
TUBGCP3+ctrl,systema_pearson,-0.19540067896647217,,20
TWF1+ctrl,txpert_macro_pearson_delta,-0.082726168813772566,,5000
TWF1+ctrl,trishift_pearson_delta,-0.81623254411612611,,20
TWF1+ctrl,systema_pearson,0.07765931998866954,,20
TWNK+ctrl,txpert_macro_pearson_delta,-0.036133510651369632,,5000
TWNK+ctrl,trishift_pearson_delta,0.91484652140115985,,20
TWNK+ctrl,systema_pearson,0.25431803102196587,,20
TWSG1+ctrl,txpert_macro_pearson_delta,0.56515061259811283,,5000
TWSG1+ctrl,trishift_pearson_delta,0.81216223350715,,20
TWSG1+ctrl,systema_pearson,0.62128155013300301,,20
TXNL4A+ctrl,txpert_macro_pearson_delta,0.53505832284261534,,5000
TXNL4A+ctrl,trishift_pearson_delta,0.18064155299732584,,20
TXNL4A+ctrl,systema_pearson,-0.18291417602779228,,20
U2SURP+ctrl,txpert_macro_pearson_delta,0.36262660284116349,,5000
U2SURP+ctrl,trishift_pearson_delta,0.71837494825312065,,20
U2SURP+ctrl,systema_pearson,0.064031721121813157,,20
UBE2Z+ctrl,txpert_macro_pearson_delta,-0.15941447214697632,,5000
UBE2Z+ctrl,trishift_pearson_delta,-0.65649205287407841,,20
UBE2Z+ctrl,systema_pearson,-0.76991175237312715,,20
UBR5+ctrl,txpert_macro_pearson_delta,0.2322611857958615,,5000
UBR5+ctrl,trishift_pearson_delta,0.69343382163804945,,20
UBR5+ctrl,systema_pearson,0.47688002420252557,,20
UPF2+ctrl,txpert_macro_pearson_delta,0.3155975281830512,,5000
UPF2+ctrl,trishift_pearson_delta,0.79096764469522574,,20
UPF2+ctrl,systema_pearson,0.20050308108212692,,20
UQCRC2+ctrl,txpert_macro_pearson_delta,0.47363279435424538,,5000
UQCRC2+ctrl,trishift_pearson_delta,0.8646495315214956,,20
UQCRC2+ctrl,systema_pearson,0.61577128990892238,,20
UQCRQ+ctrl,txpert_macro_pearson_delta,0.33348603309233876,,5000
UQCRQ+ctrl,trishift_pearson_delta,0.67805528575080742,,20
UQCRQ+ctrl,systema_pearson,-0.17313494110267447,,20
URB1+ctrl,txpert_macro_pearson_delta,0.7909211524149794,,5000
URB1+ctrl,trishift_pearson_delta,0.89548707108448367,,20
URB1+ctrl,systema_pearson,-0.20181809107713469,,20
USP19+ctrl,txpert_macro_pearson_delta,-0.14541488435688979,,5000
USP19+ctrl,trishift_pearson_delta,0.076377514023901055,,20
USP19+ctrl,systema_pearson,-0.035695605657619783,,20
USP39+ctrl,txpert_macro_pearson_delta,0.74805000083417339,,5000
USP39+ctrl,trishift_pearson_delta,0.85714772944871764,,20
USP39+ctrl,systema_pearson,-0.38293563741190073,,20
USP5+ctrl,txpert_macro_pearson_delta,0.54067462399233979,,5000
USP5+ctrl,trishift_pearson_delta,0.78720202854549159,,20
USP5+ctrl,systema_pearson,-0.21936191891462387,,20
USP8+ctrl,txpert_macro_pearson_delta,0.35491524356684667,,5000
USP8+ctrl,trishift_pearson_delta,0.36992719864671186,,20
USP8+ctrl,systema_pearson,-0.0034945587353086218,,20
USPL1+ctrl,txpert_macro_pearson_delta,0.72808206760936123,,5000
USPL1+ctrl,trishift_pearson_delta,0.81635204332248756,,20
USPL1+ctrl,systema_pearson,-0.64497147118777565,,20
UTP15+ctrl,txpert_macro_pearson_delta,0.74213956247328561,,5000
UTP15+ctrl,trishift_pearson_delta,0.9608133960869718,,20
UTP15+ctrl,systema_pearson,0.3061369012761353,,20
UTP25+ctrl,txpert_macro_pearson_delta,0.60663155871687424,,5000
UTP25+ctrl,trishift_pearson_delta,0.70315806786920432,,20
UTP25+ctrl,systema_pearson,0.25791277498365328,,20
UTP6+ctrl,txpert_macro_pearson_delta,0.74593795128235962,,5000
UTP6+ctrl,trishift_pearson_delta,0.93469124570564011,,20
UTP6+ctrl,systema_pearson,-0.63222484961977521,,20
VEZT+ctrl,txpert_macro_pearson_delta,-0.06465346901540335,,5000
VEZT+ctrl,trishift_pearson_delta,0.0044622290467012087,,20
VEZT+ctrl,systema_pearson,-0.49616450351630764,,20
VPS33A+ctrl,txpert_macro_pearson_delta,0.074092565049015097,,5000
VPS33A+ctrl,trishift_pearson_delta,0.41268965481157632,,20
VPS33A+ctrl,systema_pearson,-0.1763731167908536,,20
VPS37A+ctrl,txpert_macro_pearson_delta,0.16323731581483314,,5000
VPS37A+ctrl,trishift_pearson_delta,0.12966033402033161,,20
VPS37A+ctrl,systema_pearson,-0.24046709792078974,,20
VPS41+ctrl,txpert_macro_pearson_delta,0.56836629278653128,,5000
VPS41+ctrl,trishift_pearson_delta,0.93367044255764431,,20
VPS41+ctrl,systema_pearson,0.30653148429987226,,20
WDR1+ctrl,txpert_macro_pearson_delta,0.48280497082458812,,5000
WDR1+ctrl,trishift_pearson_delta,-0.2364561096260642,,20
WDR1+ctrl,systema_pearson,0.35509227587256414,,20
WDR12+ctrl,txpert_macro_pearson_delta,0.82446280032231789,,5000
WDR12+ctrl,trishift_pearson_delta,0.98828066962316341,,20
WDR12+ctrl,systema_pearson,0.093230272238145451,,20
WDR18+ctrl,txpert_macro_pearson_delta,0.62341518072951074,,5000
WDR18+ctrl,trishift_pearson_delta,0.75278710904355739,,20
WDR18+ctrl,systema_pearson,-0.52511413189262079,,20
WDR24+ctrl,txpert_macro_pearson_delta,0.74197038519248948,,5000
WDR24+ctrl,trishift_pearson_delta,0.95237690912198458,,20
WDR24+ctrl,systema_pearson,-0.3273009391120445,,20
WDR25+ctrl,txpert_macro_pearson_delta,0.50483744448155299,,5000
WDR25+ctrl,trishift_pearson_delta,0.077248499446123359,,20
WDR25+ctrl,systema_pearson,-0.53702815094233569,,20
WDR36+ctrl,txpert_macro_pearson_delta,0.68715687312520013,,5000
WDR36+ctrl,trishift_pearson_delta,0.86902606119909509,,20
WDR36+ctrl,systema_pearson,-0.38710571042968422,,20
WDR43+ctrl,txpert_macro_pearson_delta,0.75767305310317201,,5000
WDR43+ctrl,trishift_pearson_delta,0.93419286154680448,,20
WDR43+ctrl,systema_pearson,-0.59638687012279945,,20
WDR46+ctrl,txpert_macro_pearson_delta,0.71733875398939539,,5000
WDR46+ctrl,trishift_pearson_delta,0.96425011861640586,,20
WDR46+ctrl,systema_pearson,0.31429375129538778,,20
WDR61+ctrl,txpert_macro_pearson_delta,0.25088474081940476,,5000
WDR61+ctrl,trishift_pearson_delta,0.3202337839713788,,20
WDR61+ctrl,systema_pearson,-0.68131055533545937,,20
WDR7+ctrl,txpert_macro_pearson_delta,0.49907790043059042,,5000
WDR7+ctrl,trishift_pearson_delta,0.89941707468046905,,20
WDR7+ctrl,systema_pearson,0.90708985462357561,,20
WDTC1+ctrl,txpert_macro_pearson_delta,0.51333850855530228,,5000
WDTC1+ctrl,trishift_pearson_delta,0.50126321427924181,,20
WDTC1+ctrl,systema_pearson,-0.084242373731449396,,20
XPO1+ctrl,txpert_macro_pearson_delta,0.60756723854922567,,5000
XPO1+ctrl,trishift_pearson_delta,0.7380388376323187,,20
XPO1+ctrl,systema_pearson,0.27648480600112235,,20
XRCC3+ctrl,txpert_macro_pearson_delta,0.099839592629739932,,5000
XRCC3+ctrl,trishift_pearson_delta,0.41290738531662052,,20
XRCC3+ctrl,systema_pearson,-0.14725281362516998,,20
YBX1+ctrl,txpert_macro_pearson_delta,0.11936704115488786,,5000
YBX1+ctrl,trishift_pearson_delta,0.3815826109302134,,20
YBX1+ctrl,systema_pearson,0.50789605772671942,,20
YY1+ctrl,txpert_macro_pearson_delta,-0.0084977602443622839,,5000
YY1+ctrl,trishift_pearson_delta,-0.1947992923946511,,20
YY1+ctrl,systema_pearson,0.33232806500231082,,20
ZBTB4+ctrl,txpert_macro_pearson_delta,0.57434393623886104,,5000
ZBTB4+ctrl,trishift_pearson_delta,0.28425486455951909,,20
ZBTB4+ctrl,systema_pearson,-0.50807505039984746,,20
ZDHHC7+ctrl,txpert_macro_pearson_delta,0.39712842683973726,,5000
ZDHHC7+ctrl,trishift_pearson_delta,0.15056597621595186,,20
ZDHHC7+ctrl,systema_pearson,0.13694558742848806,,20
ZNF131+ctrl,txpert_macro_pearson_delta,0.16895587347042013,,5000
ZNF131+ctrl,trishift_pearson_delta,-0.35702111907016626,,20
ZNF131+ctrl,systema_pearson,0.37706851939582597,,20
ZNF24+ctrl,txpert_macro_pearson_delta,0.16663768955015298,,5000
ZNF24+ctrl,trishift_pearson_delta,-0.14687626346238583,,20
ZNF24+ctrl,systema_pearson,-0.12925848519185087,,20
ZNF292+ctrl,txpert_macro_pearson_delta,-0.022668093930475655,,5000
ZNF292+ctrl,trishift_pearson_delta,-0.2640621514942863,,20
ZNF292+ctrl,systema_pearson,0.69301851484507759,,20
ZNF559+ctrl,txpert_macro_pearson_delta,0.30219532773133578,,5000
ZNF559+ctrl,trishift_pearson_delta,-0.18374234206190224,,20
ZNF559+ctrl,systema_pearson,-0.44094652646636429,,20
ZNF574+ctrl,txpert_macro_pearson_delta,0.6949881991257949,,5000
ZNF574+ctrl,trishift_pearson_delta,0.98472086947238313,,20
ZNF574+ctrl,systema_pearson,0.03921133384628054,,20
ZNF676+ctrl,txpert_macro_pearson_delta,-0.14017734956454855,,5000
ZNF676+ctrl,trishift_pearson_delta,0.030081093229221274,,20
ZNF676+ctrl,systema_pearson,0.50001301868209247,,20
ZNF687+ctrl,txpert_macro_pearson_delta,-0.033802218907095553,,5000
ZNF687+ctrl,trishift_pearson_delta,-0.24899092175511783,,20
ZNF687+ctrl,systema_pearson,-0.21113521750680028,,20
ZNF706+ctrl,txpert_macro_pearson_delta,-0.27476975322011088,,5000
ZNF706+ctrl,trishift_pearson_delta,0.075180348006071498,,20
ZNF706+ctrl,systema_pearson,-0.24648493654992201,,20
ZNF763+ctrl,txpert_macro_pearson_delta,-0.33531745595132229,,5000
ZNF763+ctrl,trishift_pearson_delta,-0.77379520425859283,,20
ZNF763+ctrl,systema_pearson,-0.51755234460689725,,20
ZNF84+ctrl,txpert_macro_pearson_delta,0.69212286992127781,,5000
ZNF84+ctrl,trishift_pearson_delta,0.56303393296734616,,20
ZNF84+ctrl,systema_pearson,-0.067516305474814686,,20
ZNHIT6+ctrl,txpert_macro_pearson_delta,0.68211767544174107,,5000
ZNHIT6+ctrl,trishift_pearson_delta,0.89243619664078033,,20
ZNHIT6+ctrl,systema_pearson,0.17815187511118852,,20
ZRANB2+ctrl,txpert_macro_pearson_delta,0.071874225231630284,,5000
ZRANB2+ctrl,trishift_pearson_delta,0.12451618837817385,,20
ZRANB2+ctrl,systema_pearson,0.1310161216444593,,20
ZW10+ctrl,txpert_macro_pearson_delta,0.1611150928989892,,5000
ZW10+ctrl,trishift_pearson_delta,0.39803120041143292,,20
ZW10+ctrl,systema_pearson,0.81892024205695935,,20
