condition_id,metric_id,value,reason,gene_count
AARS+ctrl,txpert_macro_pearson_delta,0.67422749244302305,,5000
AARS+ctrl,trishift_pearson_delta,0.9575404400666041,,20
AARS+ctrl,systema_pearson,-0.94031503005243211,,20
AASDHPPT+ctrl,txpert_macro_pearson_delta,0.68325665733585073,,5000
AASDHPPT+ctrl,trishift_pearson_delta,0.77541660412720803,,20
AASDHPPT+ctrl,systema_pearson,-0.20342585037899083,,20
ABHD17A+ctrl,txpert_macro_pearson_delta,-0.18008242025360349,,5000
ABHD17A+ctrl,trishift_pearson_delta,0.57167430496407301,,20
ABHD17A+ctrl,systema_pearson,0.23018415758531907,,20
ACTR10+ctrl,txpert_macro_pearson_delta,0.85215192131640471,,5000
ACTR10+ctrl,trishift_pearson_delta,0.94858749904486506,,20
ACTR10+ctrl,systema_pearson,-0.40092101400491376,,20
ADAT3+ctrl,txpert_macro_pearson_delta,0.37341184714536779,,5000
ADAT3+ctrl,trishift_pearson_delta,0.56769272892157119,,20
ADAT3+ctrl,systema_pearson,0.28868494625714336,,20
AGBL5+ctrl,txpert_macro_pearson_delta,0.80861798275469254,,5000
AGBL5+ctrl,trishift_pearson_delta,0.90584840222074192,,20
AGBL5+ctrl,systema_pearson,-0.81029457662137128,,20
AKIRIN2+ctrl,txpert_macro_pearson_delta,0.70301854973961586,,5000
AKIRIN2+ctrl,trishift_pearson_delta,0.9325088286627865,,20
AKIRIN2+ctrl,systema_pearson,-0.54568896964082769,,20
ALDOA+ctrl,txpert_macro_pearson_delta,0.72273121568287568,,5000
ALDOA+ctrl,trishift_pearson_delta,0.87392651140587774,,20
ALDOA+ctrl,systema_pearson,-0.49991860099400165,,20
ALG14+ctrl,txpert_macro_pearson_delta,0.42027820436955621,,5000
ALG14+ctrl,trishift_pearson_delta,-0.51771348666775618,,20
ALG14+ctrl,systema_pearson,0.57912146526261521,,20
ALYREF+ctrl,txpert_macro_pearson_delta,0.58698129393856613,,5000
ALYREF+ctrl,trishift_pearson_delta,0.12480698290074149,,20
ALYREF+ctrl,systema_pearson,-0.3388509309926282,,20
ANAPC11+ctrl,txpert_macro_pearson_delta,0.809190878130012,,5000
ANAPC11+ctrl,trishift_pearson_delta,0.97157173199457891,,20
ANAPC11+ctrl,systema_pearson,-0.90921945625506684,,20
ANAPC15+ctrl,txpert_macro_pearson_delta,-0.054744336300785602,,5000
ANAPC15+ctrl,trishift_pearson_delta,-0.12425223637013225,,20
ANAPC15+ctrl,systema_pearson,-0.2848555524950353,,20
ANAPC4+ctrl,txpert_macro_pearson_delta,0.79756833400841098,,5000
ANAPC4+ctrl,trishift_pearson_delta,0.83927361185996063,,20
ANAPC4+ctrl,systema_pearson,-0.60501810694628877,,20
ANKLE2+ctrl,txpert_macro_pearson_delta,0.71687082199922014,,5000
ANKLE2+ctrl,trishift_pearson_delta,0.97090286103365009,,20
ANKLE2+ctrl,systema_pearson,-0.83518372289035248,,20
ANKRD11+ctrl,txpert_macro_pearson_delta,0.39356980618409659,,5000
ANKRD11+ctrl,trishift_pearson_delta,0.6829494621906691,,19
ANKRD11+ctrl,systema_pearson,-0.10566711336350144,,19
ANKS6+ctrl,txpert_macro_pearson_delta,0.059311606484290964,,5000
ANKS6+ctrl,trishift_pearson_delta,-0.45713125236809704,,20
ANKS6+ctrl,systema_pearson,0.8572208736186403,,20
AP2A1+ctrl,txpert_macro_pearson_delta,0.86306633735970084,,5000
AP2A1+ctrl,trishift_pearson_delta,0.87269153070605376,,20
AP2A1+ctrl,systema_pearson,-0.63088098281629001,,20
ARHGAP6+ctrl,txpert_macro_pearson_delta,0.71299498262144001,,5000
ARHGAP6+ctrl,trishift_pearson_delta,0.78830373126683972,,20
ARHGAP6+ctrl,systema_pearson,-0.4503896761529087,,20
ARL4D+ctrl,txpert_macro_pearson_delta,-0.28372965493407165,,5000
ARL4D+ctrl,trishift_pearson_delta,-0.41932455837204996,,20
ARL4D+ctrl,systema_pearson,0.7976454805244404,,20
ARPC1B+ctrl,txpert_macro_pearson_delta,0.45585974078063524,,5000
ARPC1B+ctrl,trishift_pearson_delta,0.38939934713261687,,20
ARPC1B+ctrl,systema_pearson,-0.31663567489782013,,20
ARRB2+ctrl,txpert_macro_pearson_delta,0.77495623825496029,,5000
ARRB2+ctrl,trishift_pearson_delta,0.77410735608907955,,20
ARRB2+ctrl,systema_pearson,-0.8021456446080204,,20
ATF5+ctrl,txpert_macro_pearson_delta,0.83440484222147393,,5000
ATF5+ctrl,trishift_pearson_delta,0.97381027808997656,,20
ATF5+ctrl,systema_pearson,-0.25002688439688836,,20
ATL2+ctrl,txpert_macro_pearson_delta,0.45988785375100921,,5000
ATL2+ctrl,trishift_pearson_delta,0.65644099145500567,,20
ATL2+ctrl,systema_pearson,-0.0092537890746479008,,20
ATP5PD+ctrl,txpert_macro_pearson_delta,0.39145389324034452,,5000
ATP5PD+ctrl,trishift_pearson_delta,0.33440489645515842,,20
ATP5PD+ctrl,systema_pearson,0.28077923292427187,,20
ATP6V1C1+ctrl,txpert_macro_pearson_delta,0.34043433131762263,,5000
ATP6V1C1+ctrl,trishift_pearson_delta,-0.71659337670194756,,20
ATP6V1C1+ctrl,systema_pearson,-0.19045684765911058,,20
ATP6V1G1+ctrl,txpert_macro_pearson_delta,0.51261657598554999,,5000
ATP6V1G1+ctrl,trishift_pearson_delta,-0.39055268388873388,,20
ATP6V1G1+ctrl,systema_pearson,0.7479643316197454,,20
AURKAIP1+ctrl,txpert_macro_pearson_delta,0.73544648106772015,,5000
AURKAIP1+ctrl,trishift_pearson_delta,0.70676328705016345,,20
AURKAIP1+ctrl,systema_pearson,-0.13546799031172377,,20
BDP1+ctrl,txpert_macro_pearson_delta,0.73433755303828718,,5000
BDP1+ctrl,trishift_pearson_delta,0.95804665903505148,,20
BDP1+ctrl,systema_pearson,-0.82816619182039286,,20
BOP1+ctrl,txpert_macro_pearson_delta,0.73795697876010602,,5000
BOP1+ctrl,trishift_pearson_delta,0.96207834074323173,,20
BOP1+ctrl,systema_pearson,0.12812632002461238,,20
BRCA2+ctrl,txpert_macro_pearson_delta,0.85690692730276852,,5000
BRCA2+ctrl,trishift_pearson_delta,0.92358468423151407,,20
BRCA2+ctrl,systema_pearson,-0.75078648247632263,,20
BRF1+ctrl,txpert_macro_pearson_delta,0.76039782578676485,,5000
BRF1+ctrl,trishift_pearson_delta,0.97041511318464146,,20
BRF1+ctrl,systema_pearson,-0.8142041638041807,,20
BRIP1+ctrl,txpert_macro_pearson_delta,0.57336097077376758,,5000
BRIP1+ctrl,trishift_pearson_delta,0.49683011309906555,,20
BRIP1+ctrl,systema_pearson,0.19794695613248317,,20
BTF3+ctrl,txpert_macro_pearson_delta,0.85862114060889827,,5000
BTF3+ctrl,trishift_pearson_delta,0.96849683406395559,,20
BTF3+ctrl,systema_pearson,-0.89042979070289641,,20
BTF3L4+ctrl,txpert_macro_pearson_delta,-0.28689579751958239,,5000
BTF3L4+ctrl,trishift_pearson_delta,-0.779444356029251,,20
BTF3L4+ctrl,systema_pearson,0.91319471763282134,,20
BUB1+ctrl,txpert_macro_pearson_delta,0.68674571062985545,,5000
BUB1+ctrl,trishift_pearson_delta,0.6357551516190022,,20
BUB1+ctrl,systema_pearson,-0.23345138175070806,,20
BUB1B+ctrl,txpert_macro_pearson_delta,0.8687780102979008,,5000
BUB1B+ctrl,trishift_pearson_delta,0.94894240307163369,,20
BUB1B+ctrl,systema_pearson,-0.88120121138696061,,20
BUB3+ctrl,txpert_macro_pearson_delta,0.74496923388598835,,5000
BUB3+ctrl,trishift_pearson_delta,0.8640318015485573,,19
BUB3+ctrl,systema_pearson,-0.3305721686059464,,19
BUD13+ctrl,txpert_macro_pearson_delta,0.62077465370763962,,5000
BUD13+ctrl,trishift_pearson_delta,0.92363386797043345,,20
BUD13+ctrl,systema_pearson,-0.51411064321243205,,20
BYSL+ctrl,txpert_macro_pearson_delta,0.66776063929054863,,5000
BYSL+ctrl,trishift_pearson_delta,0.91495966708447407,,20
BYSL+ctrl,systema_pearson,-0.18897052869113146,,20
C6orf15+ctrl,txpert_macro_pearson_delta,-0.41554606398543242,,5000
C6orf15+ctrl,trishift_pearson_delta,-0.86153268398379557,,20
C6orf15+ctrl,systema_pearson,0.98192004624713536,,20
C7orf26+ctrl,txpert_macro_pearson_delta,0.39367837038726722,,5000
C7orf26+ctrl,trishift_pearson_delta,0.43991687584948536,,20
C7orf26+ctrl,systema_pearson,-0.12902768800771985,,20
CABIN1+ctrl,txpert_macro_pearson_delta,-0.17202696557205471,,5000
CABIN1+ctrl,trishift_pearson_delta,-0.57388471198786406,,20
CABIN1+ctrl,systema_pearson,0.68923073862686202,,20
CACTIN+ctrl,txpert_macro_pearson_delta,0.69050696519104882,,5000
CACTIN+ctrl,trishift_pearson_delta,0.93485222019890002,,20
CACTIN+ctrl,systema_pearson,-0.9329338263607091,,20
CAMLG+ctrl,txpert_macro_pearson_delta,0.33721820143415665,,5000
CAMLG+ctrl,trishift_pearson_delta,0.71342363140762455,,20
CAMLG+ctrl,systema_pearson,-0.22320041470498242,,20
CBX1+ctrl,txpert_macro_pearson_delta,-0.04394149719342591,,5000
CBX1+ctrl,trishift_pearson_delta,0.2802692778096405,,20
CBX1+ctrl,systema_pearson,0.18601607940925102,,20
CCDC115+ctrl,txpert_macro_pearson_delta,0.78355963172347376,,5000
CCDC115+ctrl,trishift_pearson_delta,0.80786011535972291,,20
CCDC115+ctrl,systema_pearson,-0.48363672569962612,,20
CCDC144NL+ctrl,txpert_macro_pearson_delta,-0.12474397176834824,,5000
CCDC144NL+ctrl,trishift_pearson_delta,0.1917810808412731,,20
CCDC144NL+ctrl,systema_pearson,0.89592850280593084,,20
CCNQ+ctrl,txpert_macro_pearson_delta,0.66474566384917233,,5000
CCNQ+ctrl,trishift_pearson_delta,0.69931864584259085,,20
CCNQ+ctrl,systema_pearson,-0.10774762776881008,,20
CCP110+ctrl,txpert_macro_pearson_delta,0.54871388443661218,,5000
CCP110+ctrl,trishift_pearson_delta,0.92723335823579367,,20
CCP110+ctrl,systema_pearson,-0.25561751770005758,,20
CCT2+ctrl,txpert_macro_pearson_delta,0.83263958774924907,,5000
CCT2+ctrl,trishift_pearson_delta,0.95165009905831099,,20
CCT2+ctrl,systema_pearson,-0.90209396883073201,,20
CDC42+ctrl,txpert_macro_pearson_delta,0.75944584856674058,,5000
CDC42+ctrl,trishift_pearson_delta,0.93386983808981705,,20
CDC42+ctrl,systema_pearson,-0.88593446064050385,,20
CDC7+ctrl,txpert_macro_pearson_delta,0.72371501820089967,,5000
CDC7+ctrl,trishift_pearson_delta,0.81375699871932261,,20
CDC7+ctrl,systema_pearson,-0.61888753267915908,,20
CDIPT+ctrl,txpert_macro_pearson_delta,0.40456443645773954,,5000
CDIPT+ctrl,trishift_pearson_delta,0.24056518474274019,,20
CDIPT+ctrl,systema_pearson,0.55319142955240652,,20
CDK7+ctrl,txpert_macro_pearson_delta,0.62839387042106776,,5000
CDK7+ctrl,trishift_pearson_delta,0.91852038373686973,,20
CDK7+ctrl,systema_pearson,-0.85208180434918857,,20
CEBPG+ctrl,txpert_macro_pearson_delta,0.79393050435390833,,5000
CEBPG+ctrl,trishift_pearson_delta,0.3784897589585538,,20
CEBPG+ctrl,systema_pearson,-0.27102025365692373,,20
CEBPZ+ctrl,txpert_macro_pearson_delta,0.88614764708580329,,5000
CEBPZ+ctrl,trishift_pearson_delta,0.9390409430449278,,20
CEBPZ+ctrl,systema_pearson,-0.92846907266844148,,20
CENPA+ctrl,txpert_macro_pearson_delta,0.34496686716637309,,5000
CENPA+ctrl,trishift_pearson_delta,0.93700859565188765,,20
CENPA+ctrl,systema_pearson,0.75104112568273995,,20
CENPI+ctrl,txpert_macro_pearson_delta,0.83454719021536239,,5000
CENPI+ctrl,trishift_pearson_delta,0.90043889157301482,,20
CENPI+ctrl,systema_pearson,-0.79340139718293468,,20
CENPJ+ctrl,txpert_macro_pearson_delta,0.85293805037708903,,5000
CENPJ+ctrl,trishift_pearson_delta,0.97937811300797284,,20
CENPJ+ctrl,systema_pearson,-0.82806268198975241,,20
CENPT+ctrl,txpert_macro_pearson_delta,-0.02625485641203755,,5000
CENPT+ctrl,trishift_pearson_delta,0.85968629577459321,,20
CENPT+ctrl,systema_pearson,0.92757039607384795,,20
CEP152+ctrl,txpert_macro_pearson_delta,0.58421330222771339,,5000
CEP152+ctrl,trishift_pearson_delta,0.94712876136504298,,20
CEP152+ctrl,systema_pearson,-0.53551625877048759,,20
CEP68+ctrl,txpert_macro_pearson_delta,0.37358749178517214,,5000
CEP68+ctrl,trishift_pearson_delta,0.67358885193172602,,20
CEP68+ctrl,systema_pearson,-0.50661965772975837,,20
CHCHD1+ctrl,txpert_macro_pearson_delta,-0.15442884986696256,,5000
CHCHD1+ctrl,trishift_pearson_delta,-0.65442026065418091,,20
CHCHD1+ctrl,systema_pearson,0.54880912274754245,,20
CHCHD2+ctrl,txpert_macro_pearson_delta,-0.13212545415882149,,5000
CHCHD2+ctrl,trishift_pearson_delta,-0.34512069313394517,,20
CHCHD2+ctrl,systema_pearson,-0.47522642545993354,,20
CHD4+ctrl,txpert_macro_pearson_delta,0.44416629661135332,,5000
CHD4+ctrl,trishift_pearson_delta,0.62106852146593106,,20
CHD4+ctrl,systema_pearson,-0.12346119930494154,,20
CHMP2A+ctrl,txpert_macro_pearson_delta,0.61135181660284188,,5000
CHMP2A+ctrl,trishift_pearson_delta,0.92432182071279456,,20
CHMP2A+ctrl,systema_pearson,-0.80412940651429043,,20
CHMP3+ctrl,txpert_macro_pearson_delta,0.73163540770959101,,5000
CHMP3+ctrl,trishift_pearson_delta,0.80639409064716816,,20
CHMP3+ctrl,systema_pearson,-0.74263461501091022,,20
CHTF18+ctrl,txpert_macro_pearson_delta,0.73526410074541004,,5000
CHTF18+ctrl,trishift_pearson_delta,0.93327665108618352,,20
CHTF18+ctrl,systema_pearson,-0.027518966976300147,,20
CHTOP+ctrl,txpert_macro_pearson_delta,-0.085582216220220483,,5000
CHTOP+ctrl,trishift_pearson_delta,-0.36731238722000259,,20
CHTOP+ctrl,systema_pearson,0.56825680081491226,,20
CLPB+ctrl,txpert_macro_pearson_delta,-0.088679221179033443,,5000
CLPB+ctrl,trishift_pearson_delta,-0.20788524291575255,,20
CLPB+ctrl,systema_pearson,-0.19118573352018398,,20
CMTR2+ctrl,txpert_macro_pearson_delta,0.76872109606260741,,5000
CMTR2+ctrl,trishift_pearson_delta,0.97089990226358558,,20
CMTR2+ctrl,systema_pearson,-0.66249622247177919,,20
CNOT1+ctrl,txpert_macro_pearson_delta,0.53760049151822387,,5000
CNOT1+ctrl,trishift_pearson_delta,0.86419680753069583,,20
CNOT1+ctrl,systema_pearson,-0.76436094390485698,,20
CNOT11+ctrl,txpert_macro_pearson_delta,0.3830175147904335,,5000
CNOT11+ctrl,trishift_pearson_delta,0.64582516429236025,,20
CNOT11+ctrl,systema_pearson,-0.39498275491384971,,20
COG3+ctrl,txpert_macro_pearson_delta,0.78485973261734698,,5000
COG3+ctrl,trishift_pearson_delta,0.91536506153257369,,20
COG3+ctrl,systema_pearson,-0.92029493331643708,,20
COPB1+ctrl,txpert_macro_pearson_delta,0.60809926347962839,,5000
COPB1+ctrl,trishift_pearson_delta,0.85838618815957379,,20
COPB1+ctrl,systema_pearson,-0.050872824577417354,,20
COPS4+ctrl,txpert_macro_pearson_delta,0.8594082730867485,,5000
COPS4+ctrl,trishift_pearson_delta,0.95988099004354932,,20
COPS4+ctrl,systema_pearson,-0.89312112727025472,,20
COPZ1+ctrl,txpert_macro_pearson_delta,0.46984478884747466,,5000
COPZ1+ctrl,trishift_pearson_delta,0.55281952220371888,,20
COPZ1+ctrl,systema_pearson,-0.53983413853976892,,20
COQ4+ctrl,txpert_macro_pearson_delta,0.6963649784380479,,5000
COQ4+ctrl,trishift_pearson_delta,0.62974103401255777,,20
COQ4+ctrl,systema_pearson,-0.014683726146599175,,20
COX11+ctrl,txpert_macro_pearson_delta,0.80478388992550931,,5000
COX11+ctrl,trishift_pearson_delta,0.81845788240150474,,20
COX11+ctrl,systema_pearson,-0.56433511501971068,,20
COX5A+ctrl,txpert_macro_pearson_delta,-0.064675940109460192,,5000
COX5A+ctrl,trishift_pearson_delta,-0.25942159346095334,,20
COX5A+ctrl,systema_pearson,0.77063422140542404,,20
CPEB1+ctrl,txpert_macro_pearson_delta,0.85160077480796892,,5000
CPEB1+ctrl,trishift_pearson_delta,0.93217714529918161,,20
CPEB1+ctrl,systema_pearson,-0.51268513492115486,,20
CPNE7+ctrl,txpert_macro_pearson_delta,0.55710270117466532,,5000
CPNE7+ctrl,trishift_pearson_delta,0.20448317197114987,,20
CPNE7+ctrl,systema_pearson,0.31466804916518915,,20
CRCP+ctrl,txpert_macro_pearson_delta,0.43693099832334625,,5000
CRCP+ctrl,trishift_pearson_delta,0.57398268614105219,,20
CRCP+ctrl,systema_pearson,-0.24823852001694685,,20
CRLS1+ctrl,txpert_macro_pearson_delta,0.096523046584185618,,5000
CRLS1+ctrl,trishift_pearson_delta,0.74300665416874379,,20
CRLS1+ctrl,systema_pearson,0.2830718184804048,,20
CSTF3+ctrl,txpert_macro_pearson_delta,0.70642215890650317,,5000
CSTF3+ctrl,trishift_pearson_delta,0.59393728852658012,,20
CSTF3+ctrl,systema_pearson,-0.036881550627689268,,20
CTBP2+ctrl,txpert_macro_pearson_delta,0.35645593017508531,,5000
CTBP2+ctrl,trishift_pearson_delta,0.61074391209795897,,20
CTBP2+ctrl,systema_pearson,-0.15453351614104416,,20
CTR9+ctrl,txpert_macro_pearson_delta,0.65280638166131233,,5000
CTR9+ctrl,trishift_pearson_delta,0.90239526571599982,,20
CTR9+ctrl,systema_pearson,-0.82519052374992008,,20
CWC15+ctrl,txpert_macro_pearson_delta,0.72751477242274021,,5000
CWC15+ctrl,trishift_pearson_delta,0.84420988449689283,,20
CWC15+ctrl,systema_pearson,-0.61977169935037513,,20
CWC22+ctrl,txpert_macro_pearson_delta,0.55228241145586443,,5000
CWC22+ctrl,trishift_pearson_delta,0.47827880767383291,,20
CWC22+ctrl,systema_pearson,-0.1843109276145895,,20
CWC25+ctrl,txpert_macro_pearson_delta,0.73479191922423859,,5000
CWC25+ctrl,trishift_pearson_delta,0.97187963113693343,,20
CWC25+ctrl,systema_pearson,-0.87653557641906088,,20
CXXC1+ctrl,txpert_macro_pearson_delta,0.6268128886972163,,5000
CXXC1+ctrl,trishift_pearson_delta,0.58830115302606412,,20
CXXC1+ctrl,systema_pearson,-0.46713477421775512,,20
CYP2A13+ctrl,txpert_macro_pearson_delta,-0.09612967881024409,,5000
CYP2A13+ctrl,trishift_pearson_delta,-0.92797193924214461,,20
CYP2A13+ctrl,systema_pearson,0.96632477438320807,,20
DAD1+ctrl,txpert_macro_pearson_delta,0.62850552347908628,,5000
DAD1+ctrl,trishift_pearson_delta,-0.046731843139666614,,20
DAD1+ctrl,systema_pearson,-0.19584951767935313,,20
DAP3+ctrl,txpert_macro_pearson_delta,-0.18814905614951671,,5000
DAP3+ctrl,trishift_pearson_delta,0.27888196079524441,,20
DAP3+ctrl,systema_pearson,0.64086710410341563,,20
DAXX+ctrl,txpert_macro_pearson_delta,0.017999551080541389,,5000
DAXX+ctrl,trishift_pearson_delta,0.46451104725193665,,20
DAXX+ctrl,systema_pearson,0.019908100548343494,,20
DBR1+ctrl,txpert_macro_pearson_delta,0.31642031810164467,,5000
DBR1+ctrl,trishift_pearson_delta,0.11913479326054752,,20
DBR1+ctrl,systema_pearson,0.65696010545629768,,20
DCTN1+ctrl,txpert_macro_pearson_delta,0.026278659490561056,,5000
DCTN1+ctrl,trishift_pearson_delta,-0.374357026078113,,20
DCTN1+ctrl,systema_pearson,0.81257422536289758,,20
DCUN1D5+ctrl,txpert_macro_pearson_delta,0.82978264305387195,,5000
DCUN1D5+ctrl,trishift_pearson_delta,0.98796431888901615,,20
DCUN1D5+ctrl,systema_pearson,-0.96152564512855365,,20
DDX10+ctrl,txpert_macro_pearson_delta,0.86405533091612186,,5000
DDX10+ctrl,trishift_pearson_delta,0.82782234059224835,,20
DDX10+ctrl,systema_pearson,-0.80430301852903163,,20
DDX19A+ctrl,txpert_macro_pearson_delta,0.26063815501597271,,5000
DDX19A+ctrl,trishift_pearson_delta,0.034237127441411525,,20
DDX19A+ctrl,systema_pearson,0.39394064069863099,,20
DDX24+ctrl,txpert_macro_pearson_delta,0.84508367733651746,,5000
DDX24+ctrl,trishift_pearson_delta,0.93888015040835004,,20
DDX24+ctrl,systema_pearson,-0.84386806854957241,,20
DDX27+ctrl,txpert_macro_pearson_delta,0.8716744701360355,,5000
DDX27+ctrl,trishift_pearson_delta,0.98143905229689954,,20
DDX27+ctrl,systema_pearson,-0.97587605613681372,,20
DDX41+ctrl,txpert_macro_pearson_delta,0.68429637879569061,,5000
DDX41+ctrl,trishift_pearson_delta,0.44373397708854462,,20
DDX41+ctrl,systema_pearson,-0.33489216718480752,,20
DDX46+ctrl,txpert_macro_pearson_delta,0.85923603134282522,,5000
DDX46+ctrl,trishift_pearson_delta,0.94455418917943534,,20
DDX46+ctrl,systema_pearson,-0.8743385161496664,,20
DDX5+ctrl,txpert_macro_pearson_delta,0.48647761590220223,,5000
DDX5+ctrl,trishift_pearson_delta,0.57514316736415272,,19
DDX5+ctrl,systema_pearson,0.11735134572342963,,19
DDX51+ctrl,txpert_macro_pearson_delta,0.83561815137885964,,5000
DDX51+ctrl,trishift_pearson_delta,0.9803589183046566,,20
DDX51+ctrl,systema_pearson,-0.90126833089348701,,20
DDX56+ctrl,txpert_macro_pearson_delta,0.86653180480509939,,5000
DDX56+ctrl,trishift_pearson_delta,0.96553247424805921,,20
DDX56+ctrl,systema_pearson,-0.60275575282404503,,20
DESI1+ctrl,txpert_macro_pearson_delta,0.72439192395005114,,5000
DESI1+ctrl,trishift_pearson_delta,0.95932418519655882,,20
DESI1+ctrl,systema_pearson,-0.93388926594067323,,20
DHDDS+ctrl,txpert_macro_pearson_delta,0.7069139042181275,,5000
DHDDS+ctrl,trishift_pearson_delta,0.53312236881762787,,20
DHDDS+ctrl,systema_pearson,-0.41332672901818701,,20
DHFR+ctrl,txpert_macro_pearson_delta,0.33411867336494672,,5000
DHFR+ctrl,trishift_pearson_delta,0.21951006927732039,,20
DHFR+ctrl,systema_pearson,0.037818487266411981,,20
DHX15+ctrl,txpert_macro_pearson_delta,0.71771533552944022,,5000
DHX15+ctrl,trishift_pearson_delta,0.83466515668126062,,20
DHX15+ctrl,systema_pearson,-0.68147133886443345,,20
DHX29+ctrl,txpert_macro_pearson_delta,0.38037901748341679,,5000
DHX29+ctrl,trishift_pearson_delta,0.23891164083276156,,20
DHX29+ctrl,systema_pearson,0.10732300973410183,,20
DNAAF3+ctrl,txpert_macro_pearson_delta,-0.16494371686546763,,5000
DNAAF3+ctrl,trishift_pearson_delta,0.07637989955785067,,20
DNAAF3+ctrl,systema_pearson,0.45311859894363776,,20
DNAJC11+ctrl,txpert_macro_pearson_delta,-0.12168732529491352,,5000
DNAJC11+ctrl,trishift_pearson_delta,0.42626561984174066,,20
DNAJC11+ctrl,systema_pearson,-0.11924834391809778,,20
DNAJC17+ctrl,txpert_macro_pearson_delta,0.63633444085257795,,5000
DNAJC17+ctrl,trishift_pearson_delta,0.86701631632426768,,20
DNAJC17+ctrl,systema_pearson,-0.26473066760873193,,20
DNAJC9+ctrl,txpert_macro_pearson_delta,0.77410134457069346,,5000
DNAJC9+ctrl,trishift_pearson_delta,0.97195830439891961,,20
DNAJC9+ctrl,systema_pearson,-0.76905136924963335,,20
DNLZ+ctrl,txpert_macro_pearson_delta,0.056624859126051419,,5000
DNLZ+ctrl,trishift_pearson_delta,-0.077154792435108185,,20
DNLZ+ctrl,systema_pearson,0.67316826451505851,,20
DNM1L+ctrl,txpert_macro_pearson_delta,0.11679929107848518,,5000
DNM1L+ctrl,trishift_pearson_delta,0.33743573845546726,,20
DNM1L+ctrl,systema_pearson,0.53508532037790812,,20
DNMT1+ctrl,txpert_macro_pearson_delta,0.50998911778648948,,5000
DNMT1+ctrl,trishift_pearson_delta,0.62644376339697561,,20
DNMT1+ctrl,systema_pearson,-0.37956424024126312,,20
DNTTIP2+ctrl,txpert_macro_pearson_delta,0.80658189545996894,,5000
DNTTIP2+ctrl,trishift_pearson_delta,0.96990739490433664,,20
DNTTIP2+ctrl,systema_pearson,-0.87529647887814599,,20
DONSON+ctrl,txpert_macro_pearson_delta,0.76909459646247558,,5000
DONSON+ctrl,trishift_pearson_delta,0.7517940928768363,,20
DONSON+ctrl,systema_pearson,-0.33111772234880205,,20
DPH1+ctrl,txpert_macro_pearson_delta,-0.13662555265330645,,5000
DPH1+ctrl,trishift_pearson_delta,0.086890985898626136,,20
DPH1+ctrl,systema_pearson,0.10164316993102787,,20
DPH6+ctrl,txpert_macro_pearson_delta,0.25826123039759025,,5000
DPH6+ctrl,trishift_pearson_delta,-0.56738832996632449,,20
DPH6+ctrl,systema_pearson,-0.15901220043371145,,20
DPY19L4+ctrl,txpert_macro_pearson_delta,0.35168462712704657,,5000
DPY19L4+ctrl,trishift_pearson_delta,-0.034890784888311405,,20
DPY19L4+ctrl,systema_pearson,0.31170921821743469,,20
DYNLL1+ctrl,txpert_macro_pearson_delta,0.62069150932614769,,5000
DYNLL1+ctrl,trishift_pearson_delta,0.83100664059523,,20
DYNLL1+ctrl,systema_pearson,0.37903845615738879,,20
EEF1A1+ctrl,txpert_macro_pearson_delta,0.35693949978818623,,5000
EEF1A1+ctrl,trishift_pearson_delta,0.62504756010503182,,19
EEF1A1+ctrl,systema_pearson,0.082028848258355699,,19
EEF1B2+ctrl,txpert_macro_pearson_delta,0.31506190518885901,,5000
EEF1B2+ctrl,trishift_pearson_delta,-0.69689195502866896,,20
EEF1B2+ctrl,systema_pearson,0.23455181812116654,,20
EEF1G+ctrl,txpert_macro_pearson_delta,0.70354378166369091,,5000
EEF1G+ctrl,trishift_pearson_delta,0.88236774832169973,,20
EEF1G+ctrl,systema_pearson,-0.68386000246818679,,20
EEF2+ctrl,txpert_macro_pearson_delta,0.69490351317873,,5000
EEF2+ctrl,trishift_pearson_delta,0.90896822770967467,,20
EEF2+ctrl,systema_pearson,-0.7851216105480574,,20
EHMT2+ctrl,txpert_macro_pearson_delta,0.61938199667065175,,5000
EHMT2+ctrl,trishift_pearson_delta,0.48775571606872081,,20
EHMT2+ctrl,systema_pearson,0.0023464862831295979,,20
EIF1+ctrl,txpert_macro_pearson_delta,-0.10022112589714612,,5000
EIF1+ctrl,trishift_pearson_delta,0.53182373727749455,,19
EIF1+ctrl,systema_pearson,0.38037142044808148,,19
EIF1AD+ctrl,txpert_macro_pearson_delta,0.72805572848251754,,5000
EIF1AD+ctrl,trishift_pearson_delta,0.88561353336274673,,20
EIF1AD+ctrl,systema_pearson,-0.79802667204702582,,20
EIF3A+ctrl,txpert_macro_pearson_delta,0.74946050076107706,,5000
EIF3A+ctrl,trishift_pearson_delta,0.92290125465837591,,20
EIF3A+ctrl,systema_pearson,-0.71444584848534387,,20
EIF3L+ctrl,txpert_macro_pearson_delta,-0.068742202654531973,,5000
EIF3L+ctrl,trishift_pearson_delta,0.70411099912859865,,20
EIF3L+ctrl,systema_pearson,0.0068040325921987369,,20
EIF4B+ctrl,txpert_macro_pearson_delta,0.53236305270224482,,5000
EIF4B+ctrl,trishift_pearson_delta,0.65326578242669031,,19
EIF4B+ctrl,systema_pearson,-0.26424411020556626,,19
EIF4E+ctrl,txpert_macro_pearson_delta,0.64751415629728926,,5000
EIF4E+ctrl,trishift_pearson_delta,0.91168784215544962,,20
EIF4E+ctrl,systema_pearson,-0.7480647838428417,,20
EIF4G2+ctrl,txpert_macro_pearson_delta,0.52168285315182916,,5000
EIF4G2+ctrl,trishift_pearson_delta,0.86118671255255952,,19
EIF4G2+ctrl,systema_pearson,-0.41442939343948187,,19
EIF5+ctrl,txpert_macro_pearson_delta,0.76600843495384774,,5000
EIF5+ctrl,trishift_pearson_delta,0.85525503681986603,,19
EIF5+ctrl,systema_pearson,-0.084445718902302139,,19
EIF5A+ctrl,txpert_macro_pearson_delta,0.79716681588648519,,5000
EIF5A+ctrl,trishift_pearson_delta,0.8638717141470218,,20
EIF5A+ctrl,systema_pearson,-0.73276988028340362,,20
ELOF1+ctrl,txpert_macro_pearson_delta,0.42974022567434655,,5000
ELOF1+ctrl,trishift_pearson_delta,0.51727258816954425,,20
ELOF1+ctrl,systema_pearson,-0.20821050646507161,,20
ELP4+ctrl,txpert_macro_pearson_delta,0.67464872166538192,,5000
ELP4+ctrl,trishift_pearson_delta,0.50877191674627664,,20
ELP4+ctrl,systema_pearson,0.0066823060873912789,,20
ELP6+ctrl,txpert_macro_pearson_delta,0.77707844161822182,,5000
ELP6+ctrl,trishift_pearson_delta,0.92438944751484431,,20
ELP6+ctrl,systema_pearson,-0.4167500238019517,,20
EMC1+ctrl,txpert_macro_pearson_delta,0.85315672265032949,,5000
EMC1+ctrl,trishift_pearson_delta,0.92675393065692835,,20
EMC1+ctrl,systema_pearson,-0.92466096236984519,,20
EP400+ctrl,txpert_macro_pearson_delta,0.57719031580489411,,5000
EP400+ctrl,trishift_pearson_delta,0.70142479449662132,,20
EP400+ctrl,systema_pearson,-0.5677011566947171,,20
ERCC3+ctrl,txpert_macro_pearson_delta,0.74080483408633491,,5000
ERCC3+ctrl,trishift_pearson_delta,0.72518619443235655,,20
ERCC3+ctrl,systema_pearson,-0.62098840426598123,,20
ESYT2+ctrl,txpert_macro_pearson_delta,0.72797260944078357,,5000
ESYT2+ctrl,trishift_pearson_delta,0.5925061852389667,,20
ESYT2+ctrl,systema_pearson,-0.70243181490940199,,20
EXOC4+ctrl,txpert_macro_pearson_delta,0.75736809078958489,,5000
EXOC4+ctrl,trishift_pearson_delta,0.94936535621050555,,20
EXOC4+ctrl,systema_pearson,-0.58116864904831222,,20
EXOC5+ctrl,txpert_macro_pearson_delta,0.68977389998109595,,5000
EXOC5+ctrl,trishift_pearson_delta,0.77208671876566071,,20
EXOC5+ctrl,systema_pearson,-0.27276619195313612,,20
EXOSC8+ctrl,txpert_macro_pearson_delta,0.86071469502844355,,5000
EXOSC8+ctrl,trishift_pearson_delta,0.97078584665937206,,20
EXOSC8+ctrl,systema_pearson,-0.94152503805137577,,20
FAM102B+ctrl,txpert_macro_pearson_delta,0.59369069863142765,,5000
FAM102B+ctrl,trishift_pearson_delta,0.61413775044524743,,20
FAM102B+ctrl,systema_pearson,-0.49100265617609617,,20
FAM136A+ctrl,txpert_macro_pearson_delta,0.4420775264431539,,5000
FAM136A+ctrl,trishift_pearson_delta,0.79112136666878707,,20
FAM136A+ctrl,systema_pearson,0.27996094382790054,,20
FAM207A+ctrl,txpert_macro_pearson_delta,-0.30852560615479518,,5000
FAM207A+ctrl,trishift_pearson_delta,-0.12304905496438426,,20
FAM207A+ctrl,systema_pearson,0.92622141668358482,,20
FAM229A+ctrl,txpert_macro_pearson_delta,-0.38120796581781857,,5000
FAM229A+ctrl,trishift_pearson_delta,-0.61240022104801162,,20
FAM229A+ctrl,systema_pearson,0.90509760031722275,,20
FAU+ctrl,txpert_macro_pearson_delta,0.79908725999210739,,5000
FAU+ctrl,trishift_pearson_delta,0.95493316474004442,,20
FAU+ctrl,systema_pearson,-0.9274543672837241,,20
FBLIM1+ctrl,txpert_macro_pearson_delta,-0.11572056535668047,,5000
FBLIM1+ctrl,trishift_pearson_delta,-0.16563896687966775,,20
FBLIM1+ctrl,systema_pearson,0.33596861040907239,,20
FCF1+ctrl,txpert_macro_pearson_delta,0.82589231424318688,,5000
FCF1+ctrl,trishift_pearson_delta,0.87006918078316742,,20
FCF1+ctrl,systema_pearson,-0.78312867314410961,,20
FDPS+ctrl,txpert_macro_pearson_delta,0.012650943809213675,,5000
FDPS+ctrl,trishift_pearson_delta,0.34338511610926314,,20
FDPS+ctrl,systema_pearson,-0.21028862078720886,,20
FEN1+ctrl,txpert_macro_pearson_delta,0.49147866547585267,,5000
FEN1+ctrl,trishift_pearson_delta,-0.32601921191135136,,20
FEN1+ctrl,systema_pearson,0.48845118810279159,,20
FGFR1OP+ctrl,txpert_macro_pearson_delta,0.65749051115981827,,5000
FGFR1OP+ctrl,trishift_pearson_delta,-0.18039171767672732,,20
FGFR1OP+ctrl,systema_pearson,0.17851160495338902,,20
FNTB+ctrl,txpert_macro_pearson_delta,0.20865382140514863,,5000
FNTB+ctrl,trishift_pearson_delta,0.74996948690382048,,20
FNTB+ctrl,systema_pearson,-0.2885933523244914,,20
FOXD4+ctrl,txpert_macro_pearson_delta,0.067896422826831934,,5000
FOXD4+ctrl,trishift_pearson_delta,0.64836774172331735,,20
FOXD4+ctrl,systema_pearson,0.53464584026167916,,20
GAB2+ctrl,txpert_macro_pearson_delta,0.013228949048662781,,5000
GAB2+ctrl,trishift_pearson_delta,0.7107532443144684,,20
GAB2+ctrl,systema_pearson,0.85221522010173312,,20
GARS+ctrl,txpert_macro_pearson_delta,0.47655129343707719,,5000
GARS+ctrl,trishift_pearson_delta,0.64526387285355202,,20
GARS+ctrl,systema_pearson,-0.4748810003415409,,20
GATA1+ctrl,txpert_macro_pearson_delta,-0.014423657317582002,,5000
GATA1+ctrl,trishift_pearson_delta,-0.28059168041768667,,20
GATA1+ctrl,systema_pearson,-0.3851364150557573,,20
GBF1+ctrl,txpert_macro_pearson_delta,0.63362647669129413,,5000
GBF1+ctrl,trishift_pearson_delta,0.85428594628811916,,20
GBF1+ctrl,systema_pearson,-0.7002872893324199,,20
GEMIN6+ctrl,txpert_macro_pearson_delta,0.21759992363142691,,5000
GEMIN6+ctrl,trishift_pearson_delta,0.94555853208605944,,20
GEMIN6+ctrl,systema_pearson,-0.60980479038961555,,20
GINS4+ctrl,txpert_macro_pearson_delta,0.86774004731171617,,5000
GINS4+ctrl,trishift_pearson_delta,0.9826753756385922,,20
GINS4+ctrl,systema_pearson,-0.97843174122961707,,20
GJA3+ctrl,txpert_macro_pearson_delta,-0.10757108425459208,,5000
GJA3+ctrl,trishift_pearson_delta,-0.45050069132238385,,20
GJA3+ctrl,systema_pearson,0.019373505488230146,,20
GLB1+ctrl,txpert_macro_pearson_delta,0.66915605789754751,,5000
GLB1+ctrl,trishift_pearson_delta,0.55559573598638989,,20
GLB1+ctrl,systema_pearson,0.11434335361696786,,20
GOLT1B+ctrl,txpert_macro_pearson_delta,0.6908348404491621,,5000
GOLT1B+ctrl,trishift_pearson_delta,0.87425254425866994,,20
GOLT1B+ctrl,systema_pearson,-0.49124654591677425,,20
GON4L+ctrl,txpert_macro_pearson_delta,0.75728548779962745,,5000
GON4L+ctrl,trishift_pearson_delta,0.93694034646745927,,20
GON4L+ctrl,systema_pearson,0.64392679322817836,,20
GOSR2+ctrl,txpert_macro_pearson_delta,0.59474423472017346,,5000
GOSR2+ctrl,trishift_pearson_delta,0.53713925070033142,,20
GOSR2+ctrl,systema_pearson,-0.58507621692523726,,20
GPN3+ctrl,txpert_macro_pearson_delta,0.71606901125862232,,5000
GPN3+ctrl,trishift_pearson_delta,0.92459475417600634,,20
GPN3+ctrl,systema_pearson,-0.67417777235609899,,20
GPS1+ctrl,txpert_macro_pearson_delta,0.86700435145154187,,5000
GPS1+ctrl,trishift_pearson_delta,0.97058685967612934,,20
GPS1+ctrl,systema_pearson,-0.94515180960767842,,20
GRSF1+ctrl,txpert_macro_pearson_delta,0.25305861185541395,,5000
GRSF1+ctrl,trishift_pearson_delta,0.02653255875883033,,20
GRSF1+ctrl,systema_pearson,0.5882148216269284,,20
GSK3B+ctrl,txpert_macro_pearson_delta,-0.034313091725254007,,5000
GSK3B+ctrl,trishift_pearson_delta,0.35356273022402618,,20
GSK3B+ctrl,systema_pearson,0.0026220286910232449,,20
GTF2B+ctrl,txpert_macro_pearson_delta,0.77717060894520706,,5000
GTF2B+ctrl,trishift_pearson_delta,0.70582296144888146,,20
GTF2B+ctrl,systema_pearson,-0.52688156975424771,,20
GTF2H2C+ctrl,txpert_macro_pearson_delta,0.67405171814185361,,5000
GTF2H2C+ctrl,trishift_pearson_delta,0.88561839498493189,,20
GTF2H2C+ctrl,systema_pearson,-0.64574363993746819,,20
GTF3A+ctrl,txpert_macro_pearson_delta,0.63062484673946106,,5000
GTF3A+ctrl,trishift_pearson_delta,0.6206285206356531,,20
GTF3A+ctrl,systema_pearson,-0.76037532345666847,,20
GTF3C4+ctrl,txpert_macro_pearson_delta,0.778934445216243,,5000
GTF3C4+ctrl,trishift_pearson_delta,0.77760385360426731,,20
GTF3C4+ctrl,systema_pearson,-0.091729850139989716,,20
GTF3C5+ctrl,txpert_macro_pearson_delta,0.47827728672192754,,5000
GTF3C5+ctrl,trishift_pearson_delta,0.80371685344287547,,20
GTF3C5+ctrl,systema_pearson,-0.39978186321763187,,20
H2AFX+ctrl,txpert_macro_pearson_delta,0.24747020966048597,,5000
H2AFX+ctrl,trishift_pearson_delta,0.90081638394903951,,20
H2AFX+ctrl,systema_pearson,0.79418658130063069,,20
HAMP+ctrl,txpert_macro_pearson_delta,0.038285097267790925,,5000
HAMP+ctrl,trishift_pearson_delta,0.53971958372270823,,20
HAMP+ctrl,systema_pearson,0.075049082198143532,,20
HARS2+ctrl,txpert_macro_pearson_delta,0.58028940790642047,,5000
HARS2+ctrl,trishift_pearson_delta,0.67082321248950449,,20
HARS2+ctrl,systema_pearson,-0.18774025511166648,,20
HAUS3+ctrl,txpert_macro_pearson_delta,0.81362719120409766,,5000
HAUS3+ctrl,trishift_pearson_delta,0.98341445192855081,,20
HAUS3+ctrl,systema_pearson,-0.95410951856481019,,20
HAUS7+ctrl,txpert_macro_pearson_delta,0.49552600061822411,,5000
HAUS7+ctrl,trishift_pearson_delta,0.93893795876740271,,20
HAUS7+ctrl,systema_pearson,0.73234118249661417,,20
HBS1L+ctrl,txpert_macro_pearson_delta,0.59984560542783205,,5000
HBS1L+ctrl,trishift_pearson_delta,0.93245294917842636,,20
HBS1L+ctrl,systema_pearson,-0.044430694160493646,,20
HDAC7+ctrl,txpert_macro_pearson_delta,0.87739295756004398,,5000
HDAC7+ctrl,trishift_pearson_delta,0.95874998680278967,,20
HDAC7+ctrl,systema_pearson,-0.76864053572456648,,20
HIST1H2AB+ctrl,txpert_macro_pearson_delta,0.0094976487475584917,,5000
HIST1H2AB+ctrl,trishift_pearson_delta,0.37276976157766351,,20
HIST1H2AB+ctrl,systema_pearson,0.070333697006089255,,20
HIST1H2BC+ctrl,txpert_macro_pearson_delta,0.017515932404231174,,5000
HIST1H2BC+ctrl,trishift_pearson_delta,0.56459523302973114,,20
HIST1H2BC+ctrl,systema_pearson,0.44061401922057697,,20
HIST1H2BL+ctrl,txpert_macro_pearson_delta,0.33297999335609024,,5000
HIST1H2BL+ctrl,trishift_pearson_delta,0.52056174021125767,,20
HIST1H2BL+ctrl,systema_pearson,0.52195716538133274,,20
HIST1H2BM+ctrl,txpert_macro_pearson_delta,-0.16614391226461872,,5000
HIST1H2BM+ctrl,trishift_pearson_delta,0.073306333822647771,,20
HIST1H2BM+ctrl,systema_pearson,-0.26549170220485074,,20
HIST2H2BF+ctrl,txpert_macro_pearson_delta,0.13102919748434699,,5000
HIST2H2BF+ctrl,trishift_pearson_delta,0.66004072075573528,,20
HIST2H2BF+ctrl,systema_pearson,-0.14478187250726843,,20
HLA-C+ctrl,txpert_macro_pearson_delta,-0.24164951824127134,,5000
HLA-C+ctrl,trishift_pearson_delta,-0.35072551354749359,,20
HLA-C+ctrl,systema_pearson,0.026327377568782791,,20
HMGB1+ctrl,txpert_macro_pearson_delta,0.86275361214037338,,5000
HMGB1+ctrl,trishift_pearson_delta,0.9012631504902161,,19
HMGB1+ctrl,systema_pearson,-0.81017280424205407,,19
HNRNPC+ctrl,txpert_macro_pearson_delta,0.81881143776473853,,5000
HNRNPC+ctrl,trishift_pearson_delta,0.90780571361028883,,20
HNRNPC+ctrl,systema_pearson,-0.82542295385387887,,20
HNRNPL+ctrl,txpert_macro_pearson_delta,0.82560698029382285,,5000
HNRNPL+ctrl,trishift_pearson_delta,0.9611456706709236,,20
HNRNPL+ctrl,systema_pearson,-0.65234601058041564,,20
HNRNPR+ctrl,txpert_macro_pearson_delta,0.68443954694083065,,5000
HNRNPR+ctrl,trishift_pearson_delta,0.60972870164365556,,19
HNRNPR+ctrl,systema_pearson,0.028745002731110667,,19
HOXA3+ctrl,txpert_macro_pearson_delta,0.77095206297265528,,5000
HOXA3+ctrl,trishift_pearson_delta,0.25048365388751109,,20
HOXA3+ctrl,systema_pearson,0.31552497149112069,,20
HSCB+ctrl,txpert_macro_pearson_delta,0.91314450370732381,,5000
HSCB+ctrl,trishift_pearson_delta,0.96308573793371577,,20
HSCB+ctrl,systema_pearson,-0.92452446274464262,,20
HSD17B12+ctrl,txpert_macro_pearson_delta,0.090620066309818711,,5000
HSD17B12+ctrl,trishift_pearson_delta,-0.37747752717968514,,20
HSD17B12+ctrl,systema_pearson,0.50381335662076909,,20
HSF1+ctrl,txpert_macro_pearson_delta,0.75118995757140672,,5000
HSF1+ctrl,trishift_pearson_delta,0.59359949531626277,,20
HSF1+ctrl,systema_pearson,-0.58620387182012301,,20
HSPA8+ctrl,txpert_macro_pearson_delta,0.5503209343671609,,5000
HSPA8+ctrl,trishift_pearson_delta,0.76621590526859495,,19
HSPA8+ctrl,systema_pearson,-0.62594753079591237,,19
HSPH1+ctrl,txpert_macro_pearson_delta,0.76538133983580148,,5000
HSPH1+ctrl,trishift_pearson_delta,0.94974001288536924,,20
HSPH1+ctrl,systema_pearson,-0.82429640203525234,,20
HTATSF1+ctrl,txpert_macro_pearson_delta,0.43413376762147426,,5000
HTATSF1+ctrl,trishift_pearson_delta,0.22873889539376435,,20
HTATSF1+ctrl,systema_pearson,0.079432975270778167,,20
HYOU1+ctrl,txpert_macro_pearson_delta,0.5933193553476136,,5000
HYOU1+ctrl,trishift_pearson_delta,0.62170669693902281,,20
HYOU1+ctrl,systema_pearson,-0.28323113537292105,,20
IARS+ctrl,txpert_macro_pearson_delta,0.746124021826293,,5000
IARS+ctrl,trishift_pearson_delta,0.911555383412614,,20
IARS+ctrl,systema_pearson,-0.82980440666879229,,20
ICE1+ctrl,txpert_macro_pearson_delta,0.81227027266052876,,5000
ICE1+ctrl,trishift_pearson_delta,0.88859283019297075,,20
ICE1+ctrl,systema_pearson,-0.83573571054470353,,20
IFITM3+ctrl,txpert_macro_pearson_delta,-0.022206454346920527,,5000
IFITM3+ctrl,trishift_pearson_delta,0.52792263050885035,,20
IFITM3+ctrl,systema_pearson,0.46126855484948748,,20
IK+ctrl,txpert_macro_pearson_delta,0.80677869200912489,,5000
IK+ctrl,trishift_pearson_delta,0.9636368139914927,,20
IK+ctrl,systema_pearson,-0.84420445655541976,,20
ILF3+ctrl,txpert_macro_pearson_delta,0.8586449821023725,,5000
ILF3+ctrl,trishift_pearson_delta,0.90725237928465885,,20
ILF3+ctrl,systema_pearson,-0.86817621028656711,,20
IMP4+ctrl,txpert_macro_pearson_delta,0.8314109680632541,,5000
IMP4+ctrl,trishift_pearson_delta,0.97327504888746741,,20
IMP4+ctrl,systema_pearson,-0.76383929494675395,,20
INF2+ctrl,txpert_macro_pearson_delta,0.41921506841347378,,5000
INF2+ctrl,trishift_pearson_delta,0.43633341102208634,,20
INF2+ctrl,systema_pearson,0.12591971170787955,,20
INPPL1+ctrl,txpert_macro_pearson_delta,0.7709038400363335,,5000
INPPL1+ctrl,trishift_pearson_delta,0.94442621944669369,,20
INPPL1+ctrl,systema_pearson,0.43425776261711851,,20
INTS14+ctrl,txpert_macro_pearson_delta,0.32140005647670089,,5000
INTS14+ctrl,trishift_pearson_delta,0.27912387402889893,,20
INTS14+ctrl,systema_pearson,-0.151361595622061,,20
INTS5+ctrl,txpert_macro_pearson_delta,0.80155588289900359,,5000
INTS5+ctrl,trishift_pearson_delta,0.92972403344594357,,20
INTS5+ctrl,systema_pearson,-0.89182214922523795,,20
INTS6+ctrl,txpert_macro_pearson_delta,0.53607041560270363,,5000
INTS6+ctrl,trishift_pearson_delta,0.25584116060702822,,20
INTS6+ctrl,systema_pearson,0.11468651002606108,,20
IPO13+ctrl,txpert_macro_pearson_delta,0.80884591555000451,,5000
IPO13+ctrl,trishift_pearson_delta,0.90879230135582256,,20
IPO13+ctrl,systema_pearson,-0.73242219969528977,,20
IRF2BP2+ctrl,txpert_macro_pearson_delta,-0.18991143248965967,,5000
IRF2BP2+ctrl,trishift_pearson_delta,0.085797087155304361,,20
IRF2BP2+ctrl,systema_pearson,0.20876350156857321,,20
KAT8+ctrl,txpert_macro_pearson_delta,0.75341624428756071,,5000
KAT8+ctrl,trishift_pearson_delta,0.9485624187303594,,20
KAT8+ctrl,systema_pearson,-0.88811321833825829,,20
KATNB1+ctrl,txpert_macro_pearson_delta,0.067075336835795807,,5000
KATNB1+ctrl,trishift_pearson_delta,-0.66832111749062606,,20
KATNB1+ctrl,systema_pearson,0.10537642224262327,,20
KCMF1+ctrl,txpert_macro_pearson_delta,0.6150281907039038,,5000
KCMF1+ctrl,trishift_pearson_delta,0.73342569871080743,,20
KCMF1+ctrl,systema_pearson,0.17843175207234671,,20
KDM5C+ctrl,txpert_macro_pearson_delta,0.061611915972129776,,5000
KDM5C+ctrl,trishift_pearson_delta,0.32549699256476361,,20
KDM5C+ctrl,systema_pearson,-0.11311563972557072,,20
KIF18A+ctrl,txpert_macro_pearson_delta,0.76039765405576476,,5000
KIF18A+ctrl,trishift_pearson_delta,0.25245359704743042,,20
KIF18A+ctrl,systema_pearson,-0.44686838888819469,,20
KIF20A+ctrl,txpert_macro_pearson_delta,0.67238302304435094,,5000
KIF20A+ctrl,trishift_pearson_delta,0.81202016989121961,,20
KIF20A+ctrl,systema_pearson,-0.49433606839144223,,20
KLF7+ctrl,txpert_macro_pearson_delta,0.73103056945496359,,5000
KLF7+ctrl,trishift_pearson_delta,0.86038757479912964,,20
KLF7+ctrl,systema_pearson,-0.93646848817716044,,20
KLHL17+ctrl,txpert_macro_pearson_delta,0.50843756190542655,,5000
KLHL17+ctrl,trishift_pearson_delta,0.57950584682734974,,20
KLHL17+ctrl,systema_pearson,0.35238482496366474,,20
KRT10+ctrl,txpert_macro_pearson_delta,-0.044938050192011962,,5000
KRT10+ctrl,trishift_pearson_delta,0.17121969115781824,,19
KRT10+ctrl,systema_pearson,0.57166098240111851,,19
KRT17+ctrl,txpert_macro_pearson_delta,0.027339317448958018,,5000
KRT17+ctrl,trishift_pearson_delta,0.40205432541663372,,20
KRT17+ctrl,systema_pearson,-0.31625335530001819,,20
KRTAP4-2+ctrl,txpert_macro_pearson_delta,0.53445422318724189,,5000
KRTAP4-2+ctrl,trishift_pearson_delta,0.92944954069213848,,20
KRTAP4-2+ctrl,systema_pearson,-0.60421647424579117,,20
LAMTOR3+ctrl,txpert_macro_pearson_delta,0.69262205764366136,,5000
LAMTOR3+ctrl,trishift_pearson_delta,0.71231244559673867,,20
LAMTOR3+ctrl,systema_pearson,-0.56862895293430682,,20
LAMTOR4+ctrl,txpert_macro_pearson_delta,-0.010613947953110686,,5000
LAMTOR4+ctrl,trishift_pearson_delta,0.39940576048353954,,20
LAMTOR4+ctrl,systema_pearson,0.13668223879151897,,20
LAS1L+ctrl,txpert_macro_pearson_delta,0.90283509702642728,,5000
LAS1L+ctrl,trishift_pearson_delta,0.96457185263500977,,20
LAS1L+ctrl,systema_pearson,-0.45093733185663953,,20
LCE1C+ctrl,txpert_macro_pearson_delta,-0.20116055302302704,,5000
LCE1C+ctrl,trishift_pearson_delta,-0.36742701456590288,,20
LCE1C+ctrl,systema_pearson,0.33531346452825284,,20
LCE1E+ctrl,txpert_macro_pearson_delta,0.32207429748909122,,5000
LCE1E+ctrl,trishift_pearson_delta,0.59746330178506246,,20
LCE1E+ctrl,systema_pearson,0.85998030972729911,,20
LIN52+ctrl,txpert_macro_pearson_delta,0.78498113496175925,,5000
LIN52+ctrl,trishift_pearson_delta,0.92956599122348638,,20
LIN52+ctrl,systema_pearson,-0.810583749843927,,20
LPIN1+ctrl,txpert_macro_pearson_delta,0.7542119494658176,,5000
LPIN1+ctrl,trishift_pearson_delta,0.9625217471480052,,20
LPIN1+ctrl,systema_pearson,-0.94798186969221532,,20
LRRC37B+ctrl,txpert_macro_pearson_delta,0.032727203298778429,,5000
LRRC37B+ctrl,trishift_pearson_delta,0.19482993876919391,,20
LRRC37B+ctrl,systema_pearson,0.47604577312294316,,20
LSG1+ctrl,txpert_macro_pearson_delta,0.89262321174119141,,5000
LSG1+ctrl,trishift_pearson_delta,0.98743110481904373,,20
LSG1+ctrl,systema_pearson,-0.91975888644439896,,20
LSM12+ctrl,txpert_macro_pearson_delta,0.53122473698362571,,5000
LSM12+ctrl,trishift_pearson_delta,0.61717870283155418,,20
LSM12+ctrl,systema_pearson,-0.20223203985983795,,20
LTBP3+ctrl,txpert_macro_pearson_delta,0.10610152964806134,,5000
LTBP3+ctrl,trishift_pearson_delta,0.70342003645046991,,20
LTBP3+ctrl,systema_pearson,0.52670302194312901,,20
LTBP4+ctrl,txpert_macro_pearson_delta,0.35990310494923694,,5000
LTBP4+ctrl,trishift_pearson_delta,0.518270291369054,,20
LTBP4+ctrl,systema_pearson,-0.37708669297039693,,20
LTV1+ctrl,txpert_macro_pearson_delta,0.82366842348774527,,5000
LTV1+ctrl,trishift_pearson_delta,0.89367659636850949,,20
LTV1+ctrl,systema_pearson,-0.8829273899446507,,20
LYRM4+ctrl,txpert_macro_pearson_delta,0.78544881928890165,,5000
LYRM4+ctrl,trishift_pearson_delta,0.94003215183637534,,20
LYRM4+ctrl,systema_pearson,-0.78585613343225991,,20
MAT2A+ctrl,txpert_macro_pearson_delta,0.63280519538497915,,5000
MAT2A+ctrl,trishift_pearson_delta,0.87884245498208047,,20
MAT2A+ctrl,systema_pearson,0.40789046942605639,,20
MBTPS1+ctrl,txpert_macro_pearson_delta,0.30807664623260778,,5000
MBTPS1+ctrl,trishift_pearson_delta,0.75344840187413986,,20
MBTPS1+ctrl,systema_pearson,0.24278246872354342,,20
MCEE+ctrl,txpert_macro_pearson_delta,0.6601996151334899,,5000
MCEE+ctrl,trishift_pearson_delta,0.91811170146224519,,20
MCEE+ctrl,systema_pearson,0.48812072157332131,,20
MCL1+ctrl,txpert_macro_pearson_delta,-0.31907820407748488,,5000
MCL1+ctrl,trishift_pearson_delta,-0.80065487493125231,,20
MCL1+ctrl,systema_pearson,0.98508253404505208,,20
MCM2+ctrl,txpert_macro_pearson_delta,0.86799163144711233,,5000
MCM2+ctrl,trishift_pearson_delta,0.59055087632418335,,20
MCM2+ctrl,systema_pearson,-0.31895500112000119,,20
MCM3+ctrl,txpert_macro_pearson_delta,0.88798185328589052,,5000
MCM3+ctrl,trishift_pearson_delta,0.97177711908101883,,20
MCM3+ctrl,systema_pearson,-0.82133450974486877,,20
MCM7+ctrl,txpert_macro_pearson_delta,0.81157661843828299,,5000
MCM7+ctrl,trishift_pearson_delta,0.93508175529947835,,20
MCM7+ctrl,systema_pearson,-0.64469967759655578,,20
MCMBP+ctrl,txpert_macro_pearson_delta,0.83837539834603259,,5000
MCMBP+ctrl,trishift_pearson_delta,0.93609053996127767,,20
MCMBP+ctrl,systema_pearson,-0.7576287611433038,,20
MDN1+ctrl,txpert_macro_pearson_delta,0.79325017281595089,,5000
MDN1+ctrl,trishift_pearson_delta,0.95633978419046817,,20
MDN1+ctrl,systema_pearson,-0.83619909714247842,,20
MED18+ctrl,txpert_macro_pearson_delta,0.80931938453056573,,5000
MED18+ctrl,trishift_pearson_delta,0.92483718126006997,,20
MED18+ctrl,systema_pearson,-0.85550012662559416,,20
MED19+ctrl,txpert_macro_pearson_delta,0.62823618717184371,,5000
MED19+ctrl,trishift_pearson_delta,0.81990772188847494,,20
MED19+ctrl,systema_pearson,-0.75195915111005385,,20
MED20+ctrl,txpert_macro_pearson_delta,0.78788284701262357,,5000
MED20+ctrl,trishift_pearson_delta,0.91592634482693713,,20
MED20+ctrl,systema_pearson,-0.84998671000878645,,20
MED27+ctrl,txpert_macro_pearson_delta,0.67487611936492353,,5000
MED27+ctrl,trishift_pearson_delta,0.65744469399273031,,20
MED27+ctrl,systema_pearson,-0.20848295820017881,,20
MED29+ctrl,txpert_macro_pearson_delta,0.77267179818364584,,5000
MED29+ctrl,trishift_pearson_delta,0.89286061052438193,,20
MED29+ctrl,systema_pearson,-0.79754370694045196,,20
MED7+ctrl,txpert_macro_pearson_delta,0.69126380715885505,,5000
MED7+ctrl,trishift_pearson_delta,0.34076560651538879,,20
MED7+ctrl,systema_pearson,-0.5052556635011588,,20
MED9+ctrl,txpert_macro_pearson_delta,0.7608463652067351,,5000
MED9+ctrl,trishift_pearson_delta,0.90286328881366029,,20
MED9+ctrl,systema_pearson,-0.56593385762733317,,20
MEF2A+ctrl,txpert_macro_pearson_delta,0.69574298752293784,,5000
MEF2A+ctrl,trishift_pearson_delta,0.61898352355699282,,20
MEF2A+ctrl,systema_pearson,-0.39843877508002679,,20
METAP1+ctrl,txpert_macro_pearson_delta,0.59431274676652679,,5000
METAP1+ctrl,trishift_pearson_delta,0.88282206642408834,,20
METAP1+ctrl,systema_pearson,-0.34368322996466683,,20
METTL16+ctrl,txpert_macro_pearson_delta,0.49479613388367677,,5000
METTL16+ctrl,trishift_pearson_delta,0.77189412593965878,,20
METTL16+ctrl,systema_pearson,-0.36482966025716873,,20
MFN2+ctrl,txpert_macro_pearson_delta,0.4816620407423286,,5000
MFN2+ctrl,trishift_pearson_delta,0.51924454042508716,,20
MFN2+ctrl,systema_pearson,0.21055721425590398,,20
MIER1+ctrl,txpert_macro_pearson_delta,0.078203461472676247,,5000
MIER1+ctrl,trishift_pearson_delta,0.12934252228959095,,20
MIER1+ctrl,systema_pearson,0.33498598241344701,,20
MIOS+ctrl,txpert_macro_pearson_delta,0.43476832938657484,,5000
MIOS+ctrl,trishift_pearson_delta,0.5136803259839624,,20
MIOS+ctrl,systema_pearson,0.19687951515507196,,20
MIS18BP1+ctrl,txpert_macro_pearson_delta,0.91979071994043249,,5000
MIS18BP1+ctrl,trishift_pearson_delta,0.96076523240128708,,20
MIS18BP1+ctrl,systema_pearson,-0.9250262229783538,,20
MMGT1+ctrl,txpert_macro_pearson_delta,0.15411879423233024,,5000
MMGT1+ctrl,trishift_pearson_delta,0.65833419416013372,,20
MMGT1+ctrl,systema_pearson,0.23712800807928427,,20
MMP17+ctrl,txpert_macro_pearson_delta,0.87293431827615631,,5000
MMP17+ctrl,trishift_pearson_delta,0.98688250209284534,,20
MMP17+ctrl,systema_pearson,-0.93052352601614696,,20
MOCS3+ctrl,txpert_macro_pearson_delta,0.08308049988072122,,5000
MOCS3+ctrl,trishift_pearson_delta,-0.15100139244873215,,20
MOCS3+ctrl,systema_pearson,0.26286975770313925,,20
MOK+ctrl,txpert_macro_pearson_delta,-0.16173354148198307,,5000
MOK+ctrl,trishift_pearson_delta,0.41302302065909663,,20
MOK+ctrl,systema_pearson,-0.41478782299793698,,20
MRM1+ctrl,txpert_macro_pearson_delta,0.78382031028145893,,5000
MRM1+ctrl,trishift_pearson_delta,0.88987183347429688,,20
MRM1+ctrl,systema_pearson,-0.67866155539018758,,20
MRPL1+ctrl,txpert_macro_pearson_delta,-0.27063049656230198,,5000
MRPL1+ctrl,trishift_pearson_delta,-0.17377532476876678,,20
MRPL1+ctrl,systema_pearson,0.33233569421689374,,20
MRPL13+ctrl,txpert_macro_pearson_delta,0.70696537252625768,,5000
MRPL13+ctrl,trishift_pearson_delta,0.62529462551340853,,20
MRPL13+ctrl,systema_pearson,0.096092325607240334,,20
MRPL19+ctrl,txpert_macro_pearson_delta,0.40979407314119304,,5000
MRPL19+ctrl,trishift_pearson_delta,0.28489104743631355,,20
MRPL19+ctrl,systema_pearson,0.41327873051590908,,20
MRPL27+ctrl,txpert_macro_pearson_delta,0.080123615928495234,,5000
MRPL27+ctrl,trishift_pearson_delta,0.37334450294644766,,20
MRPL27+ctrl,systema_pearson,0.70429046279434127,,20
MRPL28+ctrl,txpert_macro_pearson_delta,-0.021057552205857973,,5000
MRPL28+ctrl,trishift_pearson_delta,0.22391296523438553,,20
MRPL28+ctrl,systema_pearson,0.3946888314610712,,20
MRPL34+ctrl,txpert_macro_pearson_delta,0.81701432743729774,,5000
MRPL34+ctrl,trishift_pearson_delta,0.86006221581630471,,20
MRPL34+ctrl,systema_pearson,-0.44219534342499955,,20
MRPL37+ctrl,txpert_macro_pearson_delta,0.082247151075479766,,5000
MRPL37+ctrl,trishift_pearson_delta,0.37914294129670595,,20
MRPL37+ctrl,systema_pearson,0.56734850679208038,,20
MRPL4+ctrl,txpert_macro_pearson_delta,-0.045855279472748367,,5000
MRPL4+ctrl,trishift_pearson_delta,0.09093907565834658,,20
MRPL4+ctrl,systema_pearson,0.50505592847776093,,20
MRPL42+ctrl,txpert_macro_pearson_delta,0.15651227604093912,,5000
MRPL42+ctrl,trishift_pearson_delta,0.32579110388468813,,20
MRPL42+ctrl,systema_pearson,0.59855863579927027,,20
MRPL49+ctrl,txpert_macro_pearson_delta,0.73736659904443136,,5000
MRPL49+ctrl,trishift_pearson_delta,0.43702496491937831,,20
MRPL49+ctrl,systema_pearson,-0.48329872557096198,,20
MRPS18C+ctrl,txpert_macro_pearson_delta,0.088370374186273234,,5000
MRPS18C+ctrl,trishift_pearson_delta,0.024887156309242795,,20
MRPS18C+ctrl,systema_pearson,0.77705084082860154,,20
MRPS22+ctrl,txpert_macro_pearson_delta,0.30824944315335218,,5000
MRPS22+ctrl,trishift_pearson_delta,0.44248474265626486,,20
MRPS22+ctrl,systema_pearson,0.64936402503004931,,20
MRPS24+ctrl,txpert_macro_pearson_delta,0.11219305449518334,,5000
MRPS24+ctrl,trishift_pearson_delta,0.19913898060441731,,20
MRPS24+ctrl,systema_pearson,0.28419271860723694,,20
MRPS28+ctrl,txpert_macro_pearson_delta,0.032906120653421925,,5000
MRPS28+ctrl,trishift_pearson_delta,-0.21568865710699825,,20
MRPS28+ctrl,systema_pearson,0.48326986772739938,,20
MRPS34+ctrl,txpert_macro_pearson_delta,0.53335206290657577,,5000
MRPS34+ctrl,trishift_pearson_delta,0.49696014791261423,,20
MRPS34+ctrl,systema_pearson,-0.32796419740667665,,20
MSTO1+ctrl,txpert_macro_pearson_delta,0.66814842423563414,,5000
MSTO1+ctrl,trishift_pearson_delta,0.94108059803020661,,20
MSTO1+ctrl,systema_pearson,-0.8127300002668475,,20
MTRNR2L1+ctrl,txpert_macro_pearson_delta,-0.10567582586960142,,5000
MTRNR2L1+ctrl,trishift_pearson_delta,0.31670959971011753,,20
MTRNR2L1+ctrl,systema_pearson,0.2636936203032596,,20
N6AMT1+ctrl,txpert_macro_pearson_delta,0.26839619479182703,,5000
N6AMT1+ctrl,trishift_pearson_delta,0.29636289267765115,,20
N6AMT1+ctrl,systema_pearson,0.020832255870330833,,20
NAA20+ctrl,txpert_macro_pearson_delta,0.37020614532761975,,5000
NAA20+ctrl,trishift_pearson_delta,0.34878078430081749,,20
NAA20+ctrl,systema_pearson,-0.24271182096409658,,20
NAE1+ctrl,txpert_macro_pearson_delta,0.013096269961893231,,5000
NAE1+ctrl,trishift_pearson_delta,0.55685815791652649,,20
NAE1+ctrl,systema_pearson,-0.13988611477452112,,20
NAPG+ctrl,txpert_macro_pearson_delta,0.46681871221568078,,5000
NAPG+ctrl,trishift_pearson_delta,0.41782504397678805,,20
NAPG+ctrl,systema_pearson,-0.27631319052284459,,20
NBEAL1+ctrl,txpert_macro_pearson_delta,-0.1543192583262345,,5000
NBEAL1+ctrl,trishift_pearson_delta,-0.20580944725574066,,20
NBEAL1+ctrl,systema_pearson,0.58292508256083764,,20
NBPF15+ctrl,txpert_macro_pearson_delta,-0.092328872064458362,,5000
NBPF15+ctrl,trishift_pearson_delta,-0.052772716679633375,,20
NBPF15+ctrl,systema_pearson,0.18353898365136956,,20
NBPF3+ctrl,txpert_macro_pearson_delta,-0.0021996513092441684,,5000
NBPF3+ctrl,trishift_pearson_delta,0.058704550761147632,,20
NBPF3+ctrl,systema_pearson,0.88009777105600262,,20
NCAPG2+ctrl,txpert_macro_pearson_delta,0.89789406737811217,,5000
NCAPG2+ctrl,trishift_pearson_delta,0.76276464089796581,,20
NCAPG2+ctrl,systema_pearson,-0.85473895639723185,,20
NCL+ctrl,txpert_macro_pearson_delta,0.84892673631892923,,5000
NCL+ctrl,trishift_pearson_delta,0.91182136965265126,,19
NCL+ctrl,systema_pearson,-0.93461447528753494,,19
NDC1+ctrl,txpert_macro_pearson_delta,0.68516230456500415,,5000
NDC1+ctrl,trishift_pearson_delta,0.78367445354371668,,20
NDC1+ctrl,systema_pearson,0.083671100931337936,,20
NDOR1+ctrl,txpert_macro_pearson_delta,0.67118019176791766,,5000
NDOR1+ctrl,trishift_pearson_delta,0.81133875024060709,,20
NDOR1+ctrl,systema_pearson,-0.50154295354036882,,20
NDUFA2+ctrl,txpert_macro_pearson_delta,0.79995863041161419,,5000
NDUFA2+ctrl,trishift_pearson_delta,0.9650145913086694,,20
NDUFA2+ctrl,systema_pearson,-0.85984387364031278,,20
NDUFA3+ctrl,txpert_macro_pearson_delta,0.4508458724978413,,5000
NDUFA3+ctrl,trishift_pearson_delta,0.638313190383485,,20
NDUFA3+ctrl,systema_pearson,0.11685852446041275,,20
NDUFA4+ctrl,txpert_macro_pearson_delta,-0.24290100327109099,,5000
NDUFA4+ctrl,trishift_pearson_delta,0.59059789958569975,,19
NDUFA4+ctrl,systema_pearson,-0.20625557193771252,,19
NDUFAF7+ctrl,txpert_macro_pearson_delta,0.78487414915635478,,5000
NDUFAF7+ctrl,trishift_pearson_delta,0.60404350929485162,,20
NDUFAF7+ctrl,systema_pearson,0.0020881671376931864,,20
NDUFB6+ctrl,txpert_macro_pearson_delta,-0.015856563484198199,,5000
NDUFB6+ctrl,trishift_pearson_delta,-0.41418342088382976,,20
NDUFB6+ctrl,systema_pearson,0.79721046053597988,,20
NDUFB7+ctrl,txpert_macro_pearson_delta,0.18389648266345804,,5000
NDUFB7+ctrl,trishift_pearson_delta,-0.33608802710549929,,20
NDUFB7+ctrl,systema_pearson,0.46653086582470837,,20
NDUFS5+ctrl,txpert_macro_pearson_delta,0.13911938198056328,,5000
NDUFS5+ctrl,trishift_pearson_delta,0.54416881771160019,,20
NDUFS5+ctrl,systema_pearson,0.53546374145328957,,20
NDUFV2+ctrl,txpert_macro_pearson_delta,0.6486681574957629,,5000
NDUFV2+ctrl,trishift_pearson_delta,0.90174555894374198,,20
NDUFV2+ctrl,systema_pearson,0.056564553377602418,,20
NELFA+ctrl,txpert_macro_pearson_delta,0.72664082809797459,,5000
NELFA+ctrl,trishift_pearson_delta,0.81860950890489781,,20
NELFA+ctrl,systema_pearson,-0.86875411249429468,,20
NFRKB+ctrl,txpert_macro_pearson_delta,0.57926644904298186,,5000
NFRKB+ctrl,trishift_pearson_delta,0.42537407861472776,,20
NFRKB+ctrl,systema_pearson,0.49410938925692521,,20
NHP2+ctrl,txpert_macro_pearson_delta,0.86958262146163079,,5000
NHP2+ctrl,trishift_pearson_delta,0.99335158292668602,,20
NHP2+ctrl,systema_pearson,-0.97035891459634016,,20
NKAPD1+ctrl,txpert_macro_pearson_delta,0.31986014338973584,,5000
NKAPD1+ctrl,trishift_pearson_delta,0.6742105321038101,,20
NKAPD1+ctrl,systema_pearson,-0.30660375338509671,,20
NKX6-1+ctrl,txpert_macro_pearson_delta,0.68929108127478333,,5000
NKX6-1+ctrl,trishift_pearson_delta,0.89704948663203887,,20
NKX6-1+ctrl,systema_pearson,0.51100074636823001,,20
NLE1+ctrl,txpert_macro_pearson_delta,0.89436990209179024,,5000
NLE1+ctrl,trishift_pearson_delta,0.79769664497585724,,20
NLE1+ctrl,systema_pearson,-0.82980570300951351,,20
NOC3L+ctrl,txpert_macro_pearson_delta,0.90208030690605734,,5000
NOC3L+ctrl,trishift_pearson_delta,0.94373183161248086,,20
NOC3L+ctrl,systema_pearson,-0.57356427180292524,,20
NOL12+ctrl,txpert_macro_pearson_delta,0.86908898951448665,,5000
NOL12+ctrl,trishift_pearson_delta,0.94495035305843122,,20
NOL12+ctrl,systema_pearson,-0.85790681364396248,,20
NOL8+ctrl,txpert_macro_pearson_delta,0.89980817027502003,,5000
NOL8+ctrl,trishift_pearson_delta,0.9589174940341072,,20
NOL8+ctrl,systema_pearson,-0.94418730537669682,,20
NOL9+ctrl,txpert_macro_pearson_delta,0.87940976750147393,,5000
NOL9+ctrl,trishift_pearson_delta,0.9742762202028129,,20
NOL9+ctrl,systema_pearson,-0.28269489471117298,,20
NOP14+ctrl,txpert_macro_pearson_delta,0.84794724269637212,,5000
NOP14+ctrl,trishift_pearson_delta,0.97779306499262342,,20
NOP14+ctrl,systema_pearson,-0.85264340101621894,,20
NRF1+ctrl,txpert_macro_pearson_delta,0.70943698917412745,,5000
NRF1+ctrl,trishift_pearson_delta,0.42334496425737966,,20
NRF1+ctrl,systema_pearson,-0.71993558424624859,,20
NSL1+ctrl,txpert_macro_pearson_delta,0.82731211473083821,,5000
NSL1+ctrl,trishift_pearson_delta,0.98146449183723672,,20
NSL1+ctrl,systema_pearson,-0.9743615069531002,,20
NSMCE1+ctrl,txpert_macro_pearson_delta,0.5252744885572328,,5000
NSMCE1+ctrl,trishift_pearson_delta,0.96926675570875354,,20
NSMCE1+ctrl,systema_pearson,-0.84547990858699229,,20
NSMCE2+ctrl,txpert_macro_pearson_delta,0.80889654217801898,,5000
NSMCE2+ctrl,trishift_pearson_delta,0.96804400585285666,,20
NSMCE2+ctrl,systema_pearson,-0.90312303545045736,,20
NSRP1+ctrl,txpert_macro_pearson_delta,0.62242065339424102,,5000
NSRP1+ctrl,trishift_pearson_delta,0.63875282491603869,,20
NSRP1+ctrl,systema_pearson,-0.69673655491183806,,20
NSUN4+ctrl,txpert_macro_pearson_delta,-0.088801409422891373,,5000
NSUN4+ctrl,trishift_pearson_delta,-0.059414279236229092,,20
NSUN4+ctrl,systema_pearson,0.15237187107402173,,20
NUDC+ctrl,txpert_macro_pearson_delta,0.8948891264763742,,5000
NUDC+ctrl,trishift_pearson_delta,0.85674684863944672,,19
NUDC+ctrl,systema_pearson,-0.92585589086375431,,19
NUDCD3+ctrl,txpert_macro_pearson_delta,0.88025038109004694,,5000
NUDCD3+ctrl,trishift_pearson_delta,0.9742706720490778,,20
NUDCD3+ctrl,systema_pearson,-0.91731730927596833,,20
NUP133+ctrl,txpert_macro_pearson_delta,0.8436040830597713,,5000
NUP133+ctrl,trishift_pearson_delta,0.93342772662080886,,20
NUP133+ctrl,systema_pearson,-0.82561613876357443,,20
NUP155+ctrl,txpert_macro_pearson_delta,0.76981113479295393,,5000
NUP155+ctrl,trishift_pearson_delta,0.62881731058066059,,20
NUP155+ctrl,systema_pearson,-0.61029341337725018,,20
NUP214+ctrl,txpert_macro_pearson_delta,0.8122572666492589,,5000
NUP214+ctrl,trishift_pearson_delta,0.88001436810956424,,20
NUP214+ctrl,systema_pearson,-0.85186136549881042,,20
NUP98+ctrl,txpert_macro_pearson_delta,0.82429875521397,,5000
NUP98+ctrl,trishift_pearson_delta,0.97734816840816252,,20
NUP98+ctrl,systema_pearson,-0.94007181518101923,,20
NUS1+ctrl,txpert_macro_pearson_delta,0.32096231373758149,,5000
NUS1+ctrl,trishift_pearson_delta,0.055329880141248261,,20
NUS1+ctrl,systema_pearson,0.49657958519798923,,20
OGFOD1+ctrl,txpert_macro_pearson_delta,0.70052296097259159,,5000
OGFOD1+ctrl,trishift_pearson_delta,0.86879576210051745,,20
OGFOD1+ctrl,systema_pearson,-0.92877936889032753,,20
OLFML3+ctrl,txpert_macro_pearson_delta,0.19985688301524626,,5000
OLFML3+ctrl,trishift_pearson_delta,-0.031125796381813071,,20
OLFML3+ctrl,systema_pearson,0.4688524657057313,,20
OPA1+ctrl,txpert_macro_pearson_delta,0.32124942198949874,,5000
OPA1+ctrl,trishift_pearson_delta,0.45910544259011532,,20
OPA1+ctrl,systema_pearson,0.13362056038554967,,20
OR1D2+ctrl,txpert_macro_pearson_delta,0.17307200838772943,,5000
OR1D2+ctrl,trishift_pearson_delta,0.54311258971990661,,20
OR1D2+ctrl,systema_pearson,-0.36314073066358438,,20
OR4F4+ctrl,txpert_macro_pearson_delta,0.21198516677342286,,5000
OR4F4+ctrl,trishift_pearson_delta,0.12105782713256749,,20
OR4F4+ctrl,systema_pearson,0.47963138417049972,,20
OR4N2+ctrl,txpert_macro_pearson_delta,0.00050236531907056907,,5000
OR4N2+ctrl,trishift_pearson_delta,-0.21847696844617751,,20
OR4N2+ctrl,systema_pearson,-0.32834072977037204,,20
PAF1+ctrl,txpert_macro_pearson_delta,0.74532301290566982,,5000
PAF1+ctrl,trishift_pearson_delta,0.92985239190800351,,20
PAF1+ctrl,systema_pearson,-0.81790663941443031,,20
PARN+ctrl,txpert_macro_pearson_delta,0.71418520642583327,,5000
PARN+ctrl,trishift_pearson_delta,0.91919622305846183,,20
PARN+ctrl,systema_pearson,0.32306030402419283,,20
PAXBP1+ctrl,txpert_macro_pearson_delta,0.78935781043768716,,5000
PAXBP1+ctrl,trishift_pearson_delta,0.92393611586189039,,20
PAXBP1+ctrl,systema_pearson,-0.81487336658386789,,20
PCBP1+ctrl,txpert_macro_pearson_delta,0.63172954295219552,,5000
PCBP1+ctrl,trishift_pearson_delta,0.85376415274490391,,20
PCBP1+ctrl,systema_pearson,-0.54909105426724769,,20
PCF11+ctrl,txpert_macro_pearson_delta,0.72491656494088841,,5000
PCF11+ctrl,trishift_pearson_delta,0.83009431496129815,,20
PCF11+ctrl,systema_pearson,-0.48154940597051871,,20
PCNA+ctrl,txpert_macro_pearson_delta,0.89858033583934305,,5000
PCNA+ctrl,trishift_pearson_delta,0.90695525383284215,,20
PCNA+ctrl,systema_pearson,-0.51296141031950981,,20
PDCD6+ctrl,txpert_macro_pearson_delta,0.15829632091562476,,5000
PDCD6+ctrl,trishift_pearson_delta,-0.77801346484822209,,20
PDCD6+ctrl,systema_pearson,0.43396623650546845,,20
PDCD6IP+ctrl,txpert_macro_pearson_delta,-0.023549656642684661,,5000
PDCD6IP+ctrl,trishift_pearson_delta,-0.1992930219969993,,20
PDCD6IP+ctrl,systema_pearson,0.76323769907936523,,20
PDHA1+ctrl,txpert_macro_pearson_delta,0.75483051189819406,,5000
PDHA1+ctrl,trishift_pearson_delta,0.97640566484616798,,20
PDHA1+ctrl,systema_pearson,-0.77818743558895132,,20
PES1+ctrl,txpert_macro_pearson_delta,0.85572480760502634,,5000
PES1+ctrl,trishift_pearson_delta,0.89708654141031674,,20
PES1+ctrl,systema_pearson,-0.87846991732324453,,20
PFDN4+ctrl,txpert_macro_pearson_delta,0.057797113650361387,,5000
PFDN4+ctrl,trishift_pearson_delta,-0.07504925534403277,,20
PFDN4+ctrl,systema_pearson,0.59456677082131548,,20
PFDN6+ctrl,txpert_macro_pearson_delta,0.57145424318189575,,5000
PFDN6+ctrl,trishift_pearson_delta,0.91952489338119126,,20
PFDN6+ctrl,systema_pearson,-0.77461979094662181,,20
PGAM1+ctrl,txpert_macro_pearson_delta,0.058523524572135409,,5000
PGAM1+ctrl,trishift_pearson_delta,0.23046240725266456,,20
PGAM1+ctrl,systema_pearson,-0.25506229259630953,,20
PGD+ctrl,txpert_macro_pearson_delta,-0.22749046461123196,,5000
PGD+ctrl,trishift_pearson_delta,0.2239097939603393,,20
PGD+ctrl,systema_pearson,0.83923283749473188,,20
PI4KA+ctrl,txpert_macro_pearson_delta,0.55739204453068703,,5000
PI4KA+ctrl,trishift_pearson_delta,0.63129354614002697,,20
PI4KA+ctrl,systema_pearson,-0.43944262975716503,,20
PIAS1+ctrl,txpert_macro_pearson_delta,0.30003019502648282,,5000
PIAS1+ctrl,trishift_pearson_delta,0.53298106869263784,,20
PIAS1+ctrl,systema_pearson,0.19864480755917552,,20
PIGH+ctrl,txpert_macro_pearson_delta,0.80423996098493833,,5000
PIGH+ctrl,trishift_pearson_delta,0.93899922895054355,,20
PIGH+ctrl,systema_pearson,-0.79128650659197564,,20
PKMYT1+ctrl,txpert_macro_pearson_delta,0.32802706469304427,,5000
PKMYT1+ctrl,trishift_pearson_delta,0.74559929012319737,,20
PKMYT1+ctrl,systema_pearson,0.39388587299091049,,20
PLK4+ctrl,txpert_macro_pearson_delta,0.90807562258618013,,5000
PLK4+ctrl,trishift_pearson_delta,0.96909707796729683,,20
PLK4+ctrl,systema_pearson,-0.92881090584614145,,20
PMF1+ctrl,txpert_macro_pearson_delta,0.93275164403781929,,5000
PMF1+ctrl,trishift_pearson_delta,0.94354155583946275,,20
PMF1+ctrl,systema_pearson,-0.6684704464512593,,20
PMPCA+ctrl,txpert_macro_pearson_delta,0.70543741859153331,,5000
PMPCA+ctrl,trishift_pearson_delta,0.54801978335280066,,20
PMPCA+ctrl,systema_pearson,0.071541077002286471,,20
PNN+ctrl,txpert_macro_pearson_delta,0.87366690982641948,,5000
PNN+ctrl,trishift_pearson_delta,0.97006272171588637,,19
PNN+ctrl,systema_pearson,-0.88552173583445382,,19
POGZ+ctrl,txpert_macro_pearson_delta,0.035205018361757129,,5000
POGZ+ctrl,trishift_pearson_delta,-0.046627976218696188,,20
POGZ+ctrl,systema_pearson,0.82301715535908315,,20
POLD1+ctrl,txpert_macro_pearson_delta,0.87111925920111355,,5000
POLD1+ctrl,trishift_pearson_delta,0.84822016857267868,,20
POLD1+ctrl,systema_pearson,-0.81078568429947451,,20
POLE2+ctrl,txpert_macro_pearson_delta,0.79296299798041958,,5000
POLE2+ctrl,trishift_pearson_delta,0.76206719140091728,,20
POLE2+ctrl,systema_pearson,-0.71931733185200331,,20
POLR2B+ctrl,txpert_macro_pearson_delta,0.75997773642775068,,5000
POLR2B+ctrl,trishift_pearson_delta,0.92272753062084789,,20
POLR2B+ctrl,systema_pearson,-0.92680142732356419,,20
POLR2G+ctrl,txpert_macro_pearson_delta,0.73024570716445292,,5000
POLR2G+ctrl,trishift_pearson_delta,0.38932102116657541,,20
POLR2G+ctrl,systema_pearson,-0.52916403579903082,,20
POLR2K+ctrl,txpert_macro_pearson_delta,0.79984724300604215,,5000
POLR2K+ctrl,trishift_pearson_delta,0.87042671868111565,,20
POLR2K+ctrl,systema_pearson,-0.7762008029171803,,20
POLR3B+ctrl,txpert_macro_pearson_delta,0.76157015794120908,,5000
POLR3B+ctrl,trishift_pearson_delta,0.90750017431566243,,20
POLR3B+ctrl,systema_pearson,-0.81039540841679547,,20
POLR3D+ctrl,txpert_macro_pearson_delta,0.63724143305476122,,5000
POLR3D+ctrl,trishift_pearson_delta,0.73921722493845299,,20
POLR3D+ctrl,systema_pearson,-0.85190910654952068,,20
PPARGC1B+ctrl,txpert_macro_pearson_delta,0.52478268161176589,,5000
PPARGC1B+ctrl,trishift_pearson_delta,0.39992132629184329,,20
PPARGC1B+ctrl,systema_pearson,-0.23169941214944348,,20
PRELID3B+ctrl,txpert_macro_pearson_delta,0.75954293481212809,,5000
PRELID3B+ctrl,trishift_pearson_delta,0.65426248028151279,,20
PRELID3B+ctrl,systema_pearson,-0.19682233290192677,,20
PRMT1+ctrl,txpert_macro_pearson_delta,0.69418106876438512,,5000
PRMT1+ctrl,trishift_pearson_delta,0.70694108732143524,,20
PRMT1+ctrl,systema_pearson,-0.4587114294542089,,20
PRODH+ctrl,txpert_macro_pearson_delta,-0.0056683060392615113,,5000
PRODH+ctrl,trishift_pearson_delta,0.22107431079773943,,20
PRODH+ctrl,systema_pearson,0.63979394306848758,,20
PRORP+ctrl,txpert_macro_pearson_delta,0.0072363640740254961,,5000
PRORP+ctrl,trishift_pearson_delta,0.37693877809427351,,20
PRORP+ctrl,systema_pearson,0.60159294323998447,,20
PRPF38A+ctrl,txpert_macro_pearson_delta,0.83282755908776873,,5000
PRPF38A+ctrl,trishift_pearson_delta,0.85900492948343199,,20
PRPF38A+ctrl,systema_pearson,-0.94278482146734643,,20
PRPF39+ctrl,txpert_macro_pearson_delta,0.46056967717750646,,5000
PRPF39+ctrl,trishift_pearson_delta,0.42128223818232796,,20
PRPF39+ctrl,systema_pearson,0.19381003212690737,,20
PSAT1+ctrl,txpert_macro_pearson_delta,0.1161243935179006,,5000
PSAT1+ctrl,trishift_pearson_delta,0.59999121601239469,,20
PSAT1+ctrl,systema_pearson,0.67816705802692123,,20
PSMA2+ctrl,txpert_macro_pearson_delta,0.80420592280775882,,5000
PSMA2+ctrl,trishift_pearson_delta,0.78707426832326777,,20
PSMA2+ctrl,systema_pearson,-0.84471709772160875,,20
PSMA3+ctrl,txpert_macro_pearson_delta,0.60977939024063066,,5000
PSMA3+ctrl,trishift_pearson_delta,0.87330474793396395,,20
PSMA3+ctrl,systema_pearson,-0.47043100305679292,,20
PSMA4+ctrl,txpert_macro_pearson_delta,0.60887497446382044,,5000
PSMA4+ctrl,trishift_pearson_delta,0.96674956511050447,,20
PSMA4+ctrl,systema_pearson,-0.88857892138472083,,20
PSMA6+ctrl,txpert_macro_pearson_delta,0.59872786221217,,5000
PSMA6+ctrl,trishift_pearson_delta,0.95097453639099339,,20
PSMA6+ctrl,systema_pearson,-0.67172267420242249,,20
PSMA7+ctrl,txpert_macro_pearson_delta,0.71170383983685837,,5000
PSMA7+ctrl,trishift_pearson_delta,0.96950526604445753,,20
PSMA7+ctrl,systema_pearson,-0.82571585701380934,,20
PSMB1+ctrl,txpert_macro_pearson_delta,0.74543387044061804,,5000
PSMB1+ctrl,trishift_pearson_delta,0.9214363617586091,,20
PSMB1+ctrl,systema_pearson,-0.86654826315326994,,20
PSMB3+ctrl,txpert_macro_pearson_delta,0.61422885402248384,,5000
PSMB3+ctrl,trishift_pearson_delta,0.93013092772472339,,20
PSMB3+ctrl,systema_pearson,-0.91877955808391265,,20
PSMC2+ctrl,txpert_macro_pearson_delta,0.64411591957329106,,5000
PSMC2+ctrl,trishift_pearson_delta,0.85315581931198337,,20
PSMC2+ctrl,systema_pearson,-0.67353925832714623,,20
PSMC6+ctrl,txpert_macro_pearson_delta,0.54783056579475986,,5000
PSMC6+ctrl,trishift_pearson_delta,0.62566662243123872,,20
PSMC6+ctrl,systema_pearson,-0.65304667534155625,,20
PSMD1+ctrl,txpert_macro_pearson_delta,0.62403604633754017,,5000
PSMD1+ctrl,trishift_pearson_delta,0.81989969258884565,,20
PSMD1+ctrl,systema_pearson,-0.74274070130331638,,20
PSMD13+ctrl,txpert_macro_pearson_delta,0.77928900763633935,,5000
PSMD13+ctrl,trishift_pearson_delta,0.84949800958203181,,20
PSMD13+ctrl,systema_pearson,-0.76169111063113504,,20
PSMD14+ctrl,txpert_macro_pearson_delta,0.55496442024240189,,5000
PSMD14+ctrl,trishift_pearson_delta,0.81357467400955252,,20
PSMD14+ctrl,systema_pearson,-0.64846549619395266,,20
PSMD2+ctrl,txpert_macro_pearson_delta,0.62841255081952763,,5000
PSMD2+ctrl,trishift_pearson_delta,0.73189984878870717,,20
PSMD2+ctrl,systema_pearson,-0.72042208827625998,,20
PSMD4+ctrl,txpert_macro_pearson_delta,0.70512494104806089,,5000
PSMD4+ctrl,trishift_pearson_delta,0.94471819568703075,,20
PSMD4+ctrl,systema_pearson,-0.88590840462757148,,20
PSMD6+ctrl,txpert_macro_pearson_delta,0.60463144041320549,,5000
PSMD6+ctrl,trishift_pearson_delta,0.6043980018416184,,20
PSMD6+ctrl,systema_pearson,-0.20516330924083009,,20
PSMD9+ctrl,txpert_macro_pearson_delta,-0.19267946940326197,,5000
PSMD9+ctrl,trishift_pearson_delta,-0.67381333513334296,,20
PSMD9+ctrl,systema_pearson,0.19387426212501427,,20
PSMG3+ctrl,txpert_macro_pearson_delta,0.62989676414795326,,5000
PSMG3+ctrl,trishift_pearson_delta,0.80932089444312671,,20
PSMG3+ctrl,systema_pearson,0.022049774378954445,,20
PTBP1+ctrl,txpert_macro_pearson_delta,0.82040298741835183,,5000
PTBP1+ctrl,trishift_pearson_delta,0.21412096626799115,,20
PTBP1+ctrl,systema_pearson,-0.32731589258609417,,20
PTK2+ctrl,txpert_macro_pearson_delta,0.6449387213863339,,5000
PTK2+ctrl,trishift_pearson_delta,0.97010474420013737,,20
PTK2+ctrl,systema_pearson,-0.6427751051562699,,20
PTPN1+ctrl,txpert_macro_pearson_delta,0.52819054462774928,,5000
PTPN1+ctrl,trishift_pearson_delta,0.88831937552448348,,20
PTPN1+ctrl,systema_pearson,-0.42286117781267279,,20
PTPN11+ctrl,txpert_macro_pearson_delta,0.0011573072974357611,,5000
PTPN11+ctrl,trishift_pearson_delta,0.25970862475488127,,20
PTPN11+ctrl,systema_pearson,0.32197786586677946,,20
PUM1+ctrl,txpert_macro_pearson_delta,0.093672255495639289,,5000
PUM1+ctrl,trishift_pearson_delta,-0.63479107370415355,,20
PUM1+ctrl,systema_pearson,0.4686174075163021,,20
PWP2+ctrl,txpert_macro_pearson_delta,0.8443072039934848,,5000
PWP2+ctrl,trishift_pearson_delta,0.78762185340341107,,20
PWP2+ctrl,systema_pearson,-0.94040011357425102,,20
PXN+ctrl,txpert_macro_pearson_delta,0.14569574851080472,,5000
PXN+ctrl,trishift_pearson_delta,0.11584241538369554,,20
PXN+ctrl,systema_pearson,-0.096831685436437442,,20
RAB18+ctrl,txpert_macro_pearson_delta,0.52571429986532447,,5000
RAB18+ctrl,trishift_pearson_delta,-0.46658955274070446,,20
RAB18+ctrl,systema_pearson,0.091512763523550186,,20
RAD21+ctrl,txpert_macro_pearson_delta,0.692072854726269,,5000
RAD21+ctrl,trishift_pearson_delta,0.042488236448556808,,20
RAD21+ctrl,systema_pearson,0.32740220535080422,,20
RAD51+ctrl,txpert_macro_pearson_delta,0.71207903671197426,,5000
RAD51+ctrl,trishift_pearson_delta,0.93523632473752871,,20
RAD51+ctrl,systema_pearson,-0.49931164137149331,,20
RAD51C+ctrl,txpert_macro_pearson_delta,0.78897818362581351,,5000
RAD51C+ctrl,trishift_pearson_delta,0.92529694260214634,,20
RAD51C+ctrl,systema_pearson,-0.77122454388139916,,20
RANBP2+ctrl,txpert_macro_pearson_delta,0.7026078958764902,,5000
RANBP2+ctrl,trishift_pearson_delta,0.91767414467389874,,20
RANBP2+ctrl,systema_pearson,-0.78404872020040051,,20
RANGAP1+ctrl,txpert_macro_pearson_delta,0.84894451564143525,,5000
RANGAP1+ctrl,trishift_pearson_delta,0.88074141006444862,,20
RANGAP1+ctrl,systema_pearson,-0.6576430781037309,,20
RARS+ctrl,txpert_macro_pearson_delta,0.73626515969413409,,5000
RARS+ctrl,trishift_pearson_delta,0.94857059187776371,,20
RARS+ctrl,systema_pearson,-0.69666211333882444,,20
RBM10+ctrl,txpert_macro_pearson_delta,0.77282656682031337,,5000
RBM10+ctrl,trishift_pearson_delta,0.59896238273901503,,20
RBM10+ctrl,systema_pearson,0.30751395295292377,,20
RBM22+ctrl,txpert_macro_pearson_delta,0.70744840948725107,,5000
RBM22+ctrl,trishift_pearson_delta,0.52833790162015515,,20
RBM22+ctrl,systema_pearson,0.18050159973599508,,20
RBM4+ctrl,txpert_macro_pearson_delta,0.43625098599350831,,5000
RBM4+ctrl,trishift_pearson_delta,0.25208427632561958,,20
RBM4+ctrl,systema_pearson,0.17780133721986019,,20
RBM48+ctrl,txpert_macro_pearson_delta,0.849347029415496,,5000
RBM48+ctrl,trishift_pearson_delta,0.94104481772465975,,20
RBM48+ctrl,systema_pearson,-0.83683036595329796,,20
RBMX2+ctrl,txpert_macro_pearson_delta,0.74472334560110676,,5000
RBMX2+ctrl,trishift_pearson_delta,0.94579029642026513,,20
RBMX2+ctrl,systema_pearson,-0.92291404932791643,,20
RCCD1+ctrl,txpert_macro_pearson_delta,0.69103481982048032,,5000
RCCD1+ctrl,trishift_pearson_delta,0.8809019200380106,,20
RCCD1+ctrl,systema_pearson,-0.25963468565444114,,20
RELL2+ctrl,txpert_macro_pearson_delta,0.61830735087163979,,5000
RELL2+ctrl,trishift_pearson_delta,0.9467437514286241,,20
RELL2+ctrl,systema_pearson,-0.86415819381065229,,20
RGPD6+ctrl,txpert_macro_pearson_delta,0.088140685744656472,,5000
RGPD6+ctrl,trishift_pearson_delta,0.38868576480655648,,20
RGPD6+ctrl,systema_pearson,-0.34955740504500155,,20
RHOQ+ctrl,txpert_macro_pearson_delta,-0.098374280846382639,,5000
RHOQ+ctrl,trishift_pearson_delta,-0.47397328972922181,,20
RHOQ+ctrl,systema_pearson,0.66969926958932779,,20
RIOK2+ctrl,txpert_macro_pearson_delta,0.80470239443219882,,5000
RIOK2+ctrl,trishift_pearson_delta,0.97517431368469809,,20
RIOK2+ctrl,systema_pearson,-0.78527158458859858,,20
RNF31+ctrl,txpert_macro_pearson_delta,0.80056975498210781,,5000
RNF31+ctrl,trishift_pearson_delta,0.93868207756402977,,20
RNF31+ctrl,systema_pearson,-0.67841203976017506,,20
RNF8+ctrl,txpert_macro_pearson_delta,0.63692631923922838,,5000
RNF8+ctrl,trishift_pearson_delta,0.88187999694680486,,20
RNF8+ctrl,systema_pearson,0.39326709050619918,,20
RPA3+ctrl,txpert_macro_pearson_delta,0.91769947793152418,,5000
RPA3+ctrl,trishift_pearson_delta,0.98239327525390019,,20
RPA3+ctrl,systema_pearson,-0.82145084218000342,,20
RPAP2+ctrl,txpert_macro_pearson_delta,0.63878744945956278,,5000
RPAP2+ctrl,trishift_pearson_delta,0.14447771150317146,,20
RPAP2+ctrl,systema_pearson,-0.1012150749701808,,20
RPAP3+ctrl,txpert_macro_pearson_delta,0.57487929090180212,,5000
RPAP3+ctrl,trishift_pearson_delta,0.73578770709832353,,20
RPAP3+ctrl,systema_pearson,-0.80603411545402426,,20
RPL10A+ctrl,txpert_macro_pearson_delta,0.83303171796115749,,5000
RPL10A+ctrl,trishift_pearson_delta,0.96564697502647001,,20
RPL10A+ctrl,systema_pearson,-0.91013075820724998,,20
RPL14+ctrl,txpert_macro_pearson_delta,0.81210403368887041,,5000
RPL14+ctrl,trishift_pearson_delta,0.94700724676046388,,20
RPL14+ctrl,systema_pearson,-0.81610829476673707,,20
RPL27A+ctrl,txpert_macro_pearson_delta,0.85381078232761654,,5000
RPL27A+ctrl,trishift_pearson_delta,0.92417757563415071,,20
RPL27A+ctrl,systema_pearson,-0.83386761081902538,,20
RPL36AL+ctrl,txpert_macro_pearson_delta,0.28254375413160093,,5000
RPL36AL+ctrl,trishift_pearson_delta,0.53607238327756002,,20
RPL36AL+ctrl,systema_pearson,0.55053620821429827,,20
RPL6+ctrl,txpert_macro_pearson_delta,0.8452962829390358,,5000
RPL6+ctrl,trishift_pearson_delta,0.95441837996971624,,20
RPL6+ctrl,systema_pearson,-0.93985180490935105,,20
RPL7L1+ctrl,txpert_macro_pearson_delta,0.87247848513189752,,5000
RPL7L1+ctrl,trishift_pearson_delta,0.9685527480650904,,20
RPL7L1+ctrl,systema_pearson,-0.93666218667241696,,20
RPN1+ctrl,txpert_macro_pearson_delta,0.48740083693420688,,5000
RPN1+ctrl,trishift_pearson_delta,-0.65091733154478082,,20
RPN1+ctrl,systema_pearson,0.63529971507036176,,20
RPN2+ctrl,txpert_macro_pearson_delta,0.23676577398655352,,5000
RPN2+ctrl,trishift_pearson_delta,-0.63854923300942856,,20
RPN2+ctrl,systema_pearson,0.77117039455489012,,20
RPP14+ctrl,txpert_macro_pearson_delta,0.85949421555641847,,5000
RPP14+ctrl,trishift_pearson_delta,0.91808011562187131,,20
RPP14+ctrl,systema_pearson,-0.79636009560602294,,20
RPP30+ctrl,txpert_macro_pearson_delta,0.84873793290468347,,5000
RPP30+ctrl,trishift_pearson_delta,0.96753444416636325,,20
RPP30+ctrl,systema_pearson,-0.74705855821486955,,20
RPP38+ctrl,txpert_macro_pearson_delta,0.78799626782557952,,5000
RPP38+ctrl,trishift_pearson_delta,0.81527188307202347,,20
RPP38+ctrl,systema_pearson,-0.32358311931763778,,20
RPP40+ctrl,txpert_macro_pearson_delta,0.85347310402498766,,5000
RPP40+ctrl,trishift_pearson_delta,0.91326137453456324,,20
RPP40+ctrl,systema_pearson,-0.69871353225146782,,20
RPRD1B+ctrl,txpert_macro_pearson_delta,0.5398934384953975,,5000
RPRD1B+ctrl,trishift_pearson_delta,0.79851782916207414,,20
RPRD1B+ctrl,systema_pearson,-0.42908151983907161,,20
RPS10+ctrl,txpert_macro_pearson_delta,0.73119890793199371,,5000
RPS10+ctrl,trishift_pearson_delta,0.88422100896923095,,20
RPS10+ctrl,systema_pearson,-0.90166262831822341,,20
RPS10-NUDT3+ctrl,txpert_macro_pearson_delta,0.81183410674654244,,5000
RPS10-NUDT3+ctrl,trishift_pearson_delta,0.95918468448611272,,20
RPS10-NUDT3+ctrl,systema_pearson,-0.89400113020421956,,20
RPS11+ctrl,txpert_macro_pearson_delta,0.80247504604692321,,5000
RPS11+ctrl,trishift_pearson_delta,0.95892014111158852,,20
RPS11+ctrl,systema_pearson,-0.87276249628435898,,20
RPS12+ctrl,txpert_macro_pearson_delta,0.80369347578934103,,5000
RPS12+ctrl,trishift_pearson_delta,0.94612050292191463,,20
RPS12+ctrl,systema_pearson,-0.8109555775319971,,20
RPS16+ctrl,txpert_macro_pearson_delta,0.70953606617673259,,5000
RPS16+ctrl,trishift_pearson_delta,0.91868639442505728,,20
RPS16+ctrl,systema_pearson,-0.65945716027208612,,20
RPS18+ctrl,txpert_macro_pearson_delta,0.78318616102838112,,5000
RPS18+ctrl,trishift_pearson_delta,0.89215687648833664,,19
RPS18+ctrl,systema_pearson,-0.82103069247492799,,19
RPS19+ctrl,txpert_macro_pearson_delta,0.80217171285899003,,5000
RPS19+ctrl,trishift_pearson_delta,0.94425656659419177,,19
RPS19+ctrl,systema_pearson,-0.83140306710089462,,19
RPS19BP1+ctrl,txpert_macro_pearson_delta,0.84928932869536133,,5000
RPS19BP1+ctrl,trishift_pearson_delta,0.90565440369585792,,20
RPS19BP1+ctrl,systema_pearson,-0.41935873015205238,,20
RPS23+ctrl,txpert_macro_pearson_delta,0.80070627193540189,,5000
RPS23+ctrl,trishift_pearson_delta,0.93829333424003569,,20
RPS23+ctrl,systema_pearson,-0.91430676448018089,,20
RPS26+ctrl,txpert_macro_pearson_delta,0.78709863702083016,,5000
RPS26+ctrl,trishift_pearson_delta,0.92379449338437736,,20
RPS26+ctrl,systema_pearson,-0.82996951888517634,,20
RPS27A+ctrl,txpert_macro_pearson_delta,0.82504102068274399,,5000
RPS27A+ctrl,trishift_pearson_delta,0.90599440063283754,,20
RPS27A+ctrl,systema_pearson,-0.92887284145753657,,20
RPS28+ctrl,txpert_macro_pearson_delta,0.7652393984297734,,5000
RPS28+ctrl,trishift_pearson_delta,0.90480767245595084,,20
RPS28+ctrl,systema_pearson,-0.73851697094494928,,20
RRM2+ctrl,txpert_macro_pearson_delta,0.85853006340128635,,5000
RRM2+ctrl,trishift_pearson_delta,0.96630383608439074,,20
RRM2+ctrl,systema_pearson,-0.90892423304513792,,20
RRP15+ctrl,txpert_macro_pearson_delta,0.84073129505170952,,5000
RRP15+ctrl,trishift_pearson_delta,0.9674424125171367,,20
RRP15+ctrl,systema_pearson,-0.90175672581063782,,20
RSL24D1+ctrl,txpert_macro_pearson_delta,0.84262415186707196,,5000
RSL24D1+ctrl,trishift_pearson_delta,0.94519445547515246,,20
RSL24D1+ctrl,systema_pearson,-0.8681009936664883,,20
RTTN+ctrl,txpert_macro_pearson_delta,0.77002585614639041,,5000
RTTN+ctrl,trishift_pearson_delta,0.92959616196923245,,20
RTTN+ctrl,systema_pearson,-0.43166086362083067,,20
SAMM50+ctrl,txpert_macro_pearson_delta,0.71836527134158579,,5000
SAMM50+ctrl,trishift_pearson_delta,0.87822128376725339,,20
SAMM50+ctrl,systema_pearson,-0.59805083630665057,,20
SASS6+ctrl,txpert_macro_pearson_delta,0.86239909212662658,,5000
SASS6+ctrl,trishift_pearson_delta,0.96624768418074813,,20
SASS6+ctrl,systema_pearson,-0.89659636964713141,,20
SCNM1+ctrl,txpert_macro_pearson_delta,0.30414508976644816,,5000
SCNM1+ctrl,trishift_pearson_delta,0.90272737430572869,,20
SCNM1+ctrl,systema_pearson,0.59856568761108842,,20
SDAD1+ctrl,txpert_macro_pearson_delta,0.88745585828047635,,5000
SDAD1+ctrl,trishift_pearson_delta,0.97848189367085925,,20
SDAD1+ctrl,systema_pearson,-0.88100765531206171,,20
SDHC+ctrl,txpert_macro_pearson_delta,0.56499785976565864,,5000
SDHC+ctrl,trishift_pearson_delta,0.60525208350208104,,20
SDHC+ctrl,systema_pearson,-0.51697107591431701,,20
SEC63+ctrl,txpert_macro_pearson_delta,0.48708687653465155,,5000
SEC63+ctrl,trishift_pearson_delta,0.39231639125767154,,20
SEC63+ctrl,systema_pearson,0.12446327720897904,,20
SEH1L+ctrl,txpert_macro_pearson_delta,0.84546666767492107,,5000
SEH1L+ctrl,trishift_pearson_delta,0.96607525879796396,,20
SEH1L+ctrl,systema_pearson,-0.83149326583444405,,20
SENP6+ctrl,txpert_macro_pearson_delta,0.73566637031714621,,5000
SENP6+ctrl,trishift_pearson_delta,0.82689297870106926,,20
SENP6+ctrl,systema_pearson,-0.5986157701840995,,20
SET+ctrl,txpert_macro_pearson_delta,0.51223900864291294,,5000
SET+ctrl,trishift_pearson_delta,0.60475653873403901,,20
SET+ctrl,systema_pearson,-0.48223795916084983,,20
SETD2+ctrl,txpert_macro_pearson_delta,0.53639414467168067,,5000
SETD2+ctrl,trishift_pearson_delta,0.040768108315971233,,20
SETD2+ctrl,systema_pearson,0.46236472047730176,,20
SETD5+ctrl,txpert_macro_pearson_delta,0.57553099970657551,,5000
SETD5+ctrl,trishift_pearson_delta,0.82217380964490139,,20
SETD5+ctrl,systema_pearson,-0.51950766477676935,,20
SF3A2+ctrl,txpert_macro_pearson_delta,0.81271136791006315,,5000
SF3A2+ctrl,trishift_pearson_delta,0.98013432812106616,,20
SF3A2+ctrl,systema_pearson,-0.61601228219922233,,20
SF3A3+ctrl,txpert_macro_pearson_delta,0.78982282334140252,,5000
SF3A3+ctrl,trishift_pearson_delta,0.85858718494583519,,20
SF3A3+ctrl,systema_pearson,-0.84565072741885172,,20
SF3B3+ctrl,txpert_macro_pearson_delta,0.81038450129715345,,5000
SF3B3+ctrl,trishift_pearson_delta,0.96573303508393682,,20
SF3B3+ctrl,systema_pearson,-0.80722249964532267,,20
SFSWAP+ctrl,txpert_macro_pearson_delta,0.81506190500641151,,5000
SFSWAP+ctrl,trishift_pearson_delta,0.9559385628720628,,20
SFSWAP+ctrl,systema_pearson,-0.76348949854800752,,20
SGPP1+ctrl,txpert_macro_pearson_delta,0.26474722143418794,,5000
SGPP1+ctrl,trishift_pearson_delta,-0.19709169436611884,,20
SGPP1+ctrl,systema_pearson,0.90529354827110009,,20
SIN3A+ctrl,txpert_macro_pearson_delta,0.60705750781077406,,5000
SIN3A+ctrl,trishift_pearson_delta,0.24538972063277481,,20
SIN3A+ctrl,systema_pearson,0.17465237509036485,,20
SKP2+ctrl,txpert_macro_pearson_delta,-0.16469734677130732,,5000
SKP2+ctrl,trishift_pearson_delta,0.37339325671447277,,20
SKP2+ctrl,systema_pearson,-0.87997611778195817,,20
SLBP+ctrl,txpert_macro_pearson_delta,0.83886132112764678,,5000
SLBP+ctrl,trishift_pearson_delta,0.95449053301681042,,20
SLBP+ctrl,systema_pearson,-0.81725369521838731,,20
SLC39A9+ctrl,txpert_macro_pearson_delta,0.43575397198912191,,5000
SLC39A9+ctrl,trishift_pearson_delta,0.50386193351187747,,20
SLC39A9+ctrl,systema_pearson,-0.13765222021030638,,20
SLC4A5+ctrl,txpert_macro_pearson_delta,0.15819425224194866,,5000
SLC4A5+ctrl,trishift_pearson_delta,0.54286540922540694,,20
SLC4A5+ctrl,systema_pearson,0.34656345550896023,,20
SLC9B1+ctrl,txpert_macro_pearson_delta,-0.12409069426031509,,5000
SLC9B1+ctrl,trishift_pearson_delta,0.15177787908906143,,20
SLC9B1+ctrl,systema_pearson,-0.058812757277459125,,20
SLU7+ctrl,txpert_macro_pearson_delta,0.7370306217417012,,5000
SLU7+ctrl,trishift_pearson_delta,0.91095842038829489,,20
SLU7+ctrl,systema_pearson,-0.82100717597803829,,20
SMARCE1+ctrl,txpert_macro_pearson_delta,0.20489615768298608,,5000
SMARCE1+ctrl,trishift_pearson_delta,-0.345979309657162,,20
SMARCE1+ctrl,systema_pearson,0.41450219627991181,,20
SMG5+ctrl,txpert_macro_pearson_delta,0.39420480730982144,,5000
SMG5+ctrl,trishift_pearson_delta,0.60695479951996367,,20
SMG5+ctrl,systema_pearson,-0.58948940003976746,,20
SMG8+ctrl,txpert_macro_pearson_delta,-0.044038763559741713,,5000
SMG8+ctrl,trishift_pearson_delta,0.507629755203861,,20
SMG8+ctrl,systema_pearson,0.46214768593825667,,20
SMU1+ctrl,txpert_macro_pearson_delta,0.78928913266172507,,5000
SMU1+ctrl,trishift_pearson_delta,0.93183017223900733,,20
SMU1+ctrl,systema_pearson,-0.67325594687586676,,20
SMUG1+ctrl,txpert_macro_pearson_delta,0.57029638969514618,,5000
SMUG1+ctrl,trishift_pearson_delta,0.93156502740328428,,20
SMUG1+ctrl,systema_pearson,-0.87401505922837885,,20
SNRNP25+ctrl,txpert_macro_pearson_delta,0.75314112642472963,,5000
SNRNP25+ctrl,trishift_pearson_delta,0.91375165486783427,,20
SNRNP25+ctrl,systema_pearson,-0.88094934239214417,,20
SNRNP27+ctrl,txpert_macro_pearson_delta,0.77587107880839679,,5000
SNRNP27+ctrl,trishift_pearson_delta,0.95204823575553088,,20
SNRNP27+ctrl,systema_pearson,-0.56166458229698502,,20
SNRNP40+ctrl,txpert_macro_pearson_delta,0.49024598099013705,,5000
SNRNP40+ctrl,trishift_pearson_delta,0.57740485537333064,,20
SNRNP40+ctrl,systema_pearson,-0.13436343284498295,,20
SNRNP70+ctrl,txpert_macro_pearson_delta,0.79185989189935868,,5000
SNRNP70+ctrl,trishift_pearson_delta,0.85653349596959449,,20
SNRNP70+ctrl,systema_pearson,-0.6975641169222524,,20
SNRPD3+ctrl,txpert_macro_pearson_delta,0.78642604797963878,,5000
SNRPD3+ctrl,trishift_pearson_delta,0.95849762354674273,,20
SNRPD3+ctrl,systema_pearson,-0.80572288726725017,,20
SOD1+ctrl,txpert_macro_pearson_delta,0.76634001346037883,,5000
SOD1+ctrl,trishift_pearson_delta,0.84905839138645534,,19
SOD1+ctrl,systema_pearson,-0.70836640306899668,,19
SPCS3+ctrl,txpert_macro_pearson_delta,0.17193386242335365,,5000
SPCS3+ctrl,trishift_pearson_delta,-0.4889514042155953,,20
SPCS3+ctrl,systema_pearson,0.64565820727952494,,20
SPDL1+ctrl,txpert_macro_pearson_delta,0.78618343093534082,,5000
SPDL1+ctrl,trishift_pearson_delta,0.97006466893935994,,20
SPDL1+ctrl,systema_pearson,-0.72550410353576078,,20
SPTSSA+ctrl,txpert_macro_pearson_delta,0.34020038328252838,,5000
SPTSSA+ctrl,trishift_pearson_delta,-0.021686676552254845,,20
SPTSSA+ctrl,systema_pearson,-0.08113955731676431,,20
SRA1+ctrl,txpert_macro_pearson_delta,0.81233468242150075,,5000
SRA1+ctrl,trishift_pearson_delta,0.93603232005323622,,20
SRA1+ctrl,systema_pearson,0.29652952350567297,,20
SRBD1+ctrl,txpert_macro_pearson_delta,0.90504635966889024,,5000
SRBD1+ctrl,trishift_pearson_delta,0.94796471471585053,,20
SRBD1+ctrl,systema_pearson,-0.91213333932644569,,20
SRCAP+ctrl,txpert_macro_pearson_delta,0.092722377930077121,,5000
SRCAP+ctrl,trishift_pearson_delta,-0.25797858501580712,,20
SRCAP+ctrl,systema_pearson,0.60697455137708423,,20
SRFBP1+ctrl,txpert_macro_pearson_delta,0.7904337605361399,,5000
SRFBP1+ctrl,trishift_pearson_delta,0.853763050633361,,20
SRFBP1+ctrl,systema_pearson,-0.89872287201321799,,20
SRP19+ctrl,txpert_macro_pearson_delta,0.76742123086720038,,5000
SRP19+ctrl,trishift_pearson_delta,0.57465104131961575,,20
SRP19+ctrl,systema_pearson,-0.52797516268489386,,20
SRSF11+ctrl,txpert_macro_pearson_delta,0.33583777473849113,,5000
SRSF11+ctrl,trishift_pearson_delta,-0.30904566138417494,,20
SRSF11+ctrl,systema_pearson,-0.72927734763679408,,20
SRSF3+ctrl,txpert_macro_pearson_delta,0.58760580005879837,,5000
SRSF3+ctrl,trishift_pearson_delta,0.7862704760933793,,19
SRSF3+ctrl,systema_pearson,-0.7409312730976797,,19
SRSF6+ctrl,txpert_macro_pearson_delta,0.65361476656797113,,5000
SRSF6+ctrl,trishift_pearson_delta,0.66103459424817723,,20
SRSF6+ctrl,systema_pearson,-0.33463689118548146,,20
STRIP1+ctrl,txpert_macro_pearson_delta,0.10404538898568727,,5000
STRIP1+ctrl,trishift_pearson_delta,0.51808965515524397,,20
STRIP1+ctrl,systema_pearson,-0.18623556395807947,,20
STT3B+ctrl,txpert_macro_pearson_delta,0.72463811772341657,,5000
STT3B+ctrl,trishift_pearson_delta,0.58908172199314524,,20
STT3B+ctrl,systema_pearson,0.038053613430816917,,20
STX5+ctrl,txpert_macro_pearson_delta,0.59275127996344512,,5000
STX5+ctrl,trishift_pearson_delta,0.90889327665996877,,20
STX5+ctrl,systema_pearson,-0.55345067805062487,,20
SUGP1+ctrl,txpert_macro_pearson_delta,0.79101709143426013,,5000
SUGP1+ctrl,trishift_pearson_delta,0.87886327993003976,,20
SUGP1+ctrl,systema_pearson,-0.61122963795816032,,20
SUMO2+ctrl,txpert_macro_pearson_delta,0.099539174446560741,,5000
SUMO2+ctrl,trishift_pearson_delta,-0.4222464168290514,,20
SUMO2+ctrl,systema_pearson,0.75698586757984188,,20
SUPT20H+ctrl,txpert_macro_pearson_delta,0.19505232918331383,,5000
SUPT20H+ctrl,trishift_pearson_delta,0.14058458618275019,,20
SUPT20H+ctrl,systema_pearson,0.34212867325595048,,20
SYMPK+ctrl,txpert_macro_pearson_delta,0.74385855082782959,,5000
SYMPK+ctrl,trishift_pearson_delta,0.98272810960538082,,20
SYMPK+ctrl,systema_pearson,-0.87759639461288907,,20
SYNGR3+ctrl,txpert_macro_pearson_delta,0.84724503230640025,,5000
SYNGR3+ctrl,trishift_pearson_delta,0.96404622911622595,,20
SYNGR3+ctrl,systema_pearson,-0.72599939100960464,,20
TAF1+ctrl,txpert_macro_pearson_delta,0.37280535783653401,,5000
TAF1+ctrl,trishift_pearson_delta,0.37901134660478747,,20
TAF1+ctrl,systema_pearson,0.38204320423228771,,20
TAF11+ctrl,txpert_macro_pearson_delta,0.36131039784290803,,5000
TAF11+ctrl,trishift_pearson_delta,-0.25830919675785957,,20
TAF11+ctrl,systema_pearson,-0.1478862847164028,,20
TAF1B+ctrl,txpert_macro_pearson_delta,0.81978942933425858,,5000
TAF1B+ctrl,trishift_pearson_delta,0.80314416755294549,,20
TAF1B+ctrl,systema_pearson,-0.73420594530683392,,20
TAMM41+ctrl,txpert_macro_pearson_delta,0.26093767270825502,,5000
TAMM41+ctrl,trishift_pearson_delta,0.51391044151805354,,20
TAMM41+ctrl,systema_pearson,0.21569408782637137,,20
TBC1D28+ctrl,txpert_macro_pearson_delta,-0.18339608707621119,,5000
TBC1D28+ctrl,trishift_pearson_delta,0.262271131073884,,20
TBC1D28+ctrl,systema_pearson,0.7684603426065284,,20
TBCB+ctrl,txpert_macro_pearson_delta,0.86859954693966546,,5000
TBCB+ctrl,trishift_pearson_delta,0.89497216733838292,,20
TBCB+ctrl,systema_pearson,-0.82635030949383015,,20
TBP+ctrl,txpert_macro_pearson_delta,0.57773674374959538,,5000
TBP+ctrl,trishift_pearson_delta,0.46988295613047409,,20
TBP+ctrl,systema_pearson,-0.13490805157369448,,20
TBRG4+ctrl,txpert_macro_pearson_delta,0.82592811946322697,,5000
TBRG4+ctrl,trishift_pearson_delta,0.83897152805723196,,20
TBRG4+ctrl,systema_pearson,-0.59388589963787719,,20
TCERG1+ctrl,txpert_macro_pearson_delta,0.58765127735406242,,5000
TCERG1+ctrl,trishift_pearson_delta,0.89005496306311593,,20
TCERG1+ctrl,systema_pearson,-0.68223519634065577,,20
TELO2+ctrl,txpert_macro_pearson_delta,0.62128379495557118,,5000
TELO2+ctrl,trishift_pearson_delta,0.61772389521671878,,20
TELO2+ctrl,systema_pearson,-0.68542438639687564,,20
TFAP4+ctrl,txpert_macro_pearson_delta,0.75917452020014187,,5000
TFAP4+ctrl,trishift_pearson_delta,0.9632254219439973,,20
TFAP4+ctrl,systema_pearson,-0.80922882960027076,,20
TFPT+ctrl,txpert_macro_pearson_delta,0.70264024142968551,,5000
TFPT+ctrl,trishift_pearson_delta,0.85971769839849377,,20
TFPT+ctrl,systema_pearson,-0.83260757826905429,,20
THAP1+ctrl,txpert_macro_pearson_delta,0.81231543265594186,,5000
THAP1+ctrl,trishift_pearson_delta,0.9370905626582503,,20
THAP1+ctrl,systema_pearson,-0.88611550484651469,,20
THOC1+ctrl,txpert_macro_pearson_delta,0.65902894272000456,,5000
THOC1+ctrl,trishift_pearson_delta,0.48201249205691804,,20
THOC1+ctrl,systema_pearson,-0.19911908509797277,,20
THOC2+ctrl,txpert_macro_pearson_delta,0.60177871634604707,,5000
THOC2+ctrl,trishift_pearson_delta,0.7548675986280694,,20
THOC2+ctrl,systema_pearson,0.52787945070246367,,20
THOC6+ctrl,txpert_macro_pearson_delta,-0.19405992276053471,,5000
THOC6+ctrl,trishift_pearson_delta,0.33052220282301115,,20
THOC6+ctrl,systema_pearson,0.19016694880199267,,20
TIMM22+ctrl,txpert_macro_pearson_delta,0.85302749369891373,,5000
TIMM22+ctrl,trishift_pearson_delta,0.94561110112248492,,20
TIMM22+ctrl,systema_pearson,-0.8440098360741829,,20
TIMM23B+ctrl,txpert_macro_pearson_delta,0.66934750271837984,,5000
TIMM23B+ctrl,trishift_pearson_delta,0.64007143268485178,,20
TIMM23B+ctrl,systema_pearson,-0.21051120316871519,,20
TIMM44+ctrl,txpert_macro_pearson_delta,0.85717338229999607,,5000
TIMM44+ctrl,trishift_pearson_delta,0.95536445185931729,,20
TIMM44+ctrl,systema_pearson,-0.95779920112218109,,20
TINF2+ctrl,txpert_macro_pearson_delta,0.82216608920437828,,5000
TINF2+ctrl,trishift_pearson_delta,0.97829755465432822,,20
TINF2+ctrl,systema_pearson,-0.82213394756918956,,20
TKT+ctrl,txpert_macro_pearson_delta,0.048996274424626486,,5000
TKT+ctrl,trishift_pearson_delta,0.023415607421695368,,19
TKT+ctrl,systema_pearson,0.30748318297327526,,19
TMEM127+ctrl,txpert_macro_pearson_delta,0.22361550509620357,,5000
TMEM127+ctrl,trishift_pearson_delta,0.51413012288511162,,20
TMEM127+ctrl,systema_pearson,-0.32033375549089338,,20
TMEM161B+ctrl,txpert_macro_pearson_delta,0.66007961453109409,,5000
TMEM161B+ctrl,trishift_pearson_delta,0.82826584906951972,,20
TMEM161B+ctrl,systema_pearson,-0.76952835513690709,,20
TMEM214+ctrl,txpert_macro_pearson_delta,0.32629778591998465,,5000
TMEM214+ctrl,trishift_pearson_delta,0.73237639444889924,,20
TMEM214+ctrl,systema_pearson,0.038533152031356557,,20
TMX2+ctrl,txpert_macro_pearson_delta,0.58265444137813438,,5000
TMX2+ctrl,trishift_pearson_delta,0.64053039290808389,,20
TMX2+ctrl,systema_pearson,-0.68255920922412605,,20
TNPO3+ctrl,txpert_macro_pearson_delta,0.72665385037392927,,5000
TNPO3+ctrl,trishift_pearson_delta,0.32152351324092143,,20
TNPO3+ctrl,systema_pearson,-0.12634271635696703,,20
TOMM20+ctrl,txpert_macro_pearson_delta,0.43475321694655905,,5000
TOMM20+ctrl,trishift_pearson_delta,0.58808236102799627,,20
TOMM20+ctrl,systema_pearson,0.15590693972147093,,20
TOMM22+ctrl,txpert_macro_pearson_delta,0.4014444395493777,,5000
TOMM22+ctrl,trishift_pearson_delta,0.75581970314913194,,20
TOMM22+ctrl,systema_pearson,-0.20518030209050214,,20
TONSL+ctrl,txpert_macro_pearson_delta,0.89025316348264072,,5000
TONSL+ctrl,trishift_pearson_delta,0.51209658361556931,,20
TONSL+ctrl,systema_pearson,-0.88459503891076352,,20
TOX4+ctrl,txpert_macro_pearson_delta,0.40085176884934115,,5000
TOX4+ctrl,trishift_pearson_delta,0.30570615121402228,,20
TOX4+ctrl,systema_pearson,0.36357610652216493,,20
TPP2+ctrl,txpert_macro_pearson_delta,0.56460492623475478,,5000
TPP2+ctrl,trishift_pearson_delta,0.84060494846560396,,20
TPP2+ctrl,systema_pearson,0.070157626572169118,,20
TRAPPC1+ctrl,txpert_macro_pearson_delta,0.61869834614179786,,5000
TRAPPC1+ctrl,trishift_pearson_delta,0.89072800814070918,,20
TRAPPC1+ctrl,systema_pearson,-0.65577646736744677,,20
TRAPPC8+ctrl,txpert_macro_pearson_delta,0.57345896071610314,,5000
TRAPPC8+ctrl,trishift_pearson_delta,0.6541869988182698,,20
TRAPPC8+ctrl,systema_pearson,0.188558142472734,,20
TSEN34+ctrl,txpert_macro_pearson_delta,0.21104443571694634,,5000
TSEN34+ctrl,trishift_pearson_delta,0.88862158634181665,,20
TSEN34+ctrl,systema_pearson,0.55787799649842762,,20
TSG101+ctrl,txpert_macro_pearson_delta,0.76898302680292852,,5000
TSG101+ctrl,trishift_pearson_delta,0.88155105315219295,,20
TSG101+ctrl,systema_pearson,-0.85860503655568887,,20
TSPYL5+ctrl,txpert_macro_pearson_delta,0.64245931463619377,,5000
TSPYL5+ctrl,trishift_pearson_delta,0.8385097978792484,,20
TSPYL5+ctrl,systema_pearson,-0.78416803593211115,,20
TSSK3+ctrl,txpert_macro_pearson_delta,0.19678612312184712,,5000
TSSK3+ctrl,trishift_pearson_delta,0.65977756981619262,,20
TSSK3+ctrl,systema_pearson,0.38948677669394938,,20
TTC4+ctrl,txpert_macro_pearson_delta,0.021329948610360888,,5000
TTC4+ctrl,trishift_pearson_delta,0.023023244831100381,,20
TTC4+ctrl,systema_pearson,0.66223074270795557,,20
TUBB+ctrl,txpert_macro_pearson_delta,0.53682688319810334,,5000
TUBB+ctrl,trishift_pearson_delta,0.61865062598933596,,19
TUBB+ctrl,systema_pearson,0.68071117494856859,,19
TUBGCP2+ctrl,txpert_macro_pearson_delta,0.92196285061127825,,5000
TUBGCP2+ctrl,trishift_pearson_delta,0.98621698395690505,,20
TUBGCP2+ctrl,systema_pearson,-0.87179544605067516,,20
TUBGCP3+ctrl,txpert_macro_pearson_delta,0.91261034608689928,,5000
TUBGCP3+ctrl,trishift_pearson_delta,0.91331990018874032,,20
TUBGCP3+ctrl,systema_pearson,-0.74302933836827068,,20
TWF1+ctrl,txpert_macro_pearson_delta,0.021350613622424693,,5000
TWF1+ctrl,trishift_pearson_delta,-0.58460090493277239,,20
TWF1+ctrl,systema_pearson,0.83738209318395584,,20
TWNK+ctrl,txpert_macro_pearson_delta,-0.21963837472476316,,5000
TWNK+ctrl,trishift_pearson_delta,0.17848030368771867,,20
TWNK+ctrl,systema_pearson,0.67365921089127434,,20
TWSG1+ctrl,txpert_macro_pearson_delta,0.76654876154780671,,5000
TWSG1+ctrl,trishift_pearson_delta,0.94202772644236354,,20
TWSG1+ctrl,systema_pearson,-0.7815446318307705,,20
TXNL4A+ctrl,txpert_macro_pearson_delta,0.7699995929267166,,5000
TXNL4A+ctrl,trishift_pearson_delta,0.63368117427167236,,20
TXNL4A+ctrl,systema_pearson,-0.12530487756949202,,20
U2SURP+ctrl,txpert_macro_pearson_delta,0.7317747192009727,,5000
U2SURP+ctrl,trishift_pearson_delta,0.9780707911955705,,20
U2SURP+ctrl,systema_pearson,-0.8494304498037808,,20
UBE2Z+ctrl,txpert_macro_pearson_delta,0.027458689424229837,,5000
UBE2Z+ctrl,trishift_pearson_delta,0.22371463257975768,,20
UBE2Z+ctrl,systema_pearson,0.52486466031771306,,20
UBR5+ctrl,txpert_macro_pearson_delta,0.26939108434775222,,5000
UBR5+ctrl,trishift_pearson_delta,0.42665138737157693,,20
UBR5+ctrl,systema_pearson,0.11112081770588716,,20
UPF2+ctrl,txpert_macro_pearson_delta,0.28483838197910211,,5000
UPF2+ctrl,trishift_pearson_delta,0.70619914886805379,,20
UPF2+ctrl,systema_pearson,-0.46875499965117567,,20
UQCRC2+ctrl,txpert_macro_pearson_delta,0.26027051167623683,,5000
UQCRC2+ctrl,trishift_pearson_delta,-0.24863347783944006,,20
UQCRC2+ctrl,systema_pearson,0.080165813069299721,,20
UQCRQ+ctrl,txpert_macro_pearson_delta,0.51446925661119569,,5000
UQCRQ+ctrl,trishift_pearson_delta,0.61163381520003279,,20
UQCRQ+ctrl,systema_pearson,-0.48076687143147634,,20
URB1+ctrl,txpert_macro_pearson_delta,0.88814698198840314,,5000
URB1+ctrl,trishift_pearson_delta,0.9701300637263115,,20
URB1+ctrl,systema_pearson,-0.92115268730562017,,20
USP19+ctrl,txpert_macro_pearson_delta,-0.094825759904730716,,5000
USP19+ctrl,trishift_pearson_delta,-0.083341248355009778,,20
USP19+ctrl,systema_pearson,0.46879481529324935,,20
USP39+ctrl,txpert_macro_pearson_delta,0.60060400088691046,,5000
USP39+ctrl,trishift_pearson_delta,0.889675007754966,,20
USP39+ctrl,systema_pearson,-0.5043102212460695,,20
USP5+ctrl,txpert_macro_pearson_delta,0.7869423905938282,,5000
USP5+ctrl,trishift_pearson_delta,0.89607698096721489,,20
USP5+ctrl,systema_pearson,-0.20573379752688145,,20
USP8+ctrl,txpert_macro_pearson_delta,0.72947720050480935,,5000
USP8+ctrl,trishift_pearson_delta,0.8117345095084777,,20
USP8+ctrl,systema_pearson,-0.79438681353977736,,20
USPL1+ctrl,txpert_macro_pearson_delta,0.74484526408201446,,5000
USPL1+ctrl,trishift_pearson_delta,0.85218446929150193,,20
USPL1+ctrl,systema_pearson,-0.24300059618854639,,20
UTP15+ctrl,txpert_macro_pearson_delta,0.8692919644456405,,5000
UTP15+ctrl,trishift_pearson_delta,0.93743383701901828,,20
UTP15+ctrl,systema_pearson,-0.93676898390995855,,20
UTP25+ctrl,txpert_macro_pearson_delta,0.79346339415526723,,5000
UTP25+ctrl,trishift_pearson_delta,0.96415032031049253,,20
UTP25+ctrl,systema_pearson,-0.88017069837085382,,20
UTP6+ctrl,txpert_macro_pearson_delta,0.84511318379899325,,5000
UTP6+ctrl,trishift_pearson_delta,0.89539713816320465,,20
UTP6+ctrl,systema_pearson,-0.33869420710885562,,20
VEZT+ctrl,txpert_macro_pearson_delta,0.14093094836801787,,5000
VEZT+ctrl,trishift_pearson_delta,0.68325960980032296,,20
VEZT+ctrl,systema_pearson,0.53694393285770858,,20
VPS33A+ctrl,txpert_macro_pearson_delta,0.22639347211173325,,5000
VPS33A+ctrl,trishift_pearson_delta,0.48363126362520054,,20
VPS33A+ctrl,systema_pearson,-0.16760154626889359,,20
VPS37A+ctrl,txpert_macro_pearson_delta,0.013945051448774897,,5000
VPS37A+ctrl,trishift_pearson_delta,0.30453318365784532,,20
VPS37A+ctrl,systema_pearson,-0.38037856395096792,,20
VPS41+ctrl,txpert_macro_pearson_delta,0.16110488819612923,,5000
VPS41+ctrl,trishift_pearson_delta,0.68015765451792298,,20
VPS41+ctrl,systema_pearson,0.18586287419293895,,20
WDR1+ctrl,txpert_macro_pearson_delta,0.7560353192872461,,5000
WDR1+ctrl,trishift_pearson_delta,0.8096537094355174,,20
WDR1+ctrl,systema_pearson,-0.82105063375284437,,20
WDR12+ctrl,txpert_macro_pearson_delta,0.89435483282078165,,5000
WDR12+ctrl,trishift_pearson_delta,0.97367733517095034,,20
WDR12+ctrl,systema_pearson,-0.93399816139368619,,20
WDR18+ctrl,txpert_macro_pearson_delta,0.87407830003095643,,5000
WDR18+ctrl,trishift_pearson_delta,-0.040444119556444294,,20
WDR18+ctrl,systema_pearson,0.49022897176210667,,20
WDR24+ctrl,txpert_macro_pearson_delta,0.88259088912506733,,5000
WDR24+ctrl,trishift_pearson_delta,0.96874604449522195,,20
WDR24+ctrl,systema_pearson,-0.86296901954324634,,20
WDR25+ctrl,txpert_macro_pearson_delta,0.72967829861198474,,5000
WDR25+ctrl,trishift_pearson_delta,0.92706188080737639,,20
WDR25+ctrl,systema_pearson,-0.72182645765747877,,20
WDR36+ctrl,txpert_macro_pearson_delta,0.74655927346586615,,5000
WDR36+ctrl,trishift_pearson_delta,0.95273950788332651,,20
WDR36+ctrl,systema_pearson,-0.91777110275858753,,20
WDR43+ctrl,txpert_macro_pearson_delta,0.80328920966485196,,5000
WDR43+ctrl,trishift_pearson_delta,0.93102615792981702,,20
WDR43+ctrl,systema_pearson,-0.4316190004515153,,20
WDR46+ctrl,txpert_macro_pearson_delta,0.7947632998477433,,5000
WDR46+ctrl,trishift_pearson_delta,0.8900147398386824,,20
WDR46+ctrl,systema_pearson,-0.78792520679088041,,20
WDR61+ctrl,txpert_macro_pearson_delta,0.46241671062728062,,5000
WDR61+ctrl,trishift_pearson_delta,0.75850306549897917,,20
WDR61+ctrl,systema_pearson,-0.41603251556600868,,20
WDR7+ctrl,txpert_macro_pearson_delta,0.30325172874641076,,5000
WDR7+ctrl,trishift_pearson_delta,0.52592224389540854,,20
WDR7+ctrl,systema_pearson,-0.13037980062410087,,20
WDTC1+ctrl,txpert_macro_pearson_delta,0.50262303124487862,,5000
WDTC1+ctrl,trishift_pearson_delta,0.43340062709339383,,20
WDTC1+ctrl,systema_pearson,-0.1014748336939614,,20
XPO1+ctrl,txpert_macro_pearson_delta,0.84384122735831857,,5000
XPO1+ctrl,trishift_pearson_delta,0.9456306640059795,,20
XPO1+ctrl,systema_pearson,-0.74521786396016698,,20
XRCC3+ctrl,txpert_macro_pearson_delta,0.33900417753200546,,5000
XRCC3+ctrl,trishift_pearson_delta,0.054873180848005229,,20
XRCC3+ctrl,systema_pearson,-0.1187701503589272,,20
YBX1+ctrl,txpert_macro_pearson_delta,0.69404886880613004,,5000
YBX1+ctrl,trishift_pearson_delta,0.92607548203925139,,20
YBX1+ctrl,systema_pearson,-0.25085744110869568,,20
YY1+ctrl,txpert_macro_pearson_delta,0.67948045127577328,,5000
YY1+ctrl,trishift_pearson_delta,0.73515656444284416,,20
YY1+ctrl,systema_pearson,-0.42726629728831145,,20
ZBTB4+ctrl,txpert_macro_pearson_delta,0.47095444198016573,,5000
ZBTB4+ctrl,trishift_pearson_delta,0.87100415419963795,,20
ZBTB4+ctrl,systema_pearson,-0.67127006250197307,,20
ZDHHC7+ctrl,txpert_macro_pearson_delta,0.8433729691585623,,5000
ZDHHC7+ctrl,trishift_pearson_delta,0.93298436390298456,,20
ZDHHC7+ctrl,systema_pearson,0.1900957393486421,,20
ZNF131+ctrl,txpert_macro_pearson_delta,0.81819626460204919,,5000
ZNF131+ctrl,trishift_pearson_delta,0.89481145653730287,,20
ZNF131+ctrl,systema_pearson,-0.80789864336635864,,20
ZNF24+ctrl,txpert_macro_pearson_delta,0.08892068799199293,,5000
ZNF24+ctrl,trishift_pearson_delta,0.17582498164004853,,20
ZNF24+ctrl,systema_pearson,0.39290441744415688,,20
ZNF292+ctrl,txpert_macro_pearson_delta,0.44639098367377289,,5000
ZNF292+ctrl,trishift_pearson_delta,0.65219639775429461,,20
ZNF292+ctrl,systema_pearson,-0.20558704184695825,,20
ZNF559+ctrl,txpert_macro_pearson_delta,0.56917174313144159,,5000
ZNF559+ctrl,trishift_pearson_delta,0.71435415142047221,,20
ZNF559+ctrl,systema_pearson,-0.61203601387865103,,20
ZNF574+ctrl,txpert_macro_pearson_delta,0.74285437210346816,,5000
ZNF574+ctrl,trishift_pearson_delta,0.81298800637757451,,20
ZNF574+ctrl,systema_pearson,0.2761466361886657,,20
ZNF676+ctrl,txpert_macro_pearson_delta,-0.33467593835247911,,5000
ZNF676+ctrl,trishift_pearson_delta,0.47176852427583593,,20
ZNF676+ctrl,systema_pearson,0.46559667246504649,,20
ZNF687+ctrl,txpert_macro_pearson_delta,0.41506187770889807,,5000
ZNF687+ctrl,trishift_pearson_delta,0.46039675417836784,,20
ZNF687+ctrl,systema_pearson,0.13739223409908308,,20
ZNF706+ctrl,txpert_macro_pearson_delta,0.12785946855768329,,5000
ZNF706+ctrl,trishift_pearson_delta,0.48297286372170156,,20
ZNF706+ctrl,systema_pearson,0.57366372441084634,,20
ZNF763+ctrl,txpert_macro_pearson_delta,0.22332774744773007,,5000
ZNF763+ctrl,trishift_pearson_delta,0.86657234604798783,,20
ZNF763+ctrl,systema_pearson,0.34429704901031716,,20
ZNF84+ctrl,txpert_macro_pearson_delta,0.81283744096081278,,5000
ZNF84+ctrl,trishift_pearson_delta,0.94062431798632462,,20
ZNF84+ctrl,systema_pearson,-0.79898581627314824,,20
ZNHIT6+ctrl,txpert_macro_pearson_delta,0.84918757525850985,,5000
ZNHIT6+ctrl,trishift_pearson_delta,0.95344946665132846,,20
ZNHIT6+ctrl,systema_pearson,-0.87210018874111495,,20
ZRANB2+ctrl,txpert_macro_pearson_delta,0.1002890535545717,,5000
ZRANB2+ctrl,trishift_pearson_delta,0.10333446454132569,,20
ZRANB2+ctrl,systema_pearson,0.7763553023869626,,20
ZW10+ctrl,txpert_macro_pearson_delta,0.56606570714058024,,5000
ZW10+ctrl,trishift_pearson_delta,0.91007447070604308,,20
ZW10+ctrl,systema_pearson,-0.45766305528084356,,20
