condition_id,metric_id,value,reason,gene_count
AARS+ctrl,txpert_macro_pearson_delta,,constant_vector,5000
AARS+ctrl,trishift_pearson_delta,-0.37651606182276659,,20
AARS+ctrl,systema_pearson,-0.84843896294576326,,20
AASDHPPT+ctrl,txpert_macro_pearson_delta,,constant_vector,5000
AASDHPPT+ctrl,trishift_pearson_delta,-0.074874463088591053,,20
AASDHPPT+ctrl,systema_pearson,0.764551955168293,,20
ABHD17A+ctrl,txpert_macro_pearson_delta,,constant_vector,5000
ABHD17A+ctrl,trishift_pearson_delta,0.18173236338786924,,20
ABHD17A+ctrl,systema_pearson,0.096516275649025526,,20
ACTR10+ctrl,txpert_macro_pearson_delta,,constant_vector,5000
ACTR10+ctrl,trishift_pearson_delta,0.58207144011232859,,20
ACTR10+ctrl,systema_pearson,-0.85727650908793296,,20
ADAT3+ctrl,txpert_macro_pearson_delta,,constant_vector,5000
ADAT3+ctrl,trishift_pearson_delta,0.65364891125694169,,20
ADAT3+ctrl,systema_pearson,0.75282940217755201,,20
AGBL5+ctrl,txpert_macro_pearson_delta,,constant_vector,5000
AGBL5+ctrl,trishift_pearson_delta,-0.15238530599275715,,20
AGBL5+ctrl,systema_pearson,-0.021313113717049265,,20
AKIRIN2+ctrl,txpert_macro_pearson_delta,,constant_vector,5000
AKIRIN2+ctrl,trishift_pearson_delta,-0.57660331473538151,,20
AKIRIN2+ctrl,systema_pearson,-0.39225452779572362,,20
ALDOA+ctrl,txpert_macro_pearson_delta,,constant_vector,5000
ALDOA+ctrl,trishift_pearson_delta,0.04803875211414476,,20
ALDOA+ctrl,systema_pearson,0.67271795294790182,,20
ALG14+ctrl,txpert_macro_pearson_delta,,constant_vector,5000
ALG14+ctrl,trishift_pearson_delta,0.39371886447401655,,20
ALG14+ctrl,systema_pearson,0.042745772533972506,,20
ALYREF+ctrl,txpert_macro_pearson_delta,,constant_vector,5000
ALYREF+ctrl,trishift_pearson_delta,-0.23445472469461068,,20
ALYREF+ctrl,systema_pearson,-0.014377531086793878,,20
ANAPC11+ctrl,txpert_macro_pearson_delta,,constant_vector,5000
ANAPC11+ctrl,trishift_pearson_delta,0.18726969873398974,,20
ANAPC11+ctrl,systema_pearson,-0.12274338943179812,,20
ANAPC15+ctrl,txpert_macro_pearson_delta,,constant_vector,5000
ANAPC15+ctrl,trishift_pearson_delta,0.45977955726998387,,20
ANAPC15+ctrl,systema_pearson,0.65388584747191747,,20
ANAPC4+ctrl,txpert_macro_pearson_delta,,constant_vector,5000
ANAPC4+ctrl,trishift_pearson_delta,-0.16108694583224353,,20
ANAPC4+ctrl,systema_pearson,-0.14224640955281678,,20
ANKLE2+ctrl,txpert_macro_pearson_delta,,constant_vector,5000
ANKLE2+ctrl,trishift_pearson_delta,-0.022816761262844421,,20
ANKLE2+ctrl,systema_pearson,0.87794602900981211,,20
ANKRD11+ctrl,txpert_macro_pearson_delta,,constant_vector,5000
ANKRD11+ctrl,trishift_pearson_delta,-0.28221078008897865,,19
ANKRD11+ctrl,systema_pearson,-0.35624286053823051,,19
ANKS6+ctrl,txpert_macro_pearson_delta,,constant_vector,5000
ANKS6+ctrl,trishift_pearson_delta,0.61481980086147348,,20
ANKS6+ctrl,systema_pearson,0.80662477532751775,,20
AP2A1+ctrl,txpert_macro_pearson_delta,,constant_vector,5000
AP2A1+ctrl,trishift_pearson_delta,-0.83490869293535896,,20
AP2A1+ctrl,systema_pearson,-0.89585303191205645,,20
ARHGAP6+ctrl,txpert_macro_pearson_delta,,constant_vector,5000
ARHGAP6+ctrl,trishift_pearson_delta,-0.46594527371581629,,20
ARHGAP6+ctrl,systema_pearson,-0.79616588304806812,,20
ARL4D+ctrl,txpert_macro_pearson_delta,,constant_vector,5000
ARL4D+ctrl,trishift_pearson_delta,-0.020377877010907427,,20
ARL4D+ctrl,systema_pearson,-0.53521175896575079,,20
ARPC1B+ctrl,txpert_macro_pearson_delta,,constant_vector,5000
ARPC1B+ctrl,trishift_pearson_delta,0.13303600612510899,,20
ARPC1B+ctrl,systema_pearson,-0.93912925318855767,,20
ARRB2+ctrl,txpert_macro_pearson_delta,,constant_vector,5000
ARRB2+ctrl,trishift_pearson_delta,0.86469000443321253,,20
ARRB2+ctrl,systema_pearson,-0.7497296059760804,,20
ATF5+ctrl,txpert_macro_pearson_delta,,constant_vector,5000
ATF5+ctrl,trishift_pearson_delta,0.85535834096334618,,20
ATF5+ctrl,systema_pearson,-0.84168276650631202,,20
ATL2+ctrl,txpert_macro_pearson_delta,,constant_vector,5000
ATL2+ctrl,trishift_pearson_delta,-0.26895512849456354,,20
ATL2+ctrl,systema_pearson,-0.24685173157258267,,20
ATP5PD+ctrl,txpert_macro_pearson_delta,,constant_vector,5000
ATP5PD+ctrl,trishift_pearson_delta,0.2733192850069795,,20
ATP5PD+ctrl,systema_pearson,-0.60896427927650987,,20
ATP6V1C1+ctrl,txpert_macro_pearson_delta,,constant_vector,5000
ATP6V1C1+ctrl,trishift_pearson_delta,0.31169314995748054,,20
ATP6V1C1+ctrl,systema_pearson,-0.029567541677643319,,20
ATP6V1G1+ctrl,txpert_macro_pearson_delta,,constant_vector,5000
ATP6V1G1+ctrl,trishift_pearson_delta,-0.15683421042050641,,20
ATP6V1G1+ctrl,systema_pearson,0.48461676845336732,,20
AURKAIP1+ctrl,txpert_macro_pearson_delta,,constant_vector,5000
AURKAIP1+ctrl,trishift_pearson_delta,0.38871728156146468,,20
AURKAIP1+ctrl,systema_pearson,0.40890268939805069,,20
BDP1+ctrl,txpert_macro_pearson_delta,,constant_vector,5000
BDP1+ctrl,trishift_pearson_delta,-0.58110414159824686,,20
BDP1+ctrl,systema_pearson,-0.71100119698041087,,20
BOP1+ctrl,txpert_macro_pearson_delta,,constant_vector,5000
BOP1+ctrl,trishift_pearson_delta,0.070346110309672097,,20
BOP1+ctrl,systema_pearson,-0.94350415014760092,,20
BRCA2+ctrl,txpert_macro_pearson_delta,,constant_vector,5000
BRCA2+ctrl,trishift_pearson_delta,-0.20115947420438079,,20
BRCA2+ctrl,systema_pearson,-0.22967716571704955,,20
BRF1+ctrl,txpert_macro_pearson_delta,,constant_vector,5000
BRF1+ctrl,trishift_pearson_delta,-0.28553007399068647,,20
BRF1+ctrl,systema_pearson,-0.45724455081517179,,20
BRIP1+ctrl,txpert_macro_pearson_delta,,constant_vector,5000
BRIP1+ctrl,trishift_pearson_delta,-0.46566038011265354,,20
BRIP1+ctrl,systema_pearson,-0.12378197717056434,,20
BTF3+ctrl,txpert_macro_pearson_delta,,constant_vector,5000
BTF3+ctrl,trishift_pearson_delta,-0.14387706210763004,,20
BTF3+ctrl,systema_pearson,-0.38780196892286312,,20
BTF3L4+ctrl,txpert_macro_pearson_delta,,constant_vector,5000
BTF3L4+ctrl,trishift_pearson_delta,3.6707116499029342e-05,,20
BTF3L4+ctrl,systema_pearson,0.015705922658954988,,20
BUB1+ctrl,txpert_macro_pearson_delta,,constant_vector,5000
BUB1+ctrl,trishift_pearson_delta,-0.19272115397152637,,20
BUB1+ctrl,systema_pearson,0.013399378525480307,,20
BUB1B+ctrl,txpert_macro_pearson_delta,,constant_vector,5000
BUB1B+ctrl,trishift_pearson_delta,-0.127182822494639,,20
BUB1B+ctrl,systema_pearson,0.19760026191367075,,20
BUB3+ctrl,txpert_macro_pearson_delta,,constant_vector,5000
BUB3+ctrl,trishift_pearson_delta,0.083007902871221312,,20
BUB3+ctrl,systema_pearson,0.30083692482664304,,20
BUD13+ctrl,txpert_macro_pearson_delta,,constant_vector,5000
BUD13+ctrl,trishift_pearson_delta,-0.26581220398669231,,20
BUD13+ctrl,systema_pearson,-0.39957875352350519,,20
BYSL+ctrl,txpert_macro_pearson_delta,,constant_vector,5000
BYSL+ctrl,trishift_pearson_delta,-0.41617493470222583,,20
BYSL+ctrl,systema_pearson,-0.97466096219387288,,20
C6orf15+ctrl,txpert_macro_pearson_delta,,constant_vector,5000
C6orf15+ctrl,trishift_pearson_delta,0.22404550256202621,,20
C6orf15+ctrl,systema_pearson,-0.015968552340872098,,20
C7orf26+ctrl,txpert_macro_pearson_delta,,constant_vector,5000
C7orf26+ctrl,trishift_pearson_delta,0.098649362546167699,,20
C7orf26+ctrl,systema_pearson,-0.18783157158282235,,20
CABIN1+ctrl,txpert_macro_pearson_delta,,constant_vector,5000
CABIN1+ctrl,trishift_pearson_delta,-0.45676112020804555,,20
CABIN1+ctrl,systema_pearson,-0.46132320649437791,,20
CACTIN+ctrl,txpert_macro_pearson_delta,,constant_vector,5000
CACTIN+ctrl,trishift_pearson_delta,-0.01359278801803129,,20
CACTIN+ctrl,systema_pearson,-0.63418561515875316,,20
CAMLG+ctrl,txpert_macro_pearson_delta,,constant_vector,5000
CAMLG+ctrl,trishift_pearson_delta,0.14273801934161517,,20
CAMLG+ctrl,systema_pearson,-0.029733710034798858,,20
CBX1+ctrl,txpert_macro_pearson_delta,,constant_vector,5000
CBX1+ctrl,trishift_pearson_delta,0.02689926630699099,,20
CBX1+ctrl,systema_pearson,-0.286063686044712,,20
CCDC115+ctrl,txpert_macro_pearson_delta,,constant_vector,5000
CCDC115+ctrl,trishift_pearson_delta,0.60666377401161553,,20
CCDC115+ctrl,systema_pearson,0.95611709582511251,,20
CCDC144NL+ctrl,txpert_macro_pearson_delta,,constant_vector,5000
CCDC144NL+ctrl,trishift_pearson_delta,0.15756370575746553,,20
CCDC144NL+ctrl,systema_pearson,0.60536426303838209,,20
CCNQ+ctrl,txpert_macro_pearson_delta,,constant_vector,5000
CCNQ+ctrl,trishift_pearson_delta,-0.70423519346485208,,20
CCNQ+ctrl,systema_pearson,-0.87428639539749009,,20
CCP110+ctrl,txpert_macro_pearson_delta,,constant_vector,5000
CCP110+ctrl,trishift_pearson_delta,0.18489246257134129,,20
CCP110+ctrl,systema_pearson,0.73176742017972607,,20
CCT2+ctrl,txpert_macro_pearson_delta,,constant_vector,5000
CCT2+ctrl,trishift_pearson_delta,0.48680437011380634,,20
CCT2+ctrl,systema_pearson,-0.96657241400008043,,20
CDC42+ctrl,txpert_macro_pearson_delta,,constant_vector,5000
CDC42+ctrl,trishift_pearson_delta,-0.18740477824228866,,19
CDC42+ctrl,systema_pearson,0.086520936460022999,,19
CDC7+ctrl,txpert_macro_pearson_delta,,constant_vector,5000
CDC7+ctrl,trishift_pearson_delta,-0.73219839660692443,,20
CDC7+ctrl,systema_pearson,-0.85416928969464501,,20
CDIPT+ctrl,txpert_macro_pearson_delta,,constant_vector,5000
CDIPT+ctrl,trishift_pearson_delta,-0.071652028098010065,,20
CDIPT+ctrl,systema_pearson,0.6118537505090178,,20
CDK7+ctrl,txpert_macro_pearson_delta,,constant_vector,5000
CDK7+ctrl,trishift_pearson_delta,0.46957883804647854,,20
CDK7+ctrl,systema_pearson,0.063853886508753593,,20
CEBPG+ctrl,txpert_macro_pearson_delta,,constant_vector,5000
CEBPG+ctrl,trishift_pearson_delta,-0.81662952379731013,,20
CEBPG+ctrl,systema_pearson,-0.69287395948825237,,20
CEBPZ+ctrl,txpert_macro_pearson_delta,,constant_vector,5000
CEBPZ+ctrl,trishift_pearson_delta,-0.46430695371273212,,20
CEBPZ+ctrl,systema_pearson,-0.95852205010564051,,20
CENPA+ctrl,txpert_macro_pearson_delta,,constant_vector,5000
CENPA+ctrl,trishift_pearson_delta,0.43687232255901998,,20
CENPA+ctrl,systema_pearson,-0.27259088853545532,,20
CENPI+ctrl,txpert_macro_pearson_delta,,constant_vector,5000
CENPI+ctrl,trishift_pearson_delta,0.68261138475420202,,20
CENPI+ctrl,systema_pearson,-0.96823761031562283,,20
CENPJ+ctrl,txpert_macro_pearson_delta,,constant_vector,5000
CENPJ+ctrl,trishift_pearson_delta,-0.14000377601609251,,20
CENPJ+ctrl,systema_pearson,-0.64580463007618438,,20
CENPT+ctrl,txpert_macro_pearson_delta,,constant_vector,5000
CENPT+ctrl,trishift_pearson_delta,0.18025923024334964,,20
CENPT+ctrl,systema_pearson,-0.44179289051275211,,20
CEP152+ctrl,txpert_macro_pearson_delta,,constant_vector,5000
CEP152+ctrl,trishift_pearson_delta,-0.046612604485003178,,20
CEP152+ctrl,systema_pearson,0.046356794075098351,,20
CEP68+ctrl,txpert_macro_pearson_delta,,constant_vector,5000
CEP68+ctrl,trishift_pearson_delta,-0.2904254512238606,,20
CEP68+ctrl,systema_pearson,-0.16938755394449231,,20
CHCHD1+ctrl,txpert_macro_pearson_delta,,constant_vector,5000
CHCHD1+ctrl,trishift_pearson_delta,0.074187506151487212,,20
CHCHD1+ctrl,systema_pearson,0.51023051440943734,,20
CHCHD2+ctrl,txpert_macro_pearson_delta,,constant_vector,5000
CHCHD2+ctrl,trishift_pearson_delta,-0.22691739449530648,,20
CHCHD2+ctrl,systema_pearson,-0.25187375253230154,,20
CHD4+ctrl,txpert_macro_pearson_delta,,constant_vector,5000
CHD4+ctrl,trishift_pearson_delta,0.22822820506754557,,20
CHD4+ctrl,systema_pearson,0.34444732177252319,,20
CHMP2A+ctrl,txpert_macro_pearson_delta,,constant_vector,5000
CHMP2A+ctrl,trishift_pearson_delta,-0.098015354736225233,,20
CHMP2A+ctrl,systema_pearson,0.34388412448157313,,20
CHMP3+ctrl,txpert_macro_pearson_delta,,constant_vector,5000
CHMP3+ctrl,trishift_pearson_delta,-0.062377431796425631,,20
CHMP3+ctrl,systema_pearson,-0.10191561977679689,,20
CHTF18+ctrl,txpert_macro_pearson_delta,,constant_vector,5000
CHTF18+ctrl,trishift_pearson_delta,-0.40357837059548185,,20
CHTF18+ctrl,systema_pearson,-0.32430714694425727,,20
CHTOP+ctrl,txpert_macro_pearson_delta,,constant_vector,5000
CHTOP+ctrl,trishift_pearson_delta,-0.14700707778475669,,20
CHTOP+ctrl,systema_pearson,-0.27995511069321144,,20
CLPB+ctrl,txpert_macro_pearson_delta,,constant_vector,5000
CLPB+ctrl,trishift_pearson_delta,-0.05513944305170905,,20
CLPB+ctrl,systema_pearson,-0.086116847193677293,,20
CMTR2+ctrl,txpert_macro_pearson_delta,,constant_vector,5000
CMTR2+ctrl,trishift_pearson_delta,0.23495457893420651,,20
CMTR2+ctrl,systema_pearson,0.14067716323872698,,20
CNOT1+ctrl,txpert_macro_pearson_delta,,constant_vector,5000
CNOT1+ctrl,trishift_pearson_delta,-0.069593443177802014,,20
CNOT1+ctrl,systema_pearson,-0.52447209532720018,,20
CNOT11+ctrl,txpert_macro_pearson_delta,,constant_vector,5000
CNOT11+ctrl,trishift_pearson_delta,-0.19441744826709892,,20
CNOT11+ctrl,systema_pearson,0.96813840692755504,,20
COG3+ctrl,txpert_macro_pearson_delta,,constant_vector,5000
COG3+ctrl,trishift_pearson_delta,-0.27601282403119498,,20
COG3+ctrl,systema_pearson,0.23965129523275516,,20
COPB1+ctrl,txpert_macro_pearson_delta,,constant_vector,5000
COPB1+ctrl,trishift_pearson_delta,-0.42637954177961995,,20
COPB1+ctrl,systema_pearson,-0.88868523988242176,,20
COPS4+ctrl,txpert_macro_pearson_delta,,constant_vector,5000
COPS4+ctrl,trishift_pearson_delta,-0.17772715178917373,,20
COPS4+ctrl,systema_pearson,-0.68673470203501019,,20
COPZ1+ctrl,txpert_macro_pearson_delta,,constant_vector,5000
COPZ1+ctrl,trishift_pearson_delta,0.19283782172276964,,20
COPZ1+ctrl,systema_pearson,0.22658041474345983,,20
COQ4+ctrl,txpert_macro_pearson_delta,,constant_vector,5000
COQ4+ctrl,trishift_pearson_delta,-0.59102161799506758,,20
COQ4+ctrl,systema_pearson,-0.46561006625447976,,20
COX11+ctrl,txpert_macro_pearson_delta,,constant_vector,5000
COX11+ctrl,trishift_pearson_delta,-0.53013318302517609,,20
COX11+ctrl,systema_pearson,-0.43906428013648741,,20
COX5A+ctrl,txpert_macro_pearson_delta,,constant_vector,5000
COX5A+ctrl,trishift_pearson_delta,-0.24100710420573404,,20
COX5A+ctrl,systema_pearson,-0.58593061267966196,,20
CPEB1+ctrl,txpert_macro_pearson_delta,,constant_vector,5000
CPEB1+ctrl,trishift_pearson_delta,-0.57142073594747878,,20
CPEB1+ctrl,systema_pearson,-0.8721250765987012,,20
CPNE7+ctrl,txpert_macro_pearson_delta,,constant_vector,5000
CPNE7+ctrl,trishift_pearson_delta,-0.42323687999074705,,20
CPNE7+ctrl,systema_pearson,-0.4065747625779832,,20
CRCP+ctrl,txpert_macro_pearson_delta,,constant_vector,5000
CRCP+ctrl,trishift_pearson_delta,-0.069261739742471157,,20
CRCP+ctrl,systema_pearson,0.11236641492270319,,20
CRLS1+ctrl,txpert_macro_pearson_delta,,constant_vector,5000
CRLS1+ctrl,trishift_pearson_delta,-0.16991780902881967,,20
CRLS1+ctrl,systema_pearson,0.3274639421923069,,20
CSTF3+ctrl,txpert_macro_pearson_delta,,constant_vector,5000
CSTF3+ctrl,trishift_pearson_delta,-0.08361618699905364,,20
CSTF3+ctrl,systema_pearson,-0.61588965913808702,,20
CTBP2+ctrl,txpert_macro_pearson_delta,,constant_vector,5000
CTBP2+ctrl,trishift_pearson_delta,-0.472500441161257,,20
CTBP2+ctrl,systema_pearson,0.52927467463025513,,20
CTR9+ctrl,txpert_macro_pearson_delta,,constant_vector,5000
CTR9+ctrl,trishift_pearson_delta,0.42976734022503088,,20
CTR9+ctrl,systema_pearson,-0.095187712936951843,,20
CWC15+ctrl,txpert_macro_pearson_delta,,constant_vector,5000
CWC15+ctrl,trishift_pearson_delta,0.21334784233711418,,20
CWC15+ctrl,systema_pearson,-0.20157512167036662,,20
CWC22+ctrl,txpert_macro_pearson_delta,,constant_vector,5000
CWC22+ctrl,trishift_pearson_delta,0.083299457010862485,,20
CWC22+ctrl,systema_pearson,-0.60607769331927253,,20
CWC25+ctrl,txpert_macro_pearson_delta,,constant_vector,5000
CWC25+ctrl,trishift_pearson_delta,0.093478539796032309,,20
CWC25+ctrl,systema_pearson,0.22283905734078241,,20
CXXC1+ctrl,txpert_macro_pearson_delta,,constant_vector,5000
CXXC1+ctrl,trishift_pearson_delta,-0.17122070170495871,,20
CXXC1+ctrl,systema_pearson,-0.91524505398041289,,20
CYP2A13+ctrl,txpert_macro_pearson_delta,,constant_vector,5000
CYP2A13+ctrl,trishift_pearson_delta,-0.15498734109874934,,20
CYP2A13+ctrl,systema_pearson,-0.10089212299770668,,20
DAD1+ctrl,txpert_macro_pearson_delta,,constant_vector,5000
DAD1+ctrl,trishift_pearson_delta,0.080071760035054007,,19
DAD1+ctrl,systema_pearson,-0.7278799601330217,,19
DAP3+ctrl,txpert_macro_pearson_delta,,constant_vector,5000
DAP3+ctrl,trishift_pearson_delta,-0.731769544200078,,20
DAP3+ctrl,systema_pearson,0.23484568766806541,,20
DAXX+ctrl,txpert_macro_pearson_delta,,constant_vector,5000
DAXX+ctrl,trishift_pearson_delta,-0.049668078937618119,,20
DAXX+ctrl,systema_pearson,-0.49002697909551785,,20
DBR1+ctrl,txpert_macro_pearson_delta,,constant_vector,5000
DBR1+ctrl,trishift_pearson_delta,-0.28983177318839526,,20
DBR1+ctrl,systema_pearson,0.59576771933295392,,20
DCTN1+ctrl,txpert_macro_pearson_delta,,constant_vector,5000
DCTN1+ctrl,trishift_pearson_delta,-0.58547496876129179,,20
DCTN1+ctrl,systema_pearson,-0.66244072247440544,,20
DCUN1D5+ctrl,txpert_macro_pearson_delta,,constant_vector,5000
DCUN1D5+ctrl,trishift_pearson_delta,0.8788319254157213,,20
DCUN1D5+ctrl,systema_pearson,-0.9235587639103392,,20
DDX10+ctrl,txpert_macro_pearson_delta,,constant_vector,5000
DDX10+ctrl,trishift_pearson_delta,0.73092750455907074,,20
DDX10+ctrl,systema_pearson,-0.87243296169488704,,20
DDX19A+ctrl,txpert_macro_pearson_delta,,constant_vector,5000
DDX19A+ctrl,trishift_pearson_delta,0.13034357603143737,,20
DDX19A+ctrl,systema_pearson,0.72712381208587862,,20
DDX24+ctrl,txpert_macro_pearson_delta,,constant_vector,5000
DDX24+ctrl,trishift_pearson_delta,-0.36842242745740511,,20
DDX24+ctrl,systema_pearson,-0.83382247631399131,,20
DDX27+ctrl,txpert_macro_pearson_delta,,constant_vector,5000
DDX27+ctrl,trishift_pearson_delta,-0.16105507894871365,,20
DDX27+ctrl,systema_pearson,-0.97187679926420478,,20
DDX41+ctrl,txpert_macro_pearson_delta,,constant_vector,5000
DDX41+ctrl,trishift_pearson_delta,-0.12001209754924173,,20
DDX41+ctrl,systema_pearson,-0.68452868789704058,,20
DDX46+ctrl,txpert_macro_pearson_delta,,constant_vector,5000
DDX46+ctrl,trishift_pearson_delta,0.069173912585131989,,20
DDX46+ctrl,systema_pearson,-0.67891214989381843,,20
DDX5+ctrl,txpert_macro_pearson_delta,,constant_vector,5000
DDX5+ctrl,trishift_pearson_delta,0.12129038949495373,,20
DDX5+ctrl,systema_pearson,-0.47519511432061606,,20
DDX51+ctrl,txpert_macro_pearson_delta,,constant_vector,5000
DDX51+ctrl,trishift_pearson_delta,0.59845324819375678,,20
DDX51+ctrl,systema_pearson,-0.94777816431180262,,20
DDX56+ctrl,txpert_macro_pearson_delta,,constant_vector,5000
DDX56+ctrl,trishift_pearson_delta,0.50279207454433961,,20
DDX56+ctrl,systema_pearson,-0.93307088772131186,,20
DESI1+ctrl,txpert_macro_pearson_delta,,constant_vector,5000
DESI1+ctrl,trishift_pearson_delta,-0.65537942315017872,,20
DESI1+ctrl,systema_pearson,0.05229982781995654,,20
DHDDS+ctrl,txpert_macro_pearson_delta,,constant_vector,5000
DHDDS+ctrl,trishift_pearson_delta,-0.057612755106159638,,20
DHDDS+ctrl,systema_pearson,-0.25678495080003449,,20
DHFR+ctrl,txpert_macro_pearson_delta,,constant_vector,5000
DHFR+ctrl,trishift_pearson_delta,0.51666058791930169,,20
DHFR+ctrl,systema_pearson,0.11446188377380687,,20
DHX15+ctrl,txpert_macro_pearson_delta,,constant_vector,5000
DHX15+ctrl,trishift_pearson_delta,-0.22744323179325357,,20
DHX15+ctrl,systema_pearson,-0.63232842487564722,,20
DHX29+ctrl,txpert_macro_pearson_delta,,constant_vector,5000
DHX29+ctrl,trishift_pearson_delta,-0.15486153534893451,,20
DHX29+ctrl,systema_pearson,-0.30754763783659522,,20
DNAAF3+ctrl,txpert_macro_pearson_delta,,constant_vector,5000
DNAAF3+ctrl,trishift_pearson_delta,0.15294588012118424,,20
DNAAF3+ctrl,systema_pearson,0.11556507111866285,,20
DNAJC11+ctrl,txpert_macro_pearson_delta,,constant_vector,5000
DNAJC11+ctrl,trishift_pearson_delta,0.5057789116554896,,20
DNAJC11+ctrl,systema_pearson,0.50195339722374532,,20
DNAJC17+ctrl,txpert_macro_pearson_delta,,constant_vector,5000
DNAJC17+ctrl,trishift_pearson_delta,0.33717230145782695,,20
DNAJC17+ctrl,systema_pearson,-0.69874052040050971,,20
DNAJC9+ctrl,txpert_macro_pearson_delta,,constant_vector,5000
DNAJC9+ctrl,trishift_pearson_delta,0.13453501357060846,,20
DNAJC9+ctrl,systema_pearson,-0.74489362962331462,,20
DNLZ+ctrl,txpert_macro_pearson_delta,,constant_vector,5000
DNLZ+ctrl,trishift_pearson_delta,0.2907322158175894,,20
DNLZ+ctrl,systema_pearson,0.94885708578718575,,20
DNM1L+ctrl,txpert_macro_pearson_delta,,constant_vector,5000
DNM1L+ctrl,trishift_pearson_delta,0.031284303607691077,,20
DNM1L+ctrl,systema_pearson,0.15670802981466778,,20
DNMT1+ctrl,txpert_macro_pearson_delta,,constant_vector,5000
DNMT1+ctrl,trishift_pearson_delta,-0.27546128427972011,,20
DNMT1+ctrl,systema_pearson,-0.034742653161331752,,20
DNTTIP2+ctrl,txpert_macro_pearson_delta,,constant_vector,5000
DNTTIP2+ctrl,trishift_pearson_delta,0.1679074705444277,,20
DNTTIP2+ctrl,systema_pearson,-0.87229477490297236,,20
DONSON+ctrl,txpert_macro_pearson_delta,,constant_vector,5000
DONSON+ctrl,trishift_pearson_delta,-0.39743371363729418,,20
DONSON+ctrl,systema_pearson,-0.1247909901060763,,20
DPH1+ctrl,txpert_macro_pearson_delta,,constant_vector,5000
DPH1+ctrl,trishift_pearson_delta,0.096844000256302146,,20
DPH1+ctrl,systema_pearson,-0.29351600977069181,,20
DPH6+ctrl,txpert_macro_pearson_delta,,constant_vector,5000
DPH6+ctrl,trishift_pearson_delta,-0.51469613440047801,,20
DPH6+ctrl,systema_pearson,-0.12662967810343023,,20
DPY19L4+ctrl,txpert_macro_pearson_delta,,constant_vector,5000
DPY19L4+ctrl,trishift_pearson_delta,0.51824438510014215,,20
DPY19L4+ctrl,systema_pearson,-0.62878404646604014,,20
DYNLL1+ctrl,txpert_macro_pearson_delta,,constant_vector,5000
DYNLL1+ctrl,trishift_pearson_delta,-0.21226627029718731,,19
DYNLL1+ctrl,systema_pearson,-0.77151640226404739,,19
EEF1A1+ctrl,txpert_macro_pearson_delta,,constant_vector,5000
EEF1A1+ctrl,trishift_pearson_delta,0.2134095245484125,,20
EEF1A1+ctrl,systema_pearson,0.61251845163617757,,20
EEF1B2+ctrl,txpert_macro_pearson_delta,,constant_vector,5000
EEF1B2+ctrl,trishift_pearson_delta,-0.17367236394109054,,19
EEF1B2+ctrl,systema_pearson,0.27326689739869275,,19
EEF1G+ctrl,txpert_macro_pearson_delta,,constant_vector,5000
EEF1G+ctrl,trishift_pearson_delta,0.83136314140179712,,20
EEF1G+ctrl,systema_pearson,0.76726272140005669,,20
EEF2+ctrl,txpert_macro_pearson_delta,,constant_vector,5000
EEF2+ctrl,trishift_pearson_delta,0.12493498370717006,,20
EEF2+ctrl,systema_pearson,-0.83928645221463405,,20
EHMT2+ctrl,txpert_macro_pearson_delta,,constant_vector,5000
EHMT2+ctrl,trishift_pearson_delta,-0.098820988389869996,,20
EHMT2+ctrl,systema_pearson,-0.58937497928700766,,20
EIF1+ctrl,txpert_macro_pearson_delta,,constant_vector,5000
EIF1+ctrl,trishift_pearson_delta,-0.39911872022851252,,19
EIF1+ctrl,systema_pearson,0.41174520302510403,,19
EIF1AD+ctrl,txpert_macro_pearson_delta,,constant_vector,5000
EIF1AD+ctrl,trishift_pearson_delta,-0.40668491635769105,,20
EIF1AD+ctrl,systema_pearson,-0.33137039130254625,,20
EIF3A+ctrl,txpert_macro_pearson_delta,,constant_vector,5000
EIF3A+ctrl,trishift_pearson_delta,0.41086209212662322,,20
EIF3A+ctrl,systema_pearson,-0.95613821290609269,,20
EIF3L+ctrl,txpert_macro_pearson_delta,,constant_vector,5000
EIF3L+ctrl,trishift_pearson_delta,0.56145508935992694,,20
EIF3L+ctrl,systema_pearson,-0.15178635735408569,,20
EIF4B+ctrl,txpert_macro_pearson_delta,,constant_vector,5000
EIF4B+ctrl,trishift_pearson_delta,0.3527651655871899,,19
EIF4B+ctrl,systema_pearson,0.49406566863618279,,19
EIF4E+ctrl,txpert_macro_pearson_delta,,constant_vector,5000
EIF4E+ctrl,trishift_pearson_delta,-0.42627153188461075,,20
EIF4E+ctrl,systema_pearson,-0.74791023690335656,,20
EIF4G2+ctrl,txpert_macro_pearson_delta,,constant_vector,5000
EIF4G2+ctrl,trishift_pearson_delta,-0.029960162459520708,,20
EIF4G2+ctrl,systema_pearson,0.40888653935213853,,20
EIF5+ctrl,txpert_macro_pearson_delta,,constant_vector,5000
EIF5+ctrl,trishift_pearson_delta,0.22571741352869945,,19
EIF5+ctrl,systema_pearson,-0.45559307349570061,,19
EIF5A+ctrl,txpert_macro_pearson_delta,,constant_vector,5000
EIF5A+ctrl,trishift_pearson_delta,0.58463989457273924,,20
EIF5A+ctrl,systema_pearson,-0.84013218825829727,,20
ELOF1+ctrl,txpert_macro_pearson_delta,,constant_vector,5000
ELOF1+ctrl,trishift_pearson_delta,0.59223774710347399,,20
ELOF1+ctrl,systema_pearson,0.15617184738772244,,20
ELP4+ctrl,txpert_macro_pearson_delta,,constant_vector,5000
ELP4+ctrl,trishift_pearson_delta,0.58689751543868884,,20
ELP4+ctrl,systema_pearson,-0.82150634564805569,,20
ELP6+ctrl,txpert_macro_pearson_delta,,constant_vector,5000
ELP6+ctrl,trishift_pearson_delta,-0.41882929182637396,,20
ELP6+ctrl,systema_pearson,-0.054345223388311444,,20
EMC1+ctrl,txpert_macro_pearson_delta,,constant_vector,5000
EMC1+ctrl,trishift_pearson_delta,-0.67948830909333391,,20
EMC1+ctrl,systema_pearson,-0.84148165497535132,,20
EP400+ctrl,txpert_macro_pearson_delta,,constant_vector,5000
EP400+ctrl,trishift_pearson_delta,0.071670212942167896,,20
EP400+ctrl,systema_pearson,0.13355954265928022,,20
ERCC3+ctrl,txpert_macro_pearson_delta,,constant_vector,5000
ERCC3+ctrl,trishift_pearson_delta,0.29342943663967447,,20
ERCC3+ctrl,systema_pearson,0.083156643078044601,,20
ESYT2+ctrl,txpert_macro_pearson_delta,,constant_vector,5000
ESYT2+ctrl,trishift_pearson_delta,-0.38454967724530509,,20
ESYT2+ctrl,systema_pearson,-0.72642871163446066,,20
EXOC4+ctrl,txpert_macro_pearson_delta,,constant_vector,5000
EXOC4+ctrl,trishift_pearson_delta,-0.28666552790340966,,20
EXOC4+ctrl,systema_pearson,-0.25911017989093849,,20
EXOC5+ctrl,txpert_macro_pearson_delta,,constant_vector,5000
EXOC5+ctrl,trishift_pearson_delta,-0.1541376442651822,,20
EXOC5+ctrl,systema_pearson,0.051575453964851269,,20
EXOSC8+ctrl,txpert_macro_pearson_delta,,constant_vector,5000
EXOSC8+ctrl,trishift_pearson_delta,0.46573698152115844,,20
EXOSC8+ctrl,systema_pearson,-0.50752826905718451,,20
FAM102B+ctrl,txpert_macro_pearson_delta,,constant_vector,5000
FAM102B+ctrl,trishift_pearson_delta,0.25406383079224965,,20
FAM102B+ctrl,systema_pearson,-0.66164840569358863,,20
FAM136A+ctrl,txpert_macro_pearson_delta,,constant_vector,5000
FAM136A+ctrl,trishift_pearson_delta,0.09333767627309443,,20
FAM136A+ctrl,systema_pearson,-0.34983340285442527,,20
FAM207A+ctrl,txpert_macro_pearson_delta,,constant_vector,5000
FAM207A+ctrl,trishift_pearson_delta,0.54550242555474671,,20
FAM207A+ctrl,systema_pearson,0.60488390598077491,,20
FAM229A+ctrl,txpert_macro_pearson_delta,,constant_vector,5000
FAM229A+ctrl,trishift_pearson_delta,0.20323324522680697,,20
FAM229A+ctrl,systema_pearson,0.28098582238389264,,20
FAU+ctrl,txpert_macro_pearson_delta,,constant_vector,5000
FAU+ctrl,trishift_pearson_delta,-0.15965683686486551,,20
FAU+ctrl,systema_pearson,-0.6164219317470766,,20
FBLIM1+ctrl,txpert_macro_pearson_delta,,constant_vector,5000
FBLIM1+ctrl,trishift_pearson_delta,-0.39588839965346279,,20
FBLIM1+ctrl,systema_pearson,0.95608854468294724,,20
FCF1+ctrl,txpert_macro_pearson_delta,,constant_vector,5000
FCF1+ctrl,trishift_pearson_delta,0.37382398520672311,,20
FCF1+ctrl,systema_pearson,-0.80109918082327514,,20
FDPS+ctrl,txpert_macro_pearson_delta,,constant_vector,5000
FDPS+ctrl,trishift_pearson_delta,-0.2717320077961784,,19
FDPS+ctrl,systema_pearson,-0.41693362182596633,,19
FEN1+ctrl,txpert_macro_pearson_delta,,constant_vector,5000
FEN1+ctrl,trishift_pearson_delta,0.40013332290744635,,20
FEN1+ctrl,systema_pearson,0.12049721819115108,,20
FGFR1OP+ctrl,txpert_macro_pearson_delta,,constant_vector,5000
FGFR1OP+ctrl,trishift_pearson_delta,0.20465648135486278,,20
FGFR1OP+ctrl,systema_pearson,-0.032717617995684525,,20
FNTB+ctrl,txpert_macro_pearson_delta,,constant_vector,5000
FNTB+ctrl,trishift_pearson_delta,0.31410780525558896,,20
FNTB+ctrl,systema_pearson,0.41621171577016292,,20
FOXD4+ctrl,txpert_macro_pearson_delta,,constant_vector,5000
FOXD4+ctrl,trishift_pearson_delta,-0.0021631438422957351,,20
FOXD4+ctrl,systema_pearson,0.053316336703907632,,20
GAB2+ctrl,txpert_macro_pearson_delta,,constant_vector,5000
GAB2+ctrl,trishift_pearson_delta,-0.5805631184665816,,20
GAB2+ctrl,systema_pearson,0.059465368526207603,,20
GARS+ctrl,txpert_macro_pearson_delta,,constant_vector,5000
GARS+ctrl,trishift_pearson_delta,0.22847530425346538,,20
GARS+ctrl,systema_pearson,-0.48432336805671505,,20
GATA1+ctrl,txpert_macro_pearson_delta,,constant_vector,5000
GATA1+ctrl,trishift_pearson_delta,0.056529980999490845,,20
GATA1+ctrl,systema_pearson,-0.10473384389064455,,20
GBF1+ctrl,txpert_macro_pearson_delta,,constant_vector,5000
GBF1+ctrl,trishift_pearson_delta,-0.19482974729753344,,20
GBF1+ctrl,systema_pearson,-0.90955525947740901,,20
GEMIN6+ctrl,txpert_macro_pearson_delta,,constant_vector,5000
GEMIN6+ctrl,trishift_pearson_delta,-0.41323334750764695,,20
GEMIN6+ctrl,systema_pearson,-0.63900056587003629,,20
GINS4+ctrl,txpert_macro_pearson_delta,,constant_vector,5000
GINS4+ctrl,trishift_pearson_delta,-0.039902186014841287,,20
GINS4+ctrl,systema_pearson,-0.87198881134214756,,20
GJA3+ctrl,txpert_macro_pearson_delta,,constant_vector,5000
GJA3+ctrl,trishift_pearson_delta,0.018232714697514384,,20
GJA3+ctrl,systema_pearson,0.035794702869114965,,20
GLB1+ctrl,txpert_macro_pearson_delta,,constant_vector,5000
GLB1+ctrl,trishift_pearson_delta,0.62895785831477857,,20
GLB1+ctrl,systema_pearson,-0.75283744513401896,,20
GOLT1B+ctrl,txpert_macro_pearson_delta,,constant_vector,5000
GOLT1B+ctrl,trishift_pearson_delta,-0.21616754890724357,,20
GOLT1B+ctrl,systema_pearson,-0.19227006568259253,,20
GON4L+ctrl,txpert_macro_pearson_delta,,constant_vector,5000
GON4L+ctrl,trishift_pearson_delta,-0.1726299599412387,,20
GON4L+ctrl,systema_pearson,-0.82826540648781855,,20
GOSR2+ctrl,txpert_macro_pearson_delta,,constant_vector,5000
GOSR2+ctrl,trishift_pearson_delta,-0.0055996075573724437,,20
GOSR2+ctrl,systema_pearson,-0.54390775555628168,,20
GPN3+ctrl,txpert_macro_pearson_delta,,constant_vector,5000
GPN3+ctrl,trishift_pearson_delta,-0.68915684303884339,,20
GPN3+ctrl,systema_pearson,-0.73847013862726185,,20
GPS1+ctrl,txpert_macro_pearson_delta,,constant_vector,5000
GPS1+ctrl,trishift_pearson_delta,0.074372180994548981,,20
GPS1+ctrl,systema_pearson,-0.52370018563150667,,20
GRSF1+ctrl,txpert_macro_pearson_delta,,constant_vector,5000
GRSF1+ctrl,trishift_pearson_delta,-0.49955529942797822,,20
GRSF1+ctrl,systema_pearson,0.29167262529095822,,20
GSK3B+ctrl,txpert_macro_pearson_delta,,constant_vector,5000
GSK3B+ctrl,trishift_pearson_delta,-0.143640748481449,,20
GSK3B+ctrl,systema_pearson,0.36040112474575287,,20
GTF2B+ctrl,txpert_macro_pearson_delta,,constant_vector,5000
GTF2B+ctrl,trishift_pearson_delta,0.63435015912680626,,20
GTF2B+ctrl,systema_pearson,0.575880041162393,,20
GTF2H2C+ctrl,txpert_macro_pearson_delta,,constant_vector,5000
GTF2H2C+ctrl,trishift_pearson_delta,-0.49214088915240528,,20
GTF2H2C+ctrl,systema_pearson,0.17202202399709166,,20
GTF3A+ctrl,txpert_macro_pearson_delta,,constant_vector,5000
GTF3A+ctrl,trishift_pearson_delta,-0.72638981832534832,,20
GTF3A+ctrl,systema_pearson,-0.87349643614450456,,20
GTF3C4+ctrl,txpert_macro_pearson_delta,,constant_vector,5000
GTF3C4+ctrl,trishift_pearson_delta,0.65468515841443875,,20
GTF3C4+ctrl,systema_pearson,0.30008477651248594,,20
GTF3C5+ctrl,txpert_macro_pearson_delta,,constant_vector,5000
GTF3C5+ctrl,trishift_pearson_delta,0.68577380242278407,,20
GTF3C5+ctrl,systema_pearson,0.69496738890017096,,20
H2AFX+ctrl,txpert_macro_pearson_delta,,constant_vector,5000
H2AFX+ctrl,trishift_pearson_delta,0.29763930180949116,,20
H2AFX+ctrl,systema_pearson,0.68254529290329036,,20
HAMP+ctrl,txpert_macro_pearson_delta,,constant_vector,5000
HAMP+ctrl,trishift_pearson_delta,-0.60474494004296364,,20
HAMP+ctrl,systema_pearson,-0.8553491645226351,,20
HARS2+ctrl,txpert_macro_pearson_delta,,constant_vector,5000
HARS2+ctrl,trishift_pearson_delta,0.42048123532736686,,20
HARS2+ctrl,systema_pearson,0.39199590938244661,,20
HAUS3+ctrl,txpert_macro_pearson_delta,,constant_vector,5000
HAUS3+ctrl,trishift_pearson_delta,0.1042512269177485,,20
HAUS3+ctrl,systema_pearson,-0.16011423579116352,,20
HAUS7+ctrl,txpert_macro_pearson_delta,,constant_vector,5000
HAUS7+ctrl,trishift_pearson_delta,0.1127770554018063,,20
HAUS7+ctrl,systema_pearson,-0.35950336814138656,,20
HBS1L+ctrl,txpert_macro_pearson_delta,,constant_vector,5000
HBS1L+ctrl,trishift_pearson_delta,0.065535953460289731,,20
HBS1L+ctrl,systema_pearson,0.30728593391937115,,20
HDAC7+ctrl,txpert_macro_pearson_delta,,constant_vector,5000
HDAC7+ctrl,trishift_pearson_delta,0.10439057890653305,,20
HDAC7+ctrl,systema_pearson,-0.84634222580154028,,20
HIST1H2AB+ctrl,txpert_macro_pearson_delta,,constant_vector,5000
HIST1H2AB+ctrl,trishift_pearson_delta,-0.69866953483069394,,20
HIST1H2AB+ctrl,systema_pearson,-0.42473256489809463,,20
HIST1H2BC+ctrl,txpert_macro_pearson_delta,,constant_vector,5000
HIST1H2BC+ctrl,trishift_pearson_delta,-0.20404795921127181,,20
HIST1H2BC+ctrl,systema_pearson,0.36524319008026057,,20
HIST1H2BL+ctrl,txpert_macro_pearson_delta,,constant_vector,5000
HIST1H2BL+ctrl,trishift_pearson_delta,0.4273161016054392,,20
HIST1H2BL+ctrl,systema_pearson,0.22667582437502853,,20
HIST1H2BM+ctrl,txpert_macro_pearson_delta,,constant_vector,5000
HIST1H2BM+ctrl,trishift_pearson_delta,0.0049244189108971458,,20
HIST1H2BM+ctrl,systema_pearson,0.35906905989253429,,20
HIST2H2BF+ctrl,txpert_macro_pearson_delta,,constant_vector,5000
HIST2H2BF+ctrl,trishift_pearson_delta,0.24459303676684666,,20
HIST2H2BF+ctrl,systema_pearson,0.36142015527015486,,20
HLA-C+ctrl,txpert_macro_pearson_delta,,constant_vector,5000
HLA-C+ctrl,trishift_pearson_delta,-0.38250025871577398,,20
HLA-C+ctrl,systema_pearson,-0.17113672063286373,,20
HMGB1+ctrl,txpert_macro_pearson_delta,,constant_vector,5000
HMGB1+ctrl,trishift_pearson_delta,-0.57403877144698479,,19
HMGB1+ctrl,systema_pearson,-0.77100205057801474,,19
HNRNPC+ctrl,txpert_macro_pearson_delta,,constant_vector,5000
HNRNPC+ctrl,trishift_pearson_delta,0.23929549247398638,,20
HNRNPC+ctrl,systema_pearson,-0.76416148911461468,,20
HNRNPL+ctrl,txpert_macro_pearson_delta,,constant_vector,5000
HNRNPL+ctrl,trishift_pearson_delta,0.26388241363219228,,20
HNRNPL+ctrl,systema_pearson,0.04255812007474933,,20
HNRNPR+ctrl,txpert_macro_pearson_delta,,constant_vector,5000
HNRNPR+ctrl,trishift_pearson_delta,0.23273306257818061,,19
HNRNPR+ctrl,systema_pearson,-0.41318856835397177,,19
HOXA3+ctrl,txpert_macro_pearson_delta,,constant_vector,5000
HOXA3+ctrl,trishift_pearson_delta,-0.2274867537601912,,20
HOXA3+ctrl,systema_pearson,-0.44841013963545456,,20
HSCB+ctrl,txpert_macro_pearson_delta,,constant_vector,5000
HSCB+ctrl,trishift_pearson_delta,0.55454237044023258,,20
HSCB+ctrl,systema_pearson,0.78818895950053247,,20
HSD17B12+ctrl,txpert_macro_pearson_delta,,constant_vector,5000
HSD17B12+ctrl,trishift_pearson_delta,0.028326723925114889,,20
HSD17B12+ctrl,systema_pearson,0.87338102160827391,,20
HSF1+ctrl,txpert_macro_pearson_delta,,constant_vector,5000
HSF1+ctrl,trishift_pearson_delta,0.31780259252179344,,20
HSF1+ctrl,systema_pearson,0.16181278053739784,,20
HSPA8+ctrl,txpert_macro_pearson_delta,,constant_vector,5000
HSPA8+ctrl,trishift_pearson_delta,-0.050581444413793475,,19
HSPA8+ctrl,systema_pearson,-0.55962098191406384,,19
HSPH1+ctrl,txpert_macro_pearson_delta,,constant_vector,5000
HSPH1+ctrl,trishift_pearson_delta,0.48510966191000315,,20
HSPH1+ctrl,systema_pearson,0.48631383467365852,,20
HTATSF1+ctrl,txpert_macro_pearson_delta,,constant_vector,5000
HTATSF1+ctrl,trishift_pearson_delta,-0.7916579546132636,,20
HTATSF1+ctrl,systema_pearson,-0.80791794565122599,,20
HYOU1+ctrl,txpert_macro_pearson_delta,,constant_vector,5000
HYOU1+ctrl,trishift_pearson_delta,0.51846583423567216,,20
HYOU1+ctrl,systema_pearson,-0.77109755701667604,,20
IARS+ctrl,txpert_macro_pearson_delta,,constant_vector,5000
IARS+ctrl,trishift_pearson_delta,-0.059319470272500591,,20
IARS+ctrl,systema_pearson,-0.57614442372384655,,20
ICE1+ctrl,txpert_macro_pearson_delta,,constant_vector,5000
ICE1+ctrl,trishift_pearson_delta,-0.21392821774014983,,20
ICE1+ctrl,systema_pearson,-0.69189493689937276,,20
IFITM3+ctrl,txpert_macro_pearson_delta,,constant_vector,5000
IFITM3+ctrl,trishift_pearson_delta,-0.57620548936950489,,20
IFITM3+ctrl,systema_pearson,-0.21378153344334008,,20
IK+ctrl,txpert_macro_pearson_delta,,constant_vector,5000
IK+ctrl,trishift_pearson_delta,0.56861975617059579,,20
IK+ctrl,systema_pearson,-0.74467282149496905,,20
ILF3+ctrl,txpert_macro_pearson_delta,,constant_vector,5000
ILF3+ctrl,trishift_pearson_delta,-0.50936668305536681,,20
ILF3+ctrl,systema_pearson,-0.70682992237388542,,20
IMP4+ctrl,txpert_macro_pearson_delta,,constant_vector,5000
IMP4+ctrl,trishift_pearson_delta,0.65533409830528677,,20
IMP4+ctrl,systema_pearson,-0.78768867756925676,,20
ING3+ctrl,txpert_macro_pearson_delta,,constant_vector,5000
ING3+ctrl,trishift_pearson_delta,0.29012395649382228,,20
ING3+ctrl,systema_pearson,0.011516418420209805,,20
INTS1+ctrl,txpert_macro_pearson_delta,,constant_vector,5000
INTS1+ctrl,trishift_pearson_delta,0.20214485211831582,,20
INTS1+ctrl,systema_pearson,0.057513834503371546,,20
INTS2+ctrl,txpert_macro_pearson_delta,,constant_vector,5000
INTS2+ctrl,trishift_pearson_delta,0.19103643982006965,,20
INTS2+ctrl,systema_pearson,-0.82865541426190625,,20
INTS6+ctrl,txpert_macro_pearson_delta,,constant_vector,5000
INTS6+ctrl,trishift_pearson_delta,0.036140997375775842,,20
INTS6+ctrl,systema_pearson,-0.33292032253584319,,20
INTS7+ctrl,txpert_macro_pearson_delta,,constant_vector,5000
INTS7+ctrl,trishift_pearson_delta,-0.3108459227552603,,20
INTS7+ctrl,systema_pearson,-0.77046089833539322,,20
IPO7+ctrl,txpert_macro_pearson_delta,,constant_vector,5000
IPO7+ctrl,trishift_pearson_delta,0.052260456879397059,,20
IPO7+ctrl,systema_pearson,-0.68387865858028474,,20
ISCA2+ctrl,txpert_macro_pearson_delta,,constant_vector,5000
ISCA2+ctrl,trishift_pearson_delta,0.0026918796255564559,,20
ISCA2+ctrl,systema_pearson,-0.12411583230810361,,20
KATNB1+ctrl,txpert_macro_pearson_delta,,constant_vector,5000
KATNB1+ctrl,trishift_pearson_delta,-0.073687712132666131,,20
KATNB1+ctrl,systema_pearson,-0.061448545503159251,,20
KCMF1+ctrl,txpert_macro_pearson_delta,,constant_vector,5000
KCMF1+ctrl,trishift_pearson_delta,-0.22384063385981082,,20
KCMF1+ctrl,systema_pearson,-0.29591698524970655,,20
KCNA10+ctrl,txpert_macro_pearson_delta,,constant_vector,5000
KCNA10+ctrl,trishift_pearson_delta,0.0091524297402240072,,20
KCNA10+ctrl,systema_pearson,0.48565682789879511,,20
KDM6A+ctrl,txpert_macro_pearson_delta,,constant_vector,5000
KDM6A+ctrl,trishift_pearson_delta,-0.7449718125692707,,20
KDM6A+ctrl,systema_pearson,-0.3641853367602752,,20
KIF18B+ctrl,txpert_macro_pearson_delta,,constant_vector,5000
KIF18B+ctrl,trishift_pearson_delta,-0.52071308629782598,,20
KIF18B+ctrl,systema_pearson,-0.88471109120139824,,20
KIF23+ctrl,txpert_macro_pearson_delta,,constant_vector,5000
KIF23+ctrl,trishift_pearson_delta,0.33451471702749541,,20
KIF23+ctrl,systema_pearson,0.13362781196391935,,20
KLHL11+ctrl,txpert_macro_pearson_delta,,constant_vector,5000
KLHL11+ctrl,trishift_pearson_delta,-0.21440087561043422,,20
KLHL11+ctrl,systema_pearson,-0.014411092454961397,,20
KPNA6+ctrl,txpert_macro_pearson_delta,,constant_vector,5000
KPNA6+ctrl,trishift_pearson_delta,0.61346744403883124,,20
KPNA6+ctrl,systema_pearson,0.47516037684242646,,20
KRT17+ctrl,txpert_macro_pearson_delta,,constant_vector,5000
KRT17+ctrl,trishift_pearson_delta,0.017678795526469799,,20
KRT17+ctrl,systema_pearson,0.38079363128762617,,20
KRT8+ctrl,txpert_macro_pearson_delta,,constant_vector,5000
KRT8+ctrl,trishift_pearson_delta,0.40033660059062681,,19
KRT8+ctrl,systema_pearson,-0.74671966649775867,,19
KRTAP4-7+ctrl,txpert_macro_pearson_delta,,constant_vector,5000
KRTAP4-7+ctrl,trishift_pearson_delta,0.17212910230263548,,20
KRTAP4-7+ctrl,systema_pearson,0.053768996061569804,,20
LAMTOR4+ctrl,txpert_macro_pearson_delta,,constant_vector,5000
LAMTOR4+ctrl,trishift_pearson_delta,0.82628810405951669,,20
LAMTOR4+ctrl,systema_pearson,-0.50295950877054851,,20
LARS+ctrl,txpert_macro_pearson_delta,,constant_vector,5000
LARS+ctrl,trishift_pearson_delta,0.18921041258308502,,20
LARS+ctrl,systema_pearson,-0.76313065407314185,,20
LCE1C+ctrl,txpert_macro_pearson_delta,,constant_vector,5000
LCE1C+ctrl,trishift_pearson_delta,0.72676462094157257,,20
LCE1C+ctrl,systema_pearson,0.78901045448646356,,20
LCE1E+ctrl,txpert_macro_pearson_delta,,constant_vector,5000
LCE1E+ctrl,trishift_pearson_delta,0.22117800530921036,,20
LCE1E+ctrl,systema_pearson,0.36905815743835296,,20
LCN10+ctrl,txpert_macro_pearson_delta,,constant_vector,5000
LCN10+ctrl,trishift_pearson_delta,-0.30024336233199278,,20
LCN10+ctrl,systema_pearson,0.33804289318415826,,20
LIN54+ctrl,txpert_macro_pearson_delta,,constant_vector,5000
LIN54+ctrl,trishift_pearson_delta,0.17917360041602415,,20
LIN54+ctrl,systema_pearson,0.49396230182444678,,20
LRP5+ctrl,txpert_macro_pearson_delta,,constant_vector,5000
LRP5+ctrl,trishift_pearson_delta,0.18492011930273791,,20
LRP5+ctrl,systema_pearson,0.46189864729941449,,20
LSG1+ctrl,txpert_macro_pearson_delta,,constant_vector,5000
LSG1+ctrl,trishift_pearson_delta,0.032501726056423062,,20
LSG1+ctrl,systema_pearson,-0.9288917291265324,,20
LSM10+ctrl,txpert_macro_pearson_delta,,constant_vector,5000
LSM10+ctrl,trishift_pearson_delta,0.15895532949235222,,20
LSM10+ctrl,systema_pearson,0.39829298824083265,,20
LSM2+ctrl,txpert_macro_pearson_delta,,constant_vector,5000
LSM2+ctrl,trishift_pearson_delta,0.11313893591377544,,20
LSM2+ctrl,systema_pearson,-0.71944433336900582,,20
LTBP4+ctrl,txpert_macro_pearson_delta,,constant_vector,5000
LTBP4+ctrl,trishift_pearson_delta,0.21713448851946085,,20
LTBP4+ctrl,systema_pearson,0.72008259668107055,,20
LTV1+ctrl,txpert_macro_pearson_delta,,constant_vector,5000
LTV1+ctrl,trishift_pearson_delta,0.65053031487809787,,20
LTV1+ctrl,systema_pearson,-0.96886022911242953,,20
LUC7L3+ctrl,txpert_macro_pearson_delta,,constant_vector,5000
LUC7L3+ctrl,trishift_pearson_delta,0.11377991885184453,,20
LUC7L3+ctrl,systema_pearson,-0.16013239724615577,,20
LZTR1+ctrl,txpert_macro_pearson_delta,,constant_vector,5000
LZTR1+ctrl,trishift_pearson_delta,-0.50752796444754955,,20
LZTR1+ctrl,systema_pearson,-0.37381460762538038,,20
MAU2+ctrl,txpert_macro_pearson_delta,,constant_vector,5000
MAU2+ctrl,trishift_pearson_delta,0.57794529681842799,,20
MAU2+ctrl,systema_pearson,0.4753249108626777,,20
MBTPS2+ctrl,txpert_macro_pearson_delta,,constant_vector,5000
MBTPS2+ctrl,trishift_pearson_delta,0.24715531407789446,,20
MBTPS2+ctrl,systema_pearson,-0.58660989979204592,,20
MCL1+ctrl,txpert_macro_pearson_delta,,constant_vector,5000
MCL1+ctrl,trishift_pearson_delta,-0.24629694800650587,,20
MCL1+ctrl,systema_pearson,0.89565601866173028,,20
MCM10+ctrl,txpert_macro_pearson_delta,,constant_vector,5000
MCM10+ctrl,trishift_pearson_delta,-0.15893364705347124,,20
MCM10+ctrl,systema_pearson,-0.88211033619014267,,20
MCM3+ctrl,txpert_macro_pearson_delta,,constant_vector,5000
MCM3+ctrl,trishift_pearson_delta,0.23961392615421204,,20
MCM3+ctrl,systema_pearson,-0.86417708117963066,,20
MCM3AP+ctrl,txpert_macro_pearson_delta,,constant_vector,5000
MCM3AP+ctrl,trishift_pearson_delta,0.36248992688622006,,20
MCM3AP+ctrl,systema_pearson,0.22484680794173612,,20
MCMBP+ctrl,txpert_macro_pearson_delta,,constant_vector,5000
MCMBP+ctrl,trishift_pearson_delta,0.31995806062656512,,20
MCMBP+ctrl,systema_pearson,-0.59498052967116899,,20
MCRS1+ctrl,txpert_macro_pearson_delta,,constant_vector,5000
MCRS1+ctrl,trishift_pearson_delta,0.080254893108724773,,20
MCRS1+ctrl,systema_pearson,0.41267151283804943,,20
MED1+ctrl,txpert_macro_pearson_delta,,constant_vector,5000
MED1+ctrl,trishift_pearson_delta,-0.34665562312514897,,20
MED1+ctrl,systema_pearson,-0.83791176817496205,,20
MED19+ctrl,txpert_macro_pearson_delta,,constant_vector,5000
MED19+ctrl,trishift_pearson_delta,-0.43761157572611054,,20
MED19+ctrl,systema_pearson,-0.57286933655213901,,20
MED20+ctrl,txpert_macro_pearson_delta,,constant_vector,5000
MED20+ctrl,trishift_pearson_delta,0.58363919290192123,,20
MED20+ctrl,systema_pearson,-0.27553367435195519,,20
MED21+ctrl,txpert_macro_pearson_delta,,constant_vector,5000
MED21+ctrl,trishift_pearson_delta,-0.042227844637240726,,20
MED21+ctrl,systema_pearson,-0.62765535813341811,,20
MED28+ctrl,txpert_macro_pearson_delta,,constant_vector,5000
MED28+ctrl,trishift_pearson_delta,-0.40235374271424296,,20
MED28+ctrl,systema_pearson,-0.58131001409140926,,20
MED30+ctrl,txpert_macro_pearson_delta,,constant_vector,5000
MED30+ctrl,trishift_pearson_delta,-0.022690318365770793,,20
MED30+ctrl,systema_pearson,-0.39387532853876295,,20
MED8+ctrl,txpert_macro_pearson_delta,,constant_vector,5000
MED8+ctrl,trishift_pearson_delta,-0.71352364127851908,,20
MED8+ctrl,systema_pearson,-0.69219846495316129,,20
MEF2A+ctrl,txpert_macro_pearson_delta,,constant_vector,5000
MEF2A+ctrl,trishift_pearson_delta,0.51500270702573903,,20
MEF2A+ctrl,systema_pearson,0.56203683331797749,,20
MEIS3+ctrl,txpert_macro_pearson_delta,,constant_vector,5000
MEIS3+ctrl,trishift_pearson_delta,0.11650818316616378,,20
MEIS3+ctrl,systema_pearson,-0.47549987824748052,,20
METAP2+ctrl,txpert_macro_pearson_delta,,constant_vector,5000
METAP2+ctrl,trishift_pearson_delta,0.42997779387812518,,20
METAP2+ctrl,systema_pearson,0.10628392566795467,,20
METTL17+ctrl,txpert_macro_pearson_delta,,constant_vector,5000
METTL17+ctrl,trishift_pearson_delta,-0.41162570259263864,,20
METTL17+ctrl,systema_pearson,0.83375695174464914,,20
MICOS10+ctrl,txpert_macro_pearson_delta,,constant_vector,5000
MICOS10+ctrl,trishift_pearson_delta,0.31344619524983125,,20
MICOS10+ctrl,systema_pearson,0.25302654539382513,,20
MIOS+ctrl,txpert_macro_pearson_delta,,constant_vector,5000
MIOS+ctrl,trishift_pearson_delta,-0.68565164114690047,,20
MIOS+ctrl,systema_pearson,0.87814028960961243,,20
MIPEP+ctrl,txpert_macro_pearson_delta,,constant_vector,5000
MIPEP+ctrl,trishift_pearson_delta,0.2988128717626391,,20
MIPEP+ctrl,systema_pearson,0.69821177513111266,,20
MKRN1+ctrl,txpert_macro_pearson_delta,,constant_vector,5000
MKRN1+ctrl,trishift_pearson_delta,0.33318643528321512,,20
MKRN1+ctrl,systema_pearson,0.59960073570477923,,20
MMP17+ctrl,txpert_macro_pearson_delta,,constant_vector,5000
MMP17+ctrl,trishift_pearson_delta,0.0015759567830470741,,20
MMP17+ctrl,systema_pearson,-0.58782090505836482,,20
MMS19+ctrl,txpert_macro_pearson_delta,,constant_vector,5000
MMS19+ctrl,trishift_pearson_delta,0.74898217439814285,,20
MMS19+ctrl,systema_pearson,-0.66335812295096586,,20
MOG+ctrl,txpert_macro_pearson_delta,,constant_vector,5000
MOG+ctrl,trishift_pearson_delta,-0.91892041110874823,,20
MOG+ctrl,systema_pearson,-0.93510700559611803,,20
MON1A+ctrl,txpert_macro_pearson_delta,,constant_vector,5000
MON1A+ctrl,trishift_pearson_delta,0.55682076673971204,,20
MON1A+ctrl,systema_pearson,0.77276442693655545,,20
MRPL1+ctrl,txpert_macro_pearson_delta,,constant_vector,5000
MRPL1+ctrl,trishift_pearson_delta,0.45894436569297548,,20
MRPL1+ctrl,systema_pearson,0.69695984737577032,,20
MRPL10+ctrl,txpert_macro_pearson_delta,,constant_vector,5000
MRPL10+ctrl,trishift_pearson_delta,0.67372650863320527,,20
MRPL10+ctrl,systema_pearson,0.18531477969240354,,20
MRPL14+ctrl,txpert_macro_pearson_delta,,constant_vector,5000
MRPL14+ctrl,trishift_pearson_delta,0.50328702155685223,,20
MRPL14+ctrl,systema_pearson,0.68782203419227383,,20
MRPL2+ctrl,txpert_macro_pearson_delta,,constant_vector,5000
MRPL2+ctrl,trishift_pearson_delta,0.31058001148686909,,20
MRPL2+ctrl,systema_pearson,0.79497545254553126,,20
MRPL28+ctrl,txpert_macro_pearson_delta,,constant_vector,5000
MRPL28+ctrl,trishift_pearson_delta,0.48960574272494078,,20
MRPL28+ctrl,systema_pearson,0.72076973649626919,,20
MRPL3+ctrl,txpert_macro_pearson_delta,,constant_vector,5000
MRPL3+ctrl,trishift_pearson_delta,0.28872386469920186,,20
MRPL3+ctrl,systema_pearson,0.29819462441358929,,20
MRPL35+ctrl,txpert_macro_pearson_delta,,constant_vector,5000
MRPL35+ctrl,trishift_pearson_delta,-0.09286687371346132,,20
MRPL35+ctrl,systema_pearson,-0.72331045809350292,,20
MRPL38+ctrl,txpert_macro_pearson_delta,,constant_vector,5000
MRPL38+ctrl,trishift_pearson_delta,-0.080226501056334734,,20
MRPL38+ctrl,systema_pearson,0.77244055461422012,,20
MRPL41+ctrl,txpert_macro_pearson_delta,,constant_vector,5000
MRPL41+ctrl,trishift_pearson_delta,-0.080970269753987148,,20
MRPL41+ctrl,systema_pearson,-0.29290545179744065,,20
MRPL43+ctrl,txpert_macro_pearson_delta,,constant_vector,5000
MRPL43+ctrl,trishift_pearson_delta,0.55468360250860804,,20
MRPL43+ctrl,systema_pearson,0.73138020685859662,,20
MRPL50+ctrl,txpert_macro_pearson_delta,,constant_vector,5000
MRPL50+ctrl,trishift_pearson_delta,-0.16869162407486032,,20
MRPL50+ctrl,systema_pearson,0.77384670145348855,,20
MRPS2+ctrl,txpert_macro_pearson_delta,,constant_vector,5000
MRPS2+ctrl,trishift_pearson_delta,-0.030291321770402359,,20
MRPS2+ctrl,systema_pearson,0.46795214968738824,,20
MRPS23+ctrl,txpert_macro_pearson_delta,,constant_vector,5000
MRPS23+ctrl,trishift_pearson_delta,0.09175644795106741,,20
MRPS23+ctrl,systema_pearson,0.48905283523620496,,20
MRPS25+ctrl,txpert_macro_pearson_delta,,constant_vector,5000
MRPS25+ctrl,trishift_pearson_delta,0.10911145110657872,,20
MRPS25+ctrl,systema_pearson,-0.33237561876642185,,20
MRPS30+ctrl,txpert_macro_pearson_delta,,constant_vector,5000
MRPS30+ctrl,trishift_pearson_delta,-0.13906656039509119,,20
MRPS30+ctrl,systema_pearson,0.020487536705687346,,20
MRPS35+ctrl,txpert_macro_pearson_delta,,constant_vector,5000
MRPS35+ctrl,trishift_pearson_delta,0.23228770141960106,,20
MRPS35+ctrl,systema_pearson,-0.30483194906157957,,20
MT2A+ctrl,txpert_macro_pearson_delta,,constant_vector,5000
MT2A+ctrl,trishift_pearson_delta,-0.052532499843303174,,20
MT2A+ctrl,systema_pearson,-0.16540493746729201,,20
MVD+ctrl,txpert_macro_pearson_delta,,constant_vector,5000
MVD+ctrl,trishift_pearson_delta,0.021869856876537665,,20
MVD+ctrl,systema_pearson,0.54333273349842037,,20
NAA10+ctrl,txpert_macro_pearson_delta,,constant_vector,5000
NAA10+ctrl,trishift_pearson_delta,0.12280462376875265,,20
NAA10+ctrl,systema_pearson,-0.46262929744965758,,20
NAA25+ctrl,txpert_macro_pearson_delta,,constant_vector,5000
NAA25+ctrl,trishift_pearson_delta,0.3722087294695926,,20
NAA25+ctrl,systema_pearson,0.01746218638446979,,20
NAF1+ctrl,txpert_macro_pearson_delta,,constant_vector,5000
NAF1+ctrl,trishift_pearson_delta,0.82681410957862878,,20
NAF1+ctrl,systema_pearson,-0.67523043003233996,,20
NARS+ctrl,txpert_macro_pearson_delta,,constant_vector,5000
NARS+ctrl,trishift_pearson_delta,0.35578985149074938,,20
NARS+ctrl,systema_pearson,-0.74122433326422676,,20
NBPF12+ctrl,txpert_macro_pearson_delta,,constant_vector,5000
NBPF12+ctrl,trishift_pearson_delta,0.14093655861963228,,20
NBPF12+ctrl,systema_pearson,0.20931848734891539,,20
NBPF3+ctrl,txpert_macro_pearson_delta,,constant_vector,5000
NBPF3+ctrl,trishift_pearson_delta,-0.093521606040593189,,20
NBPF3+ctrl,systema_pearson,0.38543284921213306,,20
NCAPD2+ctrl,txpert_macro_pearson_delta,,constant_vector,5000
NCAPD2+ctrl,trishift_pearson_delta,0.33648761091860141,,20
NCAPD2+ctrl,systema_pearson,-0.42551435705624685,,20
NCAPH+ctrl,txpert_macro_pearson_delta,,constant_vector,5000
NCAPH+ctrl,trishift_pearson_delta,0.016656153223435017,,20
NCAPH+ctrl,systema_pearson,-0.64150090658428049,,20
NCOA4+ctrl,txpert_macro_pearson_delta,,constant_vector,5000
NCOA4+ctrl,trishift_pearson_delta,0.51957010693003736,,19
NCOA4+ctrl,systema_pearson,0.47799910144702801,,19
NDC80+ctrl,txpert_macro_pearson_delta,,constant_vector,5000
NDC80+ctrl,trishift_pearson_delta,0.35813007499704591,,20
NDC80+ctrl,systema_pearson,-0.88977790374480281,,20
NDUFA11+ctrl,txpert_macro_pearson_delta,,constant_vector,5000
NDUFA11+ctrl,trishift_pearson_delta,-0.21531521781071369,,20
NDUFA11+ctrl,systema_pearson,0.78913680305989609,,20
NDUFA3+ctrl,txpert_macro_pearson_delta,,constant_vector,5000
NDUFA3+ctrl,trishift_pearson_delta,0.32905477163436658,,20
NDUFA3+ctrl,systema_pearson,0.86117175710884075,,20
NDUFA4+ctrl,txpert_macro_pearson_delta,,constant_vector,5000
NDUFA4+ctrl,trishift_pearson_delta,-0.91395957127342919,,20
NDUFA4+ctrl,systema_pearson,-0.82007863233594891,,20
NDUFA6+ctrl,txpert_macro_pearson_delta,,constant_vector,5000
NDUFA6+ctrl,trishift_pearson_delta,0.46348445067273569,,20
NDUFA6+ctrl,systema_pearson,0.36673626044137692,,20
NDUFB10+ctrl,txpert_macro_pearson_delta,,constant_vector,5000
NDUFB10+ctrl,trishift_pearson_delta,-0.040094626363900765,,20
NDUFB10+ctrl,systema_pearson,-0.31560789133461975,,20
NDUFB7+ctrl,txpert_macro_pearson_delta,,constant_vector,5000
NDUFB7+ctrl,trishift_pearson_delta,0.072818253318018125,,20
NDUFB7+ctrl,systema_pearson,0.20412383636949405,,20
NDUFB8+ctrl,txpert_macro_pearson_delta,,constant_vector,5000
NDUFB8+ctrl,trishift_pearson_delta,-0.58740890613402386,,20
NDUFB8+ctrl,systema_pearson,-0.72856786548729102,,20
NDUFV2+ctrl,txpert_macro_pearson_delta,,constant_vector,5000
NDUFV2+ctrl,trishift_pearson_delta,-0.013834924248370262,,19
NDUFV2+ctrl,systema_pearson,0.52603386410834896,,19
NEDD1+ctrl,txpert_macro_pearson_delta,,constant_vector,5000
NEDD1+ctrl,trishift_pearson_delta,-0.048158425609298852,,20
NEDD1+ctrl,systema_pearson,0.0063313217589701758,,20
NELFB+ctrl,txpert_macro_pearson_delta,,constant_vector,5000
NELFB+ctrl,trishift_pearson_delta,-0.3166038916555946,,20
NELFB+ctrl,systema_pearson,-0.18684920806231525,,20
NFS1+ctrl,txpert_macro_pearson_delta,,constant_vector,5000
NFS1+ctrl,trishift_pearson_delta,0.18821795688751955,,20
NFS1+ctrl,systema_pearson,-0.87958282377281283,,20
NIFK+ctrl,txpert_macro_pearson_delta,,constant_vector,5000
NIFK+ctrl,trishift_pearson_delta,0.0046094563005406718,,20
NIFK+ctrl,systema_pearson,-0.98394056810072361,,20
NKX6-1+ctrl,txpert_macro_pearson_delta,,constant_vector,5000
NKX6-1+ctrl,trishift_pearson_delta,-0.09712229998196896,,20
NKX6-1+ctrl,systema_pearson,0.77799921324557042,,20
NLE1+ctrl,txpert_macro_pearson_delta,,constant_vector,5000
NLE1+ctrl,trishift_pearson_delta,0.13483534323757754,,20
NLE1+ctrl,systema_pearson,-0.96599123471824222,,20
NMD3+ctrl,txpert_macro_pearson_delta,,constant_vector,5000
NMD3+ctrl,trishift_pearson_delta,-0.18630554190256784,,20
NMD3+ctrl,systema_pearson,-0.89419348275609556,,20
NOC4L+ctrl,txpert_macro_pearson_delta,,constant_vector,5000
NOC4L+ctrl,trishift_pearson_delta,-0.53264576791649154,,20
NOC4L+ctrl,systema_pearson,-0.82478327226329484,,20
NOL6+ctrl,txpert_macro_pearson_delta,,constant_vector,5000
NOL6+ctrl,trishift_pearson_delta,0.067775011912521416,,20
NOL6+ctrl,systema_pearson,-0.96279531449473632,,20
NOL9+ctrl,txpert_macro_pearson_delta,,constant_vector,5000
NOL9+ctrl,trishift_pearson_delta,0.39615513977288536,,20
NOL9+ctrl,systema_pearson,-0.83047526910900116,,20
NOLC1+ctrl,txpert_macro_pearson_delta,,constant_vector,5000
NOLC1+ctrl,trishift_pearson_delta,0.10611834031272864,,20
NOLC1+ctrl,systema_pearson,-0.55474235298403873,,20
NOP16+ctrl,txpert_macro_pearson_delta,,constant_vector,5000
NOP16+ctrl,trishift_pearson_delta,0.21555603239942372,,20
NOP16+ctrl,systema_pearson,-0.86976790655236735,,20
NSA2+ctrl,txpert_macro_pearson_delta,,constant_vector,5000
NSA2+ctrl,trishift_pearson_delta,-0.77399777882329901,,20
NSA2+ctrl,systema_pearson,-0.98458147551920339,,20
NSMCE1+ctrl,txpert_macro_pearson_delta,,constant_vector,5000
NSMCE1+ctrl,trishift_pearson_delta,0.50487726761754403,,20
NSMCE1+ctrl,systema_pearson,0.79780220412293312,,20
NSMCE2+ctrl,txpert_macro_pearson_delta,,constant_vector,5000
NSMCE2+ctrl,trishift_pearson_delta,-0.40003434376512598,,20
NSMCE2+ctrl,systema_pearson,0.18061470786448935,,20
NSRP1+ctrl,txpert_macro_pearson_delta,,constant_vector,5000
NSRP1+ctrl,trishift_pearson_delta,-0.39885930004125875,,20
NSRP1+ctrl,systema_pearson,-0.22877520399296977,,20
NSUN4+ctrl,txpert_macro_pearson_delta,,constant_vector,5000
NSUN4+ctrl,trishift_pearson_delta,0.407130833029137,,20
NSUN4+ctrl,systema_pearson,0.74961301487430854,,20
NUB1+ctrl,txpert_macro_pearson_delta,,constant_vector,5000
NUB1+ctrl,trishift_pearson_delta,0.50167427090416239,,20
NUB1+ctrl,systema_pearson,0.36511195072115044,,20
NUDCD3+ctrl,txpert_macro_pearson_delta,,constant_vector,5000
NUDCD3+ctrl,trishift_pearson_delta,0.26619651990585302,,20
NUDCD3+ctrl,systema_pearson,-0.098401550734066756,,20
NUDT15+ctrl,txpert_macro_pearson_delta,,constant_vector,5000
NUDT15+ctrl,trishift_pearson_delta,0.50742453742841442,,20
NUDT15+ctrl,systema_pearson,0.3198093978793965,,20
NUP153+ctrl,txpert_macro_pearson_delta,,constant_vector,5000
NUP153+ctrl,trishift_pearson_delta,0.42452756299044192,,20
NUP153+ctrl,systema_pearson,-0.2280881582978653,,20
NUP160+ctrl,txpert_macro_pearson_delta,,constant_vector,5000
NUP160+ctrl,trishift_pearson_delta,-0.49048487410766223,,20
NUP160+ctrl,systema_pearson,-0.65085660611936591,,20
NUP35+ctrl,txpert_macro_pearson_delta,,constant_vector,5000
NUP35+ctrl,trishift_pearson_delta,-0.3115409833836415,,20
NUP35+ctrl,systema_pearson,-0.079452130080129649,,20
NUS1+ctrl,txpert_macro_pearson_delta,,constant_vector,5000
NUS1+ctrl,trishift_pearson_delta,-0.1461372030780429,,20
NUS1+ctrl,systema_pearson,-0.047726733682663447,,20
NUTF2+ctrl,txpert_macro_pearson_delta,,constant_vector,5000
NUTF2+ctrl,trishift_pearson_delta,0.2016648358995132,,20
NUTF2+ctrl,systema_pearson,-0.72183220894336653,,20
OGT+ctrl,txpert_macro_pearson_delta,,constant_vector,5000
OGT+ctrl,trishift_pearson_delta,0.70068042479163883,,20
OGT+ctrl,systema_pearson,-0.35591246402173388,,20
OPA1+ctrl,txpert_macro_pearson_delta,,constant_vector,5000
OPA1+ctrl,trishift_pearson_delta,0.62008435993834377,,20
OPA1+ctrl,systema_pearson,-0.76673197945474569,,20
OR1D2+ctrl,txpert_macro_pearson_delta,,constant_vector,5000
OR1D2+ctrl,trishift_pearson_delta,-0.55684277173881491,,20
OR1D2+ctrl,systema_pearson,0.97978093789969556,,20
OR1E2+ctrl,txpert_macro_pearson_delta,,constant_vector,5000
OR1E2+ctrl,trishift_pearson_delta,0.25774164135692562,,20
OR1E2+ctrl,systema_pearson,0.46006978876679772,,20
OR4K1+ctrl,txpert_macro_pearson_delta,,constant_vector,5000
OR4K1+ctrl,trishift_pearson_delta,0.030370885306512545,,20
OR4K1+ctrl,systema_pearson,0.50680074014422538,,20
OR7A10+ctrl,txpert_macro_pearson_delta,,constant_vector,5000
OR7A10+ctrl,trishift_pearson_delta,-0.11361108994023925,,20
OR7A10+ctrl,systema_pearson,0.27003767905239562,,20
PAFAH1B1+ctrl,txpert_macro_pearson_delta,,constant_vector,5000
PAFAH1B1+ctrl,trishift_pearson_delta,0.37149737933238008,,20
PAFAH1B1+ctrl,systema_pearson,-0.25933879296075552,,20
PARS2+ctrl,txpert_macro_pearson_delta,,constant_vector,5000
PARS2+ctrl,trishift_pearson_delta,-0.044937219408947231,,20
PARS2+ctrl,systema_pearson,0.62816298513697133,,20
PC+ctrl,txpert_macro_pearson_delta,,constant_vector,5000
PC+ctrl,trishift_pearson_delta,0.54777648918559518,,20
PC+ctrl,systema_pearson,0.46643611683589342,,20
PCBP2+ctrl,txpert_macro_pearson_delta,,constant_vector,5000
PCBP2+ctrl,trishift_pearson_delta,0.22931414528581381,,20
PCBP2+ctrl,systema_pearson,0.39747289904473182,,20
PCID2+ctrl,txpert_macro_pearson_delta,,constant_vector,5000
PCID2+ctrl,trishift_pearson_delta,0.70509707591135673,,20
PCID2+ctrl,systema_pearson,0.44845424245294213,,20
PCNX3+ctrl,txpert_macro_pearson_delta,,constant_vector,5000
PCNX3+ctrl,trishift_pearson_delta,-0.19348082588733645,,20
PCNX3+ctrl,systema_pearson,0.65360814828610936,,20
PDCD6IP+ctrl,txpert_macro_pearson_delta,,constant_vector,5000
PDCD6IP+ctrl,trishift_pearson_delta,-0.50933049815134801,,20
PDCD6IP+ctrl,systema_pearson,-0.36434782954718381,,20
PDCD7+ctrl,txpert_macro_pearson_delta,,constant_vector,5000
PDCD7+ctrl,trishift_pearson_delta,-0.15274456288157351,,20
PDCD7+ctrl,systema_pearson,-0.16393248274692138,,20
PDPK1+ctrl,txpert_macro_pearson_delta,,constant_vector,5000
PDPK1+ctrl,trishift_pearson_delta,0.070588384087240733,,20
PDPK1+ctrl,systema_pearson,0.056039466577989257,,20
PET117+ctrl,txpert_macro_pearson_delta,,constant_vector,5000
PET117+ctrl,trishift_pearson_delta,-0.55057627286554767,,20
PET117+ctrl,systema_pearson,-0.25480385731232508,,20
PFDN5+ctrl,txpert_macro_pearson_delta,,constant_vector,5000
PFDN5+ctrl,trishift_pearson_delta,0.49758644171317884,,20
PFDN5+ctrl,systema_pearson,0.80009459457756427,,20
PFN1+ctrl,txpert_macro_pearson_delta,,constant_vector,5000
PFN1+ctrl,trishift_pearson_delta,-0.13137506954779923,,20
PFN1+ctrl,systema_pearson,-0.90521558499981913,,20
PGAM5+ctrl,txpert_macro_pearson_delta,,constant_vector,5000
PGAM5+ctrl,trishift_pearson_delta,-0.62934651984604528,,20
PGAM5+ctrl,systema_pearson,0.10267888560803927,,20
PGK1+ctrl,txpert_macro_pearson_delta,,constant_vector,5000
PGK1+ctrl,trishift_pearson_delta,-0.46248680687252136,,19
PGK1+ctrl,systema_pearson,0.55347133256385206,,19
PIAS1+ctrl,txpert_macro_pearson_delta,,constant_vector,5000
PIAS1+ctrl,trishift_pearson_delta,0.76204975277044018,,20
PIAS1+ctrl,systema_pearson,0.93130005449064202,,20
PIAS4+ctrl,txpert_macro_pearson_delta,,constant_vector,5000
PIAS4+ctrl,trishift_pearson_delta,0.012592175301354421,,20
PIAS4+ctrl,systema_pearson,-0.56843165262571715,,20
PIK3C3+ctrl,txpert_macro_pearson_delta,,constant_vector,5000
PIK3C3+ctrl,trishift_pearson_delta,0.19427303088601586,,20
PIK3C3+ctrl,systema_pearson,0.48284235352236565,,20
PLA2G10+ctrl,txpert_macro_pearson_delta,,constant_vector,5000
PLA2G10+ctrl,trishift_pearson_delta,-0.49651514538692976,,20
PLA2G10+ctrl,systema_pearson,-0.44501613670182488,,20
PLRG1+ctrl,txpert_macro_pearson_delta,,constant_vector,5000
PLRG1+ctrl,trishift_pearson_delta,0.19203295527007899,,20
PLRG1+ctrl,systema_pearson,-0.33345753859967675,,20
PMPCA+ctrl,txpert_macro_pearson_delta,,constant_vector,5000
PMPCA+ctrl,trishift_pearson_delta,0.61727704890498813,,20
PMPCA+ctrl,systema_pearson,-0.38839042684124586,,20
PMPCB+ctrl,txpert_macro_pearson_delta,,constant_vector,5000
PMPCB+ctrl,trishift_pearson_delta,-0.3352594396254589,,20
PMPCB+ctrl,systema_pearson,-0.8589886035264418,,20
PNO1+ctrl,txpert_macro_pearson_delta,,constant_vector,5000
PNO1+ctrl,trishift_pearson_delta,0.4701876377831738,,20
PNO1+ctrl,systema_pearson,-0.86222133373588683,,20
POLA1+ctrl,txpert_macro_pearson_delta,,constant_vector,5000
POLA1+ctrl,trishift_pearson_delta,-0.37374209445875206,,20
POLA1+ctrl,systema_pearson,-0.88166507573531749,,20
POLD2+ctrl,txpert_macro_pearson_delta,,constant_vector,5000
POLD2+ctrl,trishift_pearson_delta,-0.2020949089166085,,20
POLD2+ctrl,systema_pearson,-0.88144504854586869,,20
POLG+ctrl,txpert_macro_pearson_delta,,constant_vector,5000
POLG+ctrl,trishift_pearson_delta,-0.74985163011191891,,20
POLG+ctrl,systema_pearson,-0.9084491656260778,,20
POLR2C+ctrl,txpert_macro_pearson_delta,,constant_vector,5000
POLR2C+ctrl,trishift_pearson_delta,0.34720105671380613,,20
POLR2C+ctrl,systema_pearson,-0.54603600539510677,,20
POLR2H+ctrl,txpert_macro_pearson_delta,,constant_vector,5000
POLR2H+ctrl,trishift_pearson_delta,-0.038292990675572944,,20
POLR2H+ctrl,systema_pearson,-0.6693196280145346,,20
POLR2L+ctrl,txpert_macro_pearson_delta,,constant_vector,5000
POLR2L+ctrl,trishift_pearson_delta,0.27454287248177145,,20
POLR2L+ctrl,systema_pearson,0.17740461812182498,,20
POLR3C+ctrl,txpert_macro_pearson_delta,,constant_vector,5000
POLR3C+ctrl,trishift_pearson_delta,-0.24700122728243298,,20
POLR3C+ctrl,systema_pearson,-0.33590621149637245,,20
POLR3E+ctrl,txpert_macro_pearson_delta,,constant_vector,5000
POLR3E+ctrl,trishift_pearson_delta,-0.78022127404488295,,20
POLR3E+ctrl,systema_pearson,-0.80289572239263041,,20
PPIA+ctrl,txpert_macro_pearson_delta,,constant_vector,5000
PPIA+ctrl,trishift_pearson_delta,-0.28051718341830895,,20
PPIA+ctrl,systema_pearson,0.52201328141679426,,20
PRIM1+ctrl,txpert_macro_pearson_delta,,constant_vector,5000
PRIM1+ctrl,trishift_pearson_delta,0.30817111386285778,,20
PRIM1+ctrl,systema_pearson,-0.93538599548256041,,20
PRMT5+ctrl,txpert_macro_pearson_delta,,constant_vector,5000
PRMT5+ctrl,trishift_pearson_delta,0.61771288722912565,,20
PRMT5+ctrl,systema_pearson,-0.68562121946679333,,20
PRORP+ctrl,txpert_macro_pearson_delta,,constant_vector,5000
PRORP+ctrl,trishift_pearson_delta,-0.24909945868891434,,20
PRORP+ctrl,systema_pearson,-0.73317196138940843,,20
PRPF18+ctrl,txpert_macro_pearson_delta,,constant_vector,5000
PRPF18+ctrl,trishift_pearson_delta,0.59914818164704198,,20
PRPF18+ctrl,systema_pearson,0.15358042870227487,,20
PRPF38B+ctrl,txpert_macro_pearson_delta,,constant_vector,5000
PRPF38B+ctrl,trishift_pearson_delta,-0.10122958786909513,,20
PRPF38B+ctrl,systema_pearson,-0.50791657784244648,,20
PRPF4+ctrl,txpert_macro_pearson_delta,,constant_vector,5000
PRPF4+ctrl,trishift_pearson_delta,0.014714611890245326,,20
PRPF4+ctrl,systema_pearson,-0.14612980930265601,,20
PSMA1+ctrl,txpert_macro_pearson_delta,,constant_vector,5000
PSMA1+ctrl,trishift_pearson_delta,0.54695816372055461,,20
PSMA1+ctrl,systema_pearson,-0.67982135078073913,,20
PSMA3+ctrl,txpert_macro_pearson_delta,,constant_vector,5000
PSMA3+ctrl,trishift_pearson_delta,-0.031311090535567528,,20
PSMA3+ctrl,systema_pearson,-0.92164430277900256,,20
PSMA4+ctrl,txpert_macro_pearson_delta,,constant_vector,5000
PSMA4+ctrl,trishift_pearson_delta,0.033670903535188347,,20
PSMA4+ctrl,systema_pearson,-0.8635678403613144,,20
PSMA5+ctrl,txpert_macro_pearson_delta,,constant_vector,5000
PSMA5+ctrl,trishift_pearson_delta,0.40618461261171274,,20
PSMA5+ctrl,systema_pearson,-0.77738631821932058,,20
PSMA7+ctrl,txpert_macro_pearson_delta,,constant_vector,5000
PSMA7+ctrl,trishift_pearson_delta,-0.08511810898047048,,20
PSMA7+ctrl,systema_pearson,-0.80897546229704687,,20
PSMB1+ctrl,txpert_macro_pearson_delta,,constant_vector,5000
PSMB1+ctrl,trishift_pearson_delta,-0.27942056674796933,,20
PSMB1+ctrl,systema_pearson,-0.89944356023214522,,20
PSMB2+ctrl,txpert_macro_pearson_delta,,constant_vector,5000
PSMB2+ctrl,trishift_pearson_delta,0.67121223180772449,,20
PSMB2+ctrl,systema_pearson,-0.9102465498787341,,20
PSMB4+ctrl,txpert_macro_pearson_delta,,constant_vector,5000
PSMB4+ctrl,trishift_pearson_delta,-0.66106526265615939,,20
PSMB4+ctrl,systema_pearson,-0.45076213271753079,,20
PSMC3+ctrl,txpert_macro_pearson_delta,,constant_vector,5000
PSMC3+ctrl,trishift_pearson_delta,-0.22818644011270725,,20
PSMC3+ctrl,systema_pearson,-0.45776518565986146,,20
PSMD1+ctrl,txpert_macro_pearson_delta,,constant_vector,5000
PSMD1+ctrl,trishift_pearson_delta,0.15838644120303674,,20
PSMD1+ctrl,systema_pearson,-0.32738386810622183,,20
PSMD11+ctrl,txpert_macro_pearson_delta,,constant_vector,5000
PSMD11+ctrl,trishift_pearson_delta,-0.28360663121721941,,20
PSMD11+ctrl,systema_pearson,-0.75207571841014031,,20
PSMD14+ctrl,txpert_macro_pearson_delta,,constant_vector,5000
PSMD14+ctrl,trishift_pearson_delta,0.49688854331247134,,20
PSMD14+ctrl,systema_pearson,-0.80188286992807856,,20
PSMD2+ctrl,txpert_macro_pearson_delta,,constant_vector,5000
PSMD2+ctrl,trishift_pearson_delta,-0.25500546181910111,,20
PSMD2+ctrl,systema_pearson,-0.72528663310738106,,20
PSMD3+ctrl,txpert_macro_pearson_delta,,constant_vector,5000
PSMD3+ctrl,trishift_pearson_delta,0.021372519170188793,,20
PSMD3+ctrl,systema_pearson,-0.81203626309969479,,20
PSMD6+ctrl,txpert_macro_pearson_delta,,constant_vector,5000
PSMD6+ctrl,trishift_pearson_delta,-0.19269674436177653,,20
PSMD6+ctrl,systema_pearson,-0.53282298325570421,,20
PSMD7+ctrl,txpert_macro_pearson_delta,,constant_vector,5000
PSMD7+ctrl,trishift_pearson_delta,0.23290699920605853,,20
PSMD7+ctrl,systema_pearson,-0.41485727842422659,,20
PSME1+ctrl,txpert_macro_pearson_delta,,constant_vector,5000
PSME1+ctrl,trishift_pearson_delta,-0.28293639503814866,,20
PSME1+ctrl,systema_pearson,0.21046736840660904,,20
PSMG4+ctrl,txpert_macro_pearson_delta,,constant_vector,5000
PSMG4+ctrl,trishift_pearson_delta,-0.84610177094268557,,20
PSMG4+ctrl,systema_pearson,0.46393139788850551,,20
PTCD1+ctrl,txpert_macro_pearson_delta,,constant_vector,5000
PTCD1+ctrl,trishift_pearson_delta,-0.36190036382921992,,20
PTCD1+ctrl,systema_pearson,0.58525801767499841,,20
PTMA+ctrl,txpert_macro_pearson_delta,,constant_vector,5000
PTMA+ctrl,trishift_pearson_delta,-0.34297985633142336,,19
PTMA+ctrl,systema_pearson,-0.70812322290998508,,19
PTPN11+ctrl,txpert_macro_pearson_delta,,constant_vector,5000
PTPN11+ctrl,trishift_pearson_delta,-0.58948377163045107,,20
PTPN11+ctrl,systema_pearson,0.10514942674243484,,20
PTPN23+ctrl,txpert_macro_pearson_delta,,constant_vector,5000
PTPN23+ctrl,trishift_pearson_delta,-0.52292516263658173,,20
PTPN23+ctrl,systema_pearson,-0.11562262353050369,,20
PWP1+ctrl,txpert_macro_pearson_delta,,constant_vector,5000
PWP1+ctrl,trishift_pearson_delta,-0.011874433395829961,,20
PWP1+ctrl,systema_pearson,-0.73525087936555011,,20
PXN+ctrl,txpert_macro_pearson_delta,,constant_vector,5000
PXN+ctrl,trishift_pearson_delta,-0.54492216430390128,,20
PXN+ctrl,systema_pearson,-0.63360515051416699,,20
PYROXD1+ctrl,txpert_macro_pearson_delta,,constant_vector,5000
PYROXD1+ctrl,trishift_pearson_delta,-0.11147254333843237,,20
PYROXD1+ctrl,systema_pearson,-0.061422908576239429,,20
RAB4A+ctrl,txpert_macro_pearson_delta,,constant_vector,5000
RAB4A+ctrl,trishift_pearson_delta,-0.073954373135001444,,20
RAB4A+ctrl,systema_pearson,0.42168263237508158,,20
RAD21+ctrl,txpert_macro_pearson_delta,,constant_vector,5000
RAD21+ctrl,trishift_pearson_delta,-0.58290712445922721,,20
RAD21+ctrl,systema_pearson,-0.71361770827648674,,20
RAD51+ctrl,txpert_macro_pearson_delta,,constant_vector,5000
RAD51+ctrl,trishift_pearson_delta,0.60542606035560709,,20
RAD51+ctrl,systema_pearson,-0.59612009157733659,,20
RAD51C+ctrl,txpert_macro_pearson_delta,,constant_vector,5000
RAD51C+ctrl,trishift_pearson_delta,0.3810639315014524,,20
RAD51C+ctrl,systema_pearson,-0.019172009469313234,,20
RANBP2+ctrl,txpert_macro_pearson_delta,,constant_vector,5000
RANBP2+ctrl,trishift_pearson_delta,0.098087808334842694,,20
RANBP2+ctrl,systema_pearson,0.48146942785858843,,20
RANGAP1+ctrl,txpert_macro_pearson_delta,,constant_vector,5000
RANGAP1+ctrl,trishift_pearson_delta,0.3594932881775777,,20
RANGAP1+ctrl,systema_pearson,0.15217966210304404,,20
RARS+ctrl,txpert_macro_pearson_delta,,constant_vector,5000
RARS+ctrl,trishift_pearson_delta,0.56160993677612425,,20
RARS+ctrl,systema_pearson,-0.71861659581199511,,20
RBM10+ctrl,txpert_macro_pearson_delta,,constant_vector,5000
RBM10+ctrl,trishift_pearson_delta,0.17834676491229048,,20
RBM10+ctrl,systema_pearson,0.23543110548521615,,20
RBM22+ctrl,txpert_macro_pearson_delta,,constant_vector,5000
RBM22+ctrl,trishift_pearson_delta,-0.60403343998446113,,20
RBM22+ctrl,systema_pearson,-0.51142693602076816,,20
RBM4+ctrl,txpert_macro_pearson_delta,,constant_vector,5000
RBM4+ctrl,trishift_pearson_delta,-0.44953260908658177,,20
RBM4+ctrl,systema_pearson,-0.40077284443486449,,20
RBM48+ctrl,txpert_macro_pearson_delta,,constant_vector,5000
RBM48+ctrl,trishift_pearson_delta,0.034888865246828375,,20
RBM48+ctrl,systema_pearson,0.44525316361903733,,20
RBMX2+ctrl,txpert_macro_pearson_delta,,constant_vector,5000
RBMX2+ctrl,trishift_pearson_delta,0.42449740247291551,,20
RBMX2+ctrl,systema_pearson,-0.48159982158036962,,20
RCCD1+ctrl,txpert_macro_pearson_delta,,constant_vector,5000
RCCD1+ctrl,trishift_pearson_delta,-0.39752375875171253,,20
RCCD1+ctrl,systema_pearson,-0.58286871995134959,,20
RELL2+ctrl,txpert_macro_pearson_delta,,constant_vector,5000
RELL2+ctrl,trishift_pearson_delta,0.21230382143092083,,20
RELL2+ctrl,systema_pearson,0.31134388358044512,,20
RGPD6+ctrl,txpert_macro_pearson_delta,,constant_vector,5000
RGPD6+ctrl,trishift_pearson_delta,0.22256697002831191,,20
RGPD6+ctrl,systema_pearson,0.60401727948805972,,20
RHOQ+ctrl,txpert_macro_pearson_delta,,constant_vector,5000
RHOQ+ctrl,trishift_pearson_delta,0.29254598827750405,,20
RHOQ+ctrl,systema_pearson,0.60728209724739823,,20
RIOK2+ctrl,txpert_macro_pearson_delta,,constant_vector,5000
RIOK2+ctrl,trishift_pearson_delta,-0.78910095220573151,,20
RIOK2+ctrl,systema_pearson,-0.83732343416499799,,20
RNF31+ctrl,txpert_macro_pearson_delta,,constant_vector,5000
RNF31+ctrl,trishift_pearson_delta,0.59242140273194088,,20
RNF31+ctrl,systema_pearson,0.86828470521116996,,20
RNF8+ctrl,txpert_macro_pearson_delta,,constant_vector,5000
RNF8+ctrl,trishift_pearson_delta,0.15337159880313583,,20
RNF8+ctrl,systema_pearson,0.3856158381288442,,20
RPA3+ctrl,txpert_macro_pearson_delta,,constant_vector,5000
RPA3+ctrl,trishift_pearson_delta,0.61458588528391167,,20
RPA3+ctrl,systema_pearson,-0.86170884636450429,,20
RPAP2+ctrl,txpert_macro_pearson_delta,,constant_vector,5000
RPAP2+ctrl,trishift_pearson_delta,-0.44962024294464259,,20
RPAP2+ctrl,systema_pearson,-0.50736853268015913,,20
RPAP3+ctrl,txpert_macro_pearson_delta,,constant_vector,5000
RPAP3+ctrl,trishift_pearson_delta,-0.47772957604426591,,20
RPAP3+ctrl,systema_pearson,-0.31369272818445981,,20
RPL10A+ctrl,txpert_macro_pearson_delta,,constant_vector,5000
RPL10A+ctrl,trishift_pearson_delta,0.14824631772604158,,20
RPL10A+ctrl,systema_pearson,-0.9231360253994908,,20
RPL14+ctrl,txpert_macro_pearson_delta,,constant_vector,5000
RPL14+ctrl,trishift_pearson_delta,-0.42349357141328658,,20
RPL14+ctrl,systema_pearson,-0.82985011210822424,,20
RPL27A+ctrl,txpert_macro_pearson_delta,,constant_vector,5000
RPL27A+ctrl,trishift_pearson_delta,0.1937889976082216,,20
RPL27A+ctrl,systema_pearson,-0.90906784797112394,,20
RPL36AL+ctrl,txpert_macro_pearson_delta,,constant_vector,5000
RPL36AL+ctrl,trishift_pearson_delta,0.23811235541310355,,20
RPL36AL+ctrl,systema_pearson,0.86083178137196437,,20
RPL6+ctrl,txpert_macro_pearson_delta,,constant_vector,5000
RPL6+ctrl,trishift_pearson_delta,-0.21448486881975853,,20
RPL6+ctrl,systema_pearson,-0.94397987569083419,,20
RPL7L1+ctrl,txpert_macro_pearson_delta,,constant_vector,5000
RPL7L1+ctrl,trishift_pearson_delta,0.36687550666055285,,20
RPL7L1+ctrl,systema_pearson,-0.9516773550543226,,20
RPN1+ctrl,txpert_macro_pearson_delta,,constant_vector,5000
RPN1+ctrl,trishift_pearson_delta,0.23074209381468222,,20
RPN1+ctrl,systema_pearson,0.35794555499128278,,20
RPN2+ctrl,txpert_macro_pearson_delta,,constant_vector,5000
RPN2+ctrl,trishift_pearson_delta,0.21503702099025357,,20
RPN2+ctrl,systema_pearson,0.24587022048157534,,20
RPP14+ctrl,txpert_macro_pearson_delta,,constant_vector,5000
RPP14+ctrl,trishift_pearson_delta,-0.22843752938273609,,20
RPP14+ctrl,systema_pearson,-0.87958245005854607,,20
RPP30+ctrl,txpert_macro_pearson_delta,,constant_vector,5000
RPP30+ctrl,trishift_pearson_delta,0.18443371840821468,,20
RPP30+ctrl,systema_pearson,-0.86080308345908707,,20
RPP38+ctrl,txpert_macro_pearson_delta,,constant_vector,5000
RPP38+ctrl,trishift_pearson_delta,0.84817971855759533,,20
RPP38+ctrl,systema_pearson,-0.32645545137002629,,20
RPP40+ctrl,txpert_macro_pearson_delta,,constant_vector,5000
RPP40+ctrl,trishift_pearson_delta,0.29732473482639954,,20
RPP40+ctrl,systema_pearson,-0.79495944412718444,,20
RPRD1B+ctrl,txpert_macro_pearson_delta,,constant_vector,5000
RPRD1B+ctrl,trishift_pearson_delta,-0.65105239997164854,,20
RPRD1B+ctrl,systema_pearson,-0.60102863869923995,,20
RPS10+ctrl,txpert_macro_pearson_delta,,constant_vector,5000
RPS10+ctrl,trishift_pearson_delta,0.5146240428821135,,20
RPS10+ctrl,systema_pearson,-0.80844162490660454,,20
RPS10-NUDT3+ctrl,txpert_macro_pearson_delta,,constant_vector,5000
RPS10-NUDT3+ctrl,trishift_pearson_delta,0.76635467039665239,,20
RPS10-NUDT3+ctrl,systema_pearson,-0.72878834691937877,,20
RPS11+ctrl,txpert_macro_pearson_delta,,constant_vector,5000
RPS11+ctrl,trishift_pearson_delta,-0.12582025904915795,,20
RPS11+ctrl,systema_pearson,-0.4564672164019381,,20
RPS12+ctrl,txpert_macro_pearson_delta,,constant_vector,5000
RPS12+ctrl,trishift_pearson_delta,0.42389589711379694,,19
RPS12+ctrl,systema_pearson,-0.56884660420299571,,19
RPS16+ctrl,txpert_macro_pearson_delta,,constant_vector,5000
RPS16+ctrl,trishift_pearson_delta,0.039447436230029144,,20
RPS16+ctrl,systema_pearson,-0.33789841722175057,,20
RPS18+ctrl,txpert_macro_pearson_delta,,constant_vector,5000
RPS18+ctrl,trishift_pearson_delta,0.82234169440315097,,19
RPS18+ctrl,systema_pearson,-0.9468831246826338,,19
RPS19+ctrl,txpert_macro_pearson_delta,,constant_vector,5000
RPS19+ctrl,trishift_pearson_delta,0.41579010463494437,,20
RPS19+ctrl,systema_pearson,-0.97414124444081629,,20
RPS19BP1+ctrl,txpert_macro_pearson_delta,,constant_vector,5000
RPS19BP1+ctrl,trishift_pearson_delta,-0.22969796358804859,,19
RPS19BP1+ctrl,systema_pearson,-0.66194025306457061,,19
RPS23+ctrl,txpert_macro_pearson_delta,,constant_vector,5000
RPS23+ctrl,trishift_pearson_delta,-0.31310060884613061,,20
RPS23+ctrl,systema_pearson,-0.865596563569063,,20
RPS26+ctrl,txpert_macro_pearson_delta,,constant_vector,5000
RPS26+ctrl,trishift_pearson_delta,-0.33731898026891832,,20
RPS26+ctrl,systema_pearson,-0.63390997275127381,,20
RPS27A+ctrl,txpert_macro_pearson_delta,,constant_vector,5000
RPS27A+ctrl,trishift_pearson_delta,0.66079717640560431,,20
RPS27A+ctrl,systema_pearson,-0.89414477747846066,,20
RPS28+ctrl,txpert_macro_pearson_delta,,constant_vector,5000
RPS28+ctrl,trishift_pearson_delta,-0.81396522213921507,,20
RPS28+ctrl,systema_pearson,-0.96564263287505903,,20
RRM2+ctrl,txpert_macro_pearson_delta,,constant_vector,5000
RRM2+ctrl,trishift_pearson_delta,0.40836436373993984,,20
RRM2+ctrl,systema_pearson,-0.91331590844097177,,20
RRP15+ctrl,txpert_macro_pearson_delta,,constant_vector,5000
RRP15+ctrl,trishift_pearson_delta,-0.27392969079882096,,20
RRP15+ctrl,systema_pearson,0.25534902397698822,,20
RSL24D1+ctrl,txpert_macro_pearson_delta,,constant_vector,5000
RSL24D1+ctrl,trishift_pearson_delta,0.16738647070197707,,20
RSL24D1+ctrl,systema_pearson,-0.90313655168770701,,20
RTTN+ctrl,txpert_macro_pearson_delta,,constant_vector,5000
RTTN+ctrl,trishift_pearson_delta,0.10626263617048366,,20
RTTN+ctrl,systema_pearson,0.142220749423461,,20
SAMM50+ctrl,txpert_macro_pearson_delta,,constant_vector,5000
SAMM50+ctrl,trishift_pearson_delta,0.23263692668231289,,20
SAMM50+ctrl,systema_pearson,-0.2272548342366246,,20
SASS6+ctrl,txpert_macro_pearson_delta,,constant_vector,5000
SASS6+ctrl,trishift_pearson_delta,0.28308939634789121,,20
SASS6+ctrl,systema_pearson,-0.64299404207964628,,20
SCNM1+ctrl,txpert_macro_pearson_delta,,constant_vector,5000
SCNM1+ctrl,trishift_pearson_delta,-0.28099078913076436,,20
SCNM1+ctrl,systema_pearson,0.16119177958828418,,20
SDAD1+ctrl,txpert_macro_pearson_delta,,constant_vector,5000
SDAD1+ctrl,trishift_pearson_delta,-0.11300657410350352,,20
SDAD1+ctrl,systema_pearson,-0.97853559816895719,,20
SDHC+ctrl,txpert_macro_pearson_delta,,constant_vector,5000
SDHC+ctrl,trishift_pearson_delta,0.47371420020153265,,20
SDHC+ctrl,systema_pearson,0.77554372462748988,,20
SEC63+ctrl,txpert_macro_pearson_delta,,constant_vector,5000
SEC63+ctrl,trishift_pearson_delta,0.5337842288774346,,20
SEC63+ctrl,systema_pearson,0.70958983654280872,,20
SEH1L+ctrl,txpert_macro_pearson_delta,,constant_vector,5000
SEH1L+ctrl,trishift_pearson_delta,0.088850732556160827,,20
SEH1L+ctrl,systema_pearson,-0.26234065208971669,,20
SENP6+ctrl,txpert_macro_pearson_delta,,constant_vector,5000
SENP6+ctrl,trishift_pearson_delta,-0.53553654663843542,,20
SENP6+ctrl,systema_pearson,-0.92137593862022493,,20
SET+ctrl,txpert_macro_pearson_delta,,constant_vector,5000
SET+ctrl,trishift_pearson_delta,-0.45560629659803387,,20
SET+ctrl,systema_pearson,-0.21611628566457483,,20
SETD2+ctrl,txpert_macro_pearson_delta,,constant_vector,5000
SETD2+ctrl,trishift_pearson_delta,0.061721090730677074,,20
SETD2+ctrl,systema_pearson,0.021562667785596814,,20
SETD5+ctrl,txpert_macro_pearson_delta,,constant_vector,5000
SETD5+ctrl,trishift_pearson_delta,0.30216517478622423,,20
SETD5+ctrl,systema_pearson,-0.76125870714382304,,20
SF3A2+ctrl,txpert_macro_pearson_delta,,constant_vector,5000
SF3A2+ctrl,trishift_pearson_delta,-0.12722104569927969,,20
SF3A2+ctrl,systema_pearson,-0.66774505389117511,,20
SF3A3+ctrl,txpert_macro_pearson_delta,,constant_vector,5000
SF3A3+ctrl,trishift_pearson_delta,0.16384968241715747,,20
SF3A3+ctrl,systema_pearson,-0.80975392591145301,,20
SF3B3+ctrl,txpert_macro_pearson_delta,,constant_vector,5000
SF3B3+ctrl,trishift_pearson_delta,-0.29041822693489444,,20
SF3B3+ctrl,systema_pearson,-0.54262096845130292,,20
SFSWAP+ctrl,txpert_macro_pearson_delta,,constant_vector,5000
SFSWAP+ctrl,trishift_pearson_delta,0.72086739595094906,,20
SFSWAP+ctrl,systema_pearson,-0.51552609332667232,,20
SGPP1+ctrl,txpert_macro_pearson_delta,,constant_vector,5000
SGPP1+ctrl,trishift_pearson_delta,-0.19254390779880301,,20
SGPP1+ctrl,systema_pearson,0.0035382893609568226,,20
SIN3A+ctrl,txpert_macro_pearson_delta,,constant_vector,5000
SIN3A+ctrl,trishift_pearson_delta,-0.21882740061113534,,20
SIN3A+ctrl,systema_pearson,-0.016702867639330529,,20
SKP2+ctrl,txpert_macro_pearson_delta,,constant_vector,5000
SKP2+ctrl,trishift_pearson_delta,-0.78905506949879467,,20
SKP2+ctrl,systema_pearson,-0.15628410897895856,,20
SLBP+ctrl,txpert_macro_pearson_delta,,constant_vector,5000
SLBP+ctrl,trishift_pearson_delta,0.31892661632698799,,20
SLBP+ctrl,systema_pearson,-0.4424939756209435,,20
SLC39A9+ctrl,txpert_macro_pearson_delta,,constant_vector,5000
SLC39A9+ctrl,trishift_pearson_delta,-0.27596970377114766,,20
SLC39A9+ctrl,systema_pearson,0.77186511806003455,,20
SLC4A5+ctrl,txpert_macro_pearson_delta,,constant_vector,5000
SLC4A5+ctrl,trishift_pearson_delta,-0.21546169939417573,,20
SLC4A5+ctrl,systema_pearson,0.39097786510736027,,20
SLC9B1+ctrl,txpert_macro_pearson_delta,,constant_vector,5000
SLC9B1+ctrl,trishift_pearson_delta,-0.50201174516383928,,20
SLC9B1+ctrl,systema_pearson,-0.2471411004759011,,20
SLU7+ctrl,txpert_macro_pearson_delta,,constant_vector,5000
SLU7+ctrl,trishift_pearson_delta,0.40454343818858773,,20
SLU7+ctrl,systema_pearson,-0.54150487371086498,,20
SMARCE1+ctrl,txpert_macro_pearson_delta,,constant_vector,5000
SMARCE1+ctrl,trishift_pearson_delta,-0.37044730552506872,,20
SMARCE1+ctrl,systema_pearson,0.062602957936275488,,20
SMG5+ctrl,txpert_macro_pearson_delta,,constant_vector,5000
SMG5+ctrl,trishift_pearson_delta,0.21659636995932832,,20
SMG5+ctrl,systema_pearson,-0.33278140096158326,,20
SMG8+ctrl,txpert_macro_pearson_delta,,constant_vector,5000
SMG8+ctrl,trishift_pearson_delta,0.36887020363792811,,20
SMG8+ctrl,systema_pearson,-0.41714056416303452,,20
SMU1+ctrl,txpert_macro_pearson_delta,,constant_vector,5000
SMU1+ctrl,trishift_pearson_delta,0.49184968008755969,,20
SMU1+ctrl,systema_pearson,-0.40478849921341581,,20
SMUG1+ctrl,txpert_macro_pearson_delta,,constant_vector,5000
SMUG1+ctrl,trishift_pearson_delta,-0.017054902025088216,,20
SMUG1+ctrl,systema_pearson,-0.043174943031308866,,20
SNRNP25+ctrl,txpert_macro_pearson_delta,,constant_vector,5000
SNRNP25+ctrl,trishift_pearson_delta,-0.57184048742358784,,20
SNRNP25+ctrl,systema_pearson,-0.3362439491386191,,20
SNRNP27+ctrl,txpert_macro_pearson_delta,,constant_vector,5000
SNRNP27+ctrl,trishift_pearson_delta,-0.46466066074916468,,20
SNRNP27+ctrl,systema_pearson,-0.76228401252728462,,20
SNRNP40+ctrl,txpert_macro_pearson_delta,,constant_vector,5000
SNRNP40+ctrl,trishift_pearson_delta,-0.10399002236577878,,20
SNRNP40+ctrl,systema_pearson,-0.3907322383463232,,20
SNRNP70+ctrl,txpert_macro_pearson_delta,,constant_vector,5000
SNRNP70+ctrl,trishift_pearson_delta,-0.32479445570837595,,20
SNRNP70+ctrl,systema_pearson,-0.5431282429961658,,20
SNRPD3+ctrl,txpert_macro_pearson_delta,,constant_vector,5000
SNRPD3+ctrl,trishift_pearson_delta,-0.6297655030727537,,20
SNRPD3+ctrl,systema_pearson,-0.93393893535693162,,20
SOD1+ctrl,txpert_macro_pearson_delta,,constant_vector,5000
SOD1+ctrl,trishift_pearson_delta,0.024652702195493332,,20
SOD1+ctrl,systema_pearson,0.26455966076060811,,20
SPCS3+ctrl,txpert_macro_pearson_delta,,constant_vector,5000
SPCS3+ctrl,trishift_pearson_delta,-0.033150466760626156,,20
SPCS3+ctrl,systema_pearson,0.23376126093574576,,20
SPDL1+ctrl,txpert_macro_pearson_delta,,constant_vector,5000
SPDL1+ctrl,trishift_pearson_delta,0.33854509957341006,,20
SPDL1+ctrl,systema_pearson,0.4670883295794469,,20
SPTSSA+ctrl,txpert_macro_pearson_delta,,constant_vector,5000
SPTSSA+ctrl,trishift_pearson_delta,0.49881592770383659,,20
SPTSSA+ctrl,systema_pearson,0.63675414707431321,,20
SRA1+ctrl,txpert_macro_pearson_delta,,constant_vector,5000
SRA1+ctrl,trishift_pearson_delta,-0.39452635035652661,,20
SRA1+ctrl,systema_pearson,0.54199191354861509,,20
SRBD1+ctrl,txpert_macro_pearson_delta,,constant_vector,5000
SRBD1+ctrl,trishift_pearson_delta,-0.38654234335981219,,20
SRBD1+ctrl,systema_pearson,-0.20955030081494783,,20
SRCAP+ctrl,txpert_macro_pearson_delta,,constant_vector,5000
SRCAP+ctrl,trishift_pearson_delta,-0.53545941444982192,,20
SRCAP+ctrl,systema_pearson,-0.72411361868729907,,20
SRFBP1+ctrl,txpert_macro_pearson_delta,,constant_vector,5000
SRFBP1+ctrl,trishift_pearson_delta,0.39489091457662523,,20
SRFBP1+ctrl,systema_pearson,-0.86199917187271036,,20
SRP19+ctrl,txpert_macro_pearson_delta,,constant_vector,5000
SRP19+ctrl,trishift_pearson_delta,0.51470114353396412,,20
SRP19+ctrl,systema_pearson,0.57899322983636858,,20
SRSF11+ctrl,txpert_macro_pearson_delta,,constant_vector,5000
SRSF11+ctrl,trishift_pearson_delta,-0.61148298642582588,,20
SRSF11+ctrl,systema_pearson,-0.85521865299348709,,20
SRSF3+ctrl,txpert_macro_pearson_delta,,constant_vector,5000
SRSF3+ctrl,trishift_pearson_delta,0.067056760225435982,,19
SRSF3+ctrl,systema_pearson,-0.54443422577521972,,19
SRSF6+ctrl,txpert_macro_pearson_delta,,constant_vector,5000
SRSF6+ctrl,trishift_pearson_delta,0.32491532361140679,,20
SRSF6+ctrl,systema_pearson,0.11363068472750454,,20
STRIP1+ctrl,txpert_macro_pearson_delta,,constant_vector,5000
STRIP1+ctrl,trishift_pearson_delta,-0.49563801110719052,,20
STRIP1+ctrl,systema_pearson,-0.50791700563418563,,20
STT3B+ctrl,txpert_macro_pearson_delta,,constant_vector,5000
STT3B+ctrl,trishift_pearson_delta,0.20733016137159005,,20
STT3B+ctrl,systema_pearson,0.34550220926402231,,20
STX5+ctrl,txpert_macro_pearson_delta,,constant_vector,5000
STX5+ctrl,trishift_pearson_delta,0.49629587224526811,,20
STX5+ctrl,systema_pearson,0.33178559130008295,,20
SUGP1+ctrl,txpert_macro_pearson_delta,,constant_vector,5000
SUGP1+ctrl,trishift_pearson_delta,-0.02120400909523797,,20
SUGP1+ctrl,systema_pearson,-0.91588719551391717,,20
SUMO2+ctrl,txpert_macro_pearson_delta,,constant_vector,5000
SUMO2+ctrl,trishift_pearson_delta,-0.64182735132967061,,20
SUMO2+ctrl,systema_pearson,-0.39976601024076919,,20
SUPT20H+ctrl,txpert_macro_pearson_delta,,constant_vector,5000
SUPT20H+ctrl,trishift_pearson_delta,0.14298255229464249,,20
SUPT20H+ctrl,systema_pearson,-0.10532698906211339,,20
SYMPK+ctrl,txpert_macro_pearson_delta,,constant_vector,5000
SYMPK+ctrl,trishift_pearson_delta,-0.33239464781896971,,20
SYMPK+ctrl,systema_pearson,-0.73065997815743344,,20
SYNGR3+ctrl,txpert_macro_pearson_delta,,constant_vector,5000
SYNGR3+ctrl,trishift_pearson_delta,-0.26564576484487734,,20
SYNGR3+ctrl,systema_pearson,-0.77188998602124248,,20
TAF1+ctrl,txpert_macro_pearson_delta,,constant_vector,5000
TAF1+ctrl,trishift_pearson_delta,-0.020125880264239483,,20
TAF1+ctrl,systema_pearson,-0.44818779024384625,,20
TAF11+ctrl,txpert_macro_pearson_delta,,constant_vector,5000
TAF11+ctrl,trishift_pearson_delta,0.30522302387935379,,20
TAF11+ctrl,systema_pearson,0.57941860676151946,,20
TAF1B+ctrl,txpert_macro_pearson_delta,,constant_vector,5000
TAF1B+ctrl,trishift_pearson_delta,-0.39786725696476677,,20
TAF1B+ctrl,systema_pearson,-0.30986095951083586,,20
TAMM41+ctrl,txpert_macro_pearson_delta,,constant_vector,5000
TAMM41+ctrl,trishift_pearson_delta,-0.067163484155876474,,20
TAMM41+ctrl,systema_pearson,0.26766236831964629,,20
TBC1D28+ctrl,txpert_macro_pearson_delta,,constant_vector,5000
TBC1D28+ctrl,trishift_pearson_delta,0.14594102285478883,,20
TBC1D28+ctrl,systema_pearson,-0.072655299762134321,,20
TBCB+ctrl,txpert_macro_pearson_delta,,constant_vector,5000
TBCB+ctrl,trishift_pearson_delta,0.14934211032982128,,20
TBCB+ctrl,systema_pearson,-0.92061874076435712,,20
TBP+ctrl,txpert_macro_pearson_delta,,constant_vector,5000
TBP+ctrl,trishift_pearson_delta,-0.24648860161031741,,20
TBP+ctrl,systema_pearson,-0.11883304134716843,,20
TBRG4+ctrl,txpert_macro_pearson_delta,,constant_vector,5000
TBRG4+ctrl,trishift_pearson_delta,-0.070690452608225179,,20
TBRG4+ctrl,systema_pearson,-0.76749948566590731,,20
TCERG1+ctrl,txpert_macro_pearson_delta,,constant_vector,5000
TCERG1+ctrl,trishift_pearson_delta,0.57196238148442768,,20
TCERG1+ctrl,systema_pearson,-0.56148822031989221,,20
TELO2+ctrl,txpert_macro_pearson_delta,,constant_vector,5000
TELO2+ctrl,trishift_pearson_delta,0.3380126348769551,,20
TELO2+ctrl,systema_pearson,0.83584877399027191,,20
TFAP4+ctrl,txpert_macro_pearson_delta,,constant_vector,5000
TFAP4+ctrl,trishift_pearson_delta,-0.51094456555390599,,20
TFAP4+ctrl,systema_pearson,-0.80101787057717744,,20
TFPT+ctrl,txpert_macro_pearson_delta,,constant_vector,5000
TFPT+ctrl,trishift_pearson_delta,-0.17311654334687443,,20
TFPT+ctrl,systema_pearson,-0.95352674794510417,,20
THAP1+ctrl,txpert_macro_pearson_delta,,constant_vector,5000
THAP1+ctrl,trishift_pearson_delta,-0.51005903149854137,,20
THAP1+ctrl,systema_pearson,-0.87072605938738012,,20
THOC1+ctrl,txpert_macro_pearson_delta,,constant_vector,5000
THOC1+ctrl,trishift_pearson_delta,0.22756149208949156,,20
THOC1+ctrl,systema_pearson,-0.0014851965120116907,,20
THOC2+ctrl,txpert_macro_pearson_delta,,constant_vector,5000
THOC2+ctrl,trishift_pearson_delta,-0.23842991149270781,,20
THOC2+ctrl,systema_pearson,-0.8165037382946565,,20
THOC6+ctrl,txpert_macro_pearson_delta,,constant_vector,5000
THOC6+ctrl,trishift_pearson_delta,-0.20525205982087619,,20
THOC6+ctrl,systema_pearson,-0.27163742705955124,,20
TIMM22+ctrl,txpert_macro_pearson_delta,,constant_vector,5000
TIMM22+ctrl,trishift_pearson_delta,0.19812983524531633,,20
TIMM22+ctrl,systema_pearson,-0.22110989457310867,,20
TIMM23B+ctrl,txpert_macro_pearson_delta,,constant_vector,5000
TIMM23B+ctrl,trishift_pearson_delta,0.15895921004223898,,20
TIMM23B+ctrl,systema_pearson,-0.76017637974279229,,20
TIMM44+ctrl,txpert_macro_pearson_delta,,constant_vector,5000
TIMM44+ctrl,trishift_pearson_delta,-0.46081861928502527,,20
TIMM44+ctrl,systema_pearson,-0.88290421375834394,,20
TINF2+ctrl,txpert_macro_pearson_delta,,constant_vector,5000
TINF2+ctrl,trishift_pearson_delta,0.15494951417503353,,20
TINF2+ctrl,systema_pearson,-0.50591553881384144,,20
TKT+ctrl,txpert_macro_pearson_delta,,constant_vector,5000
TKT+ctrl,trishift_pearson_delta,-0.25655387601555613,,20
TKT+ctrl,systema_pearson,-0.40883863279758087,,20
TMEM127+ctrl,txpert_macro_pearson_delta,,constant_vector,5000
TMEM127+ctrl,trishift_pearson_delta,0.16647065032625097,,20
TMEM127+ctrl,systema_pearson,-0.79085278572945594,,20
TMEM161B+ctrl,txpert_macro_pearson_delta,,constant_vector,5000
TMEM161B+ctrl,trishift_pearson_delta,0.19573446326291938,,20
TMEM161B+ctrl,systema_pearson,0.20605752487207038,,20
TMEM214+ctrl,txpert_macro_pearson_delta,,constant_vector,5000
TMEM214+ctrl,trishift_pearson_delta,-0.14094564450926342,,20
TMEM214+ctrl,systema_pearson,0.030735914344703932,,20
TMX2+ctrl,txpert_macro_pearson_delta,,constant_vector,5000
TMX2+ctrl,trishift_pearson_delta,-0.063505631582875366,,20
TMX2+ctrl,systema_pearson,-0.25968256398304451,,20
TNPO3+ctrl,txpert_macro_pearson_delta,,constant_vector,5000
TNPO3+ctrl,trishift_pearson_delta,0.33831896821364515,,20
TNPO3+ctrl,systema_pearson,-0.73331944351911971,,20
TOMM20+ctrl,txpert_macro_pearson_delta,,constant_vector,5000
TOMM20+ctrl,trishift_pearson_delta,-0.3849955331179995,,20
TOMM20+ctrl,systema_pearson,0.026528250034692231,,20
TOMM22+ctrl,txpert_macro_pearson_delta,,constant_vector,5000
TOMM22+ctrl,trishift_pearson_delta,-0.72386877459563725,,20
TOMM22+ctrl,systema_pearson,-0.63649713888693016,,20
TONSL+ctrl,txpert_macro_pearson_delta,,constant_vector,5000
TONSL+ctrl,trishift_pearson_delta,0.32363522406444251,,20
TONSL+ctrl,systema_pearson,-0.8170606847358074,,20
TOX4+ctrl,txpert_macro_pearson_delta,,constant_vector,5000
TOX4+ctrl,trishift_pearson_delta,-0.29503590142238889,,20
TOX4+ctrl,systema_pearson,-0.038021635157216974,,20
TPP2+ctrl,txpert_macro_pearson_delta,,constant_vector,5000
TPP2+ctrl,trishift_pearson_delta,-0.265738905069269,,20
TPP2+ctrl,systema_pearson,-0.56207561067174505,,20
TRAPPC1+ctrl,txpert_macro_pearson_delta,,constant_vector,5000
TRAPPC1+ctrl,trishift_pearson_delta,0.52298209173750809,,20
TRAPPC1+ctrl,systema_pearson,0.41925022445597399,,20
TRAPPC8+ctrl,txpert_macro_pearson_delta,,constant_vector,5000
TRAPPC8+ctrl,trishift_pearson_delta,-0.14572055266930492,,20
TRAPPC8+ctrl,systema_pearson,-0.043311845280196118,,20
TSEN34+ctrl,txpert_macro_pearson_delta,,constant_vector,5000
TSEN34+ctrl,trishift_pearson_delta,-0.24757081828589697,,20
TSEN34+ctrl,systema_pearson,0.053555597878824281,,20
TSG101+ctrl,txpert_macro_pearson_delta,,constant_vector,5000
TSG101+ctrl,trishift_pearson_delta,-0.73143514426503387,,20
TSG101+ctrl,systema_pearson,-0.94395483321292228,,20
TSPYL5+ctrl,txpert_macro_pearson_delta,,constant_vector,5000
TSPYL5+ctrl,trishift_pearson_delta,-0.26188244110460268,,20
TSPYL5+ctrl,systema_pearson,0.26814103417299567,,20
TSSK3+ctrl,txpert_macro_pearson_delta,,constant_vector,5000
TSSK3+ctrl,trishift_pearson_delta,0.1824102022373634,,20
TSSK3+ctrl,systema_pearson,-0.33568161468406849,,20
TTC4+ctrl,txpert_macro_pearson_delta,,constant_vector,5000
TTC4+ctrl,trishift_pearson_delta,0.36666508641493228,,20
TTC4+ctrl,systema_pearson,0.30892554489163265,,20
TUBB+ctrl,txpert_macro_pearson_delta,,constant_vector,5000
TUBB+ctrl,trishift_pearson_delta,0.27153386167129251,,19
TUBB+ctrl,systema_pearson,0.10690200321646852,,19
TUBGCP2+ctrl,txpert_macro_pearson_delta,,constant_vector,5000
TUBGCP2+ctrl,trishift_pearson_delta,0.45144394759182477,,20
TUBGCP2+ctrl,systema_pearson,-0.8733823853883409,,20
TUBGCP3+ctrl,txpert_macro_pearson_delta,,constant_vector,5000
TUBGCP3+ctrl,trishift_pearson_delta,-0.65456409346522204,,20
TUBGCP3+ctrl,systema_pearson,-0.76091027039680392,,20
TWF1+ctrl,txpert_macro_pearson_delta,,constant_vector,5000
TWF1+ctrl,trishift_pearson_delta,0.36417638533569868,,20
TWF1+ctrl,systema_pearson,0.95119920725462748,,20
TWNK+ctrl,txpert_macro_pearson_delta,,constant_vector,5000
TWNK+ctrl,trishift_pearson_delta,0.59333166746414567,,20
TWNK+ctrl,systema_pearson,-0.68865054751415344,,20
TWSG1+ctrl,txpert_macro_pearson_delta,,constant_vector,5000
TWSG1+ctrl,trishift_pearson_delta,0.53845873417434242,,20
TWSG1+ctrl,systema_pearson,-0.42403963038472764,,20
TXNL4A+ctrl,txpert_macro_pearson_delta,,constant_vector,5000
TXNL4A+ctrl,trishift_pearson_delta,-0.35662227045822553,,20
TXNL4A+ctrl,systema_pearson,0.14726882354031312,,20
U2SURP+ctrl,txpert_macro_pearson_delta,,constant_vector,5000
U2SURP+ctrl,trishift_pearson_delta,0.43079172037557745,,20
U2SURP+ctrl,systema_pearson,-0.63679375241309466,,20
UBE2Z+ctrl,txpert_macro_pearson_delta,,constant_vector,5000
UBE2Z+ctrl,trishift_pearson_delta,-0.52247596085380377,,20
UBE2Z+ctrl,systema_pearson,0.44820193357492477,,20
UBR5+ctrl,txpert_macro_pearson_delta,,constant_vector,5000
UBR5+ctrl,trishift_pearson_delta,0.4471794224141582,,20
UBR5+ctrl,systema_pearson,0.10877036329266403,,20
UPF2+ctrl,txpert_macro_pearson_delta,,constant_vector,5000
UPF2+ctrl,trishift_pearson_delta,0.15995858584731351,,20
UPF2+ctrl,systema_pearson,-0.67600758192045796,,20
UQCRC2+ctrl,txpert_macro_pearson_delta,,constant_vector,5000
UQCRC2+ctrl,trishift_pearson_delta,0.29481944661268727,,20
UQCRC2+ctrl,systema_pearson,-0.22779445122120962,,20
UQCRQ+ctrl,txpert_macro_pearson_delta,,constant_vector,5000
UQCRQ+ctrl,trishift_pearson_delta,-0.31012439433157168,,20
UQCRQ+ctrl,systema_pearson,-0.45847799332233075,,20
URB1+ctrl,txpert_macro_pearson_delta,,constant_vector,5000
URB1+ctrl,trishift_pearson_delta,-0.4302930477166293,,20
URB1+ctrl,systema_pearson,-0.7578645730176411,,20
USP19+ctrl,txpert_macro_pearson_delta,,constant_vector,5000
USP19+ctrl,trishift_pearson_delta,-0.081092031710320825,,20
USP19+ctrl,systema_pearson,0.010039026278900506,,20
USP39+ctrl,txpert_macro_pearson_delta,,constant_vector,5000
USP39+ctrl,trishift_pearson_delta,-0.37248713002115885,,20
USP39+ctrl,systema_pearson,-0.82784774142119799,,20
USP5+ctrl,txpert_macro_pearson_delta,,constant_vector,5000
USP5+ctrl,trishift_pearson_delta,0.18211094497075089,,20
USP5+ctrl,systema_pearson,-0.62368256657194143,,20
USP8+ctrl,txpert_macro_pearson_delta,,constant_vector,5000
USP8+ctrl,trishift_pearson_delta,0.14895507899947394,,20
USP8+ctrl,systema_pearson,-0.14730220214947651,,20
USPL1+ctrl,txpert_macro_pearson_delta,,constant_vector,5000
USPL1+ctrl,trishift_pearson_delta,-0.64219583412854242,,20
USPL1+ctrl,systema_pearson,-0.94500084893218306,,20
UTP15+ctrl,txpert_macro_pearson_delta,,constant_vector,5000
UTP15+ctrl,trishift_pearson_delta,0.23181178736942462,,20
UTP15+ctrl,systema_pearson,-0.93673607571892592,,20
UTP25+ctrl,txpert_macro_pearson_delta,,constant_vector,5000
UTP25+ctrl,trishift_pearson_delta,0.1296263531161462,,20
UTP25+ctrl,systema_pearson,-0.55821642533502114,,20
UTP6+ctrl,txpert_macro_pearson_delta,,constant_vector,5000
UTP6+ctrl,trishift_pearson_delta,-0.69315629703257098,,20
UTP6+ctrl,systema_pearson,-0.81814269452344979,,20
VEZT+ctrl,txpert_macro_pearson_delta,,constant_vector,5000
VEZT+ctrl,trishift_pearson_delta,-0.57111837064676585,,20
VEZT+ctrl,systema_pearson,-0.66312489711025047,,20
VPS33A+ctrl,txpert_macro_pearson_delta,,constant_vector,5000
VPS33A+ctrl,trishift_pearson_delta,-0.23655547960574694,,20
VPS33A+ctrl,systema_pearson,-0.47389504172600955,,20
VPS37A+ctrl,txpert_macro_pearson_delta,,constant_vector,5000
VPS37A+ctrl,trishift_pearson_delta,-0.096118832219651951,,20
VPS37A+ctrl,systema_pearson,-0.058968217992398181,,20
VPS41+ctrl,txpert_macro_pearson_delta,,constant_vector,5000
VPS41+ctrl,trishift_pearson_delta,0.22144817765148206,,20
VPS41+ctrl,systema_pearson,-0.67443205715255727,,20
WDR1+ctrl,txpert_macro_pearson_delta,,constant_vector,5000
WDR1+ctrl,trishift_pearson_delta,0.42707529931034527,,20
WDR1+ctrl,systema_pearson,0.62719818224035195,,20
WDR12+ctrl,txpert_macro_pearson_delta,,constant_vector,5000
WDR12+ctrl,trishift_pearson_delta,0.080487467173175065,,20
WDR12+ctrl,systema_pearson,-0.98833051781616366,,20
WDR18+ctrl,txpert_macro_pearson_delta,,constant_vector,5000
WDR18+ctrl,trishift_pearson_delta,-0.64664610024882796,,20
WDR18+ctrl,systema_pearson,-0.54164035308568259,,20
WDR24+ctrl,txpert_macro_pearson_delta,,constant_vector,5000
WDR24+ctrl,trishift_pearson_delta,-0.29460217325206817,,20
WDR24+ctrl,systema_pearson,-0.88500946851849616,,20
WDR25+ctrl,txpert_macro_pearson_delta,,constant_vector,5000
WDR25+ctrl,trishift_pearson_delta,-0.50921593185436309,,20
WDR25+ctrl,systema_pearson,-0.20149751523469489,,20
WDR36+ctrl,txpert_macro_pearson_delta,,constant_vector,5000
WDR36+ctrl,trishift_pearson_delta,-0.4077810980053615,,20
WDR36+ctrl,systema_pearson,-0.84357684624604934,,20
WDR43+ctrl,txpert_macro_pearson_delta,,constant_vector,5000
WDR43+ctrl,trishift_pearson_delta,-0.67826206544448986,,20
WDR43+ctrl,systema_pearson,-0.92574060706862016,,20
WDR46+ctrl,txpert_macro_pearson_delta,,constant_vector,5000
WDR46+ctrl,trishift_pearson_delta,0.075565753409365069,,20
WDR46+ctrl,systema_pearson,-0.84062602162117805,,20
WDR61+ctrl,txpert_macro_pearson_delta,,constant_vector,5000
WDR61+ctrl,trishift_pearson_delta,-0.6227784438428593,,20
WDR61+ctrl,systema_pearson,-0.62489487831874158,,20
WDR7+ctrl,txpert_macro_pearson_delta,,constant_vector,5000
WDR7+ctrl,trishift_pearson_delta,0.75468168158904037,,20
WDR7+ctrl,systema_pearson,0.78899577123699782,,20
WDTC1+ctrl,txpert_macro_pearson_delta,,constant_vector,5000
WDTC1+ctrl,trishift_pearson_delta,-0.15037748593823563,,20
WDTC1+ctrl,systema_pearson,-0.55807011436577492,,20
XPO1+ctrl,txpert_macro_pearson_delta,,constant_vector,5000
XPO1+ctrl,trishift_pearson_delta,0.20562459518216089,,20
XPO1+ctrl,systema_pearson,-0.64201731278724572,,20
XRCC3+ctrl,txpert_macro_pearson_delta,,constant_vector,5000
XRCC3+ctrl,trishift_pearson_delta,0.071003228879114783,,20
XRCC3+ctrl,systema_pearson,-0.26334524027724482,,20
YBX1+ctrl,txpert_macro_pearson_delta,,constant_vector,5000
YBX1+ctrl,trishift_pearson_delta,0.42130508403823669,,20
YBX1+ctrl,systema_pearson,0.4192245910322786,,20
YY1+ctrl,txpert_macro_pearson_delta,,constant_vector,5000
YY1+ctrl,trishift_pearson_delta,0.58447416210509362,,20
YY1+ctrl,systema_pearson,0.70780983152729937,,20
ZBTB4+ctrl,txpert_macro_pearson_delta,,constant_vector,5000
ZBTB4+ctrl,trishift_pearson_delta,-0.27691206830088028,,20
ZBTB4+ctrl,systema_pearson,-0.52861300185405635,,20
ZDHHC7+ctrl,txpert_macro_pearson_delta,,constant_vector,5000
ZDHHC7+ctrl,trishift_pearson_delta,-0.084883410885944435,,20
ZDHHC7+ctrl,systema_pearson,0.12536219647317975,,20
ZNF131+ctrl,txpert_macro_pearson_delta,,constant_vector,5000
ZNF131+ctrl,trishift_pearson_delta,0.22356418655239016,,20
ZNF131+ctrl,systema_pearson,0.82678573430315483,,20
ZNF24+ctrl,txpert_macro_pearson_delta,,constant_vector,5000
ZNF24+ctrl,trishift_pearson_delta,0.040323137764143667,,20
ZNF24+ctrl,systema_pearson,0.53144792132677365,,20
ZNF292+ctrl,txpert_macro_pearson_delta,,constant_vector,5000
ZNF292+ctrl,trishift_pearson_delta,0.35685860364445821,,20
ZNF292+ctrl,systema_pearson,0.68771212123472714,,20
ZNF559+ctrl,txpert_macro_pearson_delta,,constant_vector,5000
ZNF559+ctrl,trishift_pearson_delta,-0.037739772132114262,,20
ZNF559+ctrl,systema_pearson,0.06678241809015989,,20
ZNF574+ctrl,txpert_macro_pearson_delta,,constant_vector,5000
ZNF574+ctrl,trishift_pearson_delta,-0.076547489312141434,,20
ZNF574+ctrl,systema_pearson,-0.85945082943671458,,20
ZNF676+ctrl,txpert_macro_pearson_delta,,constant_vector,5000
ZNF676+ctrl,trishift_pearson_delta,0.39405730182735621,,20
ZNF676+ctrl,systema_pearson,0.61473980282403695,,20
ZNF687+ctrl,txpert_macro_pearson_delta,,constant_vector,5000
ZNF687+ctrl,trishift_pearson_delta,-0.16779141703950243,,20
ZNF687+ctrl,systema_pearson,0.054064001446078501,,20
ZNF706+ctrl,txpert_macro_pearson_delta,,constant_vector,5000
ZNF706+ctrl,trishift_pearson_delta,-0.10490110997888311,,20
ZNF706+ctrl,systema_pearson,0.046215521184478164,,20
ZNF763+ctrl,txpert_macro_pearson_delta,,constant_vector,5000
ZNF763+ctrl,trishift_pearson_delta,-0.67620026075119655,,20
ZNF763+ctrl,systema_pearson,-0.0062100962713353769,,20
ZNF84+ctrl,txpert_macro_pearson_delta,,constant_vector,5000
ZNF84+ctrl,trishift_pearson_delta,0.081907700858686192,,20
ZNF84+ctrl,systema_pearson,-0.46039149899504223,,20
ZNHIT6+ctrl,txpert_macro_pearson_delta,,constant_vector,5000
ZNHIT6+ctrl,trishift_pearson_delta,0.2836987169996566,,20
ZNHIT6+ctrl,systema_pearson,-0.81715758909278591,,20
ZRANB2+ctrl,txpert_macro_pearson_delta,,constant_vector,5000
ZRANB2+ctrl,trishift_pearson_delta,0.12828195563549816,,20
ZRANB2+ctrl,systema_pearson,0.27381974893395294,,20
ZW10+ctrl,txpert_macro_pearson_delta,,constant_vector,5000
ZW10+ctrl,trishift_pearson_delta,0.61387436164502485,,20
ZW10+ctrl,systema_pearson,0.5771401063377174,,20
