gene_id,source,incoming_nonself,outgoing_nonself,self_loop_only,candidate_target
HES4,go,6,9,False,False
ISG15,go,20,0,False,False
AGRN,go,20,9,False,False
B3GALT6,go,20,12,False,False
ACAP3,go,20,9,False,False
MXRA8,go,20,12,False,False
CCNL2,go,20,5,False,False
MRPL20-AS1,go,0,0,True,False
ANKRD65,go,0,0,True,False
VWA1,go,20,12,False,False
ATAD3C,go,0,0,True,False
ATAD3B,go,20,15,False,False
MIB2,go,20,50,False,False
SLC35E2B,go,20,7,False,False
CDK11A,go,20,28,False,True
TMEM52,go,20,34,False,False
PRKCZ,go,0,0,True,False
SKI,go,20,2,False,False
TNFRSF14,go,0,0,True,False
TPRG1L,go,0,0,True,False
WRAP73,go,20,16,False,False
SMIM1,go,20,81,False,False
CEP104,go,18,4,False,False
C1orf174,go,19,76,False,False
ESPN,go,7,2,False,True
ZBTB48,go,8,0,False,False
KLHL21,go,20,8,False,False
PHF13,go,20,12,False,False
THAP3,go,13,22,False,False
ERRFI1,go,0,0,True,False
AL034417.2,go,0,0,True,False
RERE,go,20,7,False,False
ENO1,go,20,13,False,True
GPR157,go,0,0,True,False
MIR34AHG,go,0,0,True,False
H6PD,go,0,0,True,False
SPSB1,go,0,0,True,False
SLC25A33,go,11,1,False,False
PIK3CD-AS2,go,0,0,True,False
CLSTN1,go,20,6,False,False
CTNNBIP1,go,20,0,False,False
UBE4B,go,20,3,False,False
KIF1B,go,20,16,False,False
CENPS,go,20,18,False,False
MASP2,go,0,0,True,False
AL109811.2,go,0,0,True,False
SRM,go,20,14,False,False
EXOSC10,go,20,16,False,True
MTOR,go,20,4,False,True
FBXO2,go,0,0,True,False
FBXO44,go,20,26,False,False
FBXO6,go,20,9,False,False
MTHFR,go,1,0,False,False
CLCN6,go,20,5,False,False
DHRS3,go,7,2,False,False
PRDM2,go,13,5,False,False
KAZN,go,0,0,True,False
TMEM51-AS1,go,0,0,True,False
TMEM51,go,0,0,True,False
EFHD2,go,15,5,False,False
DNAJC16,go,20,48,False,False
AGMAT,go,0,0,True,False
DDI2,go,20,0,False,False
PLEKHM2,go,20,1,False,False
TMEM82,go,0,0,True,False
FBLIM1,go,20,16,False,True
AL450998.2,go,0,0,True,False
SPEN,go,20,5,False,True
ZBTB17,go,12,5,False,True
SRARP,go,0,0,True,False
EPHA2,go,0,0,True,False
FBXO42,go,13,45,False,True
SZRD1,go,0,0,True,False
NECAP2,go,9,1,False,False
NBPF1,go,16,100,False,False
RCC2,go,20,1,False,False
ARHGEF10L,go,0,0,True,False
ALDH4A1,go,20,17,False,False
IFFO2,go,0,0,True,False
UBR4,go,20,37,False,True
MRTO4,go,20,20,False,True
SLC66A1,go,19,3,False,False
NBL1,go,0,0,True,False
OTUD3,go,0,0,True,False
PLA2G2A,go,0,0,True,False
CAMK2N1,go,0,0,True,False
MUL1,go,20,0,False,False
CDA,go,0,0,True,False
PINK1,go,10,1,False,False
HP1BP3,go,20,1,False,False
EIF4G3,go,20,13,False,False
ECE1,go,20,1,False,False
ALPL,go,0,0,True,False
RAP1GAP,go,20,17,False,False
HSPG2,go,20,20,False,False
CDC42,go,5,1,False,True
ZBTB40,go,10,3,False,False
KDM1A,go,20,0,False,True
LUZP1,go,20,2,False,False
LINC01355,go,0,0,True,False
HNRNPR,go,20,67,False,True
ZNF436-AS1,go,0,0,True,False
TCEA3,go,0,0,True,False
E2F2,go,16,25,False,False
ID3,go,20,3,False,False
PITHD1,go,20,0,False,False
LYPLA2,go,20,2,False,False
GALE,go,20,7,False,False
HMGCL,go,20,11,False,False
FUCA1,go,20,27,False,False
PNRC2,go,20,44,False,False
SRSF10,go,20,8,False,True
MYOM3,go,0,0,True,False
NIPAL3,go,20,17,False,False
RCAN3,go,0,0,True,False
SRRM1,go,20,83,False,True
CLIC4,go,20,2,False,False
SYF2,go,20,15,False,True
RSRP1,go,0,0,True,False
MACO1,go,20,5,False,False
MTFR1L,go,20,28,False,False
PAQR7,go,0,0,True,False
STMN1,go,20,1,False,False
CNKSR1,go,0,0,True,False
SH3BGRL3,go,20,58,False,False
HMGN2,go,20,17,False,True
RPS6KA1,go,20,18,False,False
ARID1A,go,20,13,False,False
SFN,go,0,0,True,False
NR0B2,go,0,0,True,False
TRNP1,go,16,2,False,True
TMEM222,go,20,55,False,False
SYTL1,go,0,0,True,False
STX12,go,20,12,False,False
RPA2,go,20,5,False,True
SMPDL3B,go,0,0,True,False
ATP5IF1,go,11,0,False,False
SESN2,go,17,1,False,False
PHACTR4,go,15,2,False,False
RCC1,go,20,5,False,True
SNHG3,go,0,0,True,False
SNHG12,go,0,0,True,False
RAB42,go,0,0,True,False
GMEB1,go,5,120,False,False
SERINC2,go,0,0,True,False
TINAGL1,go,0,0,True,False
KPNA6,go,20,6,False,True
LCK,go,0,0,True,False
BSDC1,go,16,123,False,False
ZBTB8A,go,12,2,False,False
RNF19B,go,20,18,False,False
PHC2,go,20,42,False,False
TMEM35B,go,0,0,True,False
SFPQ,go,20,13,False,True
ZMYM4,go,20,4,False,True
KIAA0319L,go,20,91,False,False
CLSPN,go,20,7,False,True
AGO3,go,20,10,False,False
MAP7D1,go,20,6,False,False
EVA1B,go,20,124,False,False
ZC3H12A,go,9,2,False,False
MEAF6,go,20,26,False,False
SNIP1,go,20,34,False,True
CDCA8,go,20,4,False,True
YRDC,go,20,0,False,True
C1orf122,go,0,0,True,False
MTF1,go,13,4,False,False
FHL3,go,20,4,False,False
RRAGC,go,20,9,False,False
AKIRIN1,go,20,3,False,False
MACF1,go,20,11,False,False
RLF,go,12,2,False,False
COL9A2,go,0,0,True,False
SMAP2,go,20,10,False,False
CITED4,go,0,0,True,False
PPIH,go,20,10,False,True
SLC2A1,go,20,7,False,False
C1orf210,go,0,0,True,False
CDC20,go,20,8,False,True
ELOVL1,go,20,5,False,True
PTPRF,go,9,2,False,False
KDM4A,go,20,3,False,False
ATP6V0B,go,20,19,False,True
KIF2C,go,20,36,False,False
PLK3,go,20,10,False,False
NASP,go,20,10,False,True
GPBP1L1,go,19,32,False,False
TSPAN1,go,0,0,True,False
EFCAB14,go,13,4,False,False
STIL,go,20,5,False,True
RNF11,go,20,9,False,False
OSBPL9,go,20,20,False,False
RAB3B,go,0,0,True,False
SCP2,go,6,1,False,False
DIO1,go,0,0,True,False
HSPB11,go,20,9,False,False
LDLRAD1,go,0,0,True,False
TMEM59,go,20,28,False,False
DHCR24,go,20,1,False,False
PLPP3,go,0,0,True,False
PRKAA2,go,0,0,True,False
MYSM1,go,20,11,False,True
JUN,go,20,13,False,False
HOOK1,go,20,10,False,False
NFIA,go,17,6,False,False
TM2D1,go,20,14,False,False
PATJ,go,0,0,True,False
USP1,go,20,26,False,False
DOCK7,go,14,2,False,False
PGM1,go,0,0,True,False
JAK1,go,20,6,False,False
AK4,go,20,4,False,False
MIER1,go,20,36,False,True
GADD45A,go,20,1,False,False
DEPDC1,go,20,19,False,False
ZRANB2,go,20,42,False,True
CRYZ,go,20,5,False,False
SLC44A5,go,0,0,True,False
RABGGTB,go,20,7,False,True
AC118549.1,go,0,0,True,True
USP33,go,20,13,False,False
MIGA1,go,0,0,True,False
FUBP1,go,20,77,False,False
DNAJB4,go,20,14,False,False
GIPC2,go,0,0,True,False
ADGRL2,go,0,0,True,False
RPF1,go,6,1,False,True
CTBS,go,7,1,False,False
C1orf52,go,20,32,False,False
BCL10,go,15,2,False,False
DDAH1,go,0,0,True,False
CCN1,go,0,0,True,False
ZNHIT6,go,19,4,False,True
SH3GLB1,go,20,7,False,False
HS2ST1,go,19,6,False,False
LMO4,go,1,0,False,False
PKN2,go,20,40,False,False
GTF2B,go,20,7,False,True
ZNF326,go,20,25,False,False
ZNF644,go,6,0,False,False
TGFBR3,go,3,2,False,False
RPAP2,go,20,33,False,True
EVI5,go,20,32,False,False
RPL5,go,20,10,False,True
MTF2,go,20,11,False,False
DR1,go,20,6,False,True
FNBP1L,go,0,0,True,False
DNTTIP2,go,20,85,False,True
GCLM,go,1,1,False,False
ARHGAP29,go,0,0,True,False
CNN3,go,0,0,True,False
TLCD4,go,0,0,True,False
PTBP2,go,20,1,False,False
PALMD,go,0,0,True,False
AGL,go,20,5,False,False
DBT,go,20,5,False,False
SLC30A7,go,20,3,False,False
RNPC3,go,20,4,False,True
VAV3,go,0,0,True,False
PRPF38B,go,20,9,False,True
STXBP3,go,20,6,False,False
GPSM2,go,20,5,False,False
TAF13,go,20,30,False,True
TMEM167B,go,20,69,False,False
SARS,go,20,11,False,True
PSRC1,go,20,31,False,False
SORT1,go,20,2,False,False
GSTM3,go,20,13,False,False
SLC16A4,go,0,0,True,False
LRIF1,go,20,4,False,False
INKA2,go,20,7,False,False
CTTNBP2NL,go,0,0,True,False
RHOC,go,20,15,False,False
SLC16A1,go,20,16,False,False
SLC16A1-AS1,go,0,0,True,False
RSBN1,go,13,8,False,False
OLFML3,go,19,9,False,True
TRIM33,go,20,17,False,False
BCAS2,go,20,37,False,True
NRAS,go,20,60,False,False
ATP1A1,go,0,0,True,True
TTF2,go,19,0,False,True
MAN1A2,go,20,14,False,False
WDR3,go,20,13,False,True
PHGDH,go,9,2,False,False
SEC22B,go,20,27,False,False
LINC00623,go,0,0,True,False
SRGAP2C,go,0,0,True,False
LINC02802,go,0,0,True,False
SRGAP2B,go,0,0,True,False
PDZK1,go,0,0,True,False
RBM8A,go,20,15,False,True
POLR3GL,go,20,82,False,False
TXNIP,go,20,2,False,False
PRKAB2,go,20,29,False,False
FMO5,go,0,0,True,False
AC245297.3,go,0,0,True,False
HIST2H2AC,go,18,21,False,True
SF3B4,go,20,45,False,True
OTUD7B,go,20,14,False,False
PLEKHO1,go,20,1,False,False
ANP32E,go,20,5,False,False
PRPF3,go,20,77,False,True
RPRD2,go,20,3,False,False
MCL1,go,20,14,False,True
ANXA9,go,0,0,True,False
C1orf56,go,18,28,False,False
CDC42SE1,go,19,6,False,False
MLLT11,go,20,6,False,False
SCNM1,go,16,11,False,True
PIP5K1A,go,20,7,False,False
RFX5,go,14,66,False,False
POGZ,go,20,1,False,True
TUFT1,go,0,0,True,False
S100A10,go,20,9,False,False
S100A11,go,20,24,False,False
S100A6,go,20,38,False,False
S100A4,go,20,42,False,False
S100A3,go,0,0,True,False
S100A2,go,0,0,True,False
S100A16,go,0,0,True,False
S100A14,go,0,0,True,False
S100A13,go,20,25,False,False
S100A1,go,20,22,False,True
GATAD2B,go,20,9,False,False
IL6R,go,0,0,True,False
ADAR,go,20,3,False,False
PBXIP1,go,20,0,False,False
SHC1,go,15,3,False,True
CKS1B,go,20,6,False,False
EFNA1,go,0,0,True,False
DPM3,go,20,20,False,False
SCAMP3,go,20,2,False,False
PKLR,go,20,8,False,False
FDPS,go,20,18,False,True
ASH1L,go,18,3,False,False
RIT1,go,11,1,False,False
KHDC4,go,20,184,False,False
ARHGEF2,go,20,3,False,False
RAB25,go,0,0,True,False
MEX3A,go,20,39,False,True
LMNA,go,20,1,False,False
GLMP,go,0,0,True,False
RHBG,go,0,0,True,False
AL365181.3,go,0,0,True,False
NES,go,19,0,False,False
TAGLN2,go,20,40,False,False
F11R,go,20,4,False,False
NECTIN4,go,0,0,True,False
PFDN2,go,20,31,False,True
APOA2,go,0,0,True,False
MPZ,go,16,6,False,False
DUSP12,go,20,33,False,False
ATF6,go,20,24,False,False
NOS1AP,go,18,0,False,True
UHMK1,go,20,4,False,False
UAP1,go,20,10,False,False
HSD17B7,go,18,2,False,False
NUF2,go,20,22,False,True
TMCO1,go,20,5,False,False
POU2F1,go,16,46,False,False
CREG1,go,20,17,False,False
MPC2,go,20,17,False,False
DCAF6,go,20,101,False,True
ATP1B1,go,0,0,True,False
BLZF1,go,19,33,False,False
F5,go,0,0,True,False
SUCO,go,20,2,False,False
TNFSF4,go,0,0,True,False
CENPL,go,20,121,False,False
GAS5,go,0,0,True,False
SERPINC1,go,0,0,True,False
RC3H1,go,13,3,False,False
CACYBP,go,20,9,False,False
RASAL2,go,0,0,True,False
RALGPS2,go,18,16,False,False
ANGPTL1,go,0,0,True,False
ABL2,go,20,3,False,False
TOR1AIP2,go,20,29,False,False
CEP350,go,20,27,False,False
QSOX1,go,20,9,False,False
ACBD6,go,20,40,False,False
XPR1,go,20,4,False,False
STX6,go,20,21,False,False
MR1,go,16,1,False,False
IER5,go,20,50,False,False
GLUL,go,20,1,False,False
LAMC1,go,0,0,True,False
SMG7,go,20,9,False,True
ARPC5,go,20,17,False,False
RGL1,go,19,34,False,False
COLGALT2,go,14,9,False,False
EDEM3,go,20,5,False,False
ODR4,go,20,1,False,False
UCHL5,go,20,14,False,True
RO60,go,20,0,False,False
GLRX2,go,20,7,False,False
ASPM,go,2,0,False,False
ZBTB41,go,5,32,False,False
NEK7,go,20,21,False,False
ZNF281,go,15,42,False,False
KIF14,go,20,6,False,True
CAMSAP2,go,0,0,True,False
INAVA,go,0,0,True,False
TMEM9,go,20,10,False,False
PHLDA3,go,0,0,True,False
CSRP1,go,20,10,False,False
ELF3-AS1,go,0,0,True,False
ELF3,go,15,39,False,False
ARL8A,go,20,20,False,False
UBE2T,go,20,19,False,False
KDM5B,go,20,4,False,False
CYB5R1,go,20,40,False,False
BTG2,go,20,2,False,False
ETNK2,go,20,21,False,False
KISS1,go,0,0,True,False
GOLT1A,go,0,0,True,False
PPP1R15B,go,20,2,False,True
MDM4,go,20,5,False,False
DSTYK,go,20,5,False,True
ELK4,go,12,178,False,False
NUCKS1,go,20,1,False,False
MAPKAPK2,go,20,20,False,False
YOD1,go,20,14,False,False
C4BPB,go,0,0,True,False
C4BPA,go,0,0,True,False
CD55,go,20,8,False,False
CD46,go,20,9,False,False
LINC00467,go,0,0,True,False
SLC30A1,go,20,5,False,False
NEK2,go,20,23,False,False
LPGAT1,go,20,8,False,False
DTL,go,20,3,False,True
PPP2R5A,go,20,10,False,False
NENF,go,20,18,False,False
ATF3,go,20,39,False,False
FLVCR1,go,20,3,False,False
RPS6KC1,go,20,28,False,False
PROX1,go,20,1,False,False
PTPN14,go,0,0,True,False
CENPF,go,20,11,False,False
KCTD3,go,20,1,False,False
GPATCH2,go,20,4,False,False
LYPLAL1,go,20,9,False,False
EPRS,go,20,7,False,True
C1orf115,go,0,0,True,False
MARC1,go,0,0,True,False
MIA3,go,20,1,False,False
BROX,go,16,59,False,False
CAPN2,go,20,3,False,False
FBXO28,go,20,11,False,False
WDR26,go,20,141,False,True
LBR,go,20,8,False,False
ENAH,go,0,0,True,False
EPHX1,go,18,3,False,False
SDE2,go,20,13,False,True
ACBD3,go,20,22,False,False
MIXL1,go,12,0,False,False
COQ8A,go,20,15,False,False
CDC42BPA,go,20,44,False,False
C1orf35,go,20,32,False,False
RNF187,go,20,85,False,False
RHOU,go,0,0,True,False
ACTA1,go,0,0,True,False
AGT,go,0,0,True,False
EGLN1,go,20,1,False,False
AL445524.1,go,0,0,True,False
NTPCR,go,20,6,False,False
COA6,go,20,9,False,False
IRF2BP2,go,9,27,False,True
ARID4B,go,18,12,False,False
TBCE,go,20,9,False,True
B3GALNT2,go,20,52,False,False
NID1,go,0,0,True,False
LGALS8,go,20,13,False,False
HEATR1,go,20,19,False,True
MTR,go,20,1,False,False
OPN3,go,20,0,False,False
CHML,go,20,11,False,False
CEP170,go,20,46,False,False
SDCCAG8,go,20,12,False,False
HNRNPU,go,20,1,False,True
SMYD3,go,9,2,False,False
CNST,go,20,26,False,False
ZNF669,go,11,29,False,False
ZNF124,go,11,31,False,False
FAM110C,go,0,0,True,False
SH3YL1,go,0,0,True,False
TMEM18,go,20,7,False,False
TRAPPC12,go,20,18,False,False
ADI1,go,20,38,False,False
AC108488.1,go,0,0,True,False
RNASEH1-AS1,go,0,0,True,False
ID2,go,20,4,False,False
KIDINS220,go,20,3,False,False
ASAP2,go,0,0,True,False
ADAM17,go,8,3,False,False
KLF11,go,16,27,False,False
RRM2,go,20,2,False,True
HPCAL1,go,13,30,False,False
ODC1,go,20,1,False,False
ROCK2,go,20,0,False,False
E2F6,go,16,34,False,True
GREB1,go,0,0,True,False
LPIN1,go,20,1,False,True
AC106875.1,go,0,0,True,False
NBAS,go,20,27,False,True
VSNL1,go,0,0,True,False
SMC6,go,20,11,False,True
GEN1,go,15,1,False,False
MATN3,go,0,0,True,False
LAPTM4A,go,20,66,False,False
SDC1,go,20,2,False,True
PUM2,go,20,7,False,False
RHOB,go,0,0,True,False
AC012065.3,go,0,0,True,False
AC115619.1,go,0,0,True,False
APOB,go,0,0,True,False
ATAD2B,go,20,17,False,False
UBXN2A,go,20,3,False,False
FKBP1B,go,5,2,False,False
SF3B6,go,0,0,True,False
TP53I3,go,20,4,False,False
ITSN2,go,20,19,False,False
NCOA1,go,20,8,False,False
ASXL2,go,18,3,False,False
KIF3C,go,0,0,True,False
RAB10,go,20,11,False,False
SELENOI,go,19,16,False,False
CENPA,go,20,13,False,True
KHK,go,20,10,False,False
CGREF1,go,0,0,True,False
PREB,go,20,13,False,True
SLC5A6,go,20,17,False,False
FNDC4,go,20,15,False,False
SUPT7L,go,20,24,False,False
SLC4A1AP,go,20,60,False,False
MRPL33,go,20,34,False,True
RBKS,go,0,0,True,False
FOSL2,go,18,56,False,False
PPP1CB,go,20,16,False,True
WDR43,go,20,4,False,True
YPEL5,go,17,6,False,True
SPAST,go,20,8,False,False
YIPF4,go,20,48,False,False
BIRC6,go,20,11,False,False
AL133243.3,go,0,0,True,False
CRIM1,go,20,6,False,False
FEZ2,go,19,12,False,False
EIF2AK2,go,20,9,False,False
CEBPZOS,go,0,0,True,False
CEBPZ,go,20,4,False,True
PRKD3,go,20,17,False,False
HNRNPLL,go,20,19,False,False
GALM,go,16,2,False,False
SRSF7,go,20,47,False,True
MORN2,go,18,14,False,False
SOS1,go,18,1,False,False
MAP4K3,go,20,40,False,False
MAP4K3-DT,go,0,0,True,False
THUMPD2,go,20,4,False,False
EML4,go,20,48,False,False
MTA3,go,20,20,False,False
HAAO,go,0,0,True,False
ZFP36L2,go,20,3,False,False
LRPPRC,go,20,1,False,True
PPM1B,go,20,6,False,False
PREPL,go,20,5,False,False
EPAS1,go,19,2,False,False
RHOQ,go,20,8,False,True
CRIPT,go,19,1,False,False
SOCS5,go,0,0,True,False
CALM2,go,4,3,False,False
EPCAM,go,20,15,False,False
MSH2,go,20,4,False,False
MSH6,go,20,4,False,False
FBXO11,go,20,56,False,False
FOXN2,go,12,16,False,False
PSME4,go,20,6,False,False
ACYP2,go,20,13,False,False
SPTBN1,go,20,14,False,False
RTN4,go,13,0,False,False
CCDC88A,go,20,1,False,False
CFAP36,go,0,0,True,False
PPP4R3B,go,0,0,True,False
PAPOLG,go,20,23,False,False
REL,go,13,10,False,False
PUS10,go,16,8,False,False
PEX13,go,19,6,False,False
C2orf74,go,0,0,True,False
XPO1,go,20,9,False,True
FAM161A,go,20,11,False,False
COMMD1,go,20,2,False,False
B3GNT2,go,20,5,False,False
EHBP1,go,20,16,False,False
UGP2,go,20,17,False,False
VPS54,go,20,21,False,True
PELI1,go,20,3,False,False
LGALSL,go,15,2,False,False
AFTPH,go,20,19,False,False
SERTAD2,go,20,115,False,False
SLC1A4,go,10,10,False,False
CEP68,go,20,4,False,True
SPRED2,go,20,2,False,False
ETAA1,go,20,12,False,False
PNO1,go,20,228,False,True
ANTXR1,go,0,0,True,False
GFPT1,go,20,1,False,False
NFU1,go,20,35,False,False
AAK1,go,20,7,False,False
ANXA4,go,20,23,False,False
GMCL1,go,20,9,False,False
SNRNP27,go,20,31,False,True
MXD1,go,15,17,False,False
PCBP1-AS1,go,0,0,True,False
TIA1,go,20,18,False,False
PCYOX1,go,20,1,False,False
SNRPG,go,20,10,False,True
MPHOSPH10,go,20,23,False,True
ZNF638,go,20,18,False,False
SPR,go,0,0,True,False
EMX1,go,7,0,False,False
SFXN5,go,20,3,False,False
PRADC1,go,15,33,False,False
NAT8,go,0,0,True,False
TPRKB,go,20,29,False,True
DUSP11,go,20,6,False,False
STAMBP,go,20,6,False,False
TET3,go,20,3,False,False
MTHFD2,go,20,6,False,False
DCTN1,go,20,12,False,True
WBP1,go,20,23,False,True
LBX2,go,6,2,False,False
PCGF1,go,20,17,False,False
DQX1,go,0,0,True,False
HK2,go,9,4,False,False
EVA1A,go,0,0,True,False
TMSB10,go,18,5,False,True
KCMF1,go,20,7,False,True
TGOLN2,go,20,19,False,False
RETSAT,go,20,4,False,False
CAPG,go,20,13,False,False
MAT2A,go,20,11,False,True
GGCX,go,18,6,False,False
VAMP8,go,20,18,False,False
VAMP5,go,0,0,True,False
RNF181,go,20,62,False,False
TMEM150A,go,19,12,False,False
USP39,go,20,16,False,True
ATOH8,go,11,1,False,False
KDM3A,go,20,2,False,False
RNF103,go,20,28,False,True
RMND5A,go,20,71,False,False
CYTOR,go,0,0,True,False
KRCC1,go,14,0,False,False
FABP1,go,0,0,True,False
EIF2AK3,go,20,2,False,False
RPIA,go,20,7,False,True
ANKRD36C,go,0,0,True,False
TMEM127,go,18,3,False,True
SNRNP200,go,20,19,False,True
NCAPH,go,20,9,False,True
TMEM131,go,20,22,False,False
COA5,go,16,46,False,True
UNC50,go,20,3,False,True
MGAT4A,go,0,0,True,False
TSGA10,go,0,0,True,False
MITD1,go,20,6,False,False
REV1,go,20,12,False,False
NPAS2,go,15,14,False,False
TBC1D8,go,0,0,True,False
RNF149,go,20,14,False,False
MAP4K4,go,19,3,False,False
IL1R1,go,0,0,True,False
MRPS9,go,20,21,False,True
TGFBRAP1,go,19,2,False,False
AC012360.3,go,0,0,True,False
C2orf49,go,20,30,False,False
FHL2,go,20,2,False,False
GCC2,go,20,8,False,False
LIMS1,go,20,8,False,True
RANBP2,go,20,10,False,True
SEPTIN10,go,0,0,True,False
SOWAHC,go,0,0,True,False
MTLN,go,0,0,True,False
BUB1,go,20,42,False,True
MIR4435-2HG,go,0,0,True,False
BCL2L11,go,7,6,False,False
AC068491.3,go,0,0,True,False
MERTK,go,0,0,True,False
TMEM87B,go,0,0,True,False
ZC3H8,go,19,2,False,True
TTL,go,2,0,False,False
SLC20A1,go,17,8,False,False
CKAP2L,go,20,13,False,False
IL1RN,go,0,0,True,False
CBWD2,go,0,0,True,False
SLC35F5,go,20,0,False,False
ACTR3,go,20,24,False,True
AC009404.1,go,0,0,True,False
CCDC93,go,20,17,False,False
INSIG2,go,20,1,False,False
DBI,go,2,1,False,False
TMEM37,go,0,0,True,False
PTPN4,go,20,19,False,False
EPB41L5,go,20,0,False,False
RALB,go,20,12,False,False
NIFK-AS1,go,0,0,True,False
NIFK,go,20,11,False,True
MAP3K2,go,20,97,False,False
PROC,go,0,0,True,False
POLR2D,go,20,6,False,True
AMMECR1L,go,0,0,True,False
HS6ST1,go,20,1,False,True
CCDC115,go,20,6,False,True
FAM168B,go,20,40,False,False
PLEKHB2,go,20,2,False,False
MGAT5,go,20,14,False,False
CCNT2,go,20,7,False,False
RAB3GAP1,go,20,2,False,False
R3HDM1,go,20,9,False,False
UBXN4,go,20,36,False,False
MCM6,go,20,19,False,True
HNMT,go,0,0,True,False
SPOPL,go,0,0,True,False
KYNU,go,0,0,True,False
ACVR2A,go,0,0,True,False
ORC4,go,20,21,False,True
MBD5,go,20,1,False,False
EPC2,go,20,16,False,False
RIF1,go,20,4,False,False
AC097448.1,go,0,0,True,False
CACNB4,go,0,0,True,False
FMNL2,go,0,0,True,False
ARL6IP6,go,20,48,False,True
ACVR1,go,0,0,True,False
PKP4,go,20,14,False,False
TANC1,go,0,0,True,False
BAZ2B,go,12,59,False,False
MARCH7,go,20,0,False,False
CD302,go,0,0,True,False
RBMS1,go,20,12,False,False
TANK,go,20,2,False,False
PSMD14,go,20,9,False,True
DPP4,go,0,0,True,False
GCA,go,0,0,True,False
FIGN,go,0,0,True,False
GRB14,go,0,0,True,False
COBLL1,go,0,0,True,False
TTC21B,go,20,4,False,False
SCN1A-AS1,go,0,0,True,False
SCN1A,go,0,0,True,False
SCN9A,go,0,0,True,False
STK39,go,0,0,True,False
CERS6,go,20,46,False,False
SPC25,go,20,30,False,True
KLHL23,go,14,0,False,False
METTL5,go,19,1,False,False
UBR3,go,20,18,False,False
SP5,go,9,6,False,False
METTL8,go,20,4,False,False
DCAF17,go,20,53,False,False
HAT1,go,20,10,False,False
DLX1,go,16,2,False,False
DLX2,go,11,1,False,False
ITGA6,go,0,0,True,False
PDK1,go,20,5,False,False
MAP3K20,go,0,0,True,False
CDCA7,go,20,85,False,False
SP3,go,15,9,False,False
CIR1,go,20,9,False,False
CHN1,go,0,0,True,False
ATF2,go,7,1,False,False
LNPK,go,20,2,False,False
HOXD1,go,3,9,False,False
HNRNPA3,go,20,23,False,False
NFE2L2,go,20,5,False,False
FKBP7,go,20,17,False,False
PLEKHA3,go,20,6,False,False
SESTD1,go,0,0,True,False
CWC22,go,20,82,False,True
UBE2E3,go,20,21,False,False
ITPRID2,go,20,19,False,False
DNAJC10,go,20,8,False,False
LINC01473,go,0,0,True,False
ITGAV,go,8,6,False,False
TFPI,go,20,15,False,False
WDR75,go,20,13,False,True
SLC40A1,go,20,6,False,False
ASNSD1,go,20,3,False,False
C2orf88,go,17,27,False,False
INPP1,go,20,6,False,False
GLS,go,20,0,False,False
STAT1,go,20,1,False,False
MYO1B,go,0,0,True,False
NABP1,go,20,46,False,False
CAVIN2,go,0,0,True,False
SLC39A10,go,4,3,False,True
GTF3C3,go,20,10,False,True
PGAP1,go,0,0,True,False
SF3B1,go,20,18,False,True
COQ10B,go,20,16,False,False
HSPD1,go,20,9,False,True
HSPE1,go,20,42,False,True
MOB4,go,17,28,False,True
TYW5,go,20,0,False,False
SPATS2L,go,20,37,False,False
SGO2,go,20,17,False,False
AOX1,go,0,0,True,False
BZW1,go,20,11,False,False
CLK1,go,20,1,False,False
FAM126B,go,20,50,False,False
CASP10,go,19,4,False,False
ALS2,go,20,3,False,False
NOP58,go,20,11,False,True
BMPR2,go,2,2,False,False
FAM117B,go,13,68,False,False
NBEAL1,go,20,8,False,True
ABI2,go,20,12,False,False
RAPH1,go,0,0,True,False
NRP2,go,0,0,True,False
INO80D,go,20,14,False,True
EEF1B2,go,20,45,False,True
CREB1,go,20,2,False,False
FZD5,go,5,2,False,False
PLEKHM3,go,0,0,True,False
IDH1,go,20,9,False,False
PIKFYVE,go,20,1,False,False
BARD1,go,20,2,False,True
FN1,go,17,7,False,False
PECR,go,17,10,False,False
IGFBP2,go,20,3,False,False
TMBIM1,go,20,53,False,False
VIL1,go,0,0,True,False
USP37,go,20,32,False,True
CNOT9,go,20,7,False,True
RNF25,go,20,57,False,False
CYP27A1,go,0,0,True,False
RETREG2,go,20,81,False,False
ZFAND2B,go,20,3,False,False
ABCB6,go,20,2,False,False
ATG9A,go,20,19,False,False
ANKZF1,go,16,29,False,False
TUBA4A,go,20,46,False,False
TUBA4B,go,0,0,True,False
DNAJB2,go,0,0,True,False
CHPF,go,20,6,False,False
TMEM198,go,20,12,False,False
OBSL1,go,20,1,False,False
ACSL3,go,20,7,False,False
AP1S3,go,0,0,True,False
WDFY1,go,20,15,False,False
MRPL44,go,20,5,False,True
SERPINE2,go,0,0,True,False
CUL3,go,20,5,False,True
IRS1,go,0,0,True,False
CCL20,go,0,0,True,False
TRIP12,go,20,22,False,False
SP100,go,20,4,False,False
CAB39,go,20,7,False,False
ITM2C,go,20,33,False,False
C2orf72,go,0,0,True,False
NCL,go,20,1,False,True
PTMA,go,20,50,False,True
TIGD1,go,17,78,False,True
SNORC,go,0,0,True,False
NGEF,go,0,0,True,False
INPP5D,go,0,0,True,False
HJURP,go,20,7,False,True
SH3BP4,go,0,0,True,False
AGAP1,go,19,56,False,False
COPS8,go,20,26,False,True
RAB17,go,0,0,True,False
LRRFIP1,go,15,31,False,False
HES6,go,16,22,False,False
PER2,go,0,0,True,False
TRAF3IP1,go,20,13,False,False
GPC1,go,0,0,True,False
RNPEPL1,go,20,7,False,False
GPR35,go,0,0,True,False
AGXT,go,0,0,True,False
MAB21L4,go,0,0,True,False
MTERF4,go,0,0,True,False
BOK,go,0,0,True,False
DTYMK,go,20,4,False,True
AC131097.2,go,0,0,True,False
NEU4,go,0,0,True,False
CRBN,go,20,14,False,False
ITPR1,go,20,3,False,False
BHLHE40,go,19,19,False,False
ARL8B,go,20,11,False,False
LMCD1,go,0,0,True,False
SSUH2,go,0,0,True,False
THUMPD3-AS1,go,0,0,True,False
SETD5,go,20,1,False,True
CAMK1,go,18,1,False,False
TTLL3,go,20,1,False,False
CIDEC,go,0,0,True,False
CRELD1,go,20,10,False,False
EMC3,go,20,18,False,True
SLC6A11,go,0,0,True,False
VGLL4,go,20,1,False,False
PPARG,go,20,3,False,False
IQSEC1,go,20,2,False,False
XPC,go,20,5,False,False
LSM3,go,20,13,False,True
SLC6A6,go,16,10,False,False
CCDC174,go,20,203,False,True
FGD5-AS1,go,0,0,True,False
CAPN7,go,20,9,False,False
EAF1,go,20,12,False,False
ANKRD28,go,20,259,False,False
RAB5A,go,20,12,False,False
SGO1,go,20,17,False,False
NR1D2,go,15,26,False,False
TOP2B,go,20,1,False,False
SLC4A7,go,15,15,False,False
AZI2,go,20,0,False,False
TGFBR2,go,5,4,False,False
OSBPL10,go,0,0,True,False
GPD1L,go,20,1,False,False
CMTM8,go,0,0,True,False
DYNC1LI1,go,20,22,False,False
TRIM71,go,20,2,False,False
CRTAP,go,20,9,False,False
PDCD6IP,go,20,9,False,True
EPM2AIP1,go,20,2,False,False
CTDSPL,go,17,12,False,False
ACAA1,go,19,5,False,False
OXSR1,go,20,25,False,False
ACVR2B,go,20,3,False,False
WDR48,go,20,6,False,False
CSRNP1,go,10,6,False,False
SLC25A38,go,20,15,False,False
EIF1B,go,20,21,False,False
ZNF621,go,5,6,False,False
CTNNB1,go,1,0,False,False
ULK4,go,0,0,True,False
TRAK1,go,20,1,False,False
NKTR,go,20,14,False,False
HIGD1A,go,20,19,False,False
ABHD5,go,20,3,False,False
ZNF445,go,7,5,False,False
KIF15,go,20,43,False,False
SETD2,go,20,0,False,True
KIF9,go,20,20,False,False
KLHL18,go,20,13,False,False
MAP4,go,20,4,False,False
CDC25A,go,20,28,False,False
PLXNB1,go,16,3,False,False
CCDC51,go,20,2,False,False
SHISA5,go,20,70,False,False
IP6K2,go,20,2,False,False
SLC25A20,go,20,9,False,False
LAMB2,go,2,2,False,False
KLHDC8B,go,20,1,False,False
TCTA,go,20,0,False,False
AMT,go,0,0,True,False
MST1,go,20,15,False,True
RBM6,go,20,30,False,False
RBM5,go,20,27,False,False
SEMA3F,go,0,0,True,False
SLC38A3,go,0,0,True,False
SEMA3B,go,0,0,True,False
HYAL1,go,0,0,True,False
RASSF1,go,18,16,False,False
MANF,go,20,26,False,True
TEX264,go,20,6,False,False
PARP3,go,0,0,True,False
PCBP4,go,20,11,False,False
ABHD14A,go,20,20,False,False
POC1A,go,20,59,False,False
ALAS1,go,20,35,False,False
TWF2,go,20,3,False,False
WDR82,go,20,2,False,True
GLYCTK,go,0,0,True,False
TNNC1,go,0,0,True,False
NT5DC2,go,13,5,False,False
PBRM1,go,20,14,False,False
GLT8D1,go,20,32,False,False
ITIH3,go,0,0,True,False
DCP1A,go,20,4,False,False
CHDH,go,20,3,False,False
IL17RB,go,0,0,True,False
SELENOK,go,20,1,False,False
CCDC66,go,20,18,False,False
TASOR,go,20,3,False,False
ARHGEF3,go,0,0,True,False
SLMAP,go,19,2,False,False
FLNB,go,20,62,False,False
ACOX2,go,0,0,True,False
FHIT,go,20,14,False,False
PTPRG,go,20,8,False,False
ATXN7,go,20,19,False,False
ADAMTS9,go,0,0,True,False
MAGI1,go,17,2,False,False
ARL6IP5,go,20,1,False,False
FOXP1,go,20,1,False,False
RYBP,go,20,56,False,False
ROBO1,go,0,0,True,False
GBE1,go,20,4,False,False
CHMP2B,go,20,18,False,False
CGGBP1,go,20,24,False,False
ZNF654,go,6,14,False,False
C3orf38,go,20,9,False,False
PROS1,go,20,32,False,False
CRYBG3,go,0,0,True,False
CLDND1,go,20,12,False,False
DCBLD2,go,20,16,False,False
CMSS1,go,19,41,False,False
FILIP1L,go,0,0,True,False
TBC1D23,go,20,9,False,False
TMEM45A,go,0,0,True,False
SENP7,go,20,13,False,False
TRMT10C,go,20,7,False,True
ZBTB11,go,11,14,False,True
NFKBIZ,go,0,0,True,False
CBLB,go,0,0,True,False
BBX,go,10,9,False,False
IFT57,go,20,13,False,False
CIP2A,go,20,162,False,False
DZIP3,go,0,0,True,False
NECTIN3,go,0,0,True,False
PLCXD2,go,0,0,True,False
PHLDB2,go,0,0,True,False
NEPRO,go,20,4,False,True
USF3,go,0,0,True,False
ATP6V1A,go,20,23,False,True
ZBTB20,go,14,0,False,False
GSK3B,go,20,3,False,True
LRRC58,go,0,0,True,False
HGD,go,0,0,True,False
POLQ,go,20,20,False,False
GOLGB1,go,20,27,False,False
FAM162A,go,20,20,False,False
KPNA1,go,20,8,False,False
PARP14,go,20,8,False,False
HACD2,go,20,6,False,False
MYLK,go,0,0,True,False
ITGB5,go,20,15,False,False
HEG1,go,0,0,True,False
ZNF148,go,16,9,False,False
OSBPL11,go,20,25,False,False
CHST13,go,0,0,True,False
MCM2,go,20,14,False,True
GATA2,go,15,2,False,False
RAB43,go,0,0,True,False
H1FX,go,20,3,False,False
PLXND1,go,4,2,False,False
TMCC1,go,0,0,True,False
DNAJC13,go,20,58,False,False
ACAD11,go,0,0,True,False
NPHP3,go,0,0,True,False
TOPBP1,go,20,4,False,True
TF,go,0,0,True,False
SRPRB,go,20,8,False,True
RYK,go,20,7,False,False
AMOTL2,go,0,0,True,False
ANAPC13,go,20,17,False,True
MSL2,go,20,29,False,False
RBP1,go,0,0,True,False
SLC25A36,go,20,9,False,False
ZBTB38,go,14,10,False,False
TFDP2,go,20,17,False,False
XRN1,go,20,7,False,True
ATR,go,20,1,False,True
U2SURP,go,20,120,False,True
DIPK2A,go,10,0,False,False
PLOD2,go,20,1,False,False
GYG1,go,20,11,False,True
HLTF,go,20,25,False,False
HPS3,go,18,2,False,False
CP,go,0,0,True,False
AC093001.2,go,0,0,True,False
TM4SF1,go,0,0,True,False
WWTR1,go,0,0,True,False
RNF13,go,20,27,False,False
PFN2,go,0,0,True,False
TSC22D2,go,10,2,False,False
SELENOT,go,20,1,False,False
SIAH2,go,20,4,False,False
MBNL1,go,20,26,False,True
RAP2B,go,20,23,False,False
SLC33A1,go,20,6,False,False
GMPS,go,20,3,False,True
TIPARP,go,8,2,False,False
CCNL1,go,20,7,False,True
SMC4,go,20,15,False,True
NMD3,go,20,4,False,True
PDCD10,go,20,6,False,False
SERPINI1,go,0,0,True,False
GOLIM4,go,20,29,False,False
SEC62,go,20,6,False,True
GPR160,go,20,50,False,False
PHC3,go,20,56,False,False
SKIL,go,20,1,False,False
CLDN11,go,0,0,True,False
RPL22L1,go,20,4,False,False
EIF5A2,go,20,2,False,False
SLC2A2,go,0,0,True,False
PLD1,go,9,0,False,False
FNDC3B,go,20,31,False,False
NCEH1,go,0,0,True,False
ECT2,go,20,6,False,True
TBL1XR1,go,20,8,False,False
ZMAT3,go,20,14,False,False
PIK3CA,go,20,4,False,False
ACTL6A,go,20,33,False,True
ATP11B,go,20,8,False,True
KLHL24,go,20,3,False,False
PSMD2,go,20,39,False,True
MAGEF1,go,18,4,False,False
EHHADH,go,0,0,True,False
MAP3K13,go,0,0,True,False
TMEM41A,go,20,50,False,False
TRA2B,go,20,8,False,True
AHSG,go,0,0,True,False
EIF4A2,go,20,21,False,False
RFC4,go,20,26,False,True
ST6GAL1,go,20,4,False,False
BCL6,go,19,0,False,False
LPP,go,0,0,True,False
CLDN1,go,0,0,True,False
IL1RAP,go,0,0,True,False
AC073365.1,go,0,0,True,False
OPA1,go,20,2,False,True
HES1,go,5,0,False,False
CPN2,go,0,0,True,False
ATP13A3,go,20,5,False,False
LSG1,go,20,7,False,True
ACAP2,go,20,5,False,False
PPP1R2,go,19,6,False,True
TFRC,go,20,9,False,True
TCTEX1D2,go,20,10,False,False
UBXN7,go,20,32,False,False
RNF168,go,20,12,False,True
PAK2,go,20,15,False,False
NCBP2,go,20,1,False,True
NCBP2AS2,go,0,0,True,False
PIGZ,go,0,0,True,False
DLG1,go,4,2,False,False
BDH1,go,18,17,False,False
FYTTD1,go,20,30,False,False
LRCH3,go,20,127,False,False
ZNF721,go,8,15,False,False
PIGG,go,20,15,False,False
PCGF3,go,14,5,False,False
AC139887.2,go,0,0,True,False
SPON2,go,0,0,True,False
SLBP,go,20,24,False,True
TACC3,go,20,11,False,True
FGFR3,go,20,11,False,False
NSD2,go,20,7,False,False
C4orf48,go,20,11,False,False
MXD4,go,15,26,False,False
ADD1,go,20,41,False,False
MFSD10,go,20,0,False,False
HTT,go,0,0,True,False
RGS12,go,0,0,True,False
HGFAC,go,0,0,True,False
LRPAP1,go,19,2,False,False
LYAR,go,20,21,False,False
MSX1,go,12,1,False,False
WFS1,go,0,0,True,False
AC093323.1,go,0,0,True,False
S100P,go,20,23,False,False
MRFAP1L1,go,17,31,False,False
KIAA0232,go,20,7,False,False
BOD1L1,go,20,3,False,True
FAM200B,go,0,0,True,False
PROM1,go,0,0,True,False
TAPT1,go,20,0,False,False
NCAPG,go,20,12,False,True
LCORL,go,15,29,False,False
DHX15,go,20,17,False,True
SEL1L3,go,20,8,False,False
SMIM20,go,20,28,False,False
RBPJ,go,20,2,False,False
RELL1,go,0,0,True,False
KLF3,go,12,30,False,False
FAM114A1,go,0,0,True,False
KLHL5,go,20,113,False,False
KLB,go,0,0,True,False
UGDH,go,20,3,False,False
SMIM14,go,20,138,False,False
PDS5A,go,20,45,False,False
N4BP2,go,20,20,False,False
RBM47,go,0,0,True,False
APBB2,go,0,0,True,False
TMEM33,go,20,13,False,False
GUF1,go,20,6,False,False
SLAIN2,go,20,22,False,False
SGCB,go,0,0,True,False
SPATA18,go,0,0,True,False
DANCR,go,0,0,True,False
FIP1L1,go,20,23,False,True
CHIC2,go,20,45,False,False
TMEM165,go,20,6,False,False
EXOC1,go,20,10,False,True
PPAT,go,20,8,False,False
PAICS,go,20,32,False,False
REST,go,20,3,False,False
POLR2B,go,20,30,False,True
IGFBP7,go,0,0,True,False
CENPC,go,20,24,False,True
UBA6,go,20,6,False,False
UBA6-AS1,go,0,0,True,False
YTHDC1,go,20,10,False,True
UGT2B10,go,0,0,True,False
UGT2A3,go,0,0,True,False
UGT2B7,go,0,0,True,False
UTP3,go,20,39,False,True
RUFY3,go,20,7,False,False
MOB1B,go,20,38,False,False
ALB,go,0,0,True,False
AFP,go,0,0,True,False
MTHFD2L,go,20,5,False,False
AREG,go,15,1,False,False
RCHY1,go,20,77,False,False
SDAD1,go,20,10,False,True
SCARB2,go,20,12,False,False
STBD1,go,0,0,True,False
CCNI,go,20,21,False,False
CCNG2,go,0,0,True,False
CNOT6L,go,20,16,False,False
FRAS1,go,0,0,True,False
ANXA3,go,20,2,False,False
PAQR3,go,20,8,False,False
ANTXR2,go,19,48,False,False
HNRNPD,go,20,1,False,False
HNRNPDL,go,20,19,False,True
THAP9-AS1,go,0,0,True,False
LIN54,go,18,31,False,True
COPS4,go,20,22,False,True
PLAC8,go,0,0,True,False
ABRAXAS1,go,20,2,False,False
GPAT3,go,0,0,True,False
CDS1,go,0,0,True,False
WDFY3,go,20,7,False,True
AFF1,go,14,3,False,False
NUDT9,go,20,2,False,False
SPP1,go,0,0,True,False
PPM1K,go,17,51,False,False
AC093866.1,go,0,0,True,False
SMARCAD1,go,20,24,False,False
PDLIM5,go,20,6,False,False
ADH6,go,0,0,True,False
MTTP,go,0,0,True,False
LAMTOR3,go,20,8,False,True
DNAJB14,go,20,20,False,False
H2AFZ,go,20,13,False,True
PPP3CA,go,2,0,False,False
AP001816.1,go,0,0,True,False
NFKB1,go,20,14,False,False
CENPE,go,20,20,False,True
TET2,go,20,3,False,False
NPNT,go,0,0,True,False
TBCK,go,20,3,False,False
AIMP1,go,20,8,False,False
HADH,go,20,8,False,False
PLA2G12A,go,20,8,False,False
CFI,go,0,0,True,False
GAR1,go,7,3,False,True
ELOVL6,go,20,7,False,False
FAM241A,go,20,20,False,False
AP1AR,go,20,2,False,False
TIFA,go,20,9,False,False
CAMK2D,go,0,0,True,False
SNHG8,go,0,0,True,False
SEC24D,go,20,15,False,False
USP53,go,13,2,False,False
C4orf3,go,20,10,False,False
MAD2L1,go,20,16,False,True
ANXA5,go,20,22,False,False
CCNA2,go,20,9,False,True
KIAA1109,go,20,2,False,False
SPRY1,go,19,4,False,False
ANKRD50,go,0,0,True,False
INTU,go,20,4,False,False
HSPA4L,go,20,40,False,False
LARP1B,go,20,61,False,False
JADE1,go,0,0,True,False
SLC7A11,go,1,0,False,False
ELF2,go,11,50,False,False
NAA15,go,20,14,False,True
AC097376.3,go,0,0,True,False
RAB33B,go,0,0,True,False
CLGN,go,0,0,True,False
TBC1D9,go,0,0,True,False
ZNF330,go,20,39,False,False
SMARCA5,go,20,6,False,False
ABCE1,go,20,18,False,True
ZNF827,go,17,7,False,False
LSM6,go,20,12,False,True
TMEM184C,go,20,0,False,False
LRBA,go,20,34,False,False
SH3D19,go,0,0,True,False
FBXW7,go,20,2,False,True
TRIM2,go,0,0,True,False
MND1,go,18,14,False,False
FGB,go,0,0,True,False
FGA,go,0,0,True,False
FGG,go,0,0,True,False
PDGFC,go,0,0,True,False
GASK1B,go,0,0,True,False
TMEM144,go,0,0,True,False
FNIP2,go,20,3,False,False
RAPGEF2,go,7,0,False,False
TMEM192,go,20,20,False,False
MSMO1,go,20,48,False,False
CPE,go,0,0,True,False
PALLD,go,0,0,True,False
SH3RF1,go,20,3,False,False
CLCN3,go,20,10,False,False
HMGB2,go,20,8,False,False
SAP30,go,20,22,False,False
FBXO8,go,19,4,False,False
WWC2,go,20,0,False,False
CDKN2AIP,go,20,4,False,False
ING2,go,20,16,False,False
IRF2,go,13,114,False,False
CASP3,go,5,1,False,False
CENPU,go,0,0,True,False
ANKRD37,go,0,0,True,False
PDLIM3,go,0,0,True,False
SORBS2,go,0,0,True,False
FAT1,go,20,20,False,False
FRG1,go,20,0,False,False
EXOC3,go,20,13,False,True
TRIP13,go,20,1,False,False
SLC12A7,go,13,7,False,False
LPCAT1,go,20,5,False,False
MRPL36,go,20,15,False,True
ICE1,go,20,5,False,True
MED10,go,20,29,False,True
NSUN2,go,20,0,False,False
MIR4458HG,go,0,0,True,False
CMBL,go,18,11,False,False
MARCH6,go,20,15,False,False
DAP,go,20,3,False,False
TRIO,go,0,0,True,False
ANKH,go,0,0,True,False
ZNF622,go,20,6,False,False
MYO10,go,0,0,True,False
PURPL,go,0,0,True,False
GOLPH3,go,20,1,False,False
AC025181.2,go,0,0,True,False
MTMR12,go,20,11,False,False
ZFR,go,20,37,False,True
SUB1,go,20,8,False,False
TARS,go,20,51,False,True
AMACR,go,0,0,True,False
RAI14,go,20,16,False,False
RAD1,go,14,2,False,False
BRIX1,go,20,26,False,True
DNAJC21,go,20,58,False,False
PRLR,go,0,0,True,False
SKP2,go,20,10,False,True
NADK2,go,20,18,False,False
NIPBL-DT,go,0,0,True,False
NIPBL,go,20,0,False,False
CPLANE1,go,0,0,True,False
NUP155,go,20,23,False,True
GDNF,go,0,0,True,False
LIFR,go,0,0,True,False
OSMR,go,0,0,True,False
RICTOR,go,15,4,False,False
DAB2,go,11,1,False,False
TTC33,go,14,0,False,False
PRKAA1,go,20,1,False,False
RPL37,go,20,2,False,True
C5orf51,go,20,54,False,False
SELENOP,go,7,1,False,False
ZNF131,go,9,10,False,True
HMGCS1,go,20,12,False,True
NNT-AS1,go,0,0,True,False
NNT,go,20,4,False,False
MRPS30,go,20,16,False,True
PELO,go,20,0,False,True
ITGA1,go,0,0,True,False
ITGA2,go,0,0,True,False
MOCS2,go,20,1,False,False
FST,go,0,0,True,False
NDUFS4,go,20,22,False,False
ARL15,go,20,55,False,False
SNX18,go,0,0,True,False
DHX29,go,20,0,False,True
PLPP1,go,0,0,True,False
IL6ST,go,2,1,False,False
MAP3K1,go,20,79,False,False
GPBP1,go,20,28,False,False
PLK2,go,0,0,True,False
DEPDC1B,go,20,11,False,False
NDUFAF2,go,20,48,False,False
SMIM15,go,20,39,False,False
KIF2A,go,20,46,False,False
SREK1IP1,go,20,15,False,False
CENPK,go,20,32,False,True
TRIM23,go,20,32,False,False
NLN,go,20,5,False,False
ERBIN,go,20,2,False,False
SREK1,go,20,67,False,False
MAST4,go,20,28,False,False
PIK3R1,go,10,4,False,False
CCNB1,go,20,18,False,True
CENPH,go,20,27,False,True
CDK7,go,20,22,False,True
AK6,go,0,0,True,False
TAF9,go,20,20,False,False
MARVELD2,go,0,0,True,False
OCLN,go,0,0,True,False
BDP1,go,20,6,False,True
MAP1B,go,8,0,False,False
FCHO2,go,0,0,True,False
ANKRA2,go,20,20,False,False
ARHGEF28,go,0,0,True,False
ENC1,go,0,0,True,False
HEXB,go,14,2,False,False
NSA2,go,20,8,False,True
FAM169A,go,0,0,True,False
HMGCR,go,20,5,False,True
CERT1,go,20,3,False,False
POLK,go,20,3,False,False
F2R,go,0,0,True,False
F2RL1,go,0,0,True,False
AGGF1,go,20,15,False,False
ZBED3,go,8,0,False,False
SCAMP1-AS1,go,0,0,True,False
BHMT2,go,0,0,True,False
JMY,go,20,3,False,False
SERINC5,go,0,0,True,False
ZFYVE16,go,20,15,False,False
DHFR,go,6,2,False,True
RASGRF2,go,0,0,True,False
VCAN,go,0,0,True,False
CCNH,go,20,10,False,True
TMEM161B-AS1,go,0,0,True,False
LYSMD3,go,20,47,False,False
LUCAT1,go,0,0,True,False
NR2F1,go,13,20,False,False
TTC37,go,20,134,False,False
RHOBTB3,go,20,21,False,False
GLRX,go,20,1,False,False
ELL2,go,20,9,False,False
CAST,go,6,1,False,True
LNPEP,go,20,10,False,False
RIOK2,go,20,56,False,True
CHD1,go,20,61,False,False
FAM174A,go,20,122,False,False
PAM,go,20,1,False,False
FER,go,0,0,True,False
PJA2,go,20,2,False,False
MAN2A1,go,18,4,False,False
STARD4,go,20,4,False,False
EPB41L4A-AS1,go,0,0,True,False
APC,go,0,0,True,False
REEP5,go,20,8,False,False
DCP2,go,20,3,False,False
MCC,go,0,0,True,False
YTHDC2,go,20,0,False,False
CCDC112,go,13,88,False,False
TMED7,go,20,36,False,False
ATG12,go,20,9,False,False
SEMA6A,go,0,0,True,False
DMXL1,go,0,0,True,False
TNFAIP8,go,20,20,False,False
SRFBP1,go,20,2,False,True
LOX,go,0,0,True,False
SNX2,go,20,16,False,False
SNX24,go,13,4,False,False
PPIC,go,20,27,False,False
CSNK1G3,go,20,28,False,False
GRAMD2B,go,0,0,True,False
PHAX,go,20,1,False,True
LMNB1,go,20,6,False,False
MARCH3,go,20,19,False,False
PRRC1,go,20,12,False,False
SLC12A2,go,7,3,False,False
RAPGEF6,go,20,16,False,False
FNIP1,go,20,3,False,False
P4HA2,go,20,4,False,False
IRF1,go,14,11,False,False
RAD50,go,20,14,False,False
KIF3A,go,20,28,False,False
SHROOM1,go,5,1,False,False
LEAP2,go,0,0,True,False
AFF4,go,20,4,False,False
ZCCHC10,go,15,20,False,False
HSPA4,go,20,64,False,False
C5orf15,go,20,49,False,False
TCF7,go,14,2,False,False
PPP2CA,go,20,3,False,True
UBE2B,go,20,11,False,False
CDKN2AIPNL,go,20,95,False,False
SAR1B,go,20,8,False,False
SEC24A,go,20,12,False,False
CAMLG,go,20,6,False,True
PITX1,go,9,22,False,False
TGFBI,go,0,0,True,False
SMAD5,go,18,6,False,False
FAM13B,go,20,29,False,False
BRD8,go,20,19,False,True
KIF20A,go,20,31,False,True
CDC25C,go,20,27,False,False
FAM53C,go,20,48,False,False
REEP2,go,20,6,False,False
EGR1,go,16,15,False,False
ETF1,go,20,2,False,True
HSPA9,go,20,8,False,True
SIL1,go,20,20,False,False
SNHG4,go,0,0,True,False
CXXC5,go,20,9,False,False
PURA,go,13,1,False,False
CYSTM1,go,20,124,False,False
PFDN1,go,20,17,False,True
ANKHD1,go,20,80,False,False
SRA1,go,3,2,False,True
NDUFA2,go,20,19,False,True
IK,go,7,0,False,True
ZMAT2,go,20,18,False,True
PCDHB2,go,0,0,True,False
TAF7,go,20,14,False,True
GNPDA1,go,19,11,False,False
NDFIP1,go,20,1,False,False
SPRY4,go,20,1,False,False
ARHGAP26,go,0,0,True,False
NR3C1,go,18,12,False,False
YIPF5,go,20,28,False,False
SH3RF2,go,0,0,True,False
LARS,go,20,7,False,True
RBM27,go,20,28,False,False
SPINK1,go,0,0,True,False
FBXO38,go,20,16,False,False
SLC26A2,go,0,0,True,False
ARSI,go,0,0,True,False
TCOF1,go,20,4,False,True
CD74,go,0,0,True,False
NDST1,go,20,0,False,False
RBM22,go,20,5,False,True
DCTN4,go,20,25,False,True
SMIM3,go,20,58,False,False
GPX3,go,0,0,True,False
TNIP1,go,20,1,False,False
ANXA6,go,20,7,False,False
CCDC69,go,20,14,False,False
GM2A,go,20,7,False,False
SPARC,go,20,19,False,False
G3BP1,go,20,15,False,False
GALNT10,go,18,13,False,False
FAXDC2,go,20,16,False,False
CNOT8,go,20,15,False,False
MRPL22,go,20,8,False,True
CYFIP2,go,0,0,True,False
CLINT1,go,20,77,False,False
RNF145,go,19,21,False,False
TTC1,go,20,20,False,True
CCNJL,go,0,0,True,False
SLU7,go,20,14,False,True
PTTG1,go,20,7,False,False
CCNG1,go,20,20,False,False
HMMR,go,20,43,False,False
WWC1,go,0,0,True,False
PANK3,go,20,10,False,False
SPDL1,go,20,6,False,True
NPM1,go,20,0,False,True
DUSP1,go,20,14,False,False
ERGIC1,go,20,25,False,False
ATP6V0E1,go,20,21,False,False
CREBRF,go,0,0,True,False
STC2,go,8,0,False,False
CPEB4,go,20,4,False,False
SFXN1,go,20,1,False,False
CPLX2,go,0,0,True,False
THOC3,go,20,8,False,True
KIAA1191,go,17,64,False,False
NOP16,go,20,28,False,True
CLTB,go,20,6,False,False
FAF2,go,20,4,False,True
RNF44,go,9,38,False,False
CDHR2,go,0,0,True,False
UIMC1,go,19,8,False,False
FGFR4,go,20,9,False,False
MXD3,go,19,16,False,False
RGS14,go,20,1,False,False
GRK6,go,17,11,False,False
PRR7,go,20,2,False,False
DBN1,go,20,6,False,False
PDLIM7,go,20,13,False,False
HNRNPAB,go,20,3,False,False
CLK4,go,20,90,False,False
HNRNPH1,go,20,56,False,True
CANX,go,20,5,False,False
SQSTM1,go,20,1,False,False
RNF130,go,20,27,False,False
CNOT6,go,20,15,False,False
MGAT1,go,20,4,False,False
TRIM41,go,20,7,False,False
RACK1,go,20,2,False,True
AC008443.1,go,0,0,True,False
TRIM52,go,0,0,True,False
DUSP22,go,20,1,False,False
FOXQ1,go,8,10,False,False
FOXC1,go,18,5,False,False
GMDS,go,20,42,False,False
GMDS-DT,go,0,0,True,False
SERPINB1,go,20,34,False,True
SERPINB9,go,20,28,False,False
NQO2,go,20,7,False,False
BPHL,go,20,1,False,False
TUBB2A,go,20,24,False,True
LINC02525,go,0,0,True,False
TUBB2B,go,20,16,False,False
PSMG4,go,9,1,False,True
SLC22A23,go,20,14,False,False
PRPF4B,go,20,26,False,True
CDYL,go,20,7,False,False
RREB1,go,11,0,False,False
RIOK1,go,20,25,False,True
AL031058.1,go,0,0,True,False
DSP,go,0,0,True,False
SNRNP48,go,20,45,False,True
GCNT2,go,0,0,True,False
PAK1IP1,go,20,2,False,True
ELOVL2,go,20,7,False,False
SMIM13,go,20,40,False,False
NEDD9,go,0,0,True,False
HIVEP1,go,10,66,False,False
EDN1,go,0,0,True,False
RANBP9,go,20,19,False,False
JARID2,go,20,1,False,False
ATXN1,go,20,13,False,False
RBM24,go,0,0,True,False
CAP2,go,0,0,True,False
FAM8A1,go,20,3,False,False
NUP153,go,20,22,False,True
KIF13A,go,20,21,False,False
DEK,go,20,12,False,False
AL022068.1,go,0,0,True,False
ID4,go,0,0,True,False
E2F3,go,15,30,False,False
SOX4,go,16,0,False,False
DCDC2,go,0,0,True,False
MRS2,go,19,14,False,False
ALDH5A1,go,20,1,False,False
TDP2,go,20,5,False,False
ACOT13,go,18,10,False,False
C6orf62,go,0,0,True,False
GMNN,go,20,16,False,False
TRIM38,go,20,11,False,False
HIST1H1C,go,20,4,False,False
HIST1H4C,go,20,14,False,False
HIST1H2AC,go,20,49,False,False
HIST1H1E,go,20,4,False,False
BTN2A1,go,14,11,False,False
HMGN4,go,17,26,False,False
ZNF322,go,6,3,False,False
HIST1H2AJ,go,0,0,True,False
HIST1H2BN,go,19,37,False,True
HIST1H1B,go,20,7,False,False
ZSCAN16-AS1,go,0,0,True,False
AL121944.1,go,0,0,True,False
ZNF165,go,9,43,False,False
ZKSCAN8,go,9,45,False,False
UBD,go,0,0,True,False
HLA-A,go,0,0,True,False
ZNRD1,go,20,10,False,True
PPP1R11,go,20,10,False,True
TRIM15,go,0,0,True,False
HCG18,go,0,0,True,False
HLA-E,go,8,5,False,False
PPP1R10,go,20,14,False,True
PPP1R18,go,18,18,False,False
NRM,go,20,41,False,False
MDC1,go,20,21,False,False
TUBB,go,20,14,False,True
IER3,go,20,31,False,False
DDR1,go,19,10,False,False
HLA-C,go,20,26,False,True
HLA-B,go,20,9,False,False
MICA,go,20,8,False,False
MICB,go,20,4,False,False
NFKBIL1,go,20,5,False,False
APOM,go,2,1,False,False
DDAH2,go,20,4,False,False
CLIC1,go,20,12,False,False
HSPA1A,go,0,0,True,False
HSPA1B,go,20,15,False,False
SNHG32,go,0,0,True,False
NEU1,go,20,12,False,False
SLC44A4,go,19,2,False,False
EHMT2,go,20,1,False,True
C2,go,0,0,True,False
CFB,go,0,0,True,False
NELFE,go,20,16,False,True
STK19,go,20,24,False,False
ATF6B,go,17,19,False,False
AGPAT1,go,20,42,False,False
PSMB8,go,0,0,True,False
TAP1,go,0,0,True,False
BRD2,go,20,18,False,True
HSD17B8,go,20,3,False,False
RPS18,go,20,60,False,True
TAPBP,go,20,1,False,False
KIFC1,go,20,23,False,False
PHF1,go,20,28,False,False
BAK1,go,7,4,False,False
ITPR3,go,20,4,False,False
HMGA1,go,20,15,False,True
SMIM29,go,20,38,False,False
NUDT3,go,20,1,False,False
ILRUN,go,20,4,False,False
UHRF1BP1,go,17,15,False,False
FKBP5,go,20,30,False,False
MAPK14,go,20,2,False,False
KCTD20,go,20,17,False,False
SRSF3,go,20,19,False,True
CDKN1A,go,14,2,False,False
C6orf89,go,20,10,False,False
PIM1,go,20,1,False,False
RNF8,go,20,9,False,True
ZFAND3,go,14,23,False,False
GLO1,go,20,31,False,False
OARD1,go,20,2,False,False
NFYA,go,16,52,False,False
FOXP4,go,8,51,False,False
PGC,go,0,0,True,False
USP49,go,20,21,False,False
BYSL,go,20,17,False,True
CCND3,go,20,18,False,True
C6orf132,go,0,0,True,False
UBR2,go,20,3,False,False
TBCC,go,20,17,False,True
C6orf226,go,0,0,True,False
CNPY3,go,14,7,False,False
KLC4,go,20,12,False,False
MRPL2,go,20,39,False,True
PTK7,go,20,4,False,False
SRF,go,14,0,False,True
DNPH1,go,20,30,False,False
SLC22A7,go,0,0,True,False
ZNF318,go,20,4,False,False
YIPF3,go,20,40,False,False
POLH,go,20,13,False,False
GTPBP2,go,20,11,False,False
MAD2L1BP,go,20,37,False,False
VEGFA,go,2,2,False,False
TMEM63B,go,20,0,False,False
SLC29A1,go,9,5,False,False
HSP90AB1,go,20,7,False,False
SLC35B2,go,20,22,False,False
NFKBIE,go,20,98,False,True
CDC5L,go,20,14,False,True
TNFRSF21,go,0,0,True,False
PTCHD4,go,0,0,True,False
AL353138.1,go,0,0,True,False
MCM3,go,20,15,False,True
PAQR8,go,20,13,False,False
EFHC1,go,0,0,True,False
TRAM2,go,15,5,False,False
TRAM2-AS1,go,0,0,True,False
ICK,go,20,73,False,False
FBXO9,go,20,33,False,False
ELOVL5,go,20,5,False,False
GCLC,go,4,1,False,True
AL033397.1,go,0,0,True,False
LRRC1,go,0,0,True,False
DST,go,20,6,False,False
KIAA1586,go,3,0,False,False
ZNF451,go,16,4,False,False
PRIM2,go,20,4,False,True
PHF3,go,15,23,False,False
LMBRD1,go,20,2,False,False
FAM135A,go,0,0,True,False
SMAP1,go,20,11,False,False
CD109,go,0,0,True,False
TMEM30A,go,20,7,False,False
SENP6,go,20,7,False,True
MYO6,go,20,21,False,False
PHIP,go,15,3,False,False
HMGN3,go,20,61,False,False
LCA5,go,0,0,True,False
SH3BGRL2,go,20,1,False,False
TTK,go,20,15,False,True
TENT5A,go,0,0,True,False
IBTK,go,20,3,False,False
NT5E,go,0,0,True,False
SNX14,go,20,21,False,False
SYNCRIP,go,20,14,False,False
SNHG5,go,0,0,True,False
ZNF292,go,8,19,False,True
RARS2,go,20,41,False,True
AKIRIN2,go,20,8,False,True
PNRC1,go,16,74,False,False
LYRM2,go,14,0,False,False
MDN1,go,20,55,False,True
CASP8AP2,go,20,5,False,True
UFL1,go,20,3,False,True
NDUFAF4,go,20,21,False,False
MMS22L,go,20,7,False,True
PNISR,go,20,19,False,True
ASCC3,go,20,24,False,True
LIN28B,go,20,5,False,False
CRYBG1,go,7,2,False,False
RTN4IP1,go,20,8,False,False
LINC02532,go,0,0,True,False
CD24,go,0,0,True,False
PDSS2,go,20,1,False,False
SOBP,go,0,0,True,False
OSTM1,go,20,6,False,False
FOXO3,go,18,8,False,False
SESN1,go,20,5,False,False
WASF1,go,20,7,False,False
CDK19,go,20,9,False,False
AMD1,go,10,2,False,False
GTF3C6,go,20,9,False,True
RPF2,go,20,15,False,True
MFSD4B,go,20,4,False,False
REV3L,go,20,26,False,True
TRAF3IP2-AS1,go,0,0,True,False
MARCKS,go,0,0,True,False
FRK,go,0,0,True,False
NT5DC1,go,13,5,False,False
TSPYL4,go,20,36,False,False
DSE,go,0,0,True,False
TSPYL1,go,20,27,False,False
ZUP1,go,20,63,False,False
KPNA5,go,20,28,False,False
DCBLD1,go,0,0,True,False
GOPC,go,20,11,False,False
NUS1,go,18,2,False,True
ASF1A,go,20,28,False,False
MAN1A1,go,20,11,False,False
SERINC1,go,20,10,False,False
SMPDL3A,go,0,0,True,False
HDDC2,go,16,9,False,False
NCOA7,go,15,2,False,False
HINT3,go,20,15,False,False
TRMT11,go,16,4,False,False
CENPW,go,20,22,False,True
RNF146,go,20,74,False,False
PTPRK,go,0,0,True,False
ARHGAP18,go,20,13,False,False
SMLR1,go,0,0,True,False
EPB41L2,go,20,26,False,True
MED23,go,20,22,False,False
ENPP3,go,2,0,False,False
ENPP1,go,0,0,True,False
CCN2,go,0,0,True,False
STX7,go,20,20,False,False
RPS12,go,20,28,False,True
TBPL1,go,20,1,False,True
SGK1,go,20,14,False,False
HBS1L,go,20,38,False,True
AHI1,go,20,4,False,False
BCLAF1,go,20,16,False,True
IFNGR1,go,15,4,False,False
TNFAIP3,go,0,0,True,False
PERP,go,0,0,True,False
ARFGEF3,go,0,0,True,False
NHSL1,go,0,0,True,False
CCDC28A,go,13,84,False,False
ABRACL,go,0,0,True,False
CITED2,go,20,1,False,False
VTA1,go,20,29,False,False
ADGRG6,go,0,0,True,False
PHACTR2,go,20,11,False,False
UTRN,go,20,11,False,False
FBXO30,go,0,0,True,False
SHPRH,go,20,20,False,False
RAB32,go,20,9,False,False
AL033504.1,go,0,0,True,False
SASH1,go,20,1,False,False
TAB2,go,20,10,False,False
PPIL4,go,20,41,False,True
GINM1,go,20,110,False,False
KATNA1,go,20,33,False,False
LATS1,go,20,3,False,False
LRP11,go,0,0,True,False
MTHFD1L,go,20,7,False,False
AKAP12,go,0,0,True,False
ZBTB2,go,12,24,False,False
RMND1,go,20,23,False,False
ARMT1,go,0,0,True,False
SYNE1,go,0,0,True,False
FBXO5,go,20,2,False,True
MTRF1L,go,18,21,False,False
CNKSR3,go,0,0,True,False
TIAM2,go,0,0,True,False
TMEM242,go,20,29,False,True
SNX9,go,20,11,False,False
SYNJ2,go,20,5,False,False
SERAC1,go,20,4,False,False
TULP4,go,20,31,False,False
TMEM181,go,20,0,False,False
DYNLT1,go,20,3,False,False
EZR,go,16,4,False,False
SOD2,go,1,1,False,True
WTAP,go,20,32,False,True
ACAT2,go,20,6,False,False
MRPL18,go,20,5,False,True
IGF2R,go,20,7,False,False
MPC1,go,20,22,False,False
RNASET2,go,20,20,False,False
FGFR1OP,go,20,8,False,True
CCR6,go,0,0,True,False
UNC93A,go,0,0,True,False
AFDN,go,0,0,True,False
C6orf120,go,20,8,False,False
FAM20C,go,0,0,True,False
PDGFA,go,3,2,False,False
ADAP1,go,0,0,True,False
COX19,go,19,45,False,False
CYP2W1,go,0,0,True,False
GPER1,go,0,0,True,False
ZFAND2A,go,20,10,False,False
MAFK,go,16,96,False,False
ELFN1-AS1,go,0,0,True,False
NUDT1,go,20,7,False,False
TTYH3,go,0,0,True,False
FOXK1,go,17,50,False,False
RBAK,go,9,44,False,False
WIPI2,go,20,10,False,False
SLC29A4,go,0,0,True,False
ACTB,go,20,12,False,True
FSCN1,go,20,18,False,False
USP42,go,20,33,False,False
ZDHHC4,go,20,91,False,False
ZNF12,go,11,37,False,False
C1GALT1,go,20,9,False,False
RPA3,go,20,12,False,True
TMEM106B,go,20,16,False,False
ARL4A,go,20,121,False,False
TSPAN13,go,20,7,False,False
AGR2,go,0,0,True,False
AHR,go,20,13,False,False
TWISTNB,go,20,1,False,True
SNHG26,go,0,0,True,False
FAM126A,go,20,26,False,False
TRA2A,go,20,51,False,False
GSDME,go,0,0,True,False
OSBPL3,go,20,17,False,False
CYCS,go,20,15,False,True
NFE2L3,go,17,24,False,False
SNX10,go,17,0,False,False
SKAP2,go,20,96,False,False
HIBADH,go,19,18,False,False
TAX1BP1,go,20,24,False,False
CPVL,go,20,11,False,False
PRR15,go,0,0,True,False
SCRN1,go,0,0,True,False
FKBP14,go,18,17,False,False
GGCT,go,20,17,False,False
GARS-DT,go,0,0,True,False
GARS,go,20,25,False,True
LSM5,go,20,15,False,True
RP9,go,20,17,False,False
NPSR1-AS1,go,0,0,True,False
SEPTIN7,go,20,3,False,False
ANLN,go,20,0,False,True
EPDR1,go,0,0,True,False
STARD3NL,go,20,43,False,False
RALA,go,20,10,False,False
CDK13,go,20,9,False,False
MRPL32,go,20,51,False,True
STK17A,go,20,21,False,False
PURB,go,12,6,False,False
IGFBP1,go,0,0,True,False
TNS3,go,20,11,False,False
UPP1,go,0,0,True,False
DDC,go,0,0,True,False
COBL,go,18,2,False,False
EGFR-AS1,go,0,0,True,False
NIPSNAP2,go,20,13,False,False
PSPH,go,20,5,False,False
SUMF2,go,18,53,False,False
ERV3-1,go,0,0,True,False
ZNF92,go,10,16,False,False
ASL,go,20,6,False,False
CRCP,go,20,10,False,True
TPST1,go,0,0,True,False
AC008267.5,go,0,0,True,False
RABGEF1,go,20,2,False,False
AC027644.3,go,0,0,True,False
SBDS,go,20,8,False,True
BAZ1B,go,20,4,False,False
MLXIPL,go,20,23,False,False
CLDN3,go,0,0,True,False
CLDN4,go,0,0,True,False
RFC2,go,20,32,False,True
CLIP2,go,0,0,True,False
GTF2IRD2,go,10,74,False,False
TRIM73,go,0,0,True,False
HIP1,go,0,0,True,False
RHBDD2,go,18,3,False,False
POR,go,1,0,False,False
TMEM120A,go,20,9,False,False
HSPB1,go,20,3,False,False
SSC4D,go,0,0,True,False
CCDC146,go,0,0,True,False
GSAP,go,0,0,True,False
PTPN12,go,20,17,False,False
RSBN1L,go,14,20,False,False
MAGI2-AS3,go,0,0,True,False
GNAI1,go,0,0,True,False
CD36,go,0,0,True,False
SEMA3A,go,0,0,True,False
DMTF1,go,12,13,False,False
TP53TG1,go,0,0,True,False
CROT,go,0,0,True,False
ABCB1,go,0,0,True,False
DBF4,go,20,4,False,True
STEAP1,go,0,0,True,False
AKAP9,go,5,0,False,False
CYP51A1,go,20,9,False,False
ANKIB1,go,20,31,False,False
GATAD1,go,19,14,False,False
RBM48,go,20,88,False,True
FAM133B,go,20,15,False,True
CDK6,go,20,4,False,True
CASD1,go,0,0,True,False
PEG10,go,0,0,True,False
PPP1R9A,go,0,0,True,False
PON1,go,0,0,True,False
PON2,go,20,2,False,False
ASB4,go,0,0,True,False
BAIAP2L1,go,20,19,False,False
BUD31,go,20,10,False,True
CPSF4,go,20,13,False,True
ZNF394,go,9,30,False,False
FAM200A,go,0,0,True,False
ZNF655,go,10,19,False,False
CYP3A5,go,11,2,False,False
TRIM4,go,20,36,False,False
AZGP1,go,0,0,True,False
ZKSCAN1,go,9,46,False,False
MCM7,go,20,22,False,True
PILRB,go,16,28,False,False
TSC22D4,go,16,14,False,False
AGFG2,go,20,21,False,False
LRCH4,go,14,6,False,False
GIGYF1,go,20,38,False,False
SRRT,go,20,3,False,True
TRIM56,go,20,16,False,False
SERPINE1,go,0,0,True,False
MOGAT3,go,0,0,True,False
AC006329.1,go,0,0,True,False
IFT22,go,0,0,True,False
CUX1,go,11,4,False,False
ORAI2,go,20,16,False,False
POLR2J3,go,20,13,False,False
DNAJC2,go,20,12,False,False
KMT2E,go,20,7,False,False
SYPL1,go,20,11,False,False
NAMPT,go,20,4,False,False
HBP1,go,7,21,False,False
CBLL1,go,20,25,False,True
LAMB1,go,20,13,False,True
NRCAM,go,0,0,True,False
PNPLA8,go,20,2,False,False
DNAJB9,go,20,21,False,False
DOCK4,go,0,0,True,False
ZNF277,go,5,5,False,False
IFRD1,go,20,8,False,False
SMIM30,go,0,0,True,False
TES,go,20,54,False,False
MET,go,0,0,True,False
CPED1,go,20,4,False,False
FAM3C,go,20,50,False,False
AASS,go,0,0,True,False
CADPS2,go,0,0,True,False
WASL,go,20,5,False,False
ZNF800,go,12,23,False,False
RBM28,go,20,12,False,True
HILPDA,go,20,5,False,False
ATP6V1F,go,20,17,False,True
TSPAN33,go,0,0,True,False
UBE2H,go,20,34,False,True
LINC00513,go,0,0,True,False
AC058791.1,go,0,0,True,False
LINC-PINT,go,0,0,True,False
MKLN1,go,20,16,False,False
AKR1B10,go,0,0,True,False
CALD1,go,0,0,True,False
AC083862.3,go,0,0,True,False
CNOT4,go,20,38,False,False
MTPN,go,20,0,False,False
CREB3L2,go,15,2,False,False
TRIM24,go,20,1,False,False
ZC3HAV1,go,20,18,False,False
UBN2,go,20,7,False,False
FMC1,go,20,12,False,False
HIPK2,go,20,4,False,False
KDM7A,go,0,0,True,False
KDM7A-DT,go,0,0,True,False
MKRN1,go,20,67,False,True
BRAF,go,19,10,False,False
TMEM139,go,0,0,True,False
AC093673.1,go,0,0,True,False
ZYX,go,20,28,False,False
TCAF1,go,0,0,True,False
EZH2,go,20,1,False,False
PDIA4,go,20,15,False,False
ATP6V0E2,go,20,16,False,False
LRRC61,go,20,244,False,False
RARRES2,go,0,0,True,False
REPIN1,go,17,6,False,False
CHPF2,go,19,8,False,False
NUB1,go,20,9,False,True
KMT2C,go,20,15,False,False
LINC01003,go,0,0,True,False
XRCC2,go,20,6,False,True
PAXIP1-AS1,go,0,0,True,False
RBM33,go,20,8,False,True
AC021218.1,go,0,0,True,False
NOM1,go,20,21,False,True
DNAJB6,go,20,9,False,False
PTPRN2,go,0,0,True,False
NCAPG2,go,20,6,False,True
ESYT2,go,20,12,False,True
WDR60,go,20,12,False,False
FBXO25,go,20,13,False,False
CLN8,go,17,1,False,False
MCPH1,go,20,0,False,False
AGPAT5,go,20,6,False,False
DEFB1,go,0,0,True,False
PRAG1,go,0,0,True,False
MFHAS1,go,20,1,False,False
TNKS,go,20,2,False,False
MSRA,go,0,0,True,False
MTMR9,go,20,7,False,False
FDFT1,go,20,32,False,False
CTSB,go,20,12,False,False
DLC1,go,20,4,False,False
ZDHHC2,go,0,0,True,False
VPS37A,go,20,21,False,True
SLC7A2,go,0,0,True,False
MTUS1,go,0,0,True,False
FGL1,go,0,0,True,False
PCM1,go,20,7,False,True
ASAH1,go,20,4,False,False
PSD3,go,0,0,True,False
SH2D4A,go,0,0,True,False
CSGALNACT1,go,0,0,True,False
ATP6V1B2,go,20,32,False,True
NPM2,go,0,0,True,False
DMTN,go,13,1,False,False
REEP4,go,20,24,False,False
BMP1,go,20,15,False,False
SLC39A14,go,14,6,False,False
SORBS3,go,20,14,False,False
PDLIM2,go,16,4,False,False
TNFRSF10B,go,20,4,False,False
TNFRSF10D,go,0,0,True,False
TNFRSF10A,go,20,13,False,False
ENTPD4,go,18,2,False,False
DOCK5,go,0,0,True,False
KCTD9,go,20,10,False,False
CDCA2,go,20,15,False,False
PPP2R2A,go,20,13,False,False
BNIP3L,go,20,9,False,False
DPYSL2,go,20,27,False,False
EPHX2,go,16,0,False,False
CLU,go,18,8,False,False
ESCO2,go,20,2,False,False
PBK,go,20,7,False,False
DCTN6,go,20,7,False,True
RBPMS,go,0,0,True,False
GSR,go,20,11,False,False
PPP2CB,go,20,5,False,True
AC090204.1,go,0,0,True,False
ZNF703,go,20,0,False,False
BRF2,go,20,3,False,True
RAB11FIP1,go,20,7,False,False
EIF4EBP1,go,20,4,False,False
LSM1,go,20,5,False,False
PLPP5,go,0,0,True,False
NSD3,go,20,16,False,False
LETM2,go,0,0,True,False
FGFR1,go,20,11,False,False
TACC1,go,20,8,False,False
PLEKHA2,go,18,10,False,False
TM2D2,go,20,74,False,False
ADAM9,go,16,10,False,False
TCIM,go,0,0,True,False
KAT6A,go,20,18,False,False
SLC20A2,go,20,19,False,False
SMIM19,go,20,75,False,False
THAP1,go,17,14,False,True
HOOK3,go,20,5,False,False
CEBPD,go,17,30,False,False
PRKDC,go,20,4,False,False
MCM4,go,20,21,False,True
PCMTD1,go,19,23,False,False
RB1CC1,go,20,6,False,False
ATP6V1H,go,20,18,False,True
RGS20,go,20,24,False,False
TCEA1,go,20,54,False,False
TMEM68,go,20,0,False,False
TGS1,go,20,0,False,True
IMPAD1,go,20,1,False,False
SDCBP,go,20,5,False,False
CHD7,go,20,3,False,False
ASPH,go,20,2,False,False
GGH,go,20,24,False,False
YTHDF3,go,20,8,False,False
RRS1,go,20,7,False,True
VCPIP1,go,20,3,False,False
SGK3,go,20,14,False,False
SNHG6,go,0,0,True,False
COPS5,go,20,4,False,True
ARFGEF1,go,20,11,False,False
NCOA2,go,20,15,False,False
TRAM1,go,20,11,False,False
LACTB2,go,20,4,False,False
TERF1,go,20,9,False,True
RDH10,go,20,2,False,False
UBE2W,go,20,20,False,False
ELOC,go,0,0,True,False
TMEM70,go,20,7,False,False
ZBTB10,go,9,27,False,False
ZNF704,go,7,7,False,False
FABP5,go,20,3,False,False
IMPA1,go,18,4,False,False
CHMP4C,go,0,0,True,False
WWP1,go,20,44,False,False
CPNE3,go,20,36,False,False
AF117829.1,go,0,0,True,False
RIPK2,go,20,6,False,False
OSGIN2,go,14,3,False,False
DECR1,go,20,26,False,False
PIP4P2,go,20,22,False,False
OTUD6B-AS1,go,0,0,True,False
TRIQK,go,0,0,True,False
RBM12B,go,20,29,False,False
VIRMA,go,20,54,False,False
TP53INP1,go,0,0,True,False
PLEKHF2,go,14,12,False,False
CPQ,go,20,13,False,False
POLR2K,go,20,37,False,True
SPAG1,go,0,0,True,False
RNF19A,go,20,12,False,False
RRM2B,go,20,2,False,False
UBR5,go,20,8,False,True
KLF10,go,11,14,False,False
GASAL1,go,0,0,True,False
AZIN1,go,20,19,False,False
ATP6V1C1,go,20,16,False,True
FZD6,go,0,0,True,False
CTHRC1,go,0,0,True,False
OXR1,go,5,1,False,False
EBAG9,go,20,21,False,False
SYBU,go,0,0,True,False
UTP23,go,20,7,False,True
RAD21,go,20,7,False,True
EXT1,go,0,0,True,False
MAL2,go,0,0,True,False
DSCC1,go,20,11,False,False
MRPL13,go,20,14,False,True
SNTB1,go,0,0,True,False
AC104958.2,go,0,0,True,False
ZHX1,go,13,69,False,False
ATAD2,go,20,65,False,False
FAM91A1,go,12,6,False,False
TATDN1,go,19,9,False,False
MTSS1,go,0,0,True,False
SQLE,go,20,11,False,False
TRIB1,go,0,0,True,False
CASC19,go,0,0,True,False
MYC,go,20,2,False,True
PVT1,go,0,0,True,False
FAM49B,go,20,0,False,False
ASAP1,go,20,1,False,False
PHF20L1,go,12,6,False,False
NDRG1,go,0,0,True,False
KHDRBS3,go,0,0,True,False
CHRAC1,go,20,6,False,False
AGO2,go,20,7,False,False
THEM6,go,20,6,False,False
LY6D,go,0,0,True,False
LY6E,go,20,1,False,False
MINCR,go,0,0,True,False
TSTA3,go,20,7,False,False
EPPK1,go,9,4,False,False
PLEC,go,14,3,False,False
GRINA,go,20,29,False,False
BOP1,go,20,10,False,True
DGAT1,go,20,2,False,False
SLC39A4,go,15,5,False,False
VPS28,go,20,28,False,True
TONSL,go,20,14,False,True
CYHR1,go,20,87,False,False
PPP1R16A,go,19,4,False,False
KANK1,go,0,0,True,False
SMARCA2,go,20,23,False,False
PUM3,go,0,0,True,False
RFX3,go,13,17,False,False
GLIS3,go,9,39,False,False
CDC37L1,go,0,0,True,False
RCL1,go,20,2,False,True
KIAA2026,go,0,0,True,False
RANBP6,go,20,22,False,False
GLDC,go,0,0,True,False
DMAC1,go,20,7,False,False
LURAP1L,go,0,0,True,False
PSIP1,go,20,6,False,False
HAUS6,go,20,21,False,True
PLIN2,go,20,6,False,False
KLHL9,go,0,0,True,False
MTAP,go,0,0,True,False
CDKN2A,go,0,0,True,False
IFT74,go,0,0,True,False
TOPORS,go,20,0,False,False
DNAJA1,go,20,22,False,True
B4GALT1,go,12,1,False,False
BAG1,go,20,77,False,False
CHMP5,go,20,13,False,True
UBAP1,go,20,50,False,True
RPP25L,go,20,22,False,False
DCTN3,go,20,10,False,True
CCDC107,go,20,133,False,False
ARHGEF39,go,20,38,False,False
CA9,go,0,0,True,False
TLN1,go,20,23,False,True
CREB3,go,20,10,False,False
HINT2,go,20,3,False,False
RNF38,go,0,0,True,False
MELK,go,20,17,False,False
EBLN3P,go,0,0,True,False
ZCCHC7,go,20,73,False,False
GRHPR,go,20,8,False,False
DCAF10,go,20,21,False,False
SHB,go,20,21,False,False
ALDH1B1,go,20,24,False,False
CBWD5,go,0,0,True,False
CBWD3,go,0,0,True,False
TJP2,go,20,6,False,False
PTAR1,go,20,3,False,False
SMC5,go,20,6,False,True
CEMIP2,go,20,11,False,False
C9orf85,go,0,0,True,False
ZFAND5,go,20,1,False,False
ALDH1A1,go,20,1,False,False
RFK,go,20,18,False,False
VPS13A,go,20,5,False,False
GNAQ,go,20,4,False,False
CEP78,go,20,18,False,False
PSAT1,go,20,61,False,True
TLE4,go,20,22,False,False
TLE1,go,0,0,True,False
FRMD3,go,0,0,True,False
UBQLN1,go,20,6,False,False
GKAP1,go,20,20,False,False
RMI1,go,20,5,False,True
TUT7,go,20,3,False,False
CTSL,go,20,7,False,False
CKS2,go,20,4,False,False
SECISBP2,go,20,3,False,False
AUH,go,19,5,False,False
NFIL3,go,19,21,False,False
NOL8,go,20,31,False,True
SUSD3,go,20,134,False,False
CARD19,go,0,0,True,False
NINJ1,go,20,1,False,False
WNK2,go,20,20,False,False
FAM120A,go,20,54,False,False
AL158152.1,go,0,0,True,False
AOPEP,go,20,13,False,False
ERCC6L2,go,20,18,False,False
HABP4,go,0,0,True,False
CDC14B,go,11,13,False,False
MFSD14C,go,0,0,True,False
TGFBR1,go,5,3,False,False
ERP44,go,20,7,False,False
TEX10,go,20,67,False,True
MSANTD3,go,14,0,False,False
ZNF189,go,5,19,False,False
SMC2,go,20,2,False,True
ABCA1,go,0,0,True,False
SLC44A1,go,0,0,True,False
FSD1L,go,0,0,True,False
ELP1,go,20,12,False,False
CTNNAL1,go,20,41,False,False
TMEM245,go,20,35,False,False
PALM2-AKAP2,go,0,0,True,False
ECPAS,go,20,6,False,False
DNAJC25,go,20,16,False,False
UGCG,go,20,0,False,False
PTBP3,go,20,6,False,False
SNX30,go,0,0,True,False
SLC31A1,go,13,5,False,False
HDHD3,go,16,22,False,False
ALAD,go,20,0,False,False
POLE3,go,20,8,False,False
AMBP,go,0,0,True,False
COL27A1,go,0,0,True,False
ORM1,go,0,0,True,False
ORM2,go,0,0,True,False
ASTN2,go,0,0,True,False
CDK5RAP2,go,20,6,False,False
MEGF9,go,0,0,True,False
FBXW2,go,20,37,False,False
PHF19,go,20,50,False,False
C5,go,0,0,True,False
CNTRL,go,20,4,False,False
GSN,go,20,6,False,False
STOM,go,20,31,False,False
RBM18,go,20,17,False,False
RC3H2,go,11,1,False,False
RABGAP1,go,20,19,False,False
NEK6,go,20,34,False,False
NR5A1,go,16,8,False,False
PPP6C,go,20,40,False,True
HSPA5,go,20,10,False,True
GAPVD1,go,19,16,False,False
ZBTB43,go,5,9,False,False
SLC2A8,go,2,2,False,True
RPL12,go,20,44,False,True
AK1,go,20,3,False,False
ST6GALNAC4,go,20,2,False,False
FAM102A,go,0,0,True,False
SLC25A25,go,18,0,False,False
LCN2,go,0,0,True,False
GOLGA2,go,20,3,False,False
SWI5,go,18,0,False,False
SPTAN1,go,20,34,False,False
WDR34,go,20,33,False,False
ZDHHC12,go,15,10,False,False
ZER1,go,2,0,False,False
LRRC8A,go,17,2,False,False
CRAT,go,20,7,False,False
IER5L,go,0,0,True,False
LINC00963,go,0,0,True,False
C9orf78,go,20,60,False,True
FNBP1,go,20,37,False,False
ASS1,go,0,0,True,False
FIBCD1,go,0,0,True,False
PRRC2B,go,20,21,False,False
SETX,go,20,6,False,True
TTF1,go,20,31,False,False
GTF3C4,go,20,6,False,True
TSC1,go,8,1,False,False
RALGDS,go,20,22,False,False
SURF2,go,20,13,False,False
SLC2A6,go,0,0,True,False
BRD3,go,13,29,False,False
AL669970.3,go,0,0,True,False
ENTR1,go,20,9,False,False
EGFL7,go,20,28,False,False
AGPAT2,go,20,5,False,False
SNHG7,go,0,0,True,False
LCN15,go,0,0,True,False
TMEM141,go,20,67,False,False
CCDC183,go,0,0,True,False
RABL6,go,20,150,False,False
PHPT1,go,20,2,False,False
C8G,go,0,0,True,False
PTGDS,go,0,0,True,False
PAXX,go,20,18,False,False
CLIC3,go,0,0,True,False
NPDC1,go,0,0,True,False
ENTPD2,go,0,0,True,False
SAPCD2,go,20,1,False,False
DPP7,go,20,16,False,False
TPRN,go,14,3,False,False
BX255925.3,go,0,0,True,False
RNF208,go,20,89,False,False
CYSRT1,go,0,0,True,False
TUBB4B,go,20,22,False,False
NRARP,go,15,0,False,False
NSMF,go,20,3,False,False
ZMYND11,go,20,14,False,False
LARP4B,go,20,17,False,False
IDI1,go,20,5,False,False
PFKP,go,20,24,False,False
KLF6,go,9,77,False,False
AKR1C1,go,2,2,False,False
AKR1C2,go,1,1,False,False
AKR1C3,go,0,0,True,False
NET1,go,8,0,False,False
TASOR2,go,20,192,False,False
ITIH5,go,0,0,True,False
ITIH2,go,0,0,True,False
KIN,go,20,82,False,True
TAF3,go,20,16,False,True
USP6NL,go,20,7,False,False
PROSER2,go,14,0,False,False
UPF2,go,20,14,False,True
OPTN,go,20,5,False,False
MCM10,go,20,26,False,True
PHYH,go,20,6,False,False
SEPHS1,go,17,23,False,False
BEND7,go,0,0,True,False
PRPF18,go,20,5,False,True
FAM107B,go,0,0,True,False
HSPA14__ENSG00000187522,go,0,0,True,False
RPP38,go,20,11,False,True
FAM171A1,go,20,78,False,False
STAM,go,20,9,False,False
ARL5B,go,20,31,False,False
MIR1915HG,go,0,0,True,False
COMMD3,go,20,26,False,False
BMI1,go,20,4,False,False
PIP4K2A,go,20,4,False,False
MSRB2,go,20,10,False,False
KIAA1217,go,0,0,True,False
ARHGAP21,go,20,15,False,False
ABI1,go,20,3,False,False
ANKRD26,go,13,12,False,False
YME1L1,go,20,14,False,False
MASTL,go,20,17,False,True
ACBD5,go,20,18,False,False
RAB18,go,20,26,False,True
WAC-AS1,go,0,0,True,False
WAC,go,20,4,False,True
BAMBI,go,20,3,False,False
SVIL,go,0,0,True,False
MAP3K8,go,20,54,False,False
ZEB1,go,20,7,False,False
ARHGAP12,go,17,0,False,False
KIF5B,go,20,6,False,False
EPC1,go,20,21,False,False
ITGB1,go,4,2,False,False
NRP1,go,0,0,True,False
PARD3,go,20,3,False,False
CUL2,go,20,15,False,True
CREM,go,11,20,False,False
ZNF248,go,11,33,False,False
ZNF33A,go,8,17,False,False
ZNF37A,go,11,20,False,False
ZNF33B,go,7,41,False,False
CSGALNACT2,go,0,0,True,False
ZNF487,go,0,0,True,False
RASSF4,go,0,0,True,False
DEPP1,go,0,0,True,False
MARCH8,go,20,19,False,False
WASHC2C,go,20,11,False,False
NCOA4,go,20,0,False,True
MAPK8,go,20,12,False,False
ERCC6,go,0,0,True,False
PARG,go,20,5,False,False
TIMM23B,go,8,1,False,True
WASHC2A,go,20,19,False,False
A1CF,go,0,0,True,False
DKK1,go,0,0,True,False
ZWINT,go,20,19,False,True
IPMK,go,0,0,True,False
UBE2D1,go,20,61,False,False
TFAM,go,20,8,False,True
PHYHIPL,go,0,0,True,False
SLC16A9,go,20,8,False,False
CCDC6,go,20,31,False,True
CDK1,go,20,10,False,True
RHOBTB1,go,20,8,False,False
ARID5B,go,20,5,False,True
RTKN2,go,16,5,False,False
NRBF2,go,20,5,False,False
JMJD1C,go,16,5,False,False
DNAJC12,go,16,115,False,False
SIRT1,go,4,1,False,False
HERC4,go,20,13,False,False
HNRNPH3,go,20,49,False,False
DNA2,go,20,15,False,False
TET1,go,20,6,False,False
CCAR1,go,20,18,False,True
DDX21,go,20,5,False,True
SUPV3L1,go,20,5,False,True
HKDC1,go,0,0,True,False
TSPAN15,go,0,0,True,False
H2AFY2,go,0,0,True,False
AIFM2,go,20,13,False,False
EIF4EBP2,go,20,1,False,False
SLC29A3,go,0,0,True,False
PSAP,go,1,0,False,False
CHST3,go,0,0,True,False
SPOCK2,go,0,0,True,False
DDIT4,go,20,1,False,False
MICU1,go,20,3,False,False
MCU,go,20,3,False,False
PLA2G12B,go,0,0,True,False
P4HA1,go,20,11,False,False
DNAJC9,go,20,41,False,True
FUT11,go,20,21,False,False
ZSWIM8,go,20,5,False,False
VCL,go,20,6,False,False
KAT6B,go,20,28,False,False
DUSP13,go,20,15,False,False
SAMD8,go,0,0,True,False
COMTD1,go,20,2,False,True
ZNF503,go,17,10,False,False
ZNF503-AS2,go,0,0,True,False
LRMDA,go,0,0,True,False
DLG5,go,15,0,False,False
POLR3A,go,20,14,False,True
ZMIZ1-AS1,go,0,0,True,False
ZMIZ1,go,0,0,True,False
PPIF,go,20,3,False,False
NUTM2B-AS1,go,0,0,True,False
AL135925.1,go,0,0,True,False
MAT1A,go,0,0,True,False
TSPAN14,go,17,20,False,False
GHITM,go,18,19,False,False
CCSER2,go,20,5,False,False
SNCG,go,20,1,False,False
GLUD1,go,20,4,False,False
SHLD2,go,20,6,False,False
NUTM2A-AS1,go,0,0,True,False
LINC00863,go,0,0,True,False
MINPP1,go,20,0,False,False
ATAD1,go,20,3,False,False
PTEN,go,0,0,True,True
ACTA2,go,0,0,True,False
FAS,go,0,0,True,False
LIPA,go,0,0,True,False
PANK1,go,0,0,True,False
KIF20B,go,20,21,False,False
RPP30,go,20,10,False,True
ANKRD1,go,0,0,True,False
HECTD2,go,0,0,True,False
TNKS2,go,20,3,False,False
BTAF1,go,20,7,False,True
IDE,go,20,2,False,False
KIF11,go,20,48,False,True
HHEX,go,9,7,False,True
CEP55,go,20,6,False,False
RBP4,go,0,0,True,False
FRA10AC1,go,18,22,False,False
NOC3L,go,20,5,False,True
HELLS,go,20,2,False,False
SORBS1,go,0,0,True,False
ZNF518A,go,9,4,False,False
LCOR,go,17,17,False,False
FRAT2,go,20,26,False,False
RRP12,go,20,9,False,True
EXOSC1,go,20,46,False,True
UBTD1,go,0,0,True,False
PI4K2A,go,20,14,False,False
AVPI1,go,14,5,False,False
ZFYVE27,go,20,3,False,False
LOXL4,go,0,0,True,False
GOT1,go,20,1,False,False
ENTPD7,go,19,2,False,False
ABCC2,go,0,0,True,False
DNMBP,go,0,0,True,False
CPN1,go,0,0,True,False
ERLIN1,go,20,15,False,False
BLOC1S2,go,4,2,False,False
SCD,go,20,28,False,True
OLMALINC,go,0,0,True,False
SLF2,go,0,0,True,False
SEMA4G,go,0,0,True,False
TWNK,go,20,9,False,True
SFXN3,go,0,0,True,False
DPCD,go,20,0,False,False
OGA,go,20,0,False,False
LDB1,go,20,2,False,True
NOLC1,go,20,3,False,True
NFKB2,go,9,29,False,False
FBXL15,go,20,18,False,False
CUEDC2,go,20,11,False,False
RPARP-AS1,go,0,0,True,False
ACTR1A,go,20,43,False,True
TRIM8,go,20,5,False,False
ARL3,go,20,15,False,False
BORCS7,go,0,0,True,False
NT5C2,go,20,2,False,False
PDCD11,go,20,119,False,True
SH3PXD2A,go,0,0,True,False
STN1,go,20,10,False,False
SLK,go,20,6,False,False
ADD3,go,20,10,False,False
MXI1,go,15,60,False,False
SMNDC1,go,20,60,False,True
SMC3,go,20,9,False,True
PDCD4,go,20,1,False,False
SHOC2,go,20,27,False,True
GPAM,go,0,0,True,False
ACSL5,go,0,0,True,False
TCF7L2,go,20,1,False,False
NHLRC2,go,20,33,False,True
CCDC186,go,0,0,True,False
ABLIM1,go,0,0,True,False
FAM160B1,go,0,0,True,False
C10orf82,go,0,0,True,False
HSPA12A,go,0,0,True,False
SHTN1,go,0,0,True,False
PDZD8,go,20,16,False,False
RAB11FIP2,go,0,0,True,False
FAM204A,go,13,56,False,False
CACUL1,go,20,1,False,False
DENND10,go,20,5,False,False
RGS10,go,20,17,False,False
BAG3,go,20,2,False,False
MCMBP,go,20,53,False,True
SEC23IP,go,20,38,False,False
WDR11,go,20,5,False,False
ATE1,go,20,36,False,False
TACC2,go,0,0,True,False
BTBD16,go,0,0,True,False
PLEKHA1,go,20,2,False,False
FAM24B,go,15,35,False,False
IKZF5,go,13,7,False,False
ACADSB,go,19,3,False,False
BUB3,go,20,19,False,True
CHST15,go,0,0,True,False
OAT,go,20,15,False,False
ZRANB1,go,0,0,True,False
EDRF1,go,0,0,True,False
UROS,go,20,2,False,False
DHX32,go,20,49,False,False
DOCK1,go,0,0,True,False
MKI67,go,20,28,False,False
GLRX3,go,20,9,False,True
PPP2R2D,go,20,9,False,False
BNIP3,go,8,4,False,False
AL451069.1,go,0,0,True,False
PRAP1,go,0,0,True,False
IFITM2,go,20,2,False,True
IFITM3,go,20,11,False,True
PKP3,go,20,13,False,False
HRAS,go,20,3,False,False
RASSF7,go,18,18,False,False
EPS8L2,go,20,12,False,False
PIDD1,go,0,0,True,False
PNPLA2,go,20,5,False,False
TOLLIP,go,20,2,False,False
MOB2,go,20,105,False,False
DUSP8,go,0,0,True,False
CTSD,go,20,16,False,False
IGF2,go,0,0,True,False
TSSC4,go,14,0,False,False
KCNQ1OT1,go,0,0,True,False
SLC22A18,go,0,0,True,False
PHLDA2,go,20,0,False,False
CARS,go,20,92,False,True
ZNF195,go,12,8,False,False
RHOG,go,20,12,False,False
RRM1,go,20,3,False,True
TRIM5,go,20,9,False,False
ILK,go,20,4,False,False
TPP1,go,14,6,False,False
PPFIBP2,go,0,0,True,False
TMEM9B,go,20,22,False,False
TMEM41B,go,20,6,False,False
IPO7,go,20,21,False,True
ZNF143,go,8,5,False,True
WEE1,go,20,13,False,True
SWAP70,go,0,0,True,False
SBF2,go,0,0,True,False
ADM,go,0,0,True,False
CTR9,go,20,5,False,True
ZBED5-AS1,go,0,0,True,False
USP47,go,20,20,False,False
PARVA,go,0,0,True,False
TEAD1,go,15,10,False,False
BTBD10,go,20,11,False,False
RRAS2,go,20,41,False,False
SOX6,go,18,3,False,False
PIK3C2A,go,20,6,False,False
NUCB2,go,20,25,False,False
SAA4,go,0,0,True,False
HPS5,go,20,5,False,True
GTF2H1,go,20,8,False,True
LDHA,go,20,39,False,False
SPTY2D1,go,20,2,False,False
E2F8,go,20,5,False,False
NAV2,go,0,0,True,False
CCDC34,go,0,0,True,False
LGR4,go,2,0,False,False
KIF18A,go,20,21,False,True
ARL14EP,go,20,140,False,False
PAX6,go,18,1,False,False
RCN1,go,20,3,False,False
QSER1,go,20,2,False,False
CSTF3,go,20,33,False,True
HIPK3,go,20,68,False,False
CD59,go,20,22,False,False
FBXO3,go,20,57,False,False
CAT,go,1,0,False,False
TRIM44,go,20,7,False,False
TTC17,go,20,58,False,False
PHF21A,go,18,34,False,False
MDK,go,0,0,True,False
ZNF408,go,20,3,False,False
F2,go,0,0,True,False
CKAP5,go,20,17,False,True
PACSIN3,go,20,17,False,False
DDB2,go,20,13,False,False
FNBP4,go,15,5,False,True
RTN4RL2,go,0,0,True,False
UBE2L6,go,20,34,False,False
CLP1,go,4,1,False,True
MED19,go,20,22,False,True
ZFP91,go,10,5,False,False
FAM111B,go,0,0,True,False
FAM111A,go,20,7,False,False
OSBP,go,20,15,False,True
STX3,go,17,5,False,False
CCDC86,go,20,223,False,True
TMEM132A,go,0,0,True,False
TKFC,go,0,0,True,False
FEN1,go,20,9,False,True
FADS2,go,8,1,False,False
FADS1,go,11,8,False,False
FADS3,go,20,5,False,False
FTH1,go,20,13,False,False
INCENP,go,20,6,False,False
ASRGL1,go,20,8,False,False
AHNAK,go,20,34,False,False
B3GAT3,go,20,13,False,False
CSKMT,go,17,2,False,False
BSCL2,go,20,5,False,False
HNRNPUL2,go,20,49,False,False
TMEM179B,go,20,13,False,False
NXF1,go,20,47,False,True
WDR74,go,20,19,False,True
SNHG1,go,0,0,True,False
SLC3A2,go,20,8,False,False
RTN3,go,20,49,False,False
RCOR2,go,0,0,True,False
MACROD1,go,20,2,False,False
STIP1,go,20,10,False,False
DNAJC4,go,20,33,False,False
VEGFB,go,20,2,False,False
PPP1R14B,go,20,3,False,False
BAD,go,7,5,False,False
ESRRA,go,11,8,False,False
TRMT112,go,20,3,False,True
ATG2A,go,20,6,False,False
GPHA2,go,0,0,True,False
ARL2,go,20,13,False,True
SAC3D1,go,20,39,False,False
CDCA5,go,20,29,False,True
TM7SF2,go,20,16,False,True
MRPL49,go,20,43,False,True
CAPN1,go,20,26,False,False
CDC42EP2,go,0,0,True,False
DPF2,go,20,17,False,False
NEAT1,go,0,0,True,False
MALAT1,go,0,0,True,False
LTBP3,go,18,2,False,True
ZNRD2,go,14,5,False,False
FAM89B,go,20,1,False,False
MAP3K11,go,20,16,False,False
RNASEH2C,go,19,1,False,True
EFEMP2,go,0,0,True,False
CCDC85B,go,20,8,False,False
FOSL1,go,20,5,False,False
C11orf68,go,19,46,False,False
DRAP1,go,20,10,False,True
PACS1,go,20,17,False,False
YIF1A,go,20,28,False,False
B4GAT1,go,0,0,True,False
CCS,go,20,3,False,False
RBM4,go,20,4,False,True
RHOD,go,0,0,True,False
KDM2A,go,20,1,False,True
ANKRD13D,go,16,6,False,False
RAD9A,go,20,5,False,True
POLD4,go,20,3,False,False
TMEM134,go,20,32,False,False
AIP,go,20,1,False,False
CDK2AP2,go,20,12,False,False
NUDT8,go,2,0,False,False
TBX10,go,5,5,False,False
ALDH3B1,go,0,0,True,False
KMT5B,go,0,0,True,False
CPT1A,go,2,1,False,False
CCND1,go,20,5,False,True
LTO1,go,20,1,False,False
PPFIA1,go,20,14,False,False
CTTN,go,20,8,False,False
SHANK2,go,0,0,True,False
DHCR7,go,20,17,False,False
AP002387.2,go,0,0,True,False
NADSYN1,go,20,23,False,False
NUMA1,go,20,3,False,True
STARD10,go,20,11,False,False
FCHSD2,go,0,0,True,False
PLEKHB1,go,0,0,True,False
MRPL48,go,20,44,False,False
UCP2,go,20,1,False,False
PPME1,go,20,2,False,True
POLD3,go,20,8,False,True
RNF169,go,20,31,False,False
SLCO2B1,go,0,0,True,False
RPS3,go,20,2,False,True
GDPD5,go,20,10,False,False
SERPINH1,go,20,11,False,False
DGAT2,go,0,0,True,False
THAP12,go,14,12,False,False
TSKU,go,0,0,True,False
CLNS1A,go,20,6,False,True
AQP11,go,0,0,True,False
RSF1,go,20,23,False,False
AAMDC,go,18,67,False,False
NDUFC2,go,20,24,False,False
RAB30-DT,go,0,0,True,False
PCF11,go,20,2,False,True
CCDC90B,go,20,70,False,False
TMEM126A,go,20,27,False,False
CREBZF,go,20,19,False,False
SYTL2,go,0,0,True,False
PICALM,go,19,4,False,False
FZD4,go,0,0,True,False
TMEM135,go,19,3,False,False
CTSC,go,20,13,False,False
CHORDC1,go,20,1,False,True
SMCO4,go,20,76,False,False
CEP295,go,0,0,True,False
TAF1D,go,20,17,False,True
C11orf54,go,20,67,False,False
MED17,go,20,37,False,True
MRE11,go,20,10,False,False
CWC15,go,20,52,False,True
SRSF8,go,20,138,False,False
FAM76B,go,15,6,False,False
CEP57,go,20,17,False,False
MTMR2,go,20,6,False,False
MAML2,go,20,0,False,False
CCDC82,go,20,20,False,False
YAP1,go,20,2,False,False
BIRC2,go,20,2,False,False
TMEM123,go,20,1,False,False
CASP4,go,0,0,True,False
MSANTD4,go,16,79,False,False
AASDHPPT,go,20,4,False,True
CWF19L2,go,13,1,False,True
SLC35F2,go,20,10,False,False
CUL5,go,20,6,False,False
ATM,go,20,4,False,False
DDX10,go,20,22,False,True
RDX,go,10,1,False,False
FDX1,go,20,5,False,False
SIK2,go,0,0,True,False
C11orf1,go,19,79,False,False
CRYAB,go,20,8,False,False
C11orf52,go,0,0,True,False
DIXDC1,go,20,1,False,False
NKAPD1,go,17,30,False,True
IL18,go,0,0,True,False
PTS,go,20,58,False,False
C11orf71,go,20,38,False,False
RBM7,go,20,1,False,False
REXO2,go,20,4,False,True
CADM1,go,0,0,True,False
ZPR1,go,0,0,True,False
APOA5,go,0,0,True,False
APOA4,go,0,0,True,False
APOC3,go,0,0,True,False
APOA1,go,0,0,True,False
SIK3,go,20,56,False,False
PAFAH1B2,go,20,12,False,False
TAGLN,go,0,0,True,False
PCSK7,go,20,5,False,False
BACE1,go,0,0,True,False
CEP164,go,20,48,False,False
FXYD2,go,0,0,True,False
MPZL3,go,0,0,True,False
MPZL2,go,0,0,True,False
UBE4A,go,20,20,False,False
KMT2A,go,20,9,False,False
TMEM25,go,0,0,True,False
DDX6,go,20,27,False,True
BCL9L,go,0,0,True,False
CCDC84,go,20,18,False,True
SLC37A4,go,20,27,False,False
HYOU1,go,20,13,False,True
H2AFX,go,19,9,False,True
HINFP,go,19,43,False,True
MCAM,go,20,17,False,False
RNF26,go,20,13,False,False
USP2,go,20,7,False,False
OAF,go,0,0,True,False
TLCD5,go,20,36,False,False
ARHGEF12,go,20,81,False,False
SC5D,go,20,6,False,False
SORL1,go,0,0,True,False
UBASH3B,go,20,0,False,False
HSPA8,go,20,9,False,True
TBRG1,go,20,18,False,False
VSIG2,go,0,0,True,False
ESAM,go,20,14,False,False
MSANTD2,go,0,0,True,False
HEPN1,go,0,0,True,False
EI24,go,20,78,False,False
CHEK1,go,20,7,False,True
SRPRA,go,0,0,True,False
TMEM45B,go,0,0,True,False
APLP2,go,18,20,False,False
ZBTB44,go,15,77,False,True
NCAPD3,go,20,9,False,True
KDM5A,go,20,10,False,False
ERC1,go,20,2,False,False
ADIPOR2,go,20,1,False,False
CACNA2D4,go,0,0,True,False
FKBP4,go,20,5,False,False
FOXM1,go,19,12,False,False
TULP3,go,0,0,True,False
CCND2,go,20,35,False,False
TIGAR,go,0,0,True,False
RAD51AP1,go,20,28,False,False
CD9,go,20,9,False,False
TNFRSF1A,go,20,2,False,False
SCNN1A,go,0,0,True,False
LTBR,go,20,13,False,False
NCAPD2,go,20,14,False,True
GAPDH,go,20,4,False,True
ING4,go,20,9,False,False
CDCA3,go,20,40,False,False
ENO2,go,20,13,False,False
C12orf57,go,20,0,False,False
LPCAT3,go,9,2,False,False
C1RL,go,16,4,False,False
CD163L1,go,0,0,True,False
SLC2A14,go,0,0,True,False
SLC2A3,go,20,8,False,False
A2M,go,0,0,True,False
GABARAPL1,go,18,8,False,False
YBX3,go,20,1,False,True
SMIM10L1,go,0,0,True,False
LRP6,go,4,3,False,False
DUSP16,go,0,0,True,False
CDKN1B,go,20,3,False,False
HEBP1,go,20,2,False,False
ATF7IP,go,20,38,False,False
H2AFJ,go,0,0,True,False
ART4,go,0,0,True,False
ERP27,go,0,0,True,False
EPS8,go,0,0,True,False
MGST1,go,20,22,False,False
PLEKHA5,go,20,8,False,False
AEBP2,go,16,13,False,False
PYROXD1,go,19,3,False,True
GOLT1B,go,20,74,False,True
ETNK1,go,20,73,False,False
SOX5,go,11,1,False,False
BCAT1,go,20,1,False,False
KRAS,go,20,16,False,False
RASSF8,go,0,0,True,False
ITPR2,go,20,3,False,False
FGFR1OP2,go,20,37,False,False
TM7SF3,go,20,6,False,False
PPFIBP1,go,20,19,False,False
CCDC91,go,20,28,False,False
CAPRIN2,go,0,0,True,False
AC010198.2,go,0,0,True,False
DENND5B,go,0,0,True,False
RESF1,go,17,5,False,False
FGD4,go,20,17,False,False
PKP2,go,0,0,True,False
KIF21A,go,20,34,False,False
GXYLT1,go,20,1,False,False
YAF2,go,20,115,False,False
ANO6,go,13,1,False,False
AC008124.1,go,0,0,True,False
ARID2,go,20,13,False,False
SLC38A1,go,20,19,False,False
SLC38A2,go,13,10,False,False
SLC48A1,go,20,23,False,False
ASB8,go,20,58,False,False
ZNF641,go,5,17,False,False
KANSL2,go,20,13,False,True
CCNT1,go,20,10,False,False
DDX23,go,20,16,False,True
FKBP11,go,18,10,False,False
DDN-AS1,go,0,0,True,False
LMBR1L,go,11,9,False,False
TUBA1B,go,20,19,False,True
TUBA1A,go,20,24,False,False
TUBA1C,go,20,19,False,True
TROAP,go,18,45,False,False
SPATS2,go,20,32,False,False
NCKAP5L,go,20,14,False,False
RACGAP1,go,20,7,False,True
SMARCD1,go,20,13,False,False
GPD1,go,0,0,True,False
COX14,go,20,51,False,False
LIMA1,go,20,15,False,False
DIP2B,go,20,11,False,False
ATF1,go,18,1,False,False
METTL7A,go,20,14,False,False
SLC11A2,go,8,2,False,False
LETMD1,go,20,31,False,False
CSRNP2,go,8,17,False,False
SMAGP,go,20,31,False,True
GRASP,go,0,0,True,False
NR4A1,go,15,1,False,False
KRT80,go,0,0,True,False
KRT8,go,20,11,False,True
KRT18,go,20,10,False,False
EIF4B,go,20,11,False,True
TNS2,go,0,0,True,False
IGFBP6,go,0,0,True,False
SOAT2,go,0,0,True,False
MAP3K12,go,20,58,False,False
CALCOCO1,go,17,15,False,False
CBX5,go,20,15,False,False
HNRNPA1,go,20,8,False,True
METTL7B,go,0,0,True,False
CD63,go,20,12,False,False
GDF11,go,20,2,False,False
SARNP,go,20,23,False,True
ORMDL2,go,20,5,False,False
PYM1,go,0,0,True,False
RAB5B,go,20,29,False,False
IKZF4,go,12,19,False,False
ERBB3,go,0,0,True,False
PA2G4,go,20,25,False,False
MYL6,go,20,8,False,False
SMARCC2,go,20,14,False,False
SLC39A5,go,0,0,True,False
STAT2,go,20,10,False,False
TIMELESS,go,20,4,False,True
GLS2,go,0,0,True,False
RBMS2,go,0,0,True,False
BAZ2A,go,20,0,False,False
PTGES3,go,20,6,False,False
PRIM1,go,20,2,False,True
NAB2,go,20,3,False,False
STAT6,go,20,7,False,False
LRP1,go,0,0,True,False
R3HDM2,go,20,109,False,False
INHBE,go,17,6,False,False
MARS,go,20,5,False,True
DDIT3,go,20,6,False,False
KIF5A,go,0,0,True,False
PIP4K2C,go,20,12,False,True
OS9,go,20,11,False,False
TSPAN31,go,17,31,False,False
MARCH9,go,19,5,False,False
CTDSP2,go,20,8,False,False
GIHCG,go,0,0,True,False
USP15,go,20,19,False,False
MON2,go,20,41,False,False
PPM1H,go,20,42,False,False
RXYLT1,go,20,20,False,False
SRGAP1,go,0,0,True,False
TBK1,go,20,6,False,False
GNS,go,20,18,False,False
LEMD3,go,20,5,False,False
HMGA2,go,20,0,False,False
LLPH,go,20,11,False,False
HELB,go,0,0,True,False
DYRK2,go,20,60,False,False
NUP107,go,20,25,False,True
SLC35E3,go,20,2,False,False
MDM2,go,20,9,False,False
CPSF6,go,20,3,False,True
AC020656.2,go,0,0,True,False
LYZ,go,20,6,False,False
YEATS4,go,20,23,False,True
FRS2,go,0,0,True,False
RAB3IP,go,20,6,False,False
AC025159.1,go,0,0,True,False
KCNMB4,go,0,0,True,False
TSPAN8,go,0,0,True,False
LGR5,go,0,0,True,False
ZFC3H1,go,16,10,False,True
THAP2,go,14,22,False,False
TMEM19,go,20,89,False,False
RAB21,go,20,16,False,False
TBC1D15,go,20,27,False,False
ATXN7L3B,go,18,72,False,False
GLIPR1,go,0,0,True,False
KRR1,go,20,78,False,True
PHLDA1,go,0,0,True,False
OSBPL8,go,20,7,False,False
CSRP2,go,0,0,True,False
E2F7,go,20,1,False,False
PAWR,go,0,0,True,False
LIN7A,go,0,0,True,False
ACSS3,go,0,0,True,False
CCDC59,go,20,119,False,True
C12orf29,go,3,2,False,False
CEP290,go,20,14,False,False
TMTC3,go,0,0,True,False
KITLG,go,0,0,True,False
DUSP6,go,0,0,True,False
GALNT4,go,0,0,True,False
ATP2B1,go,15,4,False,False
BTG1,go,20,3,False,False
EEA1,go,20,8,False,False
LINC02413,go,0,0,True,False
NUDT4,go,20,1,False,False
FGD6,go,20,7,False,False
VEZT,go,20,10,False,True
METAP2,go,20,9,False,True
NTN4,go,0,0,True,False
LTA4H,go,20,10,False,False
ELK3,go,14,94,False,False
TMPO,go,15,9,False,False
IKBIP,go,18,204,False,False
APAF1,go,20,9,False,False
UHRF1BP1L,go,20,17,False,False
ACTR6,go,20,7,False,True
SCYL2,go,8,0,False,False
NR1H4,go,20,1,False,False
GAS2L3,go,0,0,True,False
UTP20,go,20,17,False,True
CHPT1,go,20,39,False,False
GNPTAB,go,20,11,False,False
DRAM1,go,20,22,False,False
WASHC3,go,15,6,False,False
NUP37,go,20,60,False,False
PARPBP,go,20,33,False,False
HELLPAR,go,0,0,True,False
PAH,go,0,0,True,False
HSP90B1,go,20,28,False,True
C12orf73,go,20,115,False,False
TDG,go,20,2,False,False
NFYB,go,19,48,False,True
TXNRD1,go,20,16,False,False
EID3,go,0,0,True,False
SLC41A2,go,0,0,True,False
C12orf45,go,19,24,False,True
WASHC4,go,20,5,False,False
C12orf75,go,0,0,True,False
CKAP4,go,0,0,True,False
TCP11L2,go,0,0,True,False
TMEM263,go,0,0,True,False
CRY1,go,20,0,False,False
PRDM4,go,6,4,False,True
SART3,go,20,1,False,True
ISCU,go,20,21,False,True
ALKBH2,go,20,1,False,False
UNG,go,20,8,False,False
KCTD10,go,20,21,False,True
MMAB,go,17,7,False,False
MVK,go,20,9,False,True
FAM222A,go,0,0,True,False
GLTP,go,20,3,False,False
GIT2,go,20,28,False,True
ANKRD13A,go,13,3,False,False
C12orf76,go,0,0,True,False
IFT81,go,20,12,False,False
GPN3,go,20,25,False,True
PPTC7,go,18,23,False,False
TCTN1,go,20,1,False,False
PHETA1,go,0,0,True,False
BRAP,go,20,7,False,False
ALDH2,go,14,6,False,False
MAPKAPK5-AS1,go,0,0,True,False
TMEM116,go,20,29,False,False
NAA25,go,20,27,False,True
HECTD4,go,20,9,False,False
PTPN11,go,7,1,False,True
DDX54,go,20,18,False,True
TPCN1,go,0,0,True,False
SDSL,go,20,3,False,False
LINC01234,go,0,0,True,False
RBM19,go,20,19,False,True
TBX3,go,11,4,False,False
MED13L,go,20,2,False,False
C12orf49,go,20,30,False,False
TESC,go,20,10,False,False
RFC5,go,20,35,False,True
WSB2,go,20,15,False,False
PEBP1,go,20,20,False,False
TAOK3,go,20,15,False,False
PRKAB1,go,20,17,False,False
CIT,go,20,1,False,False
BICDL1,go,0,0,True,False
TRIAP1,go,20,2,False,True
GATC,go,20,6,False,False
DYNLL1,go,20,20,False,True
NRAV,go,0,0,True,False
UNC119B,go,20,13,False,False
ACADS,go,20,6,False,False
SPPL3,go,20,3,False,False
HNF1A-AS1,go,0,0,True,False
P2RX4,go,4,0,False,False
ORAI1,go,20,10,False,False
MORN3,go,0,0,True,False
RHOF,go,0,0,True,False
LINC01089,go,0,0,True,False
HPD,go,0,0,True,False
BCL7A,go,20,13,False,False
MLXIP,go,5,9,False,False
CLIP1,go,20,30,False,False
ZCCHC8,go,20,12,False,False
RSRC2,go,19,36,False,True
KNTC1,go,20,13,False,False
HCAR3,go,0,0,True,False
VPS37B,go,20,20,False,False
MPHOSPH9,go,20,38,False,False
C12orf65,go,20,6,False,False
CDK2AP1,go,20,96,False,False
SBNO1,go,17,1,False,True
KMT5A,go,0,0,True,False
RILPL2,go,20,54,False,False
RILPL1,go,0,0,True,False
DDX55,go,20,148,False,True
CCDC92,go,19,44,False,False
ZNF664,go,12,29,False,False
NCOR2,go,20,15,False,False
SCARB1,go,4,1,False,False
UBC,go,20,14,False,True
BRI3BP,go,20,78,False,False
RAN,go,20,2,False,True
ULK1,go,0,0,True,False
EP400,go,20,25,False,True
FBRSL1,go,20,11,False,True
POLE,go,20,9,False,True
PXMP2,go,20,108,False,False
ANKLE2,go,20,22,False,True
GOLGA3,go,20,45,False,False
CHFR,go,20,8,False,False
ZNF605,go,5,7,False,False
ZNF26,go,9,39,False,False
ZNF84,go,13,22,False,True
ZNF140,go,8,36,False,False
ZNF891,go,10,17,False,False
ZNF268,go,10,11,False,False
MPHOSPH8,go,20,22,False,False
PSPC1,go,20,18,False,False
ZMYM5,go,17,34,False,False
ZMYM2,go,20,17,False,False
CRYL1,go,0,0,True,False
LATS2,go,0,0,True,False
SAP18,go,20,24,False,True
SKA3,go,20,34,False,True
ZDHHC20,go,20,8,False,False
SACS,go,20,5,False,False
TNFRSF19,go,0,0,True,False
PARP4,go,20,11,False,False
NUP58,go,0,0,True,False
RNF6,go,20,14,False,False
CDK8,go,20,26,False,False
POLR1D,go,20,14,False,True
PAN3,go,10,0,False,False
SLC7A1,go,20,14,False,False
UBL3,go,19,65,False,False
HMGB1,go,4,2,False,True
USPL1,go,19,0,False,True
HSPH1,go,20,42,False,True
BRCA2,go,20,2,False,True
N4BP2L1,go,0,0,True,False
PDS5B,go,20,36,False,False
AL139383.1,go,0,0,True,False
RFC3,go,20,15,False,True
SMAD9,go,11,7,False,False
EXOSC8,go,20,10,False,True
UFM1,go,20,4,False,True
NHLRC3,go,20,7,False,False
MRPS31,go,20,19,False,True
ELF1,go,9,6,False,False
WBP4,go,20,41,False,False
DGKH,go,16,1,False,False
AKAP11,go,20,2,False,False
TSC22D1,go,20,58,False,False
TPT1,go,20,6,False,True
TPT1-AS1,go,0,0,True,False
SLC25A30,go,0,0,True,False
COG3,go,20,35,False,True
CPB2,go,0,0,True,False
NUDT15,go,20,1,False,True
ITM2B,go,20,65,False,False
RB1,go,20,0,False,False
LPAR6,go,0,0,True,False
FNDC3A,go,20,15,False,False
RNASEH2B,go,3,0,False,False
INTS6,go,20,14,False,True
WDFY2,go,16,4,False,False
CKAP2,go,20,5,False,False
DIAPH3,go,20,19,False,False
MZT1,go,20,5,False,True
DIS3,go,20,19,False,True
PIBF1,go,20,3,False,False
TBC1D4,go,20,15,False,False
LMO7,go,0,0,True,False
CLN5,go,20,9,False,False
FBXL3,go,20,11,False,False
MYCBP2,go,20,4,False,False
OBI1,go,13,5,False,False
RBM26,go,20,72,False,False
NDFIP2,go,20,5,False,False
GPC6,go,0,0,True,False
DNAJC3,go,20,10,False,False
UGGT2,go,20,10,False,False
MBNL2,go,20,16,False,False
RAP2A,go,20,11,False,False
IPO5,go,20,10,False,False
FARP1,go,20,4,False,False
STK24,go,20,62,False,False
TM9SF2,go,20,4,False,False
ZIC2,go,9,7,False,False
PCCA-DT,go,0,0,True,False
ERCC5,go,20,10,False,False
ARGLU1,go,20,136,False,True
RAB20,go,20,6,False,False
ANKRD10,go,19,82,False,False
ATP11A,go,20,18,False,False
F7,go,0,0,True,False
F10,go,0,0,True,False
PCID2,go,20,2,False,True
LAMP1,go,20,31,False,False
GRTP1,go,20,12,False,False
TMCO3,go,20,2,False,False
TFDP1,go,20,8,False,True
CCNB1IP1,go,20,7,False,False
PIP4P1,go,20,9,False,False
PNP,go,4,1,False,False
ANG,go,0,0,True,False
RNASE4,go,0,0,True,False
SUPT16H,go,20,8,False,True
CHD8,go,20,23,False,False
TOX4,go,9,9,False,True
DAD1,go,20,10,False,True
OXA1L,go,20,3,False,True
MRPL52,go,20,18,False,False
LRP10,go,4,0,False,False
HAUS4,go,20,18,False,True
AJUBA,go,0,0,True,False
C14orf119,go,20,158,False,False
NGDN,go,20,13,False,False
DHRS2,go,20,18,False,False
PCK2,go,20,0,False,False
DCAF11,go,20,20,False,False
FITM1,go,0,0,True,False
EMC9,go,20,10,False,False
CHMP4A,go,20,14,False,False
CIDEB,go,0,0,True,False
STXBP6,go,16,2,False,False
G2E3,go,20,56,False,False
SCFD1,go,20,11,False,True
STRN3,go,20,5,False,False
HECTD1,go,20,2,False,True
LINC02313,go,0,0,True,False
ARHGAP5,go,19,49,False,False
SPTSSA,go,20,13,False,True
EAPP,go,20,38,False,False
SNX6,go,20,6,False,False
CFL2,go,20,5,False,False
BAZ1A,go,12,4,False,False
SRP54,go,20,7,False,True
FAM177A1,go,0,0,True,False
PPP2R3C,go,17,1,False,True
PRORP,go,20,10,False,True
PSMA6,go,20,13,False,True
NFKBIA,go,20,4,False,False
RALGAPA1,go,20,11,False,False
MBIP,go,20,6,False,True
FOXA1,go,17,1,False,False
SEC23A,go,20,15,False,False
TRAPPC6B,go,20,10,False,False
PNN,go,20,7,False,True
MIA2,go,18,0,False,False
FBXO33,go,20,17,False,False
TOGARAM1,go,20,8,False,False
PRPF39,go,14,2,False,True
MIS18BP1,go,20,40,False,True
KLHDC2,go,20,14,False,False
NEMF,go,20,2,False,True
ARF6,go,20,5,False,False
SOS2,go,0,0,True,False
MAP4K5,go,20,82,False,False
SAV1,go,17,2,False,False
NIN,go,20,0,False,False
PYGL,go,20,6,False,False
TMX1,go,20,51,False,False
ERO1A,go,0,0,True,False
AL133453.1,go,0,0,True,False
GNPNAT1,go,20,14,False,True
FERMT2,go,20,8,False,False
DDHD1,go,20,47,False,False
BMP4,go,0,0,True,False
CDKN3,go,20,16,False,False
GMFB,go,3,1,False,False
CGRRF1,go,0,0,True,False
SAMD4A,go,0,0,True,False
WDHD1,go,20,28,False,True
SOCS4,go,20,1,False,False
LGALS3,go,0,0,True,False
DLGAP5,go,20,5,False,False
ATG14,go,0,0,True,False
TMEM260,go,0,0,True,False
EXOC5,go,20,9,False,True
AP5M1,go,20,14,False,False
ACTR10,go,20,15,False,True
PSMA3-AS1,go,0,0,True,False
ARID4A,go,20,9,False,False
TIMM9,go,20,12,False,True
KIAA0586,go,20,40,False,True
DAAM1,go,20,36,False,False
PCNX4,go,20,85,False,False
DHRS7,go,18,8,False,False
PPM1A,go,20,7,False,False
HIF1A,go,20,2,False,False
SNAPC1,go,20,7,False,True
SYNE2,go,0,0,True,False
MTHFD1,go,20,4,False,True
ZBTB1,go,13,3,False,False
GPX2,go,0,0,True,False
MAX,go,20,17,False,True
FUT8,go,20,8,False,False
MPP5,go,20,3,False,False
ATP6V1D,go,20,20,False,True
PIGH,go,20,18,False,True
ARG2,go,13,0,False,False
RDH11,go,19,5,False,False
ZFP36L1,go,20,4,False,False
ACTN1,go,20,16,False,False
DCAF5,go,20,46,False,False
SUSD6,go,0,0,True,False
SRSF5,go,20,7,False,False
SYNJ2BP,go,4,1,False,False
MED6,go,20,32,False,True
TTC9,go,0,0,True,False
AC004816.1,go,0,0,True,False
PCNX1,go,0,0,True,False
PSEN1,go,0,0,True,False
NUMB,go,20,6,False,False
ACOT2,go,0,0,True,False
DNAL1,go,20,3,False,False
PNMA1,go,20,69,False,False
ELMSAN1,go,20,3,False,False
PTGR2,go,18,0,False,True
ZNF410,go,6,13,False,False
COQ6,go,20,8,False,False
ENTPD5,go,0,0,True,False
ALDH6A1,go,0,0,True,False
ABCD4,go,19,5,False,False
NPC2,go,20,16,False,False
AREL1,go,20,45,False,False
YLPM1,go,20,135,False,False
PGF,go,0,0,True,False
FOS,go,20,9,False,False
JDP2,go,15,7,False,False
ERG28,go,20,74,False,False
GPATCH2L,go,13,39,False,False
IRF2BPL,go,10,32,False,False
GSTZ1,go,20,19,False,False
AHSA1,go,20,16,False,False
ISM2,go,0,0,True,False
GTF2A1,go,20,24,False,True
SEL1L,go,20,12,False,False
LINC01146,go,0,0,True,False
ZC3H14,go,20,14,False,False
FOXN3,go,12,3,False,False
NRDE2,go,20,11,False,True
CALM1,go,10,3,False,False
PPP4R3A,go,0,0,True,False
TRIP11,go,20,3,False,False
ATXN3,go,20,12,False,False
NDUFB1,go,20,19,False,False
CPSF2,go,20,15,False,True
LGMN,go,6,3,False,False
GOLGA5,go,20,5,False,False
MOAP1,go,0,0,True,False
TMEM251,go,20,11,False,False
BTBD7,go,20,7,False,False
DDX24,go,20,25,False,True
IFI27L2,go,18,13,False,False
SERPINA6,go,0,0,True,False
SERPINA1,go,0,0,True,False
SERPINA11,go,0,0,True,False
SERPINA4,go,0,0,True,False
SERPINA5,go,0,0,True,False
SERPINA3,go,0,0,True,False
CLMN,go,0,0,True,False
SYNE3,go,0,0,True,False
SNHG10,go,0,0,True,False
GLRX5,go,20,10,False,True
ATG2B,go,6,6,False,False
VRK1,go,20,74,False,False
CCNK,go,20,11,False,True
EVL,go,20,18,False,False
WARS,go,20,13,False,True
DLK1,go,0,0,True,False
PPP2R5C,go,20,18,False,False
DYNC1H1,go,20,7,False,True
HSP90AA1,go,20,13,False,False
MOK,go,20,50,False,True
ANKRD9,go,20,3,False,False
RCOR1,go,20,22,False,True
AMN,go,0,0,True,False
CDC42BPB,go,20,25,False,False
EXOC3L4,go,0,0,True,False
EIF5,go,20,33,False,True
MARK3,go,20,61,False,False
CKB,go,20,5,False,False
BAG5,go,20,14,False,False
KLC1,go,20,10,False,False
COA8,go,14,2,False,False
PPP1R13B,go,0,0,True,False
ADSSL1,go,0,0,True,False
SIVA1,go,20,0,False,False
AKT1,go,12,3,False,False
CDCA4,go,20,221,False,False
NUDT14,go,20,12,False,False
CRIP2,go,0,0,True,False
CRIP1,go,0,0,True,False
TEDC1,go,20,4,False,False
TMEM121,go,0,0,True,False
CYFIP1,go,13,4,False,True
SNRPN,go,0,0,True,False
SNHG14,go,0,0,True,False
NSMCE3,go,0,0,True,False
TJP1,go,20,5,False,False
KLF13,go,6,38,False,False
ARHGAP11A,go,20,31,False,False
EMC7,go,20,14,False,True
SLC12A6,go,0,0,True,False
GOLGA8B,go,20,6,False,False
ZNF770,go,8,15,False,False
MEIS2,go,10,4,False,False
SPRED1,go,20,3,False,False
THBS1,go,0,0,True,False
BUB1B,go,20,32,False,True
KNSTRN,go,20,10,False,False
IVD,go,0,0,True,False
KNL1,go,20,25,False,False
RAD51,go,20,11,False,True
GCHFR,go,20,2,False,False
SPINT1,go,0,0,True,False
CHP1,go,15,1,False,False
OIP5,go,20,12,False,True
NUSAP1,go,20,8,False,False
ITPKA,go,20,2,False,False
MGA,go,16,0,False,False
EHD4,go,20,28,False,False
TMEM87A,go,20,45,False,False
ZNF106,go,20,7,False,False
HAUS2,go,20,21,False,False
TTBK2,go,20,9,False,False
UBR1,go,20,21,False,False
CCNDBP1,go,20,121,False,False
TP53BP1,go,20,7,False,False
MFAP1,go,20,24,False,True
CASC4,go,20,49,False,False
EIF3J-DT,go,0,0,True,False
B2M,go,13,3,False,False
SORD,go,18,1,False,False
SHF,go,0,0,True,False
BLOC1S6,go,20,1,False,False
SQOR,go,0,0,True,False
DUT,go,20,8,False,True
CEP152,go,20,16,False,True
SECISBP2L,go,20,4,False,False
SLC27A2,go,19,3,False,False
GABPB1,go,20,24,False,True
GABPB1-IT1,go,0,0,True,False
GABPB1-AS1,go,0,0,True,False
USP8,go,20,12,False,True
TRPM7,go,20,2,False,True
CYP19A1,go,0,0,True,False
GNB5,go,0,0,True,False
MYO5C,go,0,0,True,False
FAM214A,go,0,0,True,False
RSL24D1,go,20,7,False,True
RAB27A,go,19,3,False,False
CCPG1,go,20,6,False,False
RFX7,go,2,40,False,False
TEX9,go,0,0,True,False
CGNL1,go,0,0,True,False
LIPC,go,0,0,True,False
MINDY2,go,12,0,False,False
RNF111,go,20,30,False,False
CCNB2,go,20,15,False,False
MYO1E,go,0,0,True,False
GCNT3,go,0,0,True,False
BNIP2,go,20,29,False,False
ANXA2,go,20,6,False,False
ICE2,go,0,0,True,False
RORA,go,20,4,False,False
VPS13C,go,20,2,False,False
TPM1,go,20,4,False,False
LACTB,go,20,11,False,False
RPS27L,go,20,0,False,False
RAB8B,go,20,10,False,False
USP3,go,20,6,False,False
CSNK1G1,go,19,105,False,False
PCLAF,go,20,13,False,False
OAZ2,go,20,3,False,False
RBPMS2,go,20,7,False,False
PIF1,go,20,3,False,False
SLC51B,go,0,0,True,False
PDCD7,go,20,3,False,True
CLPX,go,20,14,False,False
IGDCC3,go,12,2,False,False
DENND4A,go,16,31,False,False
TIPIN,go,20,5,False,True
AC087482.1,go,0,0,True,False
SMAD3,go,20,9,False,False
PIAS1,go,20,16,False,True
CALML4,go,20,7,False,False
FEM1B,go,20,6,False,False
KIF23,go,20,36,False,True
TLE3,go,20,16,False,False
UACA,go,0,0,True,False
LARP6,go,0,0,True,False
MYO9A,go,19,4,False,False
PKM,go,20,15,False,True
ARIH1,go,20,88,False,True
NPTN,go,2,1,False,False
ARID3B,go,10,143,False,False
CLK3,go,20,69,False,False
SIN3A,go,20,6,False,True
UBE2Q2,go,20,30,False,False
FBXO22,go,20,12,False,False
PEAK1,go,20,5,False,False
TBC1D2B,go,0,0,True,False
IREB2,go,20,2,False,False
CTSH,go,20,6,False,False
MTHFS,go,20,11,False,False
AC015871.7,go,0,0,True,False
FAH,go,20,0,False,False
CEMIP,go,0,0,True,False
SNHG21,go,0,0,True,False
WHAMM,go,20,2,False,False
HOMER2,go,0,0,True,False
RAMAC,go,20,2,False,True
ZSCAN2,go,9,7,False,False
WDR73,go,20,1,False,False
NMB,go,0,0,True,False
AKAP13,go,20,1,False,False
AEN,go,20,15,False,False
ISG20,go,0,0,True,False
MFGE8,go,20,12,False,False
ABHD2,go,1,0,False,False
FANCI,go,20,14,False,False
ANPEP,go,0,0,True,False
IDH2,go,20,12,False,False
NGRN,go,20,4,False,False
IQGAP1,go,20,6,False,False
BLM,go,20,10,False,False
FURIN,go,11,1,False,False
FES,go,20,11,False,False
PRC1,go,20,44,False,True
LINC01578,go,0,0,True,False
CHD2,go,20,2,False,False
NR2F2,go,16,3,False,False
ARRDC4,go,16,15,False,False
IGF1R,go,8,8,False,False
MEF2A,go,17,25,False,True
ASB7,go,20,62,False,False
SELENOS,go,10,1,False,False
SNRPA1,go,20,44,False,True
PCSK6,go,20,14,False,False
POLR3K,go,20,19,False,True
LUC7L,go,20,5,False,False
WFIKKN1,go,0,0,True,False
STUB1,go,20,3,False,False
JMJD8,go,20,18,False,False
GNPTG,go,20,24,False,False
CLCN7,go,20,6,False,False
JPT2,go,20,52,False,False
SPSB3,go,20,30,False,False
HAGH,go,20,46,False,False
SNHG9,go,0,0,True,False
GFER,go,20,2,False,True
NPW,go,20,13,False,False
NTHL1,go,20,5,False,False
PKD1,go,0,0,True,False
SNHG19,go,0,0,True,False
PGP,go,15,1,False,False
CCNF,go,20,19,False,False
ATP6V0C,go,20,22,False,True
KCTD5,go,20,50,False,False
ZG16B,go,0,0,True,False
PAQR4,go,20,4,False,False
CLDN6,go,17,18,False,False
TNFRSF12A,go,20,18,False,False
HCFC1R1,go,20,28,False,False
THOC6,go,20,5,False,True
IL32,go,0,0,True,False
NAA60,go,20,0,False,False
DNASE1,go,0,0,True,False
CREBBP,go,20,10,False,False
VASN,go,0,0,True,False
CDIP1,go,0,0,True,False
ROGDI,go,20,0,False,False
PPL,go,0,0,True,False
ABAT,go,0,0,True,False
CARHSP1,go,20,13,False,False
C16orf72,go,14,0,False,False
ATF7IP2,go,14,3,False,False
EMP2,go,20,6,False,False
RMI2,go,20,29,False,False
LITAF,go,13,3,False,False
ZC3H7A,go,20,7,False,False
SNX29,go,1,0,False,False
MIR193BHG,go,0,0,True,False
NPIPA1,go,0,0,True,False
PDXDC1,go,20,2,False,False
NTAN1,go,20,7,False,False
RRN3,go,20,2,False,True
MPV17L,go,0,0,True,False
MARF1,go,0,0,True,False
NDE1,go,20,7,False,False
FOPNL,go,20,46,False,False
ABCC6,go,0,0,True,False
ARL6IP1,go,20,13,False,False
SMG1,go,20,51,False,True
TMC7,go,0,0,True,False
ITPRIPL2,go,0,0,True,False
GDE1,go,19,3,False,False
CCP110,go,20,14,False,True
KNOP1,go,20,64,False,False
THUMPD1,go,20,33,False,True
METTL9,go,19,19,False,False
MOSMO,go,20,4,False,False
CDR2,go,16,120,False,False
NPIPB5,go,0,0,True,False
UBFD1,go,20,9,False,False
DCTN5,go,20,16,False,True
PLK1,go,20,6,False,True
RBBP6,go,20,9,False,True
TNRC6A,go,20,10,False,True
ZKSCAN2-DT,go,0,0,True,False
IL4R,go,0,0,True,False
GTF3C1,go,20,7,False,True
CLN3,go,5,0,False,False
NUPR1,go,0,0,True,False
SULT1A2,go,0,0,True,False
SULT1A1,go,20,2,False,False
ATXN2L,go,20,22,False,False
NFATC2IP,go,20,20,False,True
KIF22,go,20,25,False,False
PAGR1,go,20,4,False,False
MVP,go,0,0,True,False
SEZ6L2,go,20,50,False,False
ASPHD1,go,0,0,True,False
YPEL3,go,20,6,False,False
GDPD3,go,0,0,True,False
MAPK3,go,20,3,False,False
SULT1A3,go,20,1,False,False
DCTPP1,go,20,13,False,False
SEPHS2,go,20,17,False,True
ZNF768,go,8,13,False,False
PRR14,go,20,4,False,False
FBRS,go,0,0,True,False
ORAI3,go,20,38,False,False
HSD3B7,go,20,8,False,False
PRSS8,go,0,0,True,False
FUS,go,20,52,False,False
PYCARD,go,7,3,False,False
TGFB1I1,go,0,0,True,False
ZNF720,go,13,3,False,True
ZNF267,go,7,12,False,False
SHCBP1,go,19,5,False,False
ORC6,go,20,15,False,True
C16orf87,go,13,114,False,False
ITFG1,go,20,49,False,False
PHKB,go,20,8,False,False
ABCC11,go,0,0,True,False
N4BP1,go,20,1,False,False
TENT4B,go,20,2,False,False
AC007493.1,go,0,0,True,False
NKD1,go,0,0,True,False
CYLD,go,0,0,True,False
HNRNPA1P48,go,0,0,True,False
TOX3,go,0,0,True,False
CHD9,go,20,24,False,False
RBL2,go,20,4,False,False
IRX3,go,7,1,False,False
CRNDE,go,0,0,True,False
MT2A,go,20,2,False,True
MT1E,go,0,0,True,False
MT1X,go,20,1,False,False
HERPUD1,go,20,13,False,False
RSPRY1,go,20,14,False,False
ARL2BP,go,20,7,False,False
PLLP,go,0,0,True,False
CX3CL1,go,0,0,True,False
DOK4,go,20,47,False,False
ADGRG1,go,0,0,True,False
KIFC3,go,20,16,False,False
USB1,go,20,0,False,False
CFAP20,go,0,0,True,False
AC009107.2,go,0,0,True,False
SLC38A7,go,10,7,False,False
CKLF,go,13,0,False,False
CMTM3,go,20,16,False,False
CMTM4,go,20,126,False,False
RRAD,go,0,0,True,False
CES2,go,0,0,True,False
CBFB,go,20,0,False,False
C16orf70,go,14,4,False,False
TRADD,go,19,13,False,False
ATP6V0D1,go,20,17,False,True
GFOD2,go,20,10,False,True
RANBP10,go,20,70,False,False
PSMB10,go,20,12,False,False
LCAT,go,0,0,True,False
SLC12A4,go,20,12,False,False
SLC7A6,go,20,13,False,False
ZFP90,go,11,5,False,False
CDH1,go,0,0,True,False
UTP4,go,0,0,True,False
SNTB2,go,20,19,False,True
TMED6,go,0,0,True,False
CYB5B,go,20,15,False,False
NFAT5,go,13,17,False,False
NQO1,go,3,0,False,False
DDX19B,go,20,56,False,True
MTSS2,go,0,0,True,False
CMTR2,go,20,6,False,True
ZNF23,go,9,15,False,False
MARVELD3,go,0,0,True,False
AP1G1,go,20,11,False,False
IST1,go,20,8,False,True
TXNL4B,go,20,13,False,True
HP,go,0,0,True,False
DHX38,go,20,69,False,False
ZFHX3,go,18,36,False,False
GLG1,go,20,14,False,False
WDR59,go,19,9,False,False
BCAR1,go,20,8,False,True
TMEM170A,go,20,14,False,False
TERF2IP,go,20,10,False,False
MON1B,go,19,4,False,False
CENPN,go,20,16,False,True
ATMIN,go,10,4,False,False
CMIP,go,20,119,False,False
HSD17B2,go,0,0,True,False
OSGIN1,go,0,0,True,False
MBTPS1,go,20,2,False,True
AC040169.1,go,0,0,True,False
COTL1,go,20,54,False,True
KLHL36,go,16,14,False,False
ZDHHC7,go,17,3,False,True
GSE1,go,13,35,False,False
GINS2,go,20,8,False,True
FBXO31,go,20,11,False,False
MAP1LC3B,go,20,9,False,False
SLC7A5,go,20,12,False,True
CA5A,go,17,13,False,True
ZC3H18,go,20,6,False,True
MVD,go,20,5,False,True
CDT1,go,20,3,False,True
SLC22A31,go,0,0,True,False
ZNF778,go,11,23,False,False
ANKRD11,go,20,6,False,True
DPEP1,go,0,0,True,False
CDK10,go,20,20,False,False
VPS9D1,go,0,0,True,False
SPIRE2,go,0,0,True,False
TUBB3,go,20,18,False,False
DBNDD1,go,0,0,True,False
RFLNB,go,13,0,False,False
VPS53,go,20,36,False,False
NXN,go,0,0,True,False
CRK,go,7,1,False,False
MYO1C,go,20,4,False,False
SLC43A2,go,0,0,True,False
MIR22HG,go,0,0,True,False
SERPINF2,go,0,0,True,False
SERPINF1,go,20,5,False,False
MNT,go,20,18,False,False
METTL16,go,20,0,False,True
PAFAH1B1,go,2,0,False,True
TAX1BP3,go,20,12,False,False
ITGAE,go,20,6,False,False
ZZEF1,go,20,3,False,False
CYB5D2,go,20,19,False,False
UBE2G1,go,20,25,False,False
CXCL16,go,0,0,True,False
TM4SF5,go,0,0,True,False
GLTPD2,go,0,0,True,False
RNF167,go,20,30,False,False
ENO3,go,20,21,False,False
CAMTA2,go,15,17,False,False
DHX33,go,20,9,False,True
DERL2,go,20,7,False,True
PIMREG,go,0,0,True,False
MED31,go,20,25,False,True
SLC13A5,go,0,0,True,False
ALOX12-AS1,go,0,0,True,False
C17orf49,go,20,40,False,False
ASGR1,go,0,0,True,False
ACADVL,go,20,3,False,False
ELP5,go,20,24,False,True
GPS2,go,20,3,False,True
ZBTB4,go,15,22,False,True
POLR2A,go,20,7,False,True
EIF4A1,go,20,33,False,True
CD68,go,20,20,False,False
SAT2,go,9,7,False,False
TP53,go,20,3,False,False
KDM6B,go,0,0,True,False
CHD3,go,20,43,False,False
VAMP2,go,20,4,False,False
TMEM107,go,20,2,False,False
AURKB,go,20,5,False,True
RPL26,go,20,4,False,True
MYH10,go,20,10,False,False
STX8,go,20,13,False,False
MAP2K4,go,20,9,False,False
AC022816.1,go,0,0,True,False
ZNF286A,go,9,35,False,False
PIGL,go,18,10,False,False
TRPV2,go,20,2,False,False
SNHG29,go,0,0,True,False
LRRC75A,go,0,0,True,False
PLD6,go,20,2,False,False
FLCN,go,13,2,False,False
COPS3,go,20,22,False,True
RASD1,go,0,0,True,False
FLII,go,20,32,False,False
FAM83G,go,20,55,False,False
SLC47A1,go,0,0,True,False
ALDH3A2,go,0,0,True,False
SPECC1,go,20,4,False,False
CCDC144NL-AS1,go,0,0,True,False
USP22,go,20,15,False,False
TMEM11,go,20,22,False,False
MAP2K3,go,20,6,False,False
WSB1,go,20,6,False,False
TMEM97,go,20,10,False,False
IFT20,go,20,7,False,False
TNFAIP1,go,20,12,False,False
VTN,go,0,0,True,False
UNC119,go,20,3,False,False
ALDOC,go,20,29,False,False
SPAG5,go,20,14,False,False
SDF2,go,15,2,False,False
SUPT6H,go,20,2,False,True
RAB34,go,0,0,True,False
TLCD1,go,20,1,False,True
NEK8,go,0,0,True,False
TRAF4,go,20,13,False,False
FAM222B,go,19,69,False,False
PIPOX,go,0,0,True,False
NUFIP2,go,20,217,False,False
TAOK1,go,20,11,False,False
TP53I13,go,20,13,False,True
NSRP1,go,20,65,False,True
CPD,go,20,2,False,False
GOSR1,go,20,35,False,False
ATAD5,go,20,2,False,False
NF1,go,1,0,False,True
RAB11FIP4,go,20,4,False,False
ZNF207,go,20,12,False,True
MYO1D,go,20,11,False,False
TMEM98,go,20,33,False,False
ZNF830,go,20,0,False,True
SNHG30,go,0,0,True,False
TAF15,go,20,69,False,False
CCL16,go,0,0,True,False
CCL15,go,0,0,True,False
PIGW,go,14,2,False,False
AATF,go,20,4,False,True
ACACA,go,20,4,False,False
DUSP14,go,20,8,False,False
DDX52,go,20,38,False,True
EPOP,go,20,2,False,False
AC006449.6,go,0,0,True,False
MLLT6,go,8,1,False,True
CWC25,go,20,27,False,True
LASP1,go,20,13,False,False
FBXL20,go,20,3,False,False
MED1,go,20,1,False,True
ERBB2,go,0,0,True,False
GRB7,go,0,0,True,False
NR1D1,go,20,9,False,False
WIPF2,go,20,9,False,False
CDC6,go,20,5,False,True
TOP2A,go,20,7,False,True
IGFBP4,go,20,8,False,False
KRT10,go,20,14,False,True
TMEM99,go,0,0,True,False
KRT23,go,0,0,True,False
KRT19,go,20,5,False,False
EIF1,go,20,23,False,True
JUP,go,20,10,False,False
FKBP10,go,0,0,True,False
ACLY,go,20,20,False,False
CNP,go,1,1,False,False
NKIRAS2,go,20,0,False,False
STAT3,go,20,9,False,False
CAVIN1,go,20,28,False,False
ATP6V0A1,go,20,35,False,False
HSD17B1,go,20,3,False,False
PSMC3IP,go,20,0,False,False
RETREG3,go,20,10,False,False
TUBG1,go,20,25,False,True
PLEKHH3,go,19,11,False,False
WNK4,go,20,6,False,False
VAT1,go,20,1,False,False
BRCA1,go,20,2,False,True
NBR2,go,0,0,True,False
AC060780.1,go,0,0,True,False
NBR1,go,20,9,False,False
ARL4D,go,20,49,False,True
DUSP3,go,20,9,False,False
G6PC3,go,20,14,False,False
HDAC5,go,17,8,False,False
UBTF,go,20,7,False,True
GRN,go,20,6,False,False
GPATCH8,go,20,115,False,False
KIF18B,go,20,29,False,True
PLCD3,go,20,2,False,False
HEXIM1,go,20,5,False,True
HEXIM2,go,20,60,False,False
PLEKHM1,go,0,0,True,False
KANSL1,go,20,15,False,True
NSF,go,20,4,False,True
AC005670.3,go,0,0,True,False
CDC27,go,20,32,False,True
SCRN2,go,19,8,False,False
PNPO,go,20,6,False,False
NFE2L1,go,17,14,False,False
CBX1,go,20,16,False,True
CALCOCO2,go,20,18,False,False
ZNF652,go,9,12,False,False
SPOP,go,20,24,False,False
FAM117A,go,0,0,True,False
ACSF2,go,0,0,True,False
EPN3,go,0,0,True,False
SPATA20,go,0,0,True,False
ABCC3,go,0,0,True,False
LUC7L3,go,20,39,False,True
TOB1,go,20,3,False,False
SPAG9,go,20,3,False,False
NME1,go,20,8,False,False
MBTD1,go,20,24,False,False
AC006141.1,go,0,0,True,False
TOM1L1,go,20,12,False,False
STXBP4,go,18,2,False,True
HLF,go,18,5,False,False
MMD,go,0,0,True,False
TRIM25,go,20,4,False,False
COIL,go,20,15,False,False
SCPEP1,go,0,0,True,False
AC007114.2,go,0,0,True,False
VEZF1,go,7,6,False,False
AC015813.1,go,0,0,True,False
DYNLL2,go,20,20,False,True
RNF43,go,0,0,True,False
MTMR4,go,20,9,False,False
RAD51C,go,20,15,False,True
SKA2,go,20,21,False,False
PRR11,go,20,28,False,False
YPEL2,go,0,0,True,False
DHX40,go,20,33,False,False
AC091271.1,go,0,0,True,False
CLTC,go,20,9,False,True
PTRH2,go,16,10,False,False
VMP1,go,20,6,False,True
RPS6KB1,go,20,6,False,False
APPBP2,go,20,7,False,False
PPM1D,go,20,7,False,False
TBX2-AS1,go,0,0,True,False
TBX2,go,10,3,False,False
BRIP1,go,20,7,False,True
INTS2,go,20,47,False,True
MED13,go,20,14,False,False
TLK2,go,20,14,False,False
LIMD2,go,20,166,False,False
DDX42,go,20,123,False,True
FTSJ3,go,20,4,False,True
ERN1,go,20,1,False,False
SNHG25,go,0,0,True,False
CEP95,go,20,60,False,False
SMURF2,go,20,36,False,False
GNA13,go,20,10,False,False
AXIN2,go,0,0,True,False
APOH,go,0,0,True,False
PRKCA,go,20,8,False,True
HELZ,go,20,40,False,False
PSMD12,go,20,64,False,True
PITPNC1,go,20,12,False,False
KPNA2,go,20,4,False,False
AMZ2,go,17,10,False,False
SLC16A6,go,0,0,True,False
WIPI1,go,20,10,False,False
ABCA5,go,0,0,True,False
SOX9,go,8,2,False,False
LINC00511,go,0,0,True,False
C17orf80,go,20,79,False,False
CDC42EP4,go,20,23,False,False
GPRC5C,go,20,11,False,False
NAT9,go,14,6,False,False
FDXR,go,20,9,False,True
HID1,go,0,0,True,False
CDR2L,go,17,34,False,False
JPT1,go,20,181,False,False
LLGL2,go,20,7,False,False
MYO15B,go,0,0,True,False
SMIM6,go,0,0,True,False
SAP30BP,go,20,6,False,True
ITGB4,go,0,0,True,False
GALK1,go,20,20,False,False
H3F3B,go,20,2,False,False
UNC13D,go,20,7,False,False
WBP2,go,18,17,False,False
TRIM47,go,0,0,True,False
ACOX1,go,9,3,False,False
TEN1,go,20,8,False,True
EXOC7,go,20,10,False,True
FOXJ1,go,16,0,False,False
RNF157,go,20,3,False,False
UBALD2,go,0,0,True,False
PRPSAP1,go,18,2,False,False
RHBDF2,go,0,0,True,False
CYGB,go,0,0,True,False
MXRA7,go,20,10,False,False
JMJD6,go,20,0,False,True
METTL23,go,20,1,False,True
SRSF2,go,20,32,False,True
MFSD11,go,20,91,False,False
SNHG20,go,0,0,True,False
SEC14L1,go,20,26,False,False
TNRC6C,go,20,7,False,False
TMC6,go,18,44,False,False
TK1,go,20,5,False,False
AFMID,go,20,40,False,False
BIRC5,go,20,11,False,True
DNAH17,go,0,0,True,False
CYTH1,go,20,25,False,False
USP36,go,20,25,False,True
TIMP2,go,0,0,True,False
LGALS3BP,go,0,0,True,False
C1QTNF1-AS1,go,0,0,True,False
CBX8,go,20,11,False,False
CBX4,go,20,22,False,False
GAA,go,19,4,False,False
SLC26A11,go,0,0,True,False
RNF213,go,20,1,False,False
BAIAP2,go,17,2,False,False
AATK,go,0,0,True,False
NDUFAF8,go,17,50,False,False
BAHCC1,go,13,1,False,False
ACTG1,go,20,3,False,False
NPLOC4,go,20,9,False,True
OXLD1,go,0,0,True,False
CCDC137,go,20,65,False,True
HGS,go,20,8,False,True
AC139530.1,go,0,0,True,False
MCRIP1,go,20,49,False,False
ALYREF,go,20,29,False,True
PCYT2,go,15,4,False,False
SIRT7,go,20,2,False,True
MAFG,go,16,24,False,False
NOTUM,go,20,2,False,False
ASPSCR1,go,20,15,False,False
CENPX,go,0,0,True,False
RAC3,go,20,9,False,True
DCXR,go,20,0,False,False
RFNG,go,7,0,False,False
FASN,go,20,0,False,True
CCDC57,go,20,20,False,False
SLC16A3,go,0,0,True,False
CD7,go,20,44,False,False
NARF,go,20,8,False,False
RAB40B,go,18,12,False,False
FN3K,go,0,0,True,False
USP14,go,20,4,False,True
TYMSOS,go,0,0,True,False
TYMS,go,18,1,False,False
YES1,go,20,9,False,False
NDC80,go,20,16,False,True
SMCHD1,go,20,2,False,False
LPIN2,go,20,2,False,False
AP005329.3,go,0,0,True,False
MYL12A,go,20,47,False,False
MYL12B,go,20,9,False,False
TGIF1,go,16,61,False,False
DLGAP1-AS1,go,0,0,True,False
LINC00667,go,0,0,True,False
PTPRM,go,0,0,True,False
NDUFV2,go,20,31,False,True
ANKRD12,go,20,55,False,False
RALBP1,go,20,10,False,False
VAPA,go,20,4,False,False
PIEZO2,go,0,0,True,False
CHMP1B,go,20,14,False,False
IMPA2,go,20,4,False,True
TUBB6,go,20,39,False,False
SPIRE1,go,20,1,False,False
PTPN2,go,9,2,False,False
CEP192,go,20,18,False,True
LDLRAD4,go,0,0,True,False
FAM210A,go,20,39,False,False
RNMT,go,20,2,False,True
ESCO1,go,20,1,False,False
MIB1,go,20,8,False,False
RBBP8,go,20,8,False,True
RIOK3,go,20,5,False,False
NPC1,go,20,9,False,False
LAMA3,go,0,0,True,False
TTC39C,go,0,0,True,False
CHST9,go,0,0,True,False
CDH2,go,0,0,True,False
DSC2,go,20,11,False,False
DSG2,go,20,10,False,False
TTR,go,0,0,True,False
KLHL14,go,0,0,True,False
DTNA,go,0,0,True,False
ZNF397,go,11,15,False,False
ZNF24,go,6,51,False,True
INO80C,go,20,12,False,True
GALNT1,go,20,16,False,False
RPRD1A,go,20,3,False,False
SLC39A6,go,20,10,False,False
PIK3C3,go,20,7,False,True
EPG5,go,0,0,True,False
PIAS2,go,20,19,False,False
SMAD2,go,20,10,False,False
SMAD7,go,0,0,True,False
MYO5B,go,0,0,True,False
SKA1,go,20,24,False,True
SMAD4,go,20,4,False,False
MEX3C,go,20,38,False,False
CCDC68,go,0,0,True,False
TXNL1,go,20,31,False,False
ONECUT2,go,11,0,False,False
NEDD4L,go,20,5,False,False
ALPK2,go,0,0,True,False
MALT1,go,0,0,True,False
SEC11C,go,20,10,False,False
PMAIP1,go,20,11,False,False
ZCCHC2,go,0,0,True,False
KDSR,go,20,106,False,False
VPS4B,go,20,19,False,False
SERPINB8,go,0,0,True,False
DOK6,go,0,0,True,False
SOCS6,go,0,0,True,False
TIMM21,go,20,12,False,False
CYB5A,go,17,32,False,False
ZNF407,go,17,13,False,True
MBP,go,0,0,True,False
HSBP1L1,go,0,0,True,False
ADNP2,go,12,3,False,True
PARD6G,go,0,0,True,False
TPGS1,go,20,0,False,False
FSTL3,go,17,4,False,False
PALM,go,20,0,False,False
MISP,go,0,0,True,False
CFD,go,20,1,False,False
KISS1R,go,20,36,False,False
CNN2,go,19,3,False,True
ABCA7,go,6,2,False,False
MIDN,go,20,60,False,False
EFNA2,go,0,0,True,False
GAMT,go,20,2,False,False
C19orf25,go,13,112,False,True
REEP6,go,20,21,False,False
MKNK2,go,20,44,False,False
SF3A2,go,20,21,False,True
JSRP1,go,0,0,True,False
GADD45B,go,0,0,True,False
SGTA,go,20,7,False,False
THOP1,go,20,13,False,False
ZNF556,go,10,22,False,False
SMIM24,go,0,0,True,False
DOHH,go,20,4,False,True
MFSD12,go,6,0,False,False
HMG20B,go,20,15,False,False
DAPK3,go,20,16,False,False
ZBTB7A,go,16,4,False,False
CREB3L3,go,20,33,False,False
STAP2,go,20,59,False,False
CHAF1A,go,20,11,False,True
UBXN6,go,20,24,False,False
LRG1,go,20,10,False,False
SEMA6B,go,0,0,True,False
TNFAIP8L1,go,20,20,False,False
PLIN3,go,20,14,False,False
UHRF1,go,20,8,False,True
KDM4B,go,19,4,False,False
SAFB2,go,20,28,False,False
LONP1,go,20,5,False,True
CAPS,go,0,0,True,False
TNFSF14,go,0,0,True,False
C3,go,0,0,True,False
AC008760.2,go,0,0,True,False
SH2D3A,go,20,10,False,False
INSR,go,8,6,False,False
ARHGEF18,go,20,34,False,False
MCOLN1,go,20,12,False,False
STXBP2,go,20,6,False,False
CTXN1,go,20,49,False,False
CERS4,go,20,37,False,False
MARCH2,go,0,0,True,False
ZNF317,go,9,32,False,True
ZNF426,go,9,26,False,False
ZNF121,go,9,45,False,False
ZNF561,go,5,10,False,False
ZNF562,go,11,15,False,False
SHFL,go,20,11,False,False
DNMT1,go,20,2,False,True
ICAM1,go,20,14,False,False
ICAM4,go,20,28,False,False
FDX2,go,20,19,False,False
CDKN2D,go,20,3,False,False
AP1M2,go,0,0,True,False
ILF3-DT,go,0,0,True,False
DNM2,go,20,7,False,True
TMED1,go,18,37,False,False
YIPF2,go,20,7,False,False
LDLR,go,7,4,False,False
DOCK6,go,20,23,False,False
ANGPTL8,go,0,0,True,False
TMEM205,go,20,61,False,False
ELOF1,go,16,7,False,True
ACP5,go,1,0,False,False
ZNF44,go,9,12,False,False
ZNF563,go,8,8,False,False
ZNF791,go,8,8,False,False
MAN2B1,go,20,25,False,False
HOOK2,go,20,14,False,False
JUNB,go,16,0,False,False
CALR,go,20,4,False,True
NFIX,go,10,52,False,False
IER2,go,20,48,False,False
CCDC130,go,20,1,False,True
SAMD1,go,20,4,False,False
ASF1B,go,20,11,False,True
DDX39A,go,20,88,False,False
DNAJB1,go,20,13,False,False
BRD4,go,20,8,False,True
AKAP8L,go,20,2,False,False
CYP4F3,go,0,0,True,False
TPM4,go,20,13,False,False
FAM32A,go,20,62,False,True
CHERP,go,20,7,False,True
SLC35E1,go,20,30,False,False
MED26,go,20,34,False,True
TMEM38A,go,0,0,True,False
DDA1,go,20,10,False,False
B3GNT3,go,0,0,True,False
PIK3R2,go,20,3,False,False
IFI30,go,20,10,False,False
PDE4C,go,0,0,True,False
JUND,go,20,8,False,False
PGPEP1,go,20,12,False,True
GDF15,go,20,22,False,False
SSBP4,go,18,22,False,False
ISYNA1,go,20,34,False,False
ELL,go,20,5,False,True
CRLF1,go,0,0,True,False
REX1BD,go,14,0,False,False
TMEM59L,go,0,0,True,False
COMP,go,0,0,True,False
UPF1,go,20,7,False,True
HOMER3,go,20,10,False,False
SUGP2,go,20,27,False,False
MEF2B,go,11,82,False,False
YJEFN3,go,19,1,False,True
ZNF430,go,11,11,False,False
ZNF431,go,11,5,False,False
ZNF91,go,9,2,False,False
AC092279.1,go,0,0,True,False
LINC00662,go,0,0,True,False
CCNE1,go,20,24,False,False
CEBPA,go,20,10,False,False
CEBPG,go,18,13,False,True
PEPD,go,20,6,False,False
KIAA0355,go,20,11,False,False
WTIP,go,0,0,True,False
GRAMD1A,go,20,10,False,False
HPN,go,0,0,True,False
FXYD3,go,0,0,True,False
FXYD1,go,0,0,True,False
HAMP,go,0,0,True,True
DMKN,go,0,0,True,False
RBM42,go,20,50,False,True
LIN37,go,20,8,False,False
PRODH2,go,0,0,True,False
ZNF146,go,13,21,False,False
ZNF566,go,11,30,False,False
ZNF260,go,10,83,False,False
C19orf33,go,0,0,True,False
LGALS7B,go,0,0,True,False
HNRNPL,go,20,23,False,True
RINL,go,0,0,True,False
SIRT2,go,4,1,False,False
NFKBIB,go,20,14,False,False
FBXO17,go,20,33,False,False
ZFP36,go,0,0,True,False
SUPT5H,go,20,9,False,True
PLD3,go,20,4,False,False
SERTAD1,go,20,24,False,False
SERTAD3,go,19,23,False,False
BLVRB,go,20,30,False,False
ITPKC,go,20,11,False,False
SNRPA,go,20,9,False,True
CYP2B6,go,0,0,True,False
TGFB1,go,2,1,False,False
RABAC1,go,20,59,False,False
DEDD2,go,20,0,False,False
CEACAM1,go,0,0,True,False
PHLDB3,go,7,1,False,False
ETHE1,go,20,32,False,False
IRGQ,go,14,7,False,False
ZNF226,go,8,15,False,False
AC243964.3,go,0,0,True,False
BCL3,go,0,0,True,False
BCAM,go,0,0,True,False
NECTIN2,go,17,5,False,False
APOE,go,2,2,False,False
APOC1,go,2,1,False,False
APOC2,go,0,0,True,False
CLPTM1,go,20,24,False,False
RELB,go,20,5,False,False
TRAPPC6A,go,20,12,False,False
CD3EAP,go,20,3,False,True
RTN2,go,20,0,False,False
VASP,go,20,26,False,False
FOXA3,go,14,15,False,False
CALM3,go,3,2,False,False
SLC1A5,go,20,21,False,True
ARHGAP35,go,20,3,False,False
BBC3,go,19,5,False,False
NAPA,go,17,4,False,True
SELENOW,go,20,1,False,False
SULT2A1,go,0,0,True,False
LIG1,go,20,1,False,False
ZNF114,go,12,21,False,False
EMP3,go,20,78,False,False
CYTH2,go,20,32,False,False
MAMSTR,go,0,0,True,False
PPP1R15A,go,20,6,False,False
BAX,go,10,7,False,False
FTL,go,20,25,False,False
RPL13A,go,20,8,False,True
FCGRT,go,20,6,False,False
RRAS,go,20,11,False,False
IRF3,go,12,12,False,False
BCL2L12,go,18,2,False,False
AKT1S1,go,20,8,False,False
NUP62,go,20,1,False,True
ATF5,go,20,24,False,True
NR1H2,go,18,5,False,False
C19orf48,go,0,0,True,False
ETFB,go,19,22,False,False
LIM2,go,0,0,True,False
MYADM,go,0,0,True,False
TTYH1,go,0,0,True,False
TMEM86B,go,0,0,True,False
PPP6R1,go,20,13,False,False
TMEM190,go,0,0,True,False
UBE2S,go,20,25,False,False
NAT14,go,14,3,False,False
ZNF579,go,5,5,False,False
ZNF580,go,9,8,False,False
ZNF581,go,10,5,False,False
AC006115.2,go,0,0,True,False
PEG3,go,10,2,False,False
AC005261.1,go,0,0,True,False
TRAPPC2B,go,0,0,True,False
ZNF749,go,10,19,False,False
ZNF274,go,11,8,False,False
ERVK3-1,go,0,0,True,False
AC010642.2,go,0,0,True,False
A1BG,go,20,38,False,False
ZCCHC3,go,20,5,False,False
SOX12,go,14,6,False,False
TRIB3,go,20,7,False,False
RBCK1,go,20,5,False,False
TBC1D20,go,20,2,False,False
SRXN1,go,20,21,False,False
TMEM74B,go,20,34,False,False
SDCBP2,go,0,0,True,False
SDCBP2-AS1,go,0,0,True,False
SNRPB,go,20,8,False,True
NOP56,go,20,17,False,True
UBOX5,go,0,0,True,False
LZTS3,go,0,0,True,False
SLC4A11,go,0,0,True,False
C20orf194,go,0,0,True,False
ATRN,go,0,0,True,False
C20orf27,go,1,0,False,False
CDC25B,go,20,23,False,False
RNF24,go,17,40,False,False
SMOX,go,0,0,True,False
PRNP,go,8,2,False,False
SLC23A2,go,0,0,True,False
PCNA,go,20,0,False,True
CDS2,go,20,75,False,False
GPCPD1,go,20,0,False,False
SHLD1,go,20,6,False,False
MCM8,go,20,11,False,False
FERMT1,go,0,0,True,False
TMX4,go,20,3,False,False
PLCB1,go,10,0,False,False
MKKS,go,20,0,False,False
JAG1,go,0,0,True,False
BTBD3,go,20,33,False,False
SPTLC3,go,0,0,True,False
ESF1,go,20,37,False,True
NDUFAF5,go,20,16,False,True
SNRPB2,go,20,29,False,False
DSTN,go,20,10,False,False
RRBP1,go,20,3,False,False
SNX5,go,20,4,False,False
MGME1,go,19,1,False,False
PET117,go,17,8,False,True
SEC23B,go,20,18,False,False
RIN2,go,0,0,True,False
CRNKL1,go,20,55,False,True
RALGAPA2,go,0,0,True,False
KIZ,go,0,0,True,False
LINC00261,go,0,0,True,False
FOXA2,go,14,2,False,False
NXT1,go,20,33,False,False
GZF1,go,14,9,False,False
NAPB,go,0,0,True,False
CST3,go,20,12,False,False
ACSS1,go,0,0,True,False
ENTPD6,go,20,8,False,False
PYGB,go,20,22,False,False
GINS1,go,20,4,False,True
NINL,go,0,0,True,False
ZNF337,go,11,33,False,False
FAM182A,go,0,0,True,False
AL078587.2,go,0,0,True,False
ID1,go,20,2,False,False
BCL2L1,go,14,8,False,True
TPX2,go,20,18,False,True
PDRG1,go,20,16,False,True
KIF3B,go,20,23,False,False
NOL4L,go,0,0,True,False
BPIFB2,go,0,0,True,False
SNTA1,go,7,3,False,False
CBFA2T2,go,13,7,False,False
NECAB3,go,20,20,False,False
E2F1,go,20,17,False,False
ITCH,go,20,4,False,False
TP53INP2,go,0,0,True,False
ACSS2,go,20,2,False,True
MMP24OS,go,0,0,True,False
CEP250,go,20,10,False,False
SPAG4,go,0,0,True,False
RBM12,go,20,32,False,True
RBM39,go,20,9,False,True
PHF20,go,20,16,False,False
CNBD2,go,20,5,False,False
NORAD,go,0,0,True,False
EPB41L1,go,0,0,True,False
DLGAP4,go,18,1,False,False
MYL9,go,0,0,True,False
TGIF2,go,15,4,False,False
RAB5IF,go,20,1,False,False
DSN1,go,20,15,False,True
RBL1,go,20,3,False,False
SRC,go,0,0,True,False
BLCAP,go,20,4,False,False
TGM2,go,20,1,False,False
SNHG17,go,0,0,True,False
SNHG11,go,0,0,True,False
RALGAPB,go,20,14,False,False
FAM83D,go,20,9,False,False
TOP1,go,20,3,False,True
LPIN3,go,0,0,True,False
CHD6,go,20,23,False,False
SRSF6,go,20,2,False,True
L3MBTL1,go,20,15,False,False
SGK2,go,0,0,True,False
IFT52,go,20,10,False,False
MYBL2,go,12,3,False,True
OSER1,go,2,0,False,False
HNF4A,go,12,11,False,False
SERINC3,go,20,7,False,False
PKIG,go,19,6,False,False
PABPC1L,go,20,10,False,False
TOMM34,go,20,61,False,False
STK4,go,20,22,False,False
SDC4,go,0,0,True,False
SYS1,go,20,10,False,True
DBNDD2,go,18,62,False,False
UBE2C,go,0,0,True,False
CTSA,go,20,16,False,False
PLTP,go,3,2,False,False
ZNF335,go,11,0,False,True
SLC12A5,go,8,6,False,False
SLC13A3,go,20,5,False,False
SLC2A10,go,0,0,True,False
ZMYND8,go,20,25,False,False
NCOA3,go,20,6,False,False
SULF2,go,0,0,True,False
ARFGEF2,go,20,10,False,False
CSE1L,go,20,131,False,True
ZNFX1,go,20,2,False,False
ZFAS1,go,0,0,True,False
B4GALT5,go,19,5,False,False
RNF114,go,20,51,False,False
TMEM189,go,20,43,False,False
LINC01273,go,0,0,True,False
CEBPB,go,20,7,False,False
PTPN1,go,19,3,False,True
PARD6B,go,20,8,False,False
BCAS4,go,0,0,True,False
NFATC2,go,15,57,False,False
ZNF217,go,18,29,False,False
BCAS1,go,0,0,True,False
CYP24A1,go,0,0,True,False
FAM210B,go,20,21,False,False
AURKA,go,20,4,False,True
RAE1,go,20,1,False,True
RBM38,go,20,19,False,False
RAB22A,go,20,25,False,False
VAPB,go,20,8,False,False
STX16,go,20,33,False,False
GNAS,go,20,2,False,False
PRELID3B,go,6,3,False,True
FAM217B,go,20,234,False,False
OSBPL2,go,20,8,False,False
ADRM1,go,20,9,False,True
LAMA5,go,13,6,False,False
RBBP8NL,go,0,0,True,False
OGFR,go,20,36,False,False
COL9A3,go,0,0,True,False
DIDO1,go,20,11,False,False
SLC17A9,go,0,0,True,False
YTHDF1,go,20,4,False,False
ARFGAP1,go,20,27,False,False
PPDPF,go,12,0,False,False
MHENCR,go,0,0,True,False
STMN3,go,20,2,False,False
ARFRP1,go,20,32,False,True
LIME1,go,20,1,False,False
SLC2A4RG,go,11,7,False,False
DNAJC5,go,20,5,False,False
UCKL1,go,20,28,False,False
C20orf204,go,0,0,True,False
SOX18,go,14,1,False,False
TCEA2,go,20,14,False,False
HSPA13,go,20,24,False,False
NRIP1,go,17,14,False,False
USP25,go,20,25,False,False
CXADR,go,0,0,True,False
BTG3,go,20,69,False,False
C21orf91,go,1,0,False,False
GABPA,go,13,97,False,True
APP,go,0,0,True,False
LTN1,go,20,9,False,False
USP16,go,20,11,False,False
BACH1,go,20,8,False,False
MIS18A,go,20,61,False,True
URB1-AS1,go,0,0,True,False
PAXBP1,go,20,2,False,True
IL10RB,go,20,11,False,False
IFNAR1,go,20,7,False,False
IFNGR2,go,19,8,False,False
TMEM50B,go,18,136,False,False
ITSN1,go,17,9,False,False
MRPS6,go,20,14,False,True
SLC5A3,go,2,0,False,False
RCAN1,go,20,1,False,False
LINC01426,go,0,0,True,False
RUNX1,go,12,0,False,False
SETD4,go,20,0,False,False
MORC3,go,20,2,False,False
PIGP,go,20,30,False,False
DYRK1A,go,20,24,False,False
ETS2,go,18,63,False,False
BRWD1,go,20,15,False,False
FAM3B,go,0,0,True,False
ZBTB21,go,12,33,False,False
TFF3,go,0,0,True,False
CSTB,go,20,31,False,False
AGPAT3,go,20,54,False,False
PTTG1IP,go,20,9,False,False
ITGB2,go,0,0,True,False
PICSAR,go,0,0,True,False
ADARB1,go,20,3,False,False
COL18A1,go,20,21,False,False
FTCD,go,0,0,True,False
SPATC1L,go,20,0,False,False
LSS,go,19,4,False,False
PCNT,go,20,23,False,False
PRMT2,go,20,5,False,False
DUXAP8,go,0,0,True,False
ATP6V1E1,go,20,16,False,True
BID,go,20,7,False,False
CDC45,go,20,15,False,True
RANBP1,go,20,40,False,False
MED15,go,20,35,False,False
SERPIND1,go,0,0,True,False
HIC2,go,11,76,False,False
SDF2L1,go,20,10,False,False
MAPK1,go,20,4,False,False
CHCHD10,go,20,2,False,False
CABIN1,go,20,10,False,True
SUSD2,go,0,0,True,False
GGT5,go,0,0,True,False
SPECC1L,go,20,10,False,False
GUCD1,go,13,32,False,True
GRK3,go,20,8,False,False
PITPNB,go,20,4,False,False
CCDC117,go,20,54,False,False
XBP1,go,20,0,False,False
ZNRF3,go,0,0,True,False
KREMEN1,go,0,0,True,False
NIPSNAP1,go,20,6,False,False
ZMAT5,go,20,28,False,True
MTFP1,go,20,59,False,False
GAL3ST1,go,0,0,True,False
MORC2,go,20,31,False,False
TUG1,go,0,0,True,False
SMTN,go,20,7,False,False
RNF185,go,17,6,False,False
DRG1,go,20,13,False,True
SFI1,go,20,9,False,False
PRR14L,go,0,0,True,False
YWHAH,go,20,2,False,False
TOM1,go,20,68,False,False
HMOX1,go,0,0,True,False
MCM5,go,20,19,False,True
APOL2,go,20,3,False,False
APOL1,go,0,0,True,False
MYH9,go,20,9,False,False
TST,go,18,1,False,False
TMPRSS6,go,0,0,True,False
CARD10,go,0,0,True,False
CDC42EP1,go,20,37,False,False
LGALS2,go,0,0,True,False
GGA1,go,20,23,False,False
PDXP,go,20,3,False,False
LGALS1,go,20,16,False,False
TRIOBP,go,20,4,False,False
H1F0,go,0,0,True,False
AL022311.1,go,0,0,True,False
MICALL1,go,20,1,False,False
MAFF,go,14,42,False,False
CSNK1E,go,20,63,False,False
KDELR3,go,20,20,False,False
JOSD1,go,20,71,False,False
SUN2,go,20,0,False,False
NPTXR,go,0,0,True,False
CBX6,go,20,29,False,False
APOBEC3C,go,20,5,False,False
PDGFB,go,0,0,True,False
MIEF1,go,20,14,False,False
ATF4,go,20,10,False,True
RPS19BP1,go,20,99,False,True
TNRC6B,go,20,8,False,False
MRTFA,go,20,14,False,False
EP300,go,7,1,False,False
RANGAP1,go,20,8,False,True
TOB2,go,20,16,False,False
ACO2,go,20,6,False,False
PMM1,go,20,3,False,False
SREBF2,go,17,3,False,False
CENPM,go,20,27,False,False
CYB5R3,go,20,9,False,False
ARFGAP3,go,20,63,False,False
BIK,go,0,0,True,False
TSPO,go,4,1,False,False
PNPLA3,go,0,0,True,False
PRR5,go,20,3,False,False
NUP50,go,20,34,False,False
UPK3A,go,0,0,True,False
FBLN1,go,0,0,True,False
Z95331.1,go,0,0,True,False
PPARA,go,19,2,False,False
GTSE1,go,20,15,False,False
AL118516.1,go,0,0,True,False
AL117329.1,go,0,0,True,False
TAFA5,go,0,0,True,False
BRD1,go,13,3,False,False
CRELD2,go,20,41,False,False
PIM3,go,20,80,False,False
PLXNB2,go,6,2,False,False
ADM2,go,0,0,True,False
MIOX,go,0,0,True,False
LMF2,go,20,135,False,False
TYMP,go,10,0,False,False
PLCXD1,go,20,6,False,False
AKAP17A,go,20,24,False,False
DHRSX,go,19,24,False,False
ZBED1,go,12,15,False,False
ARSD,go,0,0,True,False
ARSE,go,0,0,True,False
BX890604.2,go,0,0,True,False
TBL1X,go,20,9,False,False
WWC3,go,0,0,True,False
MSL3,go,20,20,False,False
RAB9A,go,20,33,False,False
OFD1,go,20,43,False,False
ASB9,go,0,0,True,False
PIR,go,20,45,False,False
AP1S2,go,19,22,False,False
SCML1,go,0,0,True,False
SH3KBP1,go,20,25,False,True
BCLAF3,go,0,0,True,False
MAP7D2,go,0,0,True,False
RPS6KA3,go,20,20,False,False
SAT1,go,16,14,False,False
ZFX,go,10,8,False,False
AC107419.1,go,0,0,True,False
GK,go,19,1,False,False
TAB3,go,20,26,False,False
DYNLT3,go,20,15,False,False
TSPAN7,go,0,0,True,False
MID1IP1,go,20,2,False,False
USP9X,go,20,8,False,True
DDX3X,go,20,2,False,True
CASK,go,0,0,True,False
MAOA,go,20,11,False,False
KDM6A,go,16,5,False,True
RGN,go,0,0,True,False
USP11,go,20,36,False,False
TIMP1,go,20,6,False,False
SLC38A5,go,10,10,False,False
EBP,go,20,1,False,False
PCSK1N,go,0,0,True,False
PQBP1,go,20,4,False,False
WDR45,go,20,9,False,False
PLP2,go,20,56,False,False
CLCN5,go,0,0,True,False
DGKK,go,0,0,True,False
MAGED1,go,20,8,False,False
TSPYL2,go,20,18,False,False
SMC1A,go,20,6,False,True
MAGED2,go,20,35,False,False
RRAGB,go,20,16,False,False
NBDY,go,0,0,True,False
EDA2R,go,0,0,True,False
EDA,go,0,0,True,False
KIF4A,go,20,16,False,True
DLG3,go,0,0,True,False
GJB1,go,0,0,True,False
OGT,go,20,7,False,True
FTX,go,0,0,True,False
JPX,go,0,0,True,False
RLIM,go,20,37,False,False
PBDC1,go,0,0,True,False
ATRX,go,20,11,False,False
PGK1,go,20,12,False,True
BRWD3,go,8,7,False,False
TSPAN6,go,0,0,True,False
GLA,go,20,1,False,False
HNRNPH2,go,20,99,False,False
ARMCX6,go,20,30,False,False
ARMCX3,go,20,13,False,False
TCEAL8,go,19,38,False,False
TCEAL9,go,19,8,False,False
BEX3,go,0,0,True,False
TCEAL4,go,0,0,True,False
SERPINA7,go,0,0,True,False
RNF128,go,0,0,True,False
MORC4,go,0,0,True,False
ACSL4,go,20,6,False,False
PLS3,go,0,0,True,False
SLC6A14,go,0,0,True,False
IL13RA1,go,20,4,False,False
PGRMC1,go,16,3,False,False
UBE2A,go,20,12,False,False
SEPTIN6,go,20,3,False,False
UPF3B,go,20,37,False,False
RNF113A,go,20,9,False,True
NKAP,go,20,15,False,True
LAMP2,go,20,13,False,False
CUL4B,go,20,7,False,False
XIAP,go,20,5,False,False
STAG2,go,20,16,False,True
SMARCA1,go,20,20,False,False
UTP14A,go,20,112,False,False
IGSF1,go,0,0,True,False
FIRRE,go,0,0,True,False
STK26,go,0,0,True,False
MBNL3,go,0,0,True,False
GPC3,go,0,0,True,False
FAM122B,go,6,2,False,False
MOSPD1,go,0,0,True,False
RTL8C,go,0,0,True,False
HTATSF1,go,20,7,False,True
AL589669.1,go,0,0,True,False
FMR1,go,15,0,False,False
IDS,go,17,6,False,False
TMEM185A,go,0,0,True,False
HMGB3,go,20,5,False,True
GABRE,go,3,2,False,False
CETN2,go,20,4,False,False
NSDHL,go,20,7,False,False
DUSP9,go,20,16,False,False
SLC6A8,go,20,6,False,False
HCFC1,go,20,18,False,True
FLNA,go,20,2,False,False
AC244090.1,go,0,0,True,False
ATP6AP1,go,20,20,False,True
GDI1,go,20,14,False,False
FAM50A,go,20,70,False,True
LAGE3,go,20,44,False,False
G6PD,go,20,1,False,False
DKC1,go,20,8,False,True
MPP1,go,20,16,False,False
FUNDC2,go,19,4,False,True
VBP1,go,20,21,False,True
ZFY,go,9,3,False,False
PRKY,go,0,0,True,False
USP9Y,go,0,0,True,False
DDX3Y,go,0,0,True,False
EIF1AY,go,0,0,True,False
MT-ND1,go,0,0,True,False
MT-ND2,go,0,0,True,False
MT-CO1,go,0,0,True,False
MT-ATP8,go,0,0,True,False
MT-CO3,go,0,0,True,False
MT-ND3,go,0,0,True,False
MT-ND4L,go,0,0,True,False
MT-ND4,go,0,0,True,False
MT-ND5,go,0,0,True,False
MT-ND6,go,0,0,True,False
MT-CYB,go,0,0,True,False
AC240274.1,go,0,0,True,False
NOC2L,go,20,6,False,True
PLEKHN1,go,20,0,False,True
INTS11,go,20,35,False,True
AURKAIP1,go,20,13,False,True
MRPL20,go,20,24,False,True
SSU72,go,20,9,False,True
NOL9,go,20,21,False,True
DNAJC11,go,20,6,False,True
PGD,go,4,1,False,True
TARDBP,go,20,0,False,True
MAD2L2,go,20,3,False,True
MFN2,go,20,1,False,True
VPS13D,go,14,1,False,True
EMC1,go,20,5,False,True
CAPZB,go,20,14,False,True
MICOS10,go,20,8,False,True
DDOST,go,20,30,False,True
RPL11,go,20,4,False,True
CEP85,go,20,15,False,True
DHDDS,go,20,7,False,True
GPN2,go,17,28,False,True
NUDC,go,20,22,False,True
PPP1R8,go,20,14,False,True
DNAJC8,go,20,126,False,True
TAF12,go,20,31,False,True
PUM1,go,20,9,False,True
SNRNP40,go,20,31,False,True
PEF1,go,20,4,False,True
EIF3I,go,20,24,False,True
RBBP4,go,20,16,False,True
YARS,go,20,10,False,True
PSMB2,go,20,38,False,True
TRAPPC3,go,20,22,False,True
THRAP3,go,20,11,False,True
LSM10,go,20,2,False,True
GNL2,go,20,20,False,True
C1orf109,go,20,618,False,True
SF3A3,go,20,43,False,True
UTP11,go,20,46,False,True
MYCBP,go,20,84,False,True
NDUFS5,go,20,42,False,True
PABPC4,go,20,19,False,True
PPIE,go,20,24,False,True
CAP1,go,20,1,False,True
NFYC,go,20,55,False,True
CTPS1,go,20,7,False,True
YBX1,go,20,7,False,True
EBNA1BP2,go,20,28,False,True
MED8,go,20,30,False,True
DPH2,go,20,21,False,True
DMAP1,go,20,31,False,True
RPS8,go,20,87,False,True
EIF2B3,go,20,7,False,True
UROD,go,20,3,False,True
TOE1,go,20,18,False,True
UQCRH,go,20,16,False,True
NSUN4,go,20,4,False,True
CMPK1,go,20,4,False,True
KTI12,go,16,10,False,True
BTF3L4,go,13,118,False,True
ORC1,go,20,10,False,True
PRPF38A,go,20,57,False,True
MAGOH,go,20,17,False,True
NDC1,go,20,11,False,True
MRPL37,go,20,37,False,True
SSBP3,go,18,25,False,True
TTC4,go,20,46,False,True
SERBP1,go,20,80,False,True
SRSF11,go,20,125,False,True
RBMXL1,go,20,8,False,True
GLMN,go,13,0,False,True
ALG14,go,17,13,False,True
SASS6,go,20,13,False,True
CLCC1,go,20,30,False,True
PSMA5,go,20,83,False,True
STRIP1,go,20,31,False,True
RBM15,go,20,3,False,True
WDR77,go,20,7,False,True
DDX20,go,20,8,False,True
HIPK1,go,20,15,False,True
CSDE1,go,20,4,False,True
POLR3C,go,20,13,False,True
MRPS21,go,20,17,False,True
TARS2,go,20,10,False,True
SETDB1,go,20,8,False,True
VPS72,go,20,31,False,True
PSMD4,go,20,37,False,True
PSMB4,go,20,20,False,True
MRPL9,go,20,40,False,True
CHTOP,go,20,8,False,True
ILF2,go,20,33,False,True
INTS3,go,20,33,False,True
RPS27,go,20,12,False,True
MSTO1,go,20,34,False,True
DAP3,go,20,1,False,True
GON4L,go,20,15,False,True
UBQLN4,go,20,15,False,True
LAMTOR2,go,20,5,False,True
PMF1,go,20,9,False,True
BGLAP,go,6,1,False,True
SMG5,go,20,7,False,True
CCT3,go,20,8,False,True
ISG20L2,go,20,14,False,True
MRPL24,go,20,47,False,True
PEX19,go,20,0,False,True
COPA,go,20,23,False,True
SDHC,go,20,17,False,True
TADA1,go,20,18,False,True
MRPS14,go,20,16,False,True
DHX9,go,20,4,False,True
TPR,go,20,3,False,True
CDC73,go,20,4,False,True
DDX59,go,20,45,False,True
IPO9,go,20,31,False,True
SNRPE,go,20,10,False,True
RBBP5,go,20,13,False,True
UTP25,go,20,14,False,True
INTS7,go,20,25,False,True
NSL1,go,20,14,False,True
RRP15,go,5,2,False,True
IARS2,go,20,17,False,True
NVL,go,20,19,False,True
CNIH4,go,20,58,False,True
SRP9,go,20,5,False,True
H3F3A,go,20,2,False,True
MRPL55,go,20,33,False,True
GUK1,go,20,5,False,True
RAB4A,go,20,19,False,True
NUP133,go,20,17,False,True
ABCB10,go,20,9,False,True
URB2,go,20,0,False,True
COG2,go,20,11,False,True
C1orf131,go,20,10,False,True
GNPAT,go,9,4,False,True
SPRTN,go,20,5,False,True
TOMM20,go,20,3,False,True
GGPS1,go,20,4,False,True
TFB2M,go,20,7,False,True
AHCTF1,go,20,24,False,True
RPS7,go,20,10,False,True
ITGB1BP1,go,20,6,False,True
CPSF3,go,20,4,False,True
TAF1B,go,20,9,False,True
NOL10,go,20,20,False,True
DDX1,go,20,15,False,True
TMEM214,go,20,29,False,True
AGBL5,go,20,2,False,True
CAD,go,1,0,False,True
GTF3C2,go,20,9,False,True
EIF2B4,go,20,6,False,True
NRBP1,go,20,11,False,True
GPN1,go,20,84,False,True
MEMO1,go,20,92,False,True
TTC27,go,14,0,False,True
NDUFAF7,go,20,11,False,True
ATL2,go,20,10,False,True
GEMIN6,go,20,12,False,True
SRBD1,go,20,0,False,True
RPS27A,go,20,28,False,True
PNPT1,go,20,1,False,True
CCT4,go,20,13,False,True
ACTR2,go,20,10,False,True
C1D,go,20,42,False,True
WDR92,go,20,4,False,True
PCBP1,go,20,35,False,True
FAM136A,go,16,113,False,True
MCEE,go,14,9,False,True
CCT7,go,20,17,False,True
INO80B,go,20,11,False,True
MRPL19,go,20,48,False,True
POLR1A,go,20,18,False,True
PTCD3,go,20,13,False,True
MRPL35,go,20,30,False,True
CHMP3,go,20,13,False,True
MRPS5,go,20,31,False,True
STARD7,go,15,6,False,True
CIAO1,go,19,2,False,True
KANSL3,go,20,11,False,True
ANKRD39,go,4,0,False,True
COX5B,go,20,23,False,True
ACTR1B,go,20,118,False,True
RPL31,go,20,79,False,True
CNOT11,go,20,12,False,True
UXS1,go,20,1,False,True
ANAPC1,go,20,12,False,True
POLR1B,go,20,14,False,True
DDX18,go,20,48,False,True
ERCC3,go,20,7,False,True
IWS1,go,20,7,False,True
WDR33,go,20,5,False,True
SAP130,go,20,14,False,True
IMP4,go,20,2,False,True
DARS,go,20,42,False,True
PRPF40A,go,20,2,False,True
DYNC1I2,go,20,24,False,True
PRKRA,go,20,5,False,True
NCKAP1,go,20,6,False,True
NUP35,go,20,25,False,True
NDUFB3,go,20,18,False,True
WDR12,go,20,8,False,True
METTL21A,go,20,6,False,True
RPE,go,20,33,False,True
ATIC,go,20,6,False,True
XRCC5,go,20,7,False,True
RPL37A,go,20,81,False,True
ARPC2,go,20,16,False,True
AAMP,go,20,11,False,True
BCS1L,go,20,22,False,True
FARSB,go,20,20,False,True
PSMD1,go,20,23,False,True
PPP1R7,go,20,22,False,True
TRNT1,go,20,3,False,True
TADA3,go,20,18,False,True
ARPC4,go,20,9,False,True
RPUSD3,go,20,21,False,True
BRK1,go,20,12,False,True
VHL,go,20,3,False,True
SEC13,go,20,14,False,True
TAMM41,go,20,9,False,True
TSEN2,go,20,2,False,True
RPL32,go,20,37,False,True
CHCHD4,go,20,5,False,True
MRPS25,go,20,27,False,True
DPH3,go,20,75,False,True
RPL15,go,20,74,False,True
STT3B,go,20,20,False,True
CNOT10,go,20,19,False,True
GLB1,go,20,9,False,True
RPSA,go,20,34,False,True
RPL14,go,20,40,False,True
SS18L2,go,18,17,False,True
KIAA1143,go,14,0,False,True
EXOSC7,go,20,13,False,True
LARS2,go,20,15,False,True
SACM1L,go,19,19,False,True
PTPN23,go,20,14,False,True
SCAP,go,20,4,False,True
ELP6,go,20,9,False,True
SMARCC1,go,20,14,False,True
DHX30,go,20,29,False,True
ATRIP,go,20,10,False,True
UQCRC1,go,20,14,False,True
NDUFAF3,go,19,31,False,True
IMPDH2,go,20,28,False,True
QARS,go,20,3,False,True
USP19,go,20,6,False,True
RNF123,go,20,22,False,True
GMPPB,go,20,4,False,True
TRAIP,go,20,6,False,True
MON1A,go,20,28,False,True
RRP9,go,20,39,False,True
RPL29,go,20,16,False,True
BAP1,go,20,2,False,True
NISCH,go,20,37,False,True
GNL3,go,20,2,False,True
RFT1,go,18,3,False,True
TKT,go,9,5,False,True
ACTR8,go,20,16,False,True
ARF4,go,20,12,False,True
RPP14,go,20,11,False,True
THOC7,go,20,45,False,True
PSMD6,go,20,23,False,True
SLC25A26,go,20,13,False,True
UBA3,go,20,11,False,True
SHQ1,go,20,5,False,True
PPP4R2,go,20,3,False,True
CPOX,go,20,4,False,True
RPL24,go,20,2,False,True
NAA50,go,20,3,False,True
COX17,go,20,2,False,True
NDUFB4,go,20,20,False,True
GTF2E1,go,20,23,False,True
UMPS,go,20,1,False,True
SEC61A1,go,20,6,False,True
RUVBL1,go,20,22,False,True
EEFSEC,go,20,6,False,True
RPN1,go,20,13,False,True
ISY1,go,20,9,False,True
COPG1,go,20,41,False,True
PIK3R4,go,20,3,False,True
MRPL3,go,20,47,False,True
UBA5,go,20,5,False,True
DBR1,go,20,9,False,True
MRPS22,go,20,13,False,True
COPB2,go,20,31,False,True
DHX36,go,20,4,False,True
GFM1,go,20,49,False,True
DNAJC19,go,20,9,False,True
YEATS2,go,20,6,False,True
EIF2B5,go,20,5,False,True
AP2M1,go,20,7,False,True
EIF4G1,go,20,3,False,True
POLR2H,go,20,11,False,True
RPL35A,go,20,37,False,True
ATP5ME,go,20,13,False,True
GAK,go,20,6,False,True
LETM1,go,20,4,False,True
NELFA,go,20,7,False,True
HAUS3,go,20,16,False,True
RNF4,go,20,5,False,True
NOP14,go,20,7,False,True
STX18,go,20,18,False,True
TADA2B,go,20,31,False,True
GRPEL1,go,20,25,False,True
WDR1,go,17,4,False,True
MED28,go,20,17,False,True
SEPSECS,go,20,39,False,True
ANAPC4,go,20,19,False,True
TBC1D1,go,20,13,False,True
RFC1,go,5,1,False,True
RPL9,go,20,56,False,True
CLOCK,go,19,11,False,True
SRP72,go,20,6,False,True
GRSF1,go,20,11,False,True
ANKRD17,go,20,4,False,True
NUP54,go,20,14,False,True
MRPL1,go,20,6,False,True
BMP2K,go,20,13,False,True
COQ2,go,8,1,False,True
MRPS18C,go,20,13,False,True
PYURF,go,17,6,False,True
EIF4E,go,20,4,False,True
METAP1,go,20,9,False,True
UBE2D3,go,20,44,False,True
PPA2,go,20,6,False,True
INTS12,go,20,37,False,True
RPL34,go,20,46,False,True
OSTC,go,20,18,False,True
METTL14,go,20,2,False,True
EXOSC9,go,20,11,False,True
PLK4,go,20,18,False,True
ANAPC10,go,20,16,False,True
RPS3A,go,20,37,False,True
PLRG1,go,20,20,False,True
NAF1,go,20,3,False,True
TMA16,go,20,139,False,True
SPCS3,go,20,31,False,True
TRAPPC11,go,20,15,False,True
SDHA,go,20,5,False,True
PDCD6,go,20,4,False,True
CCT5,go,20,8,False,True
DROSHA,go,20,4,False,True
WDR70,go,18,2,False,True
MTREX,go,20,30,False,True
DIMT1,go,20,8,False,True
IPO11,go,20,16,False,True
PPWD1,go,20,5,False,True
RAD17,go,20,12,False,True
GTF2H2C,go,20,6,False,True
SMN2,go,20,13,False,True
GTF2H2,go,20,16,False,True
MRPS27,go,20,1,False,True
BTF3,go,16,10,False,True
UTP15,go,20,38,False,True
TBCA,go,20,6,False,True
ZCCHC9,go,20,35,False,True
RPS23,go,20,17,False,True
COX7C,go,20,49,False,True
TMEM161B,go,20,24,False,True
WDR36,go,20,18,False,True
SRP19,go,20,5,False,True
UQCRQ,go,20,4,False,True
SKP1,go,20,9,False,True
DDX46,go,20,35,False,True
CDC23,go,20,18,False,True
SLC35A4,go,20,3,False,True
WDR55,go,20,21,False,True
HARS,go,20,30,False,True
HARS2,go,20,7,False,True
HDAC3,go,20,24,False,True
RNF14,go,20,39,False,True
TCERG1,go,20,20,False,True
CSNK1A1,go,20,31,False,True
RPS14,go,20,10,False,True
GEMIN5,go,20,6,False,True
MED7,go,20,23,False,True
THG1L,go,20,7,False,True
RARS,go,20,71,False,True
RPL26L1,go,20,3,False,True
BNIP1,go,20,11,False,True
PRELID1,go,20,2,False,True
DDX41,go,20,43,False,True
NHP2,go,20,5,False,True
EXOC2,go,20,12,False,True
RPP40,go,20,7,False,True
LYRM4,go,20,29,False,True
FARS2,go,20,51,False,True
NOL7,go,20,65,False,True
ABT1,go,20,5,False,True
RPP21,go,20,9,False,True
ABCF1,go,20,41,False,True
MRPS18B,go,20,28,False,True
DHX16,go,20,51,False,True
GTF2H4,go,20,11,False,True
VARS2,go,20,17,False,True
PRRC2A,go,20,188,False,True
BAG6,go,20,3,False,True
CSNK2B,go,20,10,False,True
VARS,go,20,13,False,True
LSM2,go,20,21,False,True
SLC39A7,go,19,100,False,True
WDR46,go,20,36,False,True
PFDN6,go,20,15,False,True
DAXX,go,20,3,False,True
UQCC2,go,20,15,False,True
RPS10,go,20,55,False,True
SNRPC,go,20,1,False,True
TAF11,go,20,23,False,True
RPL10A,go,20,75,False,True
TEAD3,go,15,6,False,True
PPIL1,go,20,12,False,True
CMTR1,go,20,5,False,True
MED20,go,20,31,False,True
TAF8,go,20,15,False,True
MRPS10,go,20,31,False,True
RPL7L1,go,20,2,False,True
CUL7,go,20,2,False,True
POLR1C,go,20,8,False,True
XPO5,go,20,5,False,True
MRPS18A,go,20,21,False,True
MRPL14,go,20,47,False,True
AARS2,go,20,11,False,True
EEF1A1,go,20,25,False,True
UBE3D,go,20,20,False,True
ORC3,go,20,4,False,True
RNGTT,go,20,1,False,True
CCNC,go,14,12,False,True
QRSL1,go,20,5,False,True
SEC63,go,20,6,False,True
CDC40,go,20,45,False,True
TUBE1,go,20,15,False,True
ADAT2,go,20,17,False,True
LTV1,go,20,18,False,True
SF3B5,go,20,18,False,True
NUP43,go,20,43,False,True
TFB1M,go,20,8,False,True
TCP1,go,20,8,False,True
PHF10,go,20,13,False,True
PSMB1,go,20,58,False,True
TBP,go,20,15,False,True
PDCD2,go,17,20,False,True
C7orf50,go,19,43,False,True
INTS1,go,20,8,False,True
PSMG3,go,18,4,False,True
EIF3B,go,20,21,False,True
RAC1,go,7,5,False,True
C7orf26,go,0,0,True,True
MIOS,go,20,17,False,True
NDUFA4,go,20,30,False,True
MALSU1,go,20,10,False,True
HOXA3,go,8,1,False,True
FKBP9,go,20,14,False,True
VPS41,go,20,10,False,True
YAE1,go,20,90,False,True
PSMA2,go,20,60,False,True
MRPS24,go,20,16,False,True
POLD2,go,20,17,False,True
YKT6,go,20,6,False,True
NUDCD3,go,20,12,False,True
DDX56,go,20,35,False,True
PPIA,go,20,5,False,True
TBRG4,go,20,7,False,True
HUS1,go,20,12,False,True
SEC61G,go,20,11,False,True
MRPS17,go,20,10,False,True
CCT6A,go,20,23,False,True
CHCHD2,go,20,6,False,True
BUD23,go,20,9,False,True
ABHD11,go,18,8,False,True
EIF4H,go,20,10,False,True
PEX1,go,11,7,False,True
BET1,go,20,29,False,True
SEM1,go,0,0,True,True
TRRAP,go,20,36,False,True
ARPC1B,go,20,19,False,True
PDAP1,go,20,73,False,True
PTCD1,go,20,58,False,True
ATP5MF,go,19,18,False,True
COPS6,go,20,68,False,True
TAF6,go,20,26,False,True
LAMTOR4,go,20,13,False,True
MEPCE,go,20,1,False,True
POP7,go,20,12,False,True
ZNHIT1,go,17,19,False,True
PRKRIP1,go,20,3,False,True
PMPCB,go,20,5,False,True
PSMC2,go,20,35,False,True
ORC5,go,20,23,False,True
RINT1,go,20,35,False,True
DLD,go,20,0,False,True
ING3,go,20,19,False,True
TNPO3,go,20,11,False,True
CHCHD3,go,20,7,False,True
EXOC4,go,20,10,False,True
CYREN,go,20,6,False,True
NUP205,go,20,27,False,True
MRPS33,go,20,27,False,True
SSBP1,go,20,13,False,True
CUL1,go,20,9,False,True
UBE3C,go,20,7,False,True
INTS10,go,20,40,False,True
POLR3D,go,20,8,False,True
CHMP7,go,20,11,False,True
ELP3,go,20,5,False,True
INTS9,go,20,97,False,True
HMBOX1,go,20,32,False,True
GTF2E2,go,20,20,False,True
TTI2,go,20,4,False,True
MAK16,go,20,9,False,True
GINS4,go,20,7,False,True
FNTA,go,20,1,False,True
MRPL15,go,20,42,False,True
RPS20,go,20,27,False,True
RPL7,go,20,31,False,True
MRPS28,go,20,16,False,True
DPY19L4,go,20,2,False,True
INTS8,go,20,14,False,True
UQCRB,go,20,6,False,True
RPL30,go,20,35,False,True
POP1,go,9,1,False,True
COX6C,go,20,53,False,True
PABPC1,go,20,8,False,True
ZNF706,go,18,4,False,True
EIF3E,go,20,23,False,True
ENY2,go,20,18,False,True
EIF3H,go,20,18,False,True
MED30,go,20,26,False,True
TAF2,go,20,23,False,True
NSMCE2,go,20,9,False,True
EFR3A,go,20,9,False,True
PTK2,go,20,12,False,True
GLI4,go,12,36,False,True
ZC3H3,go,11,0,False,True
PUF60,go,20,3,False,True
EXOSC4,go,20,12,False,True
CYC1,go,20,12,False,True
HSF1,go,20,2,False,True
CPSF1,go,20,14,False,True
RPL8,go,20,27,False,True
SNAPC3,go,20,12,False,True
RPS6,go,20,6,False,True
NDUFB6,go,20,26,False,True
SMU1,go,20,18,False,True
NOL6,go,20,21,False,True
VCP,go,20,1,False,True
RGP1,go,20,26,False,True
POLR1E,go,20,11,False,True
EXOSC3,go,20,10,False,True
FXN,go,15,1,False,True
HNRNPK,go,20,11,False,True
NAA35,go,20,28,False,True
SPTLC1,go,20,5,False,True
IARS,go,20,31,False,True
NCBP1,go,20,1,False,True
ANKS6,go,20,5,False,True
ALG2,go,20,2,False,True
SEC61B,go,20,26,False,True
MRPL50,go,20,18,False,True
RNF20,go,20,15,False,True
TXN,go,16,0,False,True
CDC26,go,20,20,False,True
PRPF4,go,20,15,False,True
ATP6V1G1,go,20,21,False,True
NDUFA8,go,20,35,False,True
PSMB7,go,20,41,False,True
RPL35,go,20,17,False,True
TOR2A,go,20,5,False,True
CDK9,go,20,6,False,True
DPM2,go,20,7,False,True
C9orf16,go,13,94,False,True
COQ4,go,20,27,False,True
URM1,go,20,3,False,True
GLE1,go,20,22,False,True
SET,go,20,22,False,True
SPOUT1,go,20,7,False,True
DOLK,go,20,14,False,True
EXOSC2,go,20,13,False,True
NUP214,go,20,20,False,True
MED27,go,20,23,False,True
GTF3C5,go,20,7,False,True
SURF6,go,20,35,False,True
RPL7A,go,20,49,False,True
WDR5,go,20,19,False,True
MRPS2,go,20,13,False,True
SNAPC4,go,20,4,False,True
PMPCA,go,20,23,False,True
SEC16A,go,20,10,False,True
NELFB,go,20,6,False,True
MRPL41,go,20,5,False,True
GTPBP4,go,20,17,False,True
PITRM1,go,20,9,False,True
RBM17,go,20,21,False,True
ATP5F1C,go,20,9,False,True
CDC123,go,20,3,False,True
HSPA14,go,20,21,False,True
MTPAP,go,20,7,False,True
BMS1,go,20,8,False,True
PPA1,go,20,19,False,True
ECD,go,20,48,False,True
MRPS16,go,20,24,False,True
CHCHD1,go,20,53,False,True
RPS24,go,20,12,False,True
PRXL2A,go,20,6,False,True
PGAM1,go,20,1,False,True
MMS19,go,20,5,False,True
COX15,go,20,12,False,True
NDUFB8,go,20,25,False,True
MRPL43,go,20,44,False,True
POLL,go,20,25,False,True
NPM3,go,20,44,False,True
PPRC1,go,20,4,False,True
GBF1,go,20,0,False,True
WBP1L,go,20,3,False,True
TAF5,go,20,24,False,True
ATP5MD,go,20,33,False,True
EIF3A,go,20,11,False,True
PSTK,go,20,4,False,True
TUBGCP2,go,20,6,False,True
PSMD13,go,20,14,False,True
RPLP2,go,20,44,False,True
POLR2L,go,20,31,False,True
MRPL23,go,20,52,False,True
NUP98,go,20,22,False,True
TAF10,go,20,18,False,True
MRPL17,go,20,14,False,True
EIF3F,go,20,13,False,True
RPL27A,go,20,61,False,True
EIF4G2,go,20,7,False,True
COPB1,go,20,54,False,True
PSMA1,go,20,24,False,True
RPS13,go,20,43,False,True
TSG101,go,20,15,False,True
ELP4,go,20,9,False,True
EIF3M,go,20,16,False,True
NAT10,go,20,1,False,True
HSD17B12,go,20,3,False,True
PSMC3,go,20,28,False,True
NDUFS3,go,20,23,False,True
PTPMT1,go,20,11,False,True
NUP160,go,20,21,False,True
SSRP1,go,20,30,False,True
TIMM10,go,20,9,False,True
TMX2,go,20,14,False,True
MRPL16,go,20,22,False,True
PRPF19,go,20,1,False,True
VPS37C,go,20,9,False,True
DDB1,go,20,5,False,True
SDHAF2,go,20,8,False,True
TMEM258,go,20,58,False,True
EEF1G,go,20,87,False,True
TUT1,go,20,5,False,True
INTS5,go,20,89,False,True
POLR2G,go,20,6,False,True
TAF6L,go,20,26,False,True
STX5,go,20,22,False,True
SF1,go,17,2,False,True
MEN1,go,20,2,False,True
SNX15,go,20,63,False,True
VPS51,go,20,20,False,True
ZNHIT2,go,9,32,False,True
FAU,go,0,0,True,True
POLA2,go,20,13,False,True
PCNX3,go,20,42,False,True
KAT5,go,20,10,False,True
CFL1,go,20,15,False,True
SART1,go,20,36,False,True
EIF1AD,go,20,83,False,True
BANF1,go,20,9,False,True
SF3B2,go,20,81,False,True
KLC2,go,20,7,False,True
MRPL11,go,20,24,False,True
PC,go,20,5,False,True
PPP1CA,go,20,9,False,True
LRP5,go,1,1,False,True
MRPL21,go,20,45,False,True
LAMTOR1,go,20,7,False,True
ANAPC15,go,20,26,False,True
INPPL1,go,20,9,False,True
CLPB,go,20,23,False,True
RAB6A,go,20,37,False,True
SPCS2,go,20,24,False,True
INTS4,go,20,56,False,True
NARS2,go,20,36,False,True
ANKRD49,go,20,64,False,True
DCUN1D5,go,20,0,False,True
NPAT,go,20,41,False,True
POGLUT3,go,0,0,True,True
SDHD,go,20,12,False,True
ZW10,go,20,7,False,True
BUD13,go,20,46,False,True
ARCN1,go,20,24,False,True
RPS25,go,20,54,False,True
TRAPPC4,go,20,11,False,True
DPAGT1,go,20,11,False,True
RPUSD4,go,20,13,False,True
NFRKB,go,20,16,False,True
WNK1,go,20,7,False,True
MRPL51,go,20,40,False,True
NOP2,go,20,10,False,True
CHD4,go,20,46,False,True
USP5,go,20,27,False,True
TPI1,go,20,13,False,True
PHB2,go,6,2,False,True
EMG1,go,20,18,False,True
WBP11,go,20,25,False,True
STRAP,go,20,1,False,True
INTS13,go,20,10,False,True
MED21,go,20,27,False,True
MRPS35,go,20,16,False,True
DDX11,go,20,13,False,True
DNM1L,go,20,5,False,True
YARS2,go,20,27,False,True
ZCRB1,go,20,40,False,True
TWF1,go,20,15,False,True
RPAP3,go,20,9,False,True
HDAC7,go,20,4,False,True
MCRS1,go,20,23,False,True
PFDN5,go,20,21,False,True
AAAS,go,20,34,False,True
SP1,go,18,5,False,True
PCBP2,go,20,15,False,True
SMUG1,go,20,11,False,True
COPZ1,go,20,14,False,True
CDK2,go,20,7,False,True
RPS26,go,20,19,False,True
RPL41,go,20,18,False,True
ESYT1,go,20,18,False,True
CS,go,20,12,False,True
ATP5F1B,go,20,6,False,True
NACA,go,12,1,False,True
DCTN2,go,20,30,False,True
METTL1,go,20,4,False,True
TSFM,go,20,24,False,True
CCT2,go,20,11,False,True
CNOT2,go,20,14,False,True
PPP1R12A,go,20,3,False,True
UBE2N,go,20,16,False,True
MRPL42,go,20,29,False,True
SNRPF,go,20,16,False,True
NEDD1,go,20,36,False,True
SLC25A3,go,20,8,False,True
POLR3B,go,20,14,False,True
PWP1,go,20,0,False,True
ATP2A2,go,12,3,False,True
ARPC3,go,20,29,False,True
VPS29,go,20,30,False,True
RPL6,go,20,10,False,True
SUDS3,go,20,14,False,True
RPLP0,go,20,27,False,True
PXN,go,14,5,False,True
COQ5,go,20,9,False,True
POP5,go,20,10,False,True
ANAPC5,go,20,15,False,True
PSMD9,go,20,29,False,True
VPS33A,go,20,8,False,True
DENR,go,20,2,False,True
SNRNP35,go,20,4,False,True
TMED2,go,20,6,False,True
EIF2B1,go,20,21,False,True
GTF2H3,go,20,15,False,True
DHX37,go,20,9,False,True
SFSWAP,go,20,9,False,True
DDX51,go,20,44,False,True
NOC4L,go,20,43,False,True
PGAM5,go,20,1,False,True
MIPEP,go,19,17,False,True
CENPJ,go,20,10,False,True
RPL21,go,20,64,False,True
GTF3A,go,15,7,False,True
SUPT20H,go,20,14,False,True
COG6,go,20,7,False,True
FOXO1,go,20,14,False,True
NUFIP1,go,20,4,False,True
GTF2F2,go,20,27,False,True
ZC3H13,go,20,61,False,True
MED4,go,20,39,False,True
ALG11,go,17,8,False,True
SUGT1,go,20,11,False,True
BORA,go,20,36,False,True
TPP2,go,20,12,False,True
TUBGCP3,go,20,9,False,True
CDC16,go,20,20,False,True
UPF3A,go,20,28,False,True
OSGEP,go,20,39,False,True
METTL17,go,20,4,False,True
HNRNPC,go,20,11,False,True
METTL3,go,20,1,False,True
PRMT5,go,20,3,False,True
PSMB5,go,20,29,False,True
ACIN1,go,20,15,False,True
PABPN1,go,20,10,False,True
PSME1,go,20,5,False,True
PSME2,go,20,44,False,True
RNF31,go,20,4,False,True
NEDD8,go,20,21,False,True
TINF2,go,20,9,False,True
RABGGTA,go,20,23,False,True
NOP9,go,16,2,False,True
SDR39U1,go,19,9,False,True
RPS29,go,20,3,False,True
LRR1,go,20,92,False,True
RPL36AL,go,20,16,False,True
POLE2,go,20,27,False,True
RTRAF,go,20,39,False,True
PSMC6,go,20,12,False,True
NAA30,go,20,60,False,True
PSMA3,go,20,42,False,True
MNAT1,go,20,10,False,True
TRMT5,go,18,1,False,True
SGPP1,go,20,0,False,True
FNTB,go,20,5,False,True
EIF2S1,go,20,1,False,True
ERH,go,20,0,False,True
SLC39A9,go,20,11,False,True
RBM25,go,20,35,False,True
LIN52,go,20,5,False,True
ISCA2,go,20,22,False,True
FCF1,go,20,90,False,True
EIF2B2,go,20,7,False,True
TMED10,go,20,7,False,True
SNW1,go,20,4,False,True
PSMC1,go,20,19,False,True
DICER1,go,20,5,False,True
YY1,go,20,17,False,True
WDR25,go,14,0,False,True
CINP,go,20,35,False,True
XRCC3,go,20,11,False,True
INF2,go,20,10,False,True
BRF1,go,6,3,False,True
TUBGCP5,go,20,22,False,True
EMC4,go,19,13,False,True
NOP10,go,20,5,False,True
AQR,go,20,48,False,True
DPH6,go,20,9,False,True
SRP14,go,20,28,False,True
DNAJC17,go,20,2,False,True
VPS18,go,20,6,False,True
INO80,go,20,16,False,True
RTF1,go,20,5,False,True
RPAP1,go,18,6,False,True
TUBGCP4,go,20,12,False,True
SERF2,go,20,23,False,True
EIF3J,go,20,19,False,True
SPATA5L1,go,20,12,False,True
COPS2,go,20,16,False,True
LEO1,go,20,5,False,True
POLR2M,go,3,1,False,True
ADAM10,go,20,4,False,True
GTF2A2,go,20,25,False,True
HERC1,go,20,9,False,True
INTS14,go,20,15,False,True
SNAPC5,go,20,16,False,True
RPL4,go,20,85,False,True
RPLP1,go,20,1,False,True
COX5A,go,20,13,False,True
SNUPN,go,20,8,False,True
IMP3,go,20,3,False,True
WDR61,go,20,9,False,True
PSMA4,go,20,33,False,True
RPS17,go,20,17,False,True
MRPL46,go,20,9,False,True
MRPS11,go,20,5,False,True
POLG,go,20,8,False,True
UNC45A,go,20,9,False,True
RCCD1,go,20,38,False,True
SNRNP25,go,20,28,False,True
MPG,go,20,0,False,True
MRPL28,go,20,65,False,True
UBE2I,go,20,7,False,True
TELO2,go,20,10,False,True
MRPS34,go,20,26,False,True
NUBP2,go,20,9,False,True
MSRB1,go,20,6,False,True
NDUFB10,go,20,21,False,True
RPS2,go,20,61,False,True
TBL3,go,20,23,False,True
MLST8,go,20,4,False,True
E4F1,go,13,4,False,True
RNPS1,go,20,43,False,True
PDPK1,go,20,9,False,True
SRRM2,go,20,15,False,True
ELOB,go,20,5,False,True
PKMYT1,go,20,52,False,True
TFAP4,go,16,21,False,True
PAM16,go,20,9,False,True
DNAJA3,go,20,3,False,True
ALG1,go,17,23,False,True
USP7,go,20,12,False,True
NUBP1,go,20,3,False,True
RSL1D1,go,20,2,False,True
GSPT1,go,20,4,False,True
PARN,go,20,10,False,True
NOMO1,go,17,60,False,True
RPS15A,go,20,40,False,True
UQCRC2,go,20,24,False,True
POLR3E,go,20,10,False,True
EARS2,go,20,15,False,True
NDUFAB1,go,20,21,False,True
PALB2,go,20,7,False,True
NSMCE1,go,20,11,False,True
TUFM,go,20,18,False,True
CDIPT,go,20,20,False,True
INO80E,go,20,13,False,True
ALDOA,go,20,17,False,True
PPP4C,go,20,11,False,True
CD2BP2,go,20,71,False,True
SRCAP,go,20,27,False,True
RNF40,go,20,4,False,True
SETD1A,go,20,8,False,True
KAT8,go,20,18,False,True
VPS35,go,7,2,False,True
NUDT21,go,20,1,False,True
OGFOD1,go,20,3,False,True
NUP93,go,20,22,False,True
CIAPIN1,go,20,16,False,True
POLR2C,go,20,52,False,True
KATNB1,go,20,23,False,True
GINS3,go,20,7,False,True
CNOT1,go,20,7,False,True
NAE1,go,20,9,False,True
CTCF,go,18,2,False,True
ACD,go,20,11,False,True
CENPT,go,20,38,False,True
THAP11,go,17,44,False,True
NUTF2,go,20,17,False,True
EDC4,go,20,198,False,True
SLC7A6OS,go,20,12,False,True
TANGO6,go,20,1,False,True
COG8,go,20,20,False,True
NIP7,go,20,55,False,True
TERF2,go,19,9,False,True
NOB1,go,20,6,False,True
EXOSC6,go,20,11,False,True
AARS,go,20,7,False,True
DDX19A,go,20,77,False,True
COG4,go,20,17,False,True
SF3B3,go,20,11,False,True
DHODH,go,20,19,False,True
PSMD7,go,20,100,False,True
CFDP1,go,20,0,False,True
KARS,go,20,8,False,True
MPHOSPH6,go,20,148,False,True
TAF1C,go,20,6,False,True
USP10,go,20,3,False,True
BANP,go,20,18,False,True
CTU2,go,20,2,False,True
SPG7,go,20,6,False,True
RPL13,go,20,4,False,True
CHMP1A,go,20,13,False,True
GEMIN4,go,20,15,False,True
TIMM22,go,20,6,False,True
PRPF8,go,20,10,False,True
RPA1,go,20,9,False,True
SMG6,go,20,9,False,True
TSR1,go,20,20,False,True
MYBBP1A,go,20,4,False,True
PELP1,go,20,27,False,True
ARRB2,go,0,0,True,True
MED11,go,20,19,False,True
PSMB6,go,20,35,False,True
PFN1,go,20,13,False,True
SPAG7,go,17,50,False,True
NUP88,go,20,26,False,True
RPAIN,go,20,22,False,True
C1QBP,go,20,0,False,True
MIS12,go,20,30,False,True
EIF5A,go,20,1,False,True
NAA38,go,20,27,False,True
TRAPPC1,go,20,14,False,True
ELAC2,go,20,12,False,True
COX10,go,20,6,False,True
TVP23C,go,9,1,False,True
MED9,go,20,22,False,True
TOP3A,go,20,9,False,True
TMEM199,go,20,9,False,True
RPL23A,go,20,26,False,True
ERAL1,go,20,48,False,True
PHF12,go,20,41,False,True
TEFM,go,20,18,False,True
UTP6,go,20,18,False,True
PSMD11,go,20,26,False,True
RFFL,go,20,9,False,True
RAD51D,go,20,27,False,True
NLE1,go,20,0,False,True
ZNHIT3,go,15,5,False,True
MRM1,go,20,54,False,True
MRPL45,go,20,66,False,True
PSMB3,go,20,61,False,True
RPL23,go,20,4,False,True
RPL19,go,20,54,False,True
CDK12,go,20,9,False,True
PSMD3,go,20,43,False,True
MED24,go,20,18,False,True
MSL1,go,20,32,False,True
CASC3,go,20,13,False,True
SMARCE1,go,20,13,False,True
STAT5B,go,20,4,False,True
NAGLU,go,7,3,False,True
COASY,go,20,12,False,True
VPS25,go,20,34,False,True
RPL27,go,20,63,False,True
DHX8,go,20,37,False,True
ETV4,go,10,75,False,True
LSM12,go,14,0,False,True
EFTUD2,go,20,23,False,True
NMT1,go,20,2,False,True
GOSR2,go,20,43,False,True
NPEPPS,go,20,13,False,True
KPNB1,go,20,7,False,True
MRPL10,go,20,25,False,True
SP2,go,12,22,False,True
UBE2Z,go,20,36,False,True
SNF8,go,20,20,False,True
PHB,go,20,1,False,True
SLC35B1,go,20,5,False,True
KAT7,go,20,2,False,True
MRPL27,go,20,9,False,True
UTP18,go,20,33,False,True
COX11,go,20,9,False,True
MRPS23,go,20,32,False,True
SRSF1,go,20,34,False,True
SUPT4H1,go,20,11,False,True
SMG8,go,20,2,False,True
TUBD1,go,20,17,False,True
PSMC5,go,20,6,False,True
POLG2,go,20,9,False,True
DDX5,go,20,3,False,True
NOL11,go,20,13,False,True
BPTF,go,10,14,False,True
C17orf58,go,4,2,False,True
COG1,go,20,15,False,True
RPL38,go,20,0,False,True
ATP5PD,go,20,13,False,True
SLC16A5,go,20,19,False,True
ARMC7,go,13,135,False,True
SUMO2,go,20,8,False,True
NUP85,go,20,29,False,True
MRPS7,go,20,6,False,True
GRB2,go,20,8,False,True
TSEN54,go,20,3,False,True
MRPL38,go,20,73,False,True
SRP68,go,20,6,False,True
PGS1,go,20,5,False,True
EIF4A3,go,20,6,False,True
RPTOR,go,19,3,False,True
CHMP6,go,20,18,False,True
SLC25A10,go,20,1,False,True
ANAPC11,go,20,29,False,True
GPS1,go,20,18,False,True
TBCD,go,20,3,False,True
THOC1,go,20,7,False,True
NAPG,go,20,7,False,True
AFG3L2,go,20,5,False,True
PSMG2,go,20,9,False,True
SEH1L,go,20,18,False,True
SNRPD1,go,20,12,False,True
TRAPPC8,go,20,12,False,True
C18orf21,go,0,0,True,True
ELP2,go,20,6,False,True
ATP5F1A,go,20,5,False,True
HAUS1,go,20,26,False,True
RPL17,go,20,58,False,True
CXXC1,go,20,14,False,True
NARS,go,20,15,False,True
RTTN,go,20,24,False,True
ZNF236,go,10,0,False,True
CTDP1,go,20,5,False,True
TXNL4A,go,20,20,False,True
POLRMT,go,20,21,False,True
PTBP1,go,20,8,False,True
MED16,go,20,31,False,True
ARID3A,go,20,101,False,True
WDR18,go,20,4,False,True
POLR2E,go,20,32,False,True
RPS15,go,20,9,False,True
MBD3,go,20,2,False,True
ABHD17A,go,20,0,False,True
LSM7,go,20,12,False,True
TIMM13,go,20,14,False,True
CACTIN,go,20,8,False,True
MRPL54,go,20,57,False,True
EEF2,go,20,62,False,True
PIAS4,go,20,5,False,True
RPL36,go,20,26,False,True
NDUFA11,go,20,46,False,True
GTF2F1,go,20,7,False,True
XAB2,go,20,8,False,True
TRAPPC5,go,20,10,False,True
MAP2K7,go,20,10,False,True
SNAPC2,go,20,10,False,True
TIMM44,go,20,32,False,True
RPS28,go,20,12,False,True
HNRNPM,go,20,23,False,True
UBL5,go,4,0,False,True
PPAN,go,20,11,False,True
EIF3G,go,20,31,False,True
MRPL4,go,20,63,False,True
TYK2,go,20,9,False,True
CDC37,go,20,10,False,True
KEAP1,go,20,2,False,True
KRI1,go,20,12,False,True
ILF3,go,20,25,False,True
SPC24,go,20,31,False,True
WDR83OS,go,16,6,False,True
DHPS,go,20,2,False,True
GET3,go,20,7,False,True
FARSA,go,20,32,False,True
C19orf53,go,0,0,True,True
NDUFB7,go,20,43,False,True
HAUS8,go,20,37,False,True
MRPL34,go,20,30,False,True
RPL18A,go,20,55,False,True
LSM4,go,20,12,False,True
KXD1,go,15,2,False,True
UBA52,go,20,16,False,True
COPE,go,20,49,False,True
DDX49,go,20,46,False,True
ARMC6,go,20,16,False,True
SLC25A42,go,20,2,False,True
NR2C2AP,go,19,62,False,True
SUGP1,go,20,53,False,True
MAU2,go,20,8,False,True
UQCRFS1,go,20,13,False,True
POP4,go,20,8,False,True
URI1,go,20,6,False,True
PDCD5,go,20,10,False,True
UBA2,go,20,1,False,True
USF2,go,12,6,False,True
HAUS5,go,20,22,False,True
POLR2I,go,20,16,False,True
TBCB,go,20,44,False,True
PSMD8,go,20,35,False,True
SARS2,go,20,36,False,True
MRPS12,go,20,50,False,True
SAMD4B,go,20,36,False,True
PAF1,go,20,4,False,True
MED29,go,20,33,False,True
RPS16,go,20,32,False,True
FBL,go,20,4,False,True
PSMC4,go,20,24,False,True
RAB4B,go,20,9,False,True
EGLN2,go,20,1,False,True
EXOSC5,go,20,16,False,True
RPS19,go,20,2,False,True
ZNF574,go,8,15,False,True
XRCC1,go,20,0,False,True
CADM4,go,1,0,False,True
SMG9,go,20,10,False,True
TOMM40,go,20,14,False,True
CLASRP,go,20,39,False,True
GEMIN7,go,20,12,False,True
PPP1R37,go,14,6,False,True
ERCC2,go,20,2,False,True
SNRPD2,go,20,17,False,True
SYMPK,go,20,13,False,True
AP2S1,go,20,9,False,True
ZC3H4,go,20,12,False,True
SAE1,go,20,2,False,True
GRWD1,go,20,55,False,True
RPL18,go,20,55,False,True
RUVBL2,go,20,16,False,True
SNRNP70,go,20,9,False,True
RPS11,go,20,56,False,True
SCAF1,go,20,1,False,True
PRMT1,go,20,2,False,True
AP2A1,go,20,6,False,True
PNKP,go,20,3,False,True
POLD1,go,20,18,False,True
PPP2R1A,go,20,1,False,True
NDUFA3,go,20,34,False,True
TFPT,go,20,17,False,True
PRPF31,go,20,3,False,True
CNOT3,go,20,8,False,True
TSEN34,go,20,3,False,True
RPS9,go,20,29,False,True
LENG8,go,16,80,False,True
RPL28,go,20,32,False,True
U2AF2,go,20,2,False,True
ZNF787,go,6,1,False,True
RPS5,go,20,31,False,True
CHMP2A,go,20,14,False,True
UBE2M,go,20,20,False,True
MRPS26,go,20,16,False,True
FASTKD5,go,20,27,False,True
TRMT6,go,20,22,False,True
CRLS1,go,20,3,False,True
POLR3F,go,20,13,False,True
NAA20,go,20,64,False,True
XRN2,go,20,9,False,True
CHMP4B,go,20,14,False,True
EIF2S2,go,20,20,False,True
AHCY,go,20,18,False,True
DYNLRB1,go,20,24,False,True
EIF6,go,20,2,False,True
CPNE1,go,20,13,False,True
NFS1,go,20,27,False,True
ROMO1,go,20,7,False,True
AAR2,go,14,0,False,True
RPN2,go,20,14,False,True
CTNNBL1,go,20,23,False,True
TTI1,go,20,5,False,True
RPRD1B,go,20,8,False,True
ACTR5,go,20,15,False,True
TP53RK,go,20,48,False,True
DDX27,go,20,42,False,True
MOCS3,go,20,2,False,True
PFDN4,go,20,52,False,True
CSTF1,go,20,26,False,True
NELFCD,go,20,17,False,True
PSMA7,go,20,86,False,True
MTG2,go,20,6,False,True
RPS21,go,20,6,False,True
MRGBP,go,20,22,False,True
RTEL1,go,20,15,False,True
PRPF6,go,20,31,False,True
MRPL39,go,20,7,False,True
N6AMT1,go,20,1,False,True
CCT8,go,20,17,False,True
SOD1,go,2,1,False,True
URB1,go,20,5,False,True
GART,go,19,5,False,True
SON,go,20,4,False,True
DONSON,go,20,1,False,True
ATP5PO,go,20,10,False,True
CHAF1B,go,20,39,False,True
PSMG1,go,20,23,False,True
GET1,go,20,42,False,True
WDR4,go,20,12,False,True
RRP1,go,20,3,False,True
FAM207A,go,20,4,False,True
MCM3AP,go,20,7,False,True
HIRA,go,19,12,False,True
GNB1L,go,0,0,True,True
DGCR8,go,20,56,False,True
PI4KA,go,20,45,False,True
CRKL,go,1,1,False,True
UBE2L3,go,20,21,False,True
PPIL2,go,20,12,False,True
BCR,go,20,1,False,True
SMARCB1,go,20,13,False,True
SNRPD3,go,20,8,False,True
TFIP11,go,20,0,False,True
HSCB,go,20,55,False,True
EWSR1,go,20,90,False,True
THOC5,go,20,7,False,True
SF3A1,go,20,40,False,True
PES1,go,20,18,False,True
RTCB,go,20,15,False,True
EIF3D,go,20,14,False,True
NOL12,go,20,34,False,True
EIF3L,go,20,20,False,True
POLR2F,go,20,22,False,True
DDX17,go,20,8,False,True
TOMM22,go,20,22,False,True
RPL3,go,20,20,False,True
ADSL,go,9,4,False,True
RBX1,go,20,18,False,True
PHF5A,go,20,23,False,True
POLR3H,go,20,21,False,True
DESI1,go,20,10,False,True
XRCC6,go,20,9,False,True
NDUFA6,go,20,19,False,True
RRP7A,go,20,5,False,True
SAMM50,go,20,14,False,True
ATXN10,go,20,75,False,True
NCAPH2,go,20,8,False,True
GEMIN8,go,20,86,False,True
PDHA1,go,18,4,False,True
EIF1AX,go,20,55,False,True
MBTPS2,go,15,1,False,True
EIF2S3,go,20,25,False,True
POLA1,go,20,5,False,True
ATP6AP2,go,20,13,False,True
MED14,go,20,40,False,True
RBM10,go,20,5,False,True
UBA1,go,20,29,False,True
UXT,go,20,12,False,True
GPKOW,go,20,112,False,True
KDM5C,go,20,9,False,True
HSD17B10,go,20,3,False,True
HUWE1,go,20,19,False,True
TSR2,go,19,35,False,True
GNL3L,go,20,4,False,True
LAS1L,go,20,12,False,True
IGBP1,go,20,3,False,True
MED12,go,20,5,False,True
TAF1,go,20,7,False,True
RPS4X,go,20,11,False,True
ABCB7,go,20,5,False,True
COX7B,go,20,26,False,True
TIMM8A,go,20,29,False,True
RPL36A,go,20,15,False,True
ALG13,go,20,2,False,True
RPL39,go,20,3,False,True
THOC2,go,20,5,False,True
AIFM1,go,20,3,False,True
RBMX2,go,20,17,False,True
MMGT1,go,20,7,False,True
RBMX,go,20,7,False,True
HAUS7,go,20,18,False,True
CCNQ,go,17,9,False,True
NAA10,go,20,3,False,True
RPL10,go,20,11,False,True
TAZ,go,20,1,False,True
F8A1,go,20,1,False,True
CMC4,go,20,11,False,True
ABCG1,go,15,3,False,True
ACOT12,go,20,5,False,True
ADAT3,go,20,15,False,True
ALG1L,go,0,0,True,True
ANAPC2,go,20,12,False,True
AQP7,go,13,4,False,True
ARGFX,go,4,20,False,True
ARHGAP11B,go,20,13,False,True
ARHGAP6,go,20,4,False,True
C12orf60,go,13,114,False,True
C14orf178,go,0,0,True,True
C16orf86,go,0,0,True,True
C1QTNF4,go,19,13,False,True
C5orf30,go,19,3,False,True
C6orf15,go,19,22,False,True
CACNB3,go,20,0,False,True
CARF,go,13,1,False,True
CBFA2T3,go,20,10,False,True
CBLN1,go,16,0,False,True
CCDC144A,go,0,0,True,True
CCDC144NL,go,0,0,True,True
CCDC78,go,20,4,False,True
CD8B,go,19,21,False,True
CDAN1,go,20,34,False,True
CDC7,go,20,37,False,True
CENPI,go,20,27,False,True
CENPP,go,20,104,False,True
CEP97,go,20,16,False,True
CHTF18,go,20,45,False,True
CHTF8,go,20,7,False,True
CLK2,go,20,24,False,True
CPAMD8,go,20,9,False,True
CPEB1,go,20,6,False,True
CPNE7,go,16,42,False,True
CSH2,go,20,2,False,True
CT45A5,go,20,15,False,True
CTBP2,go,20,2,False,True
CYP2A13,go,7,2,False,True
CYP4F11,go,20,2,False,True
CYS1,go,20,17,False,True
DCLRE1B,go,20,11,False,True
DDN,go,11,7,False,True
DDX47,go,20,66,False,True
DEPDC5,go,20,4,False,True
DMRTA2,go,4,0,False,True
DNAAF3,go,1,1,False,True
DNLZ,go,20,7,False,True
DNM1,go,20,17,False,True
DPH1,go,20,13,False,True
DPPA2,go,20,60,False,True
DPY19L2,go,20,2,False,True
EIF3CL,go,20,15,False,True
EPS8L1,go,20,28,False,True
ERVW-1,go,20,8,False,True
ESPL1,go,20,7,False,True
EXOC8,go,20,11,False,True
FAM102B,go,0,0,True,True
FAM229A,go,0,0,True,True
FAM72D,go,20,113,False,True
FBXL14,go,20,56,False,True
FOLR3,go,20,7,False,True
FOXD4,go,6,18,False,True
FOXL2,go,16,12,False,True
FOXS1,go,16,9,False,True
FRG2,go,20,19,False,True
FYN,go,11,5,False,True
GAB2,go,20,9,False,True
GATA1,go,17,6,False,True
GCOM1,go,20,2,False,True
GJA3,go,3,0,False,True
GMIP,go,20,46,False,True
GOLGA6L1,go,0,0,True,True
GPR61,go,20,23,False,True
GSDMA,go,20,18,False,True
HAPLN2,go,20,7,False,True
HCRTR1,go,20,12,False,True
HIST1H2AB,go,20,21,False,True
HIST1H2AE,go,20,21,False,True
HIST1H2AI,go,19,35,False,True
HIST1H2BB,go,20,70,False,True
HIST1H2BC,go,20,37,False,True
HIST1H2BE,go,20,36,False,True
HIST1H2BJ,go,20,12,False,True
HIST1H2BL,go,20,90,False,True
HIST1H2BM,go,19,39,False,True
HIST2H2AA3,go,19,47,False,True
HIST2H2BE,go,20,31,False,True
HIST2H2BF,go,19,37,False,True
HIST2H3A,go,17,47,False,True
HIST2H3D,go,17,45,False,True
HMX3,go,7,0,False,True
HOXC10,go,11,8,False,True
HYPK,go,20,46,False,True
IPO13,go,20,76,False,True
JAZF1,go,20,61,False,True
KCNA10,go,20,4,False,True
KDM8,go,20,10,False,True
KLF7,go,13,0,False,True
KLHL11,go,18,122,False,True
KLHL17,go,20,1,False,True
KRT17,go,20,5,False,True
KRTAP4-2,go,20,64,False,True
KRTAP4-7,go,0,0,True,True
LCE1C,go,15,2,False,True
LCE1E,go,18,20,False,True
LCN10,go,20,6,False,True
LMO2,go,20,0,False,True
LPA,go,19,10,False,True
LRRC37A3,go,20,47,False,True
LRRC37B,go,20,46,False,True
LSM11,go,20,3,False,True
LST1,go,12,1,False,True
LTB4R2,go,20,5,False,True
LTBP4,go,20,15,False,True
LURAP1,go,20,30,False,True
LZTR1,go,20,5,False,True
MARS2,go,20,9,False,True
MED18,go,20,24,False,True
MED22,go,20,19,False,True
MEIS3,go,9,5,False,True
MMP17,go,20,7,False,True
MOG,go,20,12,False,True
MRPL53,go,20,69,False,True
MTBP,go,9,0,False,True
MTCP1,go,20,2,False,True
MTRNR2L1,go,0,0,True,True
MYB,go,20,16,False,True
MYO1H,go,17,8,False,True
MZF1,go,12,24,False,True
NANOG,go,18,62,False,True
NBPF12,go,20,27,False,True
NBPF15,go,20,26,False,True
NBPF3,go,20,26,False,True
NDOR1,go,20,3,False,True
NEDD8-MDP1,go,0,0,True,True
NKX6-1,go,16,0,False,True
NOMO3,go,20,36,False,True
NPB,go,20,13,False,True
NRF1,go,18,23,False,True
OR1D2,go,20,16,False,True
OR1E2,go,20,11,False,True
OR2A1,go,20,22,False,True
OR2T29,go,20,21,False,True
OR2T5,go,20,20,False,True
OR4F4,go,0,0,True,True
OR4K1,go,20,20,False,True
OR4N2,go,20,20,False,True
OR7A10,go,20,17,False,True
OR7A17,go,20,25,False,True
OTOP1,go,20,0,False,True
OTX1,go,6,6,False,True
OVCA2,go,20,18,False,True
PARS2,go,20,27,False,True
PLA2G10,go,1,0,False,True
POT1,go,12,9,False,True
POTEI,go,20,14,False,True
POU3F1,go,11,3,False,True
POU5F1B,go,15,8,False,True
PPARGC1B,go,20,0,False,True
PPY,go,20,7,False,True
PRDM10,go,13,11,False,True
PRDM8,go,17,34,False,True
PRODH,go,20,2,False,True
PRSS50,go,19,5,False,True
PWP2,go,20,6,False,True
RBM14-RBM4,go,0,0,True,True
RELL2,go,20,6,False,True
RGPD6,go,20,13,False,True
RHPN1,go,20,28,False,True
RPS10-NUDT3,go,0,0,True,True
SIGLEC14,go,20,5,False,True
SLC35G2,go,20,143,False,True
SLC35G6,go,20,41,False,True
SLC4A5,go,19,4,False,True
SLC9B1,go,20,4,False,True
SPATA5,go,20,8,False,True
SPDYE2,go,13,6,False,True
SSX4,go,17,58,False,True
STAT5A,go,20,6,False,True
SYNGR3,go,20,0,False,True
TADA2A,go,20,14,False,True
TAF1A,go,20,11,False,True
TBC1D28,go,20,12,False,True
TBC1D3,go,20,28,False,True
TBX1,go,8,0,False,True
TDGF1,go,8,2,False,True
TICRR,go,20,27,False,True
TMEM240,go,20,0,False,True
TNFSF10,go,20,16,False,True
TNNT2,go,6,1,False,True
TREML2,go,20,44,False,True
TREX2,go,20,6,False,True
TRIM49C,go,20,44,False,True
TSPYL5,go,20,9,False,True
TSSK3,go,20,45,False,True
TUBA3D,go,20,35,False,True
TUBGCP6,go,20,8,False,True
TULP1,go,20,3,False,True
TWSG1,go,7,0,False,True
U2AF1,go,20,36,False,True
UNCX,go,6,0,False,True
WDR24,go,20,14,False,True
WDR44,go,20,42,False,True
WDR54,go,3,0,False,True
WDR7,go,20,16,False,True
WDTC1,go,20,4,False,True
YPEL1,go,14,31,False,True
ZBTB14,go,14,20,False,True
ZFP69B,go,11,3,False,True
ZNF100,go,12,33,False,True
ZNF133,go,11,24,False,True
ZNF253,go,11,20,False,True
ZNF284,go,11,19,False,True
ZNF468,go,5,12,False,True
ZNF492,go,11,15,False,True
ZNF506,go,13,5,False,True
ZNF559,go,11,30,False,True
ZNF658,go,8,1,False,True
ZNF674,go,10,19,False,True
ZNF676,go,11,15,False,True
ZNF687,go,20,133,False,True
ZNF718,go,11,15,False,True
ZNF763,go,10,5,False,True
ZRSR2,go,20,8,False,True
HES4,string,20,6,False,False
ISG15,string,0,0,True,False
AGRN,string,20,33,False,False
B3GALT6,string,20,23,False,False
ACAP3,string,20,9,False,False
MXRA8,string,20,6,False,False
CCNL2,string,20,13,False,False
MRPL20-AS1,string,0,0,True,False
ANKRD65,string,20,6,False,False
VWA1,string,20,9,False,False
ATAD3C,string,20,6,False,False
ATAD3B,string,20,10,False,False
MIB2,string,20,11,False,False
SLC35E2B,string,20,13,False,False
CDK11A,string,20,7,False,True
TMEM52,string,20,1,False,False
PRKCZ,string,20,39,False,False
SKI,string,20,12,False,False
TNFRSF14,string,20,8,False,False
TPRG1L,string,20,6,False,False
WRAP73,string,20,19,False,False
SMIM1,string,20,3,False,False
CEP104,string,20,19,False,False
C1orf174,string,20,8,False,False
ESPN,string,0,0,True,True
ZBTB48,string,20,18,False,False
KLHL21,string,20,17,False,False
PHF13,string,20,5,False,False
THAP3,string,20,8,False,False
ERRFI1,string,20,8,False,False
AL034417.2,string,0,0,True,False
RERE,string,20,13,False,False
ENO1,string,20,42,False,True
GPR157,string,20,10,False,False
MIR34AHG,string,0,0,True,False
H6PD,string,20,49,False,False
SPSB1,string,20,13,False,False
SLC25A33,string,20,21,False,False
PIK3CD-AS2,string,0,0,True,False
CLSTN1,string,20,14,False,False
CTNNBIP1,string,20,9,False,False
UBE4B,string,20,28,False,False
KIF1B,string,20,33,False,False
CENPS,string,20,25,False,False
MASP2,string,20,8,False,False
AL109811.2,string,0,0,True,False
SRM,string,20,22,False,False
EXOSC10,string,20,49,False,True
MTOR,string,20,71,False,True
FBXO2,string,20,16,False,False
FBXO44,string,20,3,False,False
FBXO6,string,20,10,False,False
MTHFR,string,20,27,False,False
CLCN6,string,20,12,False,False
DHRS3,string,20,10,False,False
PRDM2,string,20,8,False,False
KAZN,string,20,13,False,False
TMEM51-AS1,string,0,0,True,False
TMEM51,string,20,9,False,False
EFHD2,string,20,7,False,False
DNAJC16,string,20,13,False,False
AGMAT,string,20,22,False,False
DDI2,string,20,8,False,False
PLEKHM2,string,20,4,False,False
TMEM82,string,20,12,False,False
FBLIM1,string,20,15,False,True
AL450998.2,string,0,0,True,False
SPEN,string,20,13,False,True
ZBTB17,string,20,19,False,True
SRARP,string,20,4,False,False
EPHA2,string,20,25,False,False
FBXO42,string,20,14,False,True
SZRD1,string,20,9,False,False
NECAP2,string,20,29,False,False
NBPF1,string,20,6,False,False
RCC2,string,20,4,False,False
ARHGEF10L,string,20,2,False,False
ALDH4A1,string,20,24,False,False
IFFO2,string,20,7,False,False
UBR4,string,20,24,False,True
MRTO4,string,20,64,False,True
SLC66A1,string,20,4,False,False
NBL1,string,20,1,False,False
OTUD3,string,20,14,False,False
PLA2G2A,string,20,22,False,False
CAMK2N1,string,20,7,False,False
MUL1,string,20,10,False,False
CDA,string,20,20,False,False
PINK1,string,20,25,False,False
HP1BP3,string,20,8,False,False
EIF4G3,string,20,19,False,False
ECE1,string,20,10,False,False
ALPL,string,20,19,False,False
RAP1GAP,string,20,13,False,False
HSPG2,string,20,35,False,False
CDC42,string,20,169,False,True
ZBTB40,string,20,13,False,False
KDM1A,string,20,66,False,True
LUZP1,string,20,11,False,False
LINC01355,string,0,0,True,False
HNRNPR,string,20,36,False,True
ZNF436-AS1,string,0,0,True,False
TCEA3,string,20,11,False,False
E2F2,string,20,18,False,False
ID3,string,20,8,False,False
PITHD1,string,20,12,False,False
LYPLA2,string,20,19,False,False
GALE,string,20,19,False,False
HMGCL,string,20,27,False,False
FUCA1,string,20,19,False,False
PNRC2,string,20,16,False,False
SRSF10,string,20,13,False,True
MYOM3,string,20,4,False,False
NIPAL3,string,20,13,False,False
RCAN3,string,20,14,False,False
SRRM1,string,20,31,False,True
CLIC4,string,20,14,False,False
SYF2,string,20,33,False,True
RSRP1,string,20,8,False,False
MACO1,string,20,13,False,False
MTFR1L,string,20,6,False,False
PAQR7,string,20,12,False,False
STMN1,string,20,21,False,False
CNKSR1,string,20,11,False,False
SH3BGRL3,string,20,3,False,False
HMGN2,string,20,5,False,True
RPS6KA1,string,20,19,False,False
ARID1A,string,20,30,False,False
SFN,string,20,28,False,False
NR0B2,string,20,24,False,False
TRNP1,string,20,4,False,True
TMEM222,string,20,6,False,False
SYTL1,string,20,8,False,False
STX12,string,20,37,False,False
RPA2,string,20,49,False,True
SMPDL3B,string,20,14,False,False
ATP5IF1,string,20,5,False,False
SESN2,string,20,21,False,False
PHACTR4,string,20,4,False,False
RCC1,string,20,21,False,True
SNHG3,string,0,0,True,False
SNHG12,string,0,0,True,False
RAB42,string,20,4,False,False
GMEB1,string,20,2,False,False
SERINC2,string,20,9,False,False
TINAGL1,string,20,7,False,False
KPNA6,string,20,15,False,True
LCK,string,20,34,False,False
BSDC1,string,20,11,False,False
ZBTB8A,string,20,3,False,False
RNF19B,string,20,11,False,False
PHC2,string,20,30,False,False
TMEM35B,string,5,0,False,False
SFPQ,string,20,23,False,True
ZMYM4,string,20,13,False,True
KIAA0319L,string,20,14,False,False
CLSPN,string,20,17,False,True
AGO3,string,20,32,False,False
MAP7D1,string,20,8,False,False
EVA1B,string,20,7,False,False
ZC3H12A,string,20,10,False,False
MEAF6,string,20,37,False,False
SNIP1,string,20,22,False,True
CDCA8,string,20,66,False,True
YRDC,string,20,24,False,True
C1orf122,string,20,5,False,False
MTF1,string,20,14,False,False
FHL3,string,20,9,False,False
RRAGC,string,20,35,False,False
AKIRIN1,string,20,4,False,False
MACF1,string,20,23,False,False
RLF,string,20,4,False,False
COL9A2,string,20,15,False,False
SMAP2,string,20,5,False,False
CITED4,string,20,6,False,False
PPIH,string,20,12,False,True
SLC2A1,string,20,39,False,False
C1orf210,string,9,3,False,False
CDC20,string,20,119,False,True
ELOVL1,string,20,14,False,True
PTPRF,string,20,18,False,False
KDM4A,string,20,17,False,False
ATP6V0B,string,20,26,False,True
KIF2C,string,20,50,False,False
PLK3,string,20,10,False,False
NASP,string,20,16,False,True
GPBP1L1,string,20,10,False,False
TSPAN1,string,20,17,False,False
EFCAB14,string,20,8,False,False
STIL,string,20,19,False,True
RNF11,string,20,16,False,False
OSBPL9,string,20,5,False,False
RAB3B,string,20,8,False,False
SCP2,string,20,40,False,False
DIO1,string,20,8,False,False
HSPB11,string,20,14,False,False
LDLRAD1,string,20,5,False,False
TMEM59,string,20,12,False,False
DHCR24,string,20,24,False,False
PLPP3,string,20,38,False,False
PRKAA2,string,20,17,False,False
MYSM1,string,20,21,False,True
JUN,string,20,130,False,False
HOOK1,string,20,12,False,False
NFIA,string,20,15,False,False
TM2D1,string,20,9,False,False
PATJ,string,20,24,False,False
USP1,string,20,20,False,False
DOCK7,string,20,14,False,False
PGM1,string,20,27,False,False
JAK1,string,20,49,False,False
AK4,string,20,12,False,False
MIER1,string,20,11,False,True
GADD45A,string,20,10,False,False
DEPDC1,string,20,9,False,False
ZRANB2,string,20,16,False,True
CRYZ,string,20,13,False,False
SLC44A5,string,20,8,False,False
RABGGTB,string,20,16,False,True
AC118549.1,string,0,0,True,True
USP33,string,20,17,False,False
MIGA1,string,20,8,False,False
FUBP1,string,20,7,False,False
DNAJB4,string,20,15,False,False
GIPC2,string,20,8,False,False
ADGRL2,string,20,10,False,False
RPF1,string,20,14,False,True
CTBS,string,20,6,False,False
C1orf52,string,20,5,False,False
BCL10,string,0,0,True,False
DDAH1,string,20,9,False,False
CCN1,string,20,21,False,False
ZNHIT6,string,20,23,False,True
SH3GLB1,string,20,10,False,False
HS2ST1,string,20,18,False,False
LMO4,string,20,11,False,False
PKN2,string,20,9,False,False
GTF2B,string,20,69,False,True
ZNF326,string,20,6,False,False
ZNF644,string,20,19,False,False
TGFBR3,string,20,12,False,False
RPAP2,string,20,48,False,True
EVI5,string,20,21,False,False
RPL5,string,20,39,False,True
MTF2,string,20,12,False,False
DR1,string,20,17,False,True
FNBP1L,string,20,11,False,False
DNTTIP2,string,20,5,False,True
GCLM,string,20,28,False,False
ARHGAP29,string,20,10,False,False
CNN3,string,20,12,False,False
TLCD4,string,20,8,False,False
PTBP2,string,20,18,False,False
PALMD,string,20,9,False,False
AGL,string,20,27,False,False
DBT,string,20,16,False,False
SLC30A7,string,20,14,False,False
RNPC3,string,20,19,False,True
VAV3,string,20,17,False,False
PRPF38B,string,20,16,False,True
STXBP3,string,20,22,False,False
GPSM2,string,20,14,False,False
TAF13,string,20,24,False,True
TMEM167B,string,20,8,False,False
SARS,string,0,0,True,True
PSRC1,string,20,13,False,False
SORT1,string,20,45,False,False
GSTM3,string,20,15,False,False
SLC16A4,string,20,13,False,False
LRIF1,string,20,8,False,False
INKA2,string,20,8,False,False
CTTNBP2NL,string,20,14,False,False
RHOC,string,20,38,False,False
SLC16A1,string,20,16,False,False
SLC16A1-AS1,string,0,0,True,False
RSBN1,string,20,11,False,False
OLFML3,string,20,5,False,True
TRIM33,string,20,19,False,False
BCAS2,string,20,35,False,True
NRAS,string,20,81,False,False
ATP1A1,string,20,13,False,True
TTF2,string,20,6,False,True
MAN1A2,string,20,20,False,False
WDR3,string,20,39,False,True
PHGDH,string,20,22,False,False
SEC22B,string,20,63,False,False
LINC00623,string,0,0,True,False
SRGAP2C,string,20,9,False,False
LINC02802,string,0,0,True,False
SRGAP2B,string,20,3,False,False
PDZK1,string,20,18,False,False
RBM8A,string,20,34,False,True
POLR3GL,string,20,17,False,False
TXNIP,string,20,16,False,False
PRKAB2,string,20,24,False,False
FMO5,string,20,4,False,False
AC245297.3,string,0,0,True,False
HIST2H2AC,string,0,0,True,True
SF3B4,string,20,38,False,True
OTUD7B,string,20,28,False,False
PLEKHO1,string,20,3,False,False
ANP32E,string,20,12,False,False
PRPF3,string,20,46,False,True
RPRD2,string,20,15,False,False
MCL1,string,20,26,False,True
ANXA9,string,20,2,False,False
C1orf56,string,20,3,False,False
CDC42SE1,string,20,2,False,False
MLLT11,string,20,7,False,False
SCNM1,string,20,7,False,True
PIP5K1A,string,20,17,False,False
RFX5,string,20,8,False,False
POGZ,string,20,11,False,True
TUFT1,string,20,7,False,False
S100A10,string,20,29,False,False
S100A11,string,20,17,False,False
S100A6,string,20,15,False,False
S100A4,string,20,12,False,False
S100A3,string,20,6,False,False
S100A2,string,20,9,False,False
S100A16,string,20,5,False,False
S100A14,string,20,16,False,False
S100A13,string,0,0,True,False
S100A1,string,20,13,False,True
GATAD2B,string,20,21,False,False
IL6R,string,20,19,False,False
ADAR,string,20,27,False,False
PBXIP1,string,20,9,False,False
SHC1,string,20,68,False,True
CKS1B,string,20,20,False,False
EFNA1,string,20,8,False,False
DPM3,string,20,16,False,False
SCAMP3,string,20,7,False,False
PKLR,string,20,34,False,False
FDPS,string,20,33,False,True
ASH1L,string,20,20,False,False
RIT1,string,20,3,False,False
KHDC4,string,20,6,False,False
ARHGEF2,string,20,23,False,False
RAB25,string,20,21,False,False
MEX3A,string,20,3,False,True
LMNA,string,20,33,False,False
GLMP,string,20,7,False,False
RHBG,string,20,7,False,False
AL365181.3,string,0,0,True,False
NES,string,20,13,False,False
TAGLN2,string,20,17,False,False
F11R,string,20,30,False,False
NECTIN4,string,20,14,False,False
PFDN2,string,20,25,False,True
APOA2,string,20,53,False,False
MPZ,string,20,9,False,False
DUSP12,string,20,10,False,False
ATF6,string,20,29,False,False
NOS1AP,string,20,21,False,True
UHMK1,string,20,12,False,False
UAP1,string,20,20,False,False
HSD17B7,string,20,34,False,False
NUF2,string,20,30,False,True
TMCO1,string,20,15,False,False
POU2F1,string,20,25,False,False
CREG1,string,20,10,False,False
MPC2,string,20,2,False,False
DCAF6,string,20,26,False,True
ATP1B1,string,20,20,False,False
BLZF1,string,20,12,False,False
F5,string,20,19,False,False
SUCO,string,20,15,False,False
TNFSF4,string,20,6,False,False
CENPL,string,20,16,False,False
GAS5,string,0,0,True,False
SERPINC1,string,20,45,False,False
RC3H1,string,20,16,False,False
CACYBP,string,20,16,False,False
RASAL2,string,20,8,False,False
RALGPS2,string,20,16,False,False
ANGPTL1,string,20,5,False,False
ABL2,string,20,19,False,False
TOR1AIP2,string,20,10,False,False
CEP350,string,20,27,False,False
QSOX1,string,20,15,False,False
ACBD6,string,20,18,False,False
XPR1,string,20,12,False,False
STX6,string,20,58,False,False
MR1,string,20,2,False,False
IER5,string,20,5,False,False
GLUL,string,20,35,False,False
LAMC1,string,20,23,False,False
SMG7,string,20,18,False,True
ARPC5,string,20,24,False,False
RGL1,string,20,8,False,False
COLGALT2,string,20,13,False,False
EDEM3,string,20,19,False,False
ODR4,string,20,6,False,False
UCHL5,string,20,35,False,True
RO60,string,20,7,False,False
GLRX2,string,20,6,False,False
ASPM,string,20,88,False,False
ZBTB41,string,20,3,False,False
NEK7,string,20,8,False,False
ZNF281,string,20,7,False,False
KIF14,string,20,20,False,True
CAMSAP2,string,20,15,False,False
INAVA,string,20,5,False,False
TMEM9,string,20,15,False,False
PHLDA3,string,20,10,False,False
CSRP1,string,20,4,False,False
ELF3-AS1,string,0,0,True,False
ELF3,string,20,10,False,False
ARL8A,string,20,10,False,False
UBE2T,string,0,0,True,False
KDM5B,string,20,16,False,False
CYB5R1,string,20,7,False,False
BTG2,string,20,17,False,False
ETNK2,string,20,9,False,False
KISS1,string,20,11,False,False
GOLT1A,string,20,6,False,False
PPP1R15B,string,20,20,False,True
MDM4,string,20,15,False,False
DSTYK,string,20,7,False,True
ELK4,string,20,5,False,False
NUCKS1,string,20,4,False,False
MAPKAPK2,string,20,14,False,False
YOD1,string,20,30,False,False
C4BPB,string,20,8,False,False
C4BPA,string,20,14,False,False
CD55,string,20,17,False,False
CD46,string,20,19,False,False
LINC00467,string,0,0,True,False
SLC30A1,string,20,22,False,False
NEK2,string,20,26,False,False
LPGAT1,string,20,8,False,False
DTL,string,20,32,False,True
PPP2R5A,string,20,32,False,False
NENF,string,20,14,False,False
ATF3,string,20,32,False,False
FLVCR1,string,20,12,False,False
RPS6KC1,string,20,4,False,False
PROX1,string,20,13,False,False
PTPN14,string,20,19,False,False
CENPF,string,20,47,False,False
KCTD3,string,20,10,False,False
GPATCH2,string,20,12,False,False
LYPLAL1,string,20,24,False,False
EPRS,string,0,0,True,True
C1orf115,string,20,9,False,False
MARC1,string,0,0,True,False
MIA3,string,20,12,False,False
BROX,string,20,8,False,False
CAPN2,string,20,13,False,False
FBXO28,string,20,13,False,False
WDR26,string,20,18,False,True
LBR,string,20,34,False,False
ENAH,string,20,23,False,False
EPHX1,string,20,18,False,False
SDE2,string,20,9,False,True
ACBD3,string,20,26,False,False
MIXL1,string,20,6,False,False
COQ8A,string,0,0,True,False
CDC42BPA,string,20,13,False,False
C1orf35,string,20,2,False,False
RNF187,string,20,7,False,False
RHOU,string,20,12,False,False
ACTA1,string,20,54,False,False
AGT,string,20,28,False,False
EGLN1,string,20,25,False,False
AL445524.1,string,0,0,True,False
NTPCR,string,20,10,False,False
COA6,string,20,22,False,False
IRF2BP2,string,20,10,False,True
ARID4B,string,20,25,False,False
TBCE,string,20,19,False,True
B3GALNT2,string,20,14,False,False
NID1,string,20,12,False,False
LGALS8,string,20,14,False,False
HEATR1,string,20,55,False,True
MTR,string,20,25,False,False
OPN3,string,20,8,False,False
CHML,string,20,45,False,False
CEP170,string,20,19,False,False
SDCCAG8,string,20,18,False,False
HNRNPU,string,20,33,False,True
SMYD3,string,20,20,False,False
CNST,string,20,6,False,False
ZNF669,string,20,0,False,False
ZNF124,string,20,2,False,False
FAM110C,string,20,5,False,False
SH3YL1,string,20,11,False,False
TMEM18,string,20,8,False,False
TRAPPC12,string,20,11,False,False
ADI1,string,20,9,False,False
AC108488.1,string,0,0,True,False
RNASEH1-AS1,string,0,0,True,False
ID2,string,20,9,False,False
KIDINS220,string,20,6,False,False
ASAP2,string,20,20,False,False
ADAM17,string,20,23,False,False
KLF11,string,20,3,False,False
RRM2,string,20,37,False,True
HPCAL1,string,20,7,False,False
ODC1,string,20,21,False,False
ROCK2,string,20,31,False,False
E2F6,string,20,26,False,True
GREB1,string,20,17,False,False
LPIN1,string,20,31,False,True
AC106875.1,string,0,0,True,False
NBAS,string,20,18,False,True
VSNL1,string,20,7,False,False
SMC6,string,20,24,False,True
GEN1,string,20,17,False,False
MATN3,string,20,12,False,False
LAPTM4A,string,20,13,False,False
SDC1,string,20,39,False,True
PUM2,string,20,29,False,False
RHOB,string,20,29,False,False
AC012065.3,string,0,0,True,False
AC115619.1,string,0,0,True,False
APOB,string,20,79,False,False
ATAD2B,string,20,17,False,False
UBXN2A,string,20,12,False,False
FKBP1B,string,20,17,False,False
SF3B6,string,20,23,False,False
TP53I3,string,20,12,False,False
ITSN2,string,20,24,False,False
NCOA1,string,20,58,False,False
ASXL2,string,20,10,False,False
KIF3C,string,20,22,False,False
RAB10,string,20,41,False,False
SELENOI,string,20,35,False,False
CENPA,string,20,31,False,True
KHK,string,20,10,False,False
CGREF1,string,20,4,False,False
PREB,string,20,20,False,True
SLC5A6,string,20,15,False,False
FNDC4,string,20,7,False,False
SUPT7L,string,20,17,False,False
SLC4A1AP,string,0,0,True,False
MRPL33,string,20,18,False,True
RBKS,string,20,21,False,False
FOSL2,string,20,15,False,False
PPP1CB,string,20,67,False,True
WDR43,string,20,34,False,True
YPEL5,string,20,15,False,True
SPAST,string,0,0,True,False
YIPF4,string,20,8,False,False
BIRC6,string,20,14,False,False
AL133243.3,string,0,0,True,False
CRIM1,string,20,6,False,False
FEZ2,string,20,11,False,False
EIF2AK2,string,20,22,False,False
CEBPZOS,string,20,1,False,False
CEBPZ,string,20,21,False,True
PRKD3,string,20,8,False,False
HNRNPLL,string,20,4,False,False
GALM,string,20,14,False,False
SRSF7,string,20,37,False,True
MORN2,string,20,3,False,False
SOS1,string,0,0,True,False
MAP4K3,string,20,6,False,False
MAP4K3-DT,string,0,0,True,False
THUMPD2,string,20,6,False,False
EML4,string,20,9,False,False
MTA3,string,20,22,False,False
HAAO,string,20,16,False,False
ZFP36L2,string,20,11,False,False
LRPPRC,string,20,25,False,True
PPM1B,string,20,16,False,False
PREPL,string,20,12,False,False
EPAS1,string,20,25,False,False
RHOQ,string,20,28,False,True
CRIPT,string,20,4,False,False
SOCS5,string,20,7,False,False
CALM2,string,20,30,False,False
EPCAM,string,20,29,False,False
MSH2,string,20,32,False,False
MSH6,string,20,33,False,False
FBXO11,string,20,17,False,False
FOXN2,string,20,8,False,False
PSME4,string,20,13,False,False
ACYP2,string,20,8,False,False
SPTBN1,string,20,24,False,False
RTN4,string,20,35,False,False
CCDC88A,string,20,7,False,False
CFAP36,string,20,12,False,False
PPP4R3B,string,20,14,False,False
PAPOLG,string,20,17,False,False
REL,string,20,22,False,False
PUS10,string,20,10,False,False
PEX13,string,20,18,False,False
C2orf74,string,20,4,False,False
XPO1,string,20,64,False,True
FAM161A,string,20,18,False,False
COMMD1,string,20,40,False,False
B3GNT2,string,20,21,False,False
EHBP1,string,20,28,False,False
UGP2,string,20,25,False,False
VPS54,string,20,29,False,True
PELI1,string,20,8,False,False
LGALSL,string,20,8,False,False
AFTPH,string,0,0,True,False
SERTAD2,string,20,4,False,False
SLC1A4,string,20,24,False,False
CEP68,string,20,8,False,True
SPRED2,string,20,6,False,False
ETAA1,string,20,5,False,False
PNO1,string,20,32,False,True
ANTXR1,string,20,11,False,False
GFPT1,string,20,23,False,False
NFU1,string,20,25,False,False
AAK1,string,20,16,False,False
ANXA4,string,20,2,False,False
GMCL1,string,20,9,False,False
SNRNP27,string,20,11,False,True
MXD1,string,20,16,False,False
PCBP1-AS1,string,0,0,True,False
TIA1,string,20,17,False,False
PCYOX1,string,20,20,False,False
SNRPG,string,20,103,False,True
MPHOSPH10,string,20,54,False,True
ZNF638,string,20,11,False,False
SPR,string,20,11,False,False
EMX1,string,20,17,False,False
SFXN5,string,20,10,False,False
PRADC1,string,20,1,False,False
NAT8,string,20,13,False,False
TPRKB,string,20,10,False,True
DUSP11,string,20,10,False,False
STAMBP,string,20,16,False,False
TET3,string,20,9,False,False
MTHFD2,string,20,21,False,False
DCTN1,string,20,59,False,True
WBP1,string,20,5,False,True
LBX2,string,20,3,False,False
PCGF1,string,20,26,False,False
DQX1,string,20,3,False,False
HK2,string,20,34,False,False
EVA1A,string,20,7,False,False
TMSB10,string,20,5,False,True
KCMF1,string,20,6,False,True
TGOLN2,string,20,39,False,False
RETSAT,string,20,11,False,False
CAPG,string,20,6,False,False
MAT2A,string,20,23,False,True
GGCX,string,20,20,False,False
VAMP8,string,20,37,False,False
VAMP5,string,20,6,False,False
RNF181,string,20,7,False,False
TMEM150A,string,20,6,False,False
USP39,string,20,15,False,True
ATOH8,string,20,7,False,False
KDM3A,string,20,16,False,False
RNF103,string,20,7,False,True
RMND5A,string,20,19,False,False
CYTOR,string,0,0,True,False
KRCC1,string,20,3,False,False
FABP1,string,20,45,False,False
EIF2AK3,string,20,17,False,False
RPIA,string,20,20,False,True
ANKRD36C,string,20,9,False,False
TMEM127,string,20,13,False,True
SNRNP200,string,20,89,False,True
NCAPH,string,20,22,False,True
TMEM131,string,20,5,False,False
COA5,string,20,12,False,True
UNC50,string,20,17,False,True
MGAT4A,string,20,12,False,False
TSGA10,string,20,5,False,False
MITD1,string,20,16,False,False
REV1,string,20,15,False,False
NPAS2,string,20,18,False,False
TBC1D8,string,20,8,False,False
RNF149,string,20,5,False,False
MAP4K4,string,20,15,False,False
IL1R1,string,20,16,False,False
MRPS9,string,20,46,False,True
TGFBRAP1,string,20,27,False,False
AC012360.3,string,0,0,True,False
C2orf49,string,20,6,False,False
FHL2,string,20,30,False,False
GCC2,string,20,25,False,False
LIMS1,string,20,11,False,True
RANBP2,string,20,57,False,True
SEPTIN10,string,20,3,False,False
SOWAHC,string,20,4,False,False
MTLN,string,20,2,False,False
BUB1,string,20,116,False,True
MIR4435-2HG,string,0,0,True,False
BCL2L11,string,20,27,False,False
AC068491.3,string,0,0,True,False
MERTK,string,20,10,False,False
TMEM87B,string,20,4,False,False
ZC3H8,string,20,20,False,True
TTL,string,20,11,False,False
SLC20A1,string,20,17,False,False
CKAP2L,string,20,17,False,False
IL1RN,string,20,10,False,False
CBWD2,string,20,1,False,False
SLC35F5,string,20,8,False,False
ACTR3,string,20,32,False,True
AC009404.1,string,0,0,True,False
CCDC93,string,20,13,False,False
INSIG2,string,20,12,False,False
DBI,string,20,13,False,False
TMEM37,string,20,8,False,False
PTPN4,string,20,16,False,False
EPB41L5,string,20,11,False,False
RALB,string,20,18,False,False
NIFK-AS1,string,0,0,True,False
NIFK,string,20,60,False,True
MAP3K2,string,20,9,False,False
PROC,string,20,28,False,False
POLR2D,string,20,45,False,True
AMMECR1L,string,20,3,False,False
HS6ST1,string,20,22,False,True
CCDC115,string,20,11,False,True
FAM168B,string,20,7,False,False
PLEKHB2,string,20,8,False,False
MGAT5,string,20,18,False,False
CCNT2,string,20,27,False,False
RAB3GAP1,string,20,37,False,False
R3HDM1,string,20,4,False,False
UBXN4,string,20,15,False,False
MCM6,string,20,48,False,True
HNMT,string,20,7,False,False
SPOPL,string,20,22,False,False
KYNU,string,20,17,False,False
ACVR2A,string,20,22,False,False
ORC4,string,20,25,False,True
MBD5,string,20,5,False,False
EPC2,string,20,19,False,False
RIF1,string,20,6,False,False
AC097448.1,string,0,0,True,False
CACNB4,string,20,12,False,False
FMNL2,string,20,12,False,False
ARL6IP6,string,20,5,False,True
ACVR1,string,20,23,False,False
PKP4,string,20,20,False,False
TANC1,string,20,12,False,False
BAZ2B,string,20,14,False,False
MARCH7,string,0,0,True,False
CD302,string,20,1,False,False
RBMS1,string,20,9,False,False
TANK,string,20,15,False,False
PSMD14,string,20,40,False,True
DPP4,string,20,16,False,False
GCA,string,20,5,False,False
FIGN,string,20,8,False,False
GRB14,string,20,19,False,False
COBLL1,string,20,22,False,False
TTC21B,string,20,26,False,False
SCN1A-AS1,string,0,0,True,False
SCN1A,string,20,13,False,False
SCN9A,string,20,9,False,False
STK39,string,20,23,False,False
CERS6,string,20,12,False,False
SPC25,string,20,13,False,True
KLHL23,string,20,4,False,False
METTL5,string,20,8,False,False
UBR3,string,0,0,True,False
SP5,string,20,6,False,False
METTL8,string,20,10,False,False
DCAF17,string,20,12,False,False
HAT1,string,20,16,False,False
DLX1,string,20,10,False,False
DLX2,string,20,10,False,False
ITGA6,string,20,30,False,False
PDK1,string,20,13,False,False
MAP3K20,string,20,1,False,False
CDCA7,string,20,7,False,False
SP3,string,20,7,False,False
CIR1,string,20,8,False,False
CHN1,string,20,19,False,False
ATF2,string,20,29,False,False
LNPK,string,20,14,False,False
HOXD1,string,20,7,False,False
HNRNPA3,string,20,21,False,False
NFE2L2,string,20,33,False,False
FKBP7,string,20,10,False,False
PLEKHA3,string,20,7,False,False
SESTD1,string,20,9,False,False
CWC22,string,20,52,False,True
UBE2E3,string,20,20,False,False
ITPRID2,string,20,4,False,False
DNAJC10,string,20,18,False,False
LINC01473,string,0,0,True,False
ITGAV,string,20,48,False,False
TFPI,string,20,6,False,False
WDR75,string,20,28,False,True
SLC40A1,string,20,22,False,False
ASNSD1,string,20,11,False,False
C2orf88,string,20,5,False,False
INPP1,string,20,12,False,False
GLS,string,20,20,False,False
STAT1,string,20,67,False,False
MYO1B,string,20,10,False,False
NABP1,string,20,16,False,False
CAVIN2,string,20,10,False,False
SLC39A10,string,20,14,False,True
GTF3C3,string,20,19,False,True
PGAP1,string,20,13,False,False
SF3B1,string,20,84,False,True
COQ10B,string,20,6,False,False
HSPD1,string,20,55,False,True
HSPE1,string,20,26,False,True
MOB4,string,20,18,False,True
TYW5,string,20,13,False,False
SPATS2L,string,20,7,False,False
SGO2,string,20,7,False,False
AOX1,string,20,29,False,False
BZW1,string,20,8,False,False
CLK1,string,20,12,False,False
FAM126B,string,20,6,False,False
CASP10,string,20,15,False,False
ALS2,string,20,18,False,False
NOP58,string,20,84,False,True
BMPR2,string,20,21,False,False
FAM117B,string,20,15,False,False
NBEAL1,string,20,7,False,True
ABI2,string,20,27,False,False
RAPH1,string,20,11,False,False
NRP2,string,20,17,False,False
INO80D,string,20,16,False,True
EEF1B2,string,20,13,False,True
CREB1,string,20,69,False,False
FZD5,string,20,28,False,False
PLEKHM3,string,20,6,False,False
IDH1,string,20,34,False,False
PIKFYVE,string,20,34,False,False
BARD1,string,20,43,False,True
FN1,string,20,104,False,False
PECR,string,20,27,False,False
IGFBP2,string,20,11,False,False
TMBIM1,string,20,11,False,False
VIL1,string,20,10,False,False
USP37,string,20,7,False,True
CNOT9,string,20,22,False,True
RNF25,string,20,11,False,False
CYP27A1,string,20,24,False,False
RETREG2,string,20,8,False,False
ZFAND2B,string,20,9,False,False
ABCB6,string,20,17,False,False
ATG9A,string,20,26,False,False
ANKZF1,string,20,15,False,False
TUBA4A,string,20,33,False,False
TUBA4B,string,0,0,True,False
DNAJB2,string,20,5,False,False
CHPF,string,20,16,False,False
TMEM198,string,20,1,False,False
OBSL1,string,20,13,False,False
ACSL3,string,20,17,False,False
AP1S3,string,20,14,False,False
WDFY1,string,20,8,False,False
MRPL44,string,20,28,False,True
SERPINE2,string,20,17,False,False
CUL3,string,20,58,False,True
IRS1,string,20,45,False,False
CCL20,string,20,15,False,False
TRIP12,string,20,42,False,False
SP100,string,20,19,False,False
CAB39,string,20,23,False,False
ITM2C,string,20,12,False,False
C2orf72,string,7,0,False,False
NCL,string,20,35,False,True
PTMA,string,20,17,False,True
TIGD1,string,20,9,False,True
SNORC,string,20,0,False,False
NGEF,string,20,19,False,False
INPP5D,string,20,23,False,False
HJURP,string,20,31,False,True
SH3BP4,string,20,15,False,False
AGAP1,string,20,0,False,False
COPS8,string,20,36,False,True
RAB17,string,20,3,False,False
LRRFIP1,string,20,10,False,False
HES6,string,20,7,False,False
PER2,string,20,11,False,False
TRAF3IP1,string,20,22,False,False
GPC1,string,20,26,False,False
RNPEPL1,string,20,8,False,False
GPR35,string,20,7,False,False
AGXT,string,20,44,False,False
MAB21L4,string,20,8,False,False
MTERF4,string,20,10,False,False
BOK,string,20,8,False,False
DTYMK,string,20,20,False,True
AC131097.2,string,0,0,True,False
NEU4,string,20,15,False,False
CRBN,string,20,27,False,False
ITPR1,string,20,40,False,False
BHLHE40,string,20,17,False,False
ARL8B,string,20,19,False,False
LMCD1,string,20,13,False,False
SSUH2,string,20,5,False,False
THUMPD3-AS1,string,0,0,True,False
SETD5,string,20,14,False,True
CAMK1,string,20,12,False,False
TTLL3,string,20,5,False,False
CIDEC,string,20,16,False,False
CRELD1,string,20,10,False,False
EMC3,string,20,11,False,True
SLC6A11,string,20,6,False,False
VGLL4,string,20,12,False,False
PPARG,string,20,69,False,False
IQSEC1,string,20,13,False,False
XPC,string,20,27,False,False
LSM3,string,20,46,False,True
SLC6A6,string,20,16,False,False
CCDC174,string,20,4,False,True
FGD5-AS1,string,0,0,True,False
CAPN7,string,20,4,False,False
EAF1,string,20,13,False,False
ANKRD28,string,20,16,False,False
RAB5A,string,20,60,False,False
SGO1,string,20,25,False,False
NR1D2,string,20,9,False,False
TOP2B,string,20,13,False,False
SLC4A7,string,20,14,False,False
AZI2,string,20,8,False,False
TGFBR2,string,20,46,False,False
OSBPL10,string,20,12,False,False
GPD1L,string,20,17,False,False
CMTM8,string,20,10,False,False
DYNC1LI1,string,20,28,False,False
TRIM71,string,20,11,False,False
CRTAP,string,20,13,False,False
PDCD6IP,string,20,26,False,True
EPM2AIP1,string,20,6,False,False
CTDSPL,string,20,11,False,False
ACAA1,string,20,36,False,False
OXSR1,string,20,20,False,False
ACVR2B,string,20,24,False,False
WDR48,string,20,13,False,False
CSRNP1,string,20,5,False,False
SLC25A38,string,0,0,True,False
EIF1B,string,20,9,False,False
ZNF621,string,20,0,False,False
CTNNB1,string,20,245,False,False
ULK4,string,20,5,False,False
TRAK1,string,20,12,False,False
NKTR,string,20,16,False,False
HIGD1A,string,20,17,False,False
ABHD5,string,20,17,False,False
ZNF445,string,20,3,False,False
KIF15,string,20,28,False,False
SETD2,string,20,48,False,True
KIF9,string,0,0,True,False
KLHL18,string,20,13,False,False
MAP4,string,20,14,False,False
CDC25A,string,20,23,False,False
PLXNB1,string,20,24,False,False
CCDC51,string,20,3,False,False
SHISA5,string,20,5,False,False
IP6K2,string,20,21,False,False
SLC25A20,string,20,14,False,False
LAMB2,string,20,19,False,False
KLHDC8B,string,20,8,False,False
TCTA,string,20,4,False,False
AMT,string,20,25,False,False
MST1,string,20,6,False,True
RBM6,string,20,9,False,False
RBM5,string,20,7,False,False
SEMA3F,string,20,9,False,False
SLC38A3,string,20,13,False,False
SEMA3B,string,20,10,False,False
HYAL1,string,20,5,False,False
RASSF1,string,20,23,False,False
MANF,string,20,29,False,True
TEX264,string,20,12,False,False
PARP3,string,20,10,False,False
PCBP4,string,20,3,False,False
ABHD14A,string,20,9,False,False
POC1A,string,20,6,False,False
ALAS1,string,20,27,False,False
TWF2,string,20,13,False,False
WDR82,string,20,42,False,True
GLYCTK,string,20,20,False,False
TNNC1,string,20,5,False,False
NT5DC2,string,20,10,False,False
PBRM1,string,20,20,False,False
GLT8D1,string,20,3,False,False
ITIH3,string,20,15,False,False
DCP1A,string,20,26,False,False
CHDH,string,20,12,False,False
IL17RB,string,20,1,False,False
SELENOK,string,20,19,False,False
CCDC66,string,20,12,False,False
TASOR,string,20,13,False,False
ARHGEF3,string,20,12,False,False
SLMAP,string,20,25,False,False
FLNB,string,20,23,False,False
ACOX2,string,20,33,False,False
FHIT,string,20,10,False,False
PTPRG,string,20,7,False,False
ATXN7,string,0,0,True,False
ADAMTS9,string,20,15,False,False
MAGI1,string,20,13,False,False
ARL6IP5,string,20,14,False,False
FOXP1,string,0,0,True,False
RYBP,string,20,24,False,False
ROBO1,string,20,32,False,False
GBE1,string,20,25,False,False
CHMP2B,string,20,39,False,False
CGGBP1,string,20,9,False,False
ZNF654,string,0,0,True,False
C3orf38,string,20,8,False,False
PROS1,string,20,18,False,False
CRYBG3,string,20,0,False,False
CLDND1,string,20,2,False,False
DCBLD2,string,20,11,False,False
CMSS1,string,20,7,False,False
FILIP1L,string,20,12,False,False
TBC1D23,string,20,20,False,False
TMEM45A,string,20,16,False,False
SENP7,string,20,17,False,False
TRMT10C,string,20,18,False,True
ZBTB11,string,20,12,False,True
NFKBIZ,string,20,11,False,False
CBLB,string,0,0,True,False
BBX,string,20,12,False,False
IFT57,string,20,25,False,False
CIP2A,string,20,12,False,False
DZIP3,string,20,5,False,False
NECTIN3,string,20,11,False,False
PLCXD2,string,20,7,False,False
PHLDB2,string,20,13,False,False
NEPRO,string,20,5,False,True
USF3,string,20,10,False,False
ATP6V1A,string,20,47,False,True
ZBTB20,string,20,12,False,False
GSK3B,string,20,66,False,True
LRRC58,string,20,6,False,False
HGD,string,20,20,False,False
POLQ,string,20,7,False,False
GOLGB1,string,20,26,False,False
FAM162A,string,20,16,False,False
KPNA1,string,20,18,False,False
PARP14,string,20,12,False,False
HACD2,string,20,14,False,False
MYLK,string,20,26,False,False
ITGB5,string,20,29,False,False
HEG1,string,20,2,False,False
ZNF148,string,20,5,False,False
OSBPL11,string,20,4,False,False
CHST13,string,20,11,False,False
MCM2,string,20,78,False,True
GATA2,string,20,20,False,False
RAB43,string,20,23,False,False
H1FX,string,0,0,True,False
PLXND1,string,20,21,False,False
TMCC1,string,20,7,False,False
DNAJC13,string,20,15,False,False
ACAD11,string,20,14,False,False
NPHP3,string,20,20,False,False
TOPBP1,string,20,30,False,True
TF,string,20,18,False,False
SRPRB,string,20,26,False,True
RYK,string,20,11,False,False
AMOTL2,string,20,20,False,False
ANAPC13,string,20,15,False,True
MSL2,string,20,14,False,False
RBP1,string,20,9,False,False
SLC25A36,string,20,11,False,False
ZBTB38,string,20,12,False,False
TFDP2,string,20,8,False,False
XRN1,string,20,53,False,True
ATR,string,20,45,False,True
U2SURP,string,20,11,False,True
DIPK2A,string,20,10,False,False
PLOD2,string,20,24,False,False
GYG1,string,20,16,False,True
HLTF,string,20,25,False,False
HPS3,string,20,9,False,False
CP,string,20,25,False,False
AC093001.2,string,0,0,True,False
TM4SF1,string,20,10,False,False
WWTR1,string,20,19,False,False
RNF13,string,20,6,False,False
PFN2,string,20,20,False,False
TSC22D2,string,20,16,False,False
SELENOT,string,20,22,False,False
SIAH2,string,20,17,False,False
MBNL1,string,20,25,False,True
RAP2B,string,20,8,False,False
SLC33A1,string,0,0,True,False
GMPS,string,20,40,False,True
TIPARP,string,20,10,False,False
CCNL1,string,20,7,False,True
SMC4,string,20,31,False,True
NMD3,string,20,29,False,True
PDCD10,string,20,21,False,False
SERPINI1,string,20,9,False,False
GOLIM4,string,20,14,False,False
SEC62,string,20,23,False,True
GPR160,string,20,5,False,False
PHC3,string,20,28,False,False
SKIL,string,20,16,False,False
CLDN11,string,20,17,False,False
RPL22L1,string,20,4,False,False
EIF5A2,string,20,6,False,False
SLC2A2,string,20,28,False,False
PLD1,string,20,34,False,False
FNDC3B,string,20,12,False,False
NCEH1,string,20,8,False,False
ECT2,string,20,21,False,True
TBL1XR1,string,20,36,False,False
ZMAT3,string,20,15,False,False
PIK3CA,string,20,97,False,False
ACTL6A,string,20,68,False,True
ATP11B,string,20,4,False,True
KLHL24,string,20,22,False,False
PSMD2,string,20,29,False,True
MAGEF1,string,20,3,False,False
EHHADH,string,20,58,False,False
MAP3K13,string,20,7,False,False
TMEM41A,string,20,5,False,False
TRA2B,string,20,38,False,True
AHSG,string,20,55,False,False
EIF4A2,string,20,32,False,False
RFC4,string,20,53,False,True
ST6GAL1,string,20,18,False,False
BCL6,string,20,27,False,False
LPP,string,0,0,True,False
CLDN1,string,20,28,False,False
IL1RAP,string,20,4,False,False
AC073365.1,string,0,0,True,False
OPA1,string,20,10,False,True
HES1,string,20,18,False,False
CPN2,string,20,9,False,False
ATP13A3,string,20,4,False,False
LSG1,string,20,15,False,True
ACAP2,string,20,16,False,False
PPP1R2,string,20,8,False,True
TFRC,string,20,48,False,True
TCTEX1D2,string,0,0,True,False
UBXN7,string,20,61,False,False
RNF168,string,20,24,False,True
PAK2,string,20,29,False,False
NCBP2,string,20,57,False,True
NCBP2AS2,string,0,0,True,False
PIGZ,string,20,13,False,False
DLG1,string,20,35,False,False
BDH1,string,20,5,False,False
FYTTD1,string,20,19,False,False
LRCH3,string,20,9,False,False
ZNF721,string,20,3,False,False
PIGG,string,20,16,False,False
PCGF3,string,20,23,False,False
AC139887.2,string,0,0,True,False
SPON2,string,20,9,False,False
SLBP,string,20,16,False,True
TACC3,string,20,10,False,True
FGFR3,string,20,24,False,False
NSD2,string,20,20,False,False
C4orf48,string,20,5,False,False
MXD4,string,20,14,False,False
ADD1,string,20,13,False,False
MFSD10,string,20,13,False,False
HTT,string,20,47,False,False
RGS12,string,20,13,False,False
HGFAC,string,20,6,False,False
LRPAP1,string,0,0,True,False
LYAR,string,20,13,False,False
MSX1,string,20,17,False,False
WFS1,string,20,26,False,False
AC093323.1,string,0,0,True,False
S100P,string,20,6,False,False
MRFAP1L1,string,20,2,False,False
KIAA0232,string,20,1,False,False
BOD1L1,string,20,6,False,True
FAM200B,string,0,0,True,False
PROM1,string,20,13,False,False
TAPT1,string,20,13,False,False
NCAPG,string,20,65,False,True
LCORL,string,20,14,False,False
DHX15,string,20,48,False,True
SEL1L3,string,20,8,False,False
SMIM20,string,20,7,False,False
RBPJ,string,20,35,False,False
RELL1,string,20,8,False,False
KLF3,string,20,7,False,False
FAM114A1,string,20,13,False,False
KLHL5,string,20,12,False,False
KLB,string,20,10,False,False
UGDH,string,20,26,False,False
SMIM14,string,20,12,False,False
PDS5A,string,20,22,False,False
N4BP2,string,20,6,False,False
RBM47,string,20,6,False,False
APBB2,string,20,15,False,False
TMEM33,string,20,19,False,False
GUF1,string,20,11,False,False
SLAIN2,string,20,8,False,False
SGCB,string,20,8,False,False
SPATA18,string,20,11,False,False
DANCR,string,0,0,True,False
FIP1L1,string,20,31,False,True
CHIC2,string,20,7,False,False
TMEM165,string,20,20,False,False
EXOC1,string,20,26,False,True
PPAT,string,20,20,False,False
PAICS,string,20,30,False,False
REST,string,20,17,False,False
POLR2B,string,20,77,False,True
IGFBP7,string,20,10,False,False
CENPC,string,20,25,False,True
UBA6,string,20,23,False,False
UBA6-AS1,string,0,0,True,False
YTHDC1,string,20,27,False,True
UGT2B10,string,20,21,False,False
UGT2A3,string,20,20,False,False
UGT2B7,string,20,21,False,False
UTP3,string,20,41,False,True
RUFY3,string,20,9,False,False
MOB1B,string,20,17,False,False
ALB,string,20,108,False,False
AFP,string,20,43,False,False
MTHFD2L,string,20,17,False,False
AREG,string,20,14,False,False
RCHY1,string,20,10,False,False
SDAD1,string,20,35,False,True
SCARB2,string,20,11,False,False
STBD1,string,20,6,False,False
CCNI,string,20,9,False,False
CCNG2,string,20,12,False,False
CNOT6L,string,20,32,False,False
FRAS1,string,20,10,False,False
ANXA3,string,20,5,False,False
PAQR3,string,20,6,False,False
ANTXR2,string,20,10,False,False
HNRNPD,string,20,32,False,False
HNRNPDL,string,20,10,False,True
THAP9-AS1,string,0,0,True,False
LIN54,string,20,9,False,True
COPS4,string,20,32,False,True
PLAC8,string,20,4,False,False
ABRAXAS1,string,20,9,False,False
GPAT3,string,20,12,False,False
CDS1,string,20,22,False,False
WDFY3,string,20,21,False,True
AFF1,string,20,11,False,False
NUDT9,string,20,12,False,False
SPP1,string,20,25,False,False
PPM1K,string,20,7,False,False
AC093866.1,string,0,0,True,False
SMARCAD1,string,20,9,False,False
PDLIM5,string,20,25,False,False
ADH6,string,20,18,False,False
MTTP,string,20,10,False,False
LAMTOR3,string,20,25,False,True
DNAJB14,string,20,9,False,False
H2AFZ,string,0,0,True,True
PPP3CA,string,20,56,False,False
AP001816.1,string,0,0,True,False
NFKB1,string,20,40,False,False
CENPE,string,20,61,False,True
TET2,string,20,11,False,False
NPNT,string,20,5,False,False
TBCK,string,20,12,False,False
AIMP1,string,20,18,False,False
HADH,string,20,21,False,False
PLA2G12A,string,20,18,False,False
CFI,string,20,12,False,False
GAR1,string,20,19,False,True
ELOVL6,string,20,19,False,False
FAM241A,string,20,11,False,False
AP1AR,string,20,8,False,False
TIFA,string,20,8,False,False
CAMK2D,string,20,35,False,False
SNHG8,string,0,0,True,False
SEC24D,string,20,43,False,False
USP53,string,20,4,False,False
C4orf3,string,14,1,False,False
MAD2L1,string,20,85,False,True
ANXA5,string,20,28,False,False
CCNA2,string,20,124,False,True
KIAA1109,string,20,5,False,False
SPRY1,string,20,13,False,False
ANKRD50,string,20,14,False,False
INTU,string,20,6,False,False
HSPA4L,string,20,26,False,False
LARP1B,string,20,12,False,False
JADE1,string,20,12,False,False
SLC7A11,string,20,17,False,False
ELF2,string,20,5,False,False
NAA15,string,20,14,False,True
AC097376.3,string,0,0,True,False
RAB33B,string,20,23,False,False
CLGN,string,20,8,False,False
TBC1D9,string,20,11,False,False
ZNF330,string,20,2,False,False
SMARCA5,string,20,26,False,False
ABCE1,string,20,40,False,True
ZNF827,string,20,7,False,False
LSM6,string,20,40,False,True
TMEM184C,string,20,9,False,False
LRBA,string,20,16,False,False
SH3D19,string,20,10,False,False
FBXW7,string,20,29,False,True
TRIM2,string,20,13,False,False
MND1,string,20,8,False,False
FGB,string,20,42,False,False
FGA,string,0,0,True,False
FGG,string,20,46,False,False
PDGFC,string,20,7,False,False
GASK1B,string,20,7,False,False
TMEM144,string,20,10,False,False
FNIP2,string,20,14,False,False
RAPGEF2,string,20,17,False,False
TMEM192,string,20,1,False,False
MSMO1,string,20,28,False,False
CPE,string,20,13,False,False
PALLD,string,20,13,False,False
SH3RF1,string,20,11,False,False
CLCN3,string,20,19,False,False
HMGB2,string,20,10,False,False
SAP30,string,20,26,False,False
FBXO8,string,20,14,False,False
WWC2,string,20,10,False,False
CDKN2AIP,string,20,5,False,False
ING2,string,20,20,False,False
IRF2,string,20,19,False,False
CASP3,string,20,90,False,False
CENPU,string,20,23,False,False
ANKRD37,string,20,10,False,False
PDLIM3,string,20,16,False,False
SORBS2,string,20,12,False,False
FAT1,string,20,14,False,False
FRG1,string,20,12,False,False
EXOC3,string,20,26,False,True
TRIP13,string,20,16,False,False
SLC12A7,string,20,12,False,False
LPCAT1,string,20,27,False,False
MRPL36,string,20,40,False,True
ICE1,string,20,9,False,True
MED10,string,20,35,False,True
NSUN2,string,20,20,False,False
MIR4458HG,string,0,0,True,False
CMBL,string,20,10,False,False
MARCH6,string,0,0,True,False
DAP,string,20,3,False,False
TRIO,string,20,13,False,False
ANKH,string,20,10,False,False
ZNF622,string,20,17,False,False
MYO10,string,20,11,False,False
PURPL,string,0,0,True,False
GOLPH3,string,20,34,False,False
AC025181.2,string,0,0,True,False
MTMR12,string,20,7,False,False
ZFR,string,20,11,False,True
SUB1,string,20,7,False,False
TARS,string,0,0,True,True
AMACR,string,20,28,False,False
RAI14,string,20,7,False,False
RAD1,string,20,13,False,False
BRIX1,string,20,51,False,True
DNAJC21,string,20,13,False,False
PRLR,string,20,8,False,False
SKP2,string,20,27,False,True
NADK2,string,20,13,False,False
NIPBL-DT,string,0,0,True,False
NIPBL,string,20,54,False,False
CPLANE1,string,20,8,False,False
NUP155,string,20,43,False,True
GDNF,string,20,18,False,False
LIFR,string,20,7,False,False
OSMR,string,20,8,False,False
RICTOR,string,20,22,False,False
DAB2,string,20,21,False,False
TTC33,string,20,6,False,False
PRKAA1,string,20,20,False,False
RPL37,string,20,5,False,True
C5orf51,string,18,3,False,False
SELENOP,string,20,22,False,False
ZNF131,string,20,12,False,True
HMGCS1,string,20,38,False,True
NNT-AS1,string,0,0,True,False
NNT,string,20,8,False,False
MRPS30,string,20,14,False,True
PELO,string,20,6,False,True
ITGA1,string,20,33,False,False
ITGA2,string,20,22,False,False
MOCS2,string,20,11,False,False
FST,string,20,16,False,False
NDUFS4,string,20,41,False,False
ARL15,string,20,16,False,False
SNX18,string,20,9,False,False
DHX29,string,20,5,False,True
PLPP1,string,20,21,False,False
IL6ST,string,20,20,False,False
MAP3K1,string,20,33,False,False
GPBP1,string,20,12,False,False
PLK2,string,20,11,False,False
DEPDC1B,string,20,10,False,False
NDUFAF2,string,20,8,False,False
SMIM15,string,20,5,False,False
KIF2A,string,20,16,False,False
SREK1IP1,string,20,9,False,False
CENPK,string,20,20,False,True
TRIM23,string,20,23,False,False
NLN,string,20,4,False,False
ERBIN,string,20,18,False,False
SREK1,string,20,22,False,False
MAST4,string,20,6,False,False
PIK3R1,string,20,101,False,False
CCNB1,string,20,127,False,True
CENPH,string,20,17,False,True
CDK7,string,20,41,False,True
AK6,string,20,18,False,False
TAF9,string,20,32,False,False
MARVELD2,string,20,16,False,False
OCLN,string,20,30,False,False
BDP1,string,20,39,False,True
MAP1B,string,20,22,False,False
FCHO2,string,20,23,False,False
ANKRA2,string,20,6,False,False
ARHGEF28,string,20,13,False,False
ENC1,string,20,22,False,False
HEXB,string,20,19,False,False
NSA2,string,20,35,False,True
FAM169A,string,20,6,False,False
HMGCR,string,20,40,False,True
CERT1,string,20,35,False,False
POLK,string,20,9,False,False
F2R,string,20,18,False,False
F2RL1,string,20,6,False,False
AGGF1,string,20,12,False,False
ZBED3,string,20,6,False,False
SCAMP1-AS1,string,0,0,True,False
BHMT2,string,20,11,False,False
JMY,string,20,9,False,False
SERINC5,string,20,6,False,False
ZFYVE16,string,20,21,False,False
DHFR,string,20,32,False,True
RASGRF2,string,20,8,False,False
VCAN,string,20,27,False,False
CCNH,string,20,41,False,True
TMEM161B-AS1,string,0,0,True,False
LYSMD3,string,20,5,False,False
LUCAT1,string,0,0,True,False
NR2F1,string,20,17,False,False
TTC37,string,20,23,False,False
RHOBTB3,string,20,13,False,False
GLRX,string,20,20,False,False
ELL2,string,20,15,False,False
CAST,string,20,6,False,True
LNPEP,string,20,27,False,False
RIOK2,string,20,25,False,True
CHD1,string,20,20,False,False
FAM174A,string,20,3,False,False
PAM,string,20,12,False,False
FER,string,20,3,False,False
PJA2,string,20,17,False,False
MAN2A1,string,20,24,False,False
STARD4,string,20,10,False,False
EPB41L4A-AS1,string,0,0,True,False
APC,string,20,28,False,False
REEP5,string,20,23,False,False
DCP2,string,20,23,False,False
MCC,string,20,5,False,False
YTHDC2,string,20,17,False,False
CCDC112,string,20,5,False,False
TMED7,string,20,28,False,False
ATG12,string,20,33,False,False
SEMA6A,string,20,11,False,False
DMXL1,string,20,25,False,False
TNFAIP8,string,20,6,False,False
SRFBP1,string,20,6,False,True
LOX,string,20,22,False,False
SNX2,string,20,32,False,False
SNX24,string,20,13,False,False
PPIC,string,20,14,False,False
CSNK1G3,string,20,6,False,False
GRAMD2B,string,20,10,False,False
PHAX,string,20,18,False,True
LMNB1,string,20,28,False,False
MARCH3,string,0,0,True,False
PRRC1,string,20,12,False,False
SLC12A2,string,20,25,False,False
RAPGEF6,string,20,14,False,False
FNIP1,string,20,17,False,False
P4HA2,string,20,23,False,False
IRF1,string,20,25,False,False
RAD50,string,20,22,False,False
KIF3A,string,20,35,False,False
SHROOM1,string,20,6,False,False
LEAP2,string,20,6,False,False
AFF4,string,20,20,False,False
ZCCHC10,string,20,17,False,False
HSPA4,string,20,101,False,False
C5orf15,string,20,7,False,False
TCF7,string,20,26,False,False
PPP2CA,string,20,98,False,True
UBE2B,string,20,29,False,False
CDKN2AIPNL,string,20,3,False,False
SAR1B,string,20,24,False,False
SEC24A,string,20,37,False,False
CAMLG,string,20,6,False,True
PITX1,string,20,12,False,False
TGFBI,string,20,10,False,False
SMAD5,string,20,26,False,False
FAM13B,string,20,8,False,False
BRD8,string,20,37,False,True
KIF20A,string,20,71,False,True
CDC25C,string,20,23,False,False
FAM53C,string,20,10,False,False
REEP2,string,20,16,False,False
EGR1,string,20,45,False,False
ETF1,string,20,25,False,True
HSPA9,string,20,79,False,True
SIL1,string,20,8,False,False
SNHG4,string,0,0,True,False
CXXC5,string,20,9,False,False
PURA,string,20,13,False,False
CYSTM1,string,20,4,False,False
PFDN1,string,20,25,False,True
ANKHD1,string,20,11,False,False
SRA1,string,20,9,False,True
NDUFA2,string,20,47,False,True
IK,string,20,10,False,True
ZMAT2,string,20,19,False,True
PCDHB2,string,20,0,False,False
TAF7,string,20,28,False,True
GNPDA1,string,20,9,False,False
NDFIP1,string,20,9,False,False
SPRY4,string,20,8,False,False
ARHGAP26,string,20,15,False,False
NR3C1,string,20,65,False,False
YIPF5,string,20,16,False,False
SH3RF2,string,20,10,False,False
LARS,string,0,0,True,True
RBM27,string,20,9,False,False
SPINK1,string,20,7,False,False
FBXO38,string,20,11,False,False
SLC26A2,string,20,17,False,False
ARSI,string,20,6,False,False
TCOF1,string,20,12,False,True
CD74,string,20,20,False,False
NDST1,string,20,25,False,False
RBM22,string,20,42,False,True
DCTN4,string,20,34,False,True
SMIM3,string,20,5,False,False
GPX3,string,20,23,False,False
TNIP1,string,20,11,False,False
ANXA6,string,20,13,False,False
CCDC69,string,20,6,False,False
GM2A,string,20,26,False,False
SPARC,string,20,25,False,False
G3BP1,string,20,29,False,False
GALNT10,string,20,8,False,False
FAXDC2,string,20,13,False,False
CNOT8,string,20,28,False,False
MRPL22,string,20,26,False,True
CYFIP2,string,0,0,True,False
CLINT1,string,20,18,False,False
RNF145,string,20,17,False,False
TTC1,string,20,12,False,True
CCNJL,string,20,7,False,False
SLU7,string,20,29,False,True
PTTG1,string,20,14,False,False
CCNG1,string,20,13,False,False
HMMR,string,20,17,False,False
WWC1,string,20,33,False,False
PANK3,string,20,11,False,False
SPDL1,string,20,10,False,True
NPM1,string,20,32,False,True
DUSP1,string,20,22,False,False
ERGIC1,string,20,5,False,False
ATP6V0E1,string,20,28,False,False
CREBRF,string,20,9,False,False
STC2,string,20,18,False,False
CPEB4,string,20,14,False,False
SFXN1,string,20,6,False,False
CPLX2,string,20,13,False,False
THOC3,string,20,17,False,True
KIAA1191,string,20,5,False,False
NOP16,string,20,10,False,True
CLTB,string,20,33,False,False
FAF2,string,20,37,False,True
RNF44,string,20,11,False,False
CDHR2,string,20,8,False,False
UIMC1,string,20,16,False,False
FGFR4,string,20,14,False,False
MXD3,string,20,9,False,False
RGS14,string,20,14,False,False
GRK6,string,20,9,False,False
PRR7,string,20,4,False,False
DBN1,string,20,25,False,False
PDLIM7,string,20,19,False,False
HNRNPAB,string,20,6,False,False
CLK4,string,20,11,False,False
HNRNPH1,string,20,76,False,True
CANX,string,20,66,False,False
SQSTM1,string,20,56,False,False
RNF130,string,20,2,False,False
CNOT6,string,20,29,False,False
MGAT1,string,20,20,False,False
TRIM41,string,20,8,False,False
RACK1,string,20,121,False,True
AC008443.1,string,0,0,True,False
TRIM52,string,20,6,False,False
DUSP22,string,20,14,False,False
FOXQ1,string,20,9,False,False
FOXC1,string,0,0,True,False
GMDS,string,20,26,False,False
GMDS-DT,string,0,0,True,False
SERPINB1,string,20,8,False,True
SERPINB9,string,20,5,False,False
NQO2,string,20,4,False,False
BPHL,string,20,11,False,False
TUBB2A,string,20,29,False,True
LINC02525,string,0,0,True,False
TUBB2B,string,20,26,False,False
PSMG4,string,20,6,False,True
SLC22A23,string,20,9,False,False
PRPF4B,string,20,17,False,True
CDYL,string,20,35,False,False
RREB1,string,20,9,False,False
RIOK1,string,20,14,False,True
AL031058.1,string,0,0,True,False
DSP,string,20,19,False,False
SNRNP48,string,20,9,False,True
GCNT2,string,20,13,False,False
PAK1IP1,string,20,17,False,True
ELOVL2,string,20,17,False,False
SMIM13,string,20,3,False,False
NEDD9,string,20,12,False,False
HIVEP1,string,20,6,False,False
EDN1,string,20,17,False,False
RANBP9,string,20,18,False,False
JARID2,string,20,18,False,False
ATXN1,string,20,18,False,False
RBM24,string,20,9,False,False
CAP2,string,20,16,False,False
FAM8A1,string,20,4,False,False
NUP153,string,20,78,False,True
KIF13A,string,20,11,False,False
DEK,string,0,0,True,False
AL022068.1,string,0,0,True,False
ID4,string,20,5,False,False
E2F3,string,20,16,False,False
SOX4,string,20,8,False,False
DCDC2,string,20,12,False,False
MRS2,string,20,9,False,False
ALDH5A1,string,20,20,False,False
TDP2,string,20,11,False,False
ACOT13,string,20,27,False,False
C6orf62,string,20,9,False,False
GMNN,string,20,18,False,False
TRIM38,string,20,8,False,False
HIST1H1C,string,0,0,True,False
HIST1H4C,string,0,0,True,False
HIST1H2AC,string,0,0,True,False
HIST1H1E,string,0,0,True,False
BTN2A1,string,20,4,False,False
HMGN4,string,20,7,False,False
ZNF322,string,20,6,False,False
HIST1H2AJ,string,0,0,True,False
HIST1H2BN,string,0,0,True,True
HIST1H1B,string,0,0,True,False
ZSCAN16-AS1,string,0,0,True,False
AL121944.1,string,0,0,True,False
ZNF165,string,20,4,False,False
ZKSCAN8,string,20,9,False,False
UBD,string,20,10,False,False
HLA-A,string,20,25,False,False
ZNRD1,string,0,0,True,True
PPP1R11,string,20,24,False,True
TRIM15,string,20,3,False,False
HCG18,string,0,0,True,False
HLA-E,string,20,19,False,False
PPP1R10,string,20,21,False,True
PPP1R18,string,20,9,False,False
NRM,string,20,8,False,False
MDC1,string,20,35,False,False
TUBB,string,20,18,False,True
IER3,string,20,8,False,False
DDR1,string,20,5,False,False
HLA-C,string,20,25,False,True
HLA-B,string,20,27,False,False
MICA,string,20,3,False,False
MICB,string,20,4,False,False
NFKBIL1,string,20,10,False,False
APOM,string,20,22,False,False
DDAH2,string,20,10,False,False
CLIC1,string,20,17,False,False
HSPA1A,string,20,40,False,False
HSPA1B,string,20,22,False,False
SNHG32,string,0,0,True,False
NEU1,string,20,15,False,False
SLC44A4,string,20,4,False,False
EHMT2,string,20,43,False,True
C2,string,20,13,False,False
CFB,string,20,9,False,False
NELFE,string,20,14,False,True
STK19,string,20,5,False,False
ATF6B,string,20,20,False,False
AGPAT1,string,20,28,False,False
PSMB8,string,20,38,False,False
TAP1,string,20,6,False,False
BRD2,string,0,0,True,True
HSD17B8,string,20,25,False,False
RPS18,string,20,21,False,True
TAPBP,string,20,18,False,False
KIFC1,string,20,18,False,False
PHF1,string,20,19,False,False
BAK1,string,20,21,False,False
ITPR3,string,20,26,False,False
HMGA1,string,20,11,False,True
SMIM29,string,19,3,False,False
NUDT3,string,20,16,False,False
ILRUN,string,20,14,False,False
UHRF1BP1,string,20,12,False,False
FKBP5,string,20,19,False,False
MAPK14,string,20,78,False,False
KCTD20,string,20,8,False,False
SRSF3,string,20,61,False,True
CDKN1A,string,20,51,False,False
C6orf89,string,20,8,False,False
PIM1,string,20,11,False,False
RNF8,string,20,27,False,True
ZFAND3,string,20,11,False,False
GLO1,string,20,22,False,False
OARD1,string,20,9,False,False
NFYA,string,20,31,False,False
FOXP4,string,0,0,True,False
PGC,string,20,7,False,False
USP49,string,20,11,False,False
BYSL,string,20,73,False,True
CCND3,string,20,23,False,True
C6orf132,string,6,1,False,False
UBR2,string,20,18,False,False
TBCC,string,20,9,False,True
C6orf226,string,11,1,False,False
CNPY3,string,20,14,False,False
KLC4,string,20,11,False,False
MRPL2,string,20,47,False,True
PTK7,string,20,9,False,False
SRF,string,20,32,False,True
DNPH1,string,20,5,False,False
SLC22A7,string,20,13,False,False
ZNF318,string,20,4,False,False
YIPF3,string,20,8,False,False
POLH,string,20,26,False,False
GTPBP2,string,20,1,False,False
MAD2L1BP,string,20,7,False,False
VEGFA,string,0,0,True,False
TMEM63B,string,20,8,False,False
SLC29A1,string,20,16,False,False
HSP90AB1,string,20,62,False,False
SLC35B2,string,20,21,False,False
NFKBIE,string,20,10,False,True
CDC5L,string,20,112,False,True
TNFRSF21,string,20,9,False,False
PTCHD4,string,20,2,False,False
AL353138.1,string,0,0,True,False
MCM3,string,20,69,False,True
PAQR8,string,20,14,False,False
EFHC1,string,20,15,False,False
TRAM2,string,20,14,False,False
TRAM2-AS1,string,0,0,True,False
ICK,string,0,0,True,False
FBXO9,string,20,21,False,False
ELOVL5,string,20,19,False,False
GCLC,string,0,0,True,True
AL033397.1,string,0,0,True,False
LRRC1,string,20,7,False,False
DST,string,20,14,False,False
KIAA1586,string,20,3,False,False
ZNF451,string,20,16,False,False
PRIM2,string,20,24,False,True
PHF3,string,20,14,False,False
LMBRD1,string,0,0,True,False
FAM135A,string,20,10,False,False
SMAP1,string,20,6,False,False
CD109,string,20,1,False,False
TMEM30A,string,20,10,False,False
SENP6,string,20,14,False,True
MYO6,string,20,37,False,False
PHIP,string,20,16,False,False
HMGN3,string,20,6,False,False
LCA5,string,20,13,False,False
SH3BGRL2,string,20,6,False,False
TTK,string,20,57,False,True
TENT5A,string,20,19,False,False
IBTK,string,20,9,False,False
NT5E,string,20,34,False,False
SNX14,string,20,8,False,False
SYNCRIP,string,20,27,False,False
SNHG5,string,0,0,True,False
ZNF292,string,20,16,False,True
RARS2,string,20,34,False,True
AKIRIN2,string,20,6,False,True
PNRC1,string,20,12,False,False
LYRM2,string,20,6,False,False
MDN1,string,20,13,False,True
CASP8AP2,string,20,10,False,True
UFL1,string,20,8,False,True
NDUFAF4,string,20,19,False,False
MMS22L,string,20,5,False,True
PNISR,string,20,29,False,True
ASCC3,string,20,18,False,True
LIN28B,string,20,8,False,False
CRYBG1,string,0,0,True,False
RTN4IP1,string,20,10,False,False
LINC02532,string,0,0,True,False
CD24,string,20,12,False,False
PDSS2,string,20,20,False,False
SOBP,string,20,5,False,False
OSTM1,string,20,16,False,False
FOXO3,string,20,57,False,False
SESN1,string,20,19,False,False
WASF1,string,20,35,False,False
CDK19,string,20,21,False,False
AMD1,string,20,17,False,False
GTF3C6,string,20,17,False,True
RPF2,string,20,60,False,True
MFSD4B,string,20,17,False,False
REV3L,string,20,22,False,True
TRAF3IP2-AS1,string,0,0,True,False
MARCKS,string,20,15,False,False
FRK,string,20,14,False,False
NT5DC1,string,20,6,False,False
TSPYL4,string,20,6,False,False
DSE,string,20,13,False,False
TSPYL1,string,20,10,False,False
ZUP1,string,20,5,False,False
KPNA5,string,20,13,False,False
DCBLD1,string,20,14,False,False
GOPC,string,20,21,False,False
NUS1,string,20,23,False,True
ASF1A,string,20,26,False,False
MAN1A1,string,20,17,False,False
SERINC1,string,20,7,False,False
SMPDL3A,string,20,8,False,False
HDDC2,string,20,5,False,False
NCOA7,string,20,8,False,False
HINT3,string,20,5,False,False
TRMT11,string,20,24,False,False
CENPW,string,20,18,False,True
RNF146,string,20,16,False,False
PTPRK,string,20,12,False,False
ARHGAP18,string,20,5,False,False
SMLR1,string,20,0,False,False
EPB41L2,string,20,10,False,True
MED23,string,20,17,False,False
ENPP3,string,20,32,False,False
ENPP1,string,0,0,True,False
CCN2,string,20,36,False,False
STX7,string,20,36,False,False
RPS12,string,20,17,False,True
TBPL1,string,20,10,False,True
SGK1,string,20,23,False,False
HBS1L,string,20,26,False,True
AHI1,string,20,17,False,False
BCLAF1,string,20,10,False,True
IFNGR1,string,20,12,False,False
TNFAIP3,string,20,34,False,False
PERP,string,20,16,False,False
ARFGEF3,string,20,4,False,False
NHSL1,string,20,6,False,False
CCDC28A,string,0,0,True,False
ABRACL,string,20,11,False,False
CITED2,string,20,12,False,False
VTA1,string,20,18,False,False
ADGRG6,string,20,11,False,False
PHACTR2,string,20,17,False,False
UTRN,string,20,25,False,False
FBXO30,string,20,1,False,False
SHPRH,string,20,12,False,False
RAB32,string,20,13,False,False
AL033504.1,string,0,0,True,False
SASH1,string,20,10,False,False
TAB2,string,20,34,False,False
PPIL4,string,20,12,False,True
GINM1,string,20,1,False,False
KATNA1,string,20,17,False,False
LATS1,string,20,33,False,False
LRP11,string,20,4,False,False
MTHFD1L,string,20,24,False,False
AKAP12,string,20,13,False,False
ZBTB2,string,20,9,False,False
RMND1,string,0,0,True,False
ARMT1,string,20,10,False,False
SYNE1,string,20,26,False,False
FBXO5,string,20,15,False,True
MTRF1L,string,20,10,False,False
CNKSR3,string,20,8,False,False
TIAM2,string,20,9,False,False
TMEM242,string,20,2,False,True
SNX9,string,20,26,False,False
SYNJ2,string,20,33,False,False
SERAC1,string,0,0,True,False
TULP4,string,20,11,False,False
TMEM181,string,20,10,False,False
DYNLT1,string,20,19,False,False
EZR,string,20,44,False,False
SOD2,string,20,28,False,True
WTAP,string,20,15,False,True
ACAT2,string,20,29,False,False
MRPL18,string,20,12,False,True
IGF2R,string,20,37,False,False
MPC1,string,20,2,False,False
RNASET2,string,20,11,False,False
FGFR1OP,string,0,0,True,True
CCR6,string,20,15,False,False
UNC93A,string,20,8,False,False
AFDN,string,20,44,False,False
C6orf120,string,20,4,False,False
FAM20C,string,20,10,False,False
PDGFA,string,20,21,False,False
ADAP1,string,20,7,False,False
COX19,string,20,28,False,False
CYP2W1,string,20,6,False,False
GPER1,string,20,10,False,False
ZFAND2A,string,20,5,False,False
MAFK,string,20,13,False,False
ELFN1-AS1,string,0,0,True,False
NUDT1,string,20,10,False,False
TTYH3,string,20,12,False,False
FOXK1,string,20,12,False,False
RBAK,string,20,6,False,False
WIPI2,string,20,24,False,False
SLC29A4,string,20,6,False,False
ACTB,string,0,0,True,True
FSCN1,string,20,14,False,False
USP42,string,20,7,False,False
ZDHHC4,string,20,7,False,False
ZNF12,string,20,2,False,False
C1GALT1,string,20,20,False,False
RPA3,string,20,27,False,True
TMEM106B,string,20,9,False,False
ARL4A,string,20,14,False,False
TSPAN13,string,20,14,False,False
AGR2,string,20,24,False,False
AHR,string,20,23,False,False
TWISTNB,string,0,0,True,True
SNHG26,string,0,0,True,False
FAM126A,string,20,6,False,False
TRA2A,string,20,14,False,False
GSDME,string,20,9,False,False
OSBPL3,string,20,10,False,False
CYCS,string,20,91,False,True
NFE2L3,string,20,12,False,False
SNX10,string,20,15,False,False
SKAP2,string,20,12,False,False
HIBADH,string,20,30,False,False
TAX1BP1,string,20,20,False,False
CPVL,string,20,12,False,False
PRR15,string,20,3,False,False
SCRN1,string,20,6,False,False
FKBP14,string,20,14,False,False
GGCT,string,20,15,False,False
GARS-DT,string,0,0,True,False
GARS,string,0,0,True,True
LSM5,string,20,37,False,True
RP9,string,20,6,False,False
NPSR1-AS1,string,0,0,True,False
SEPTIN7,string,20,16,False,False
ANLN,string,20,33,False,True
EPDR1,string,20,9,False,False
STARD3NL,string,20,15,False,False
RALA,string,20,32,False,False
CDK13,string,20,14,False,False
MRPL32,string,20,40,False,True
STK17A,string,20,1,False,False
PURB,string,20,4,False,False
IGFBP1,string,20,14,False,False
TNS3,string,20,6,False,False
UPP1,string,20,17,False,False
DDC,string,20,11,False,False
COBL,string,20,12,False,False
EGFR-AS1,string,0,0,True,False
NIPSNAP2,string,20,9,False,False
PSPH,string,20,18,False,False
SUMF2,string,20,8,False,False
ERV3-1,string,20,2,False,False
ZNF92,string,20,1,False,False
ASL,string,20,13,False,False
CRCP,string,20,25,False,True
TPST1,string,20,7,False,False
AC008267.5,string,0,0,True,False
RABGEF1,string,0,0,True,False
AC027644.3,string,0,0,True,False
SBDS,string,20,11,False,True
BAZ1B,string,20,24,False,False
MLXIPL,string,20,29,False,False
CLDN3,string,20,18,False,False
CLDN4,string,20,28,False,False
RFC2,string,20,38,False,True
CLIP2,string,20,10,False,False
GTF2IRD2,string,20,4,False,False
TRIM73,string,20,7,False,False
HIP1,string,20,12,False,False
RHBDD2,string,20,6,False,False
POR,string,20,23,False,False
TMEM120A,string,20,12,False,False
HSPB1,string,20,21,False,False
SSC4D,string,20,1,False,False
CCDC146,string,20,6,False,False
GSAP,string,20,2,False,False
PTPN12,string,20,14,False,False
RSBN1L,string,20,6,False,False
MAGI2-AS3,string,0,0,True,False
GNAI1,string,20,26,False,False
CD36,string,20,13,False,False
SEMA3A,string,20,23,False,False
DMTF1,string,20,9,False,False
TP53TG1,string,0,0,True,False
CROT,string,20,19,False,False
ABCB1,string,20,16,False,False
DBF4,string,20,10,False,True
STEAP1,string,20,8,False,False
AKAP9,string,20,30,False,False
CYP51A1,string,20,37,False,False
ANKIB1,string,20,6,False,False
GATAD1,string,20,11,False,False
RBM48,string,20,6,False,True
FAM133B,string,20,5,False,True
CDK6,string,20,34,False,True
CASD1,string,20,6,False,False
PEG10,string,20,14,False,False
PPP1R9A,string,20,12,False,False
PON1,string,20,19,False,False
PON2,string,20,5,False,False
ASB4,string,20,23,False,False
BAIAP2L1,string,20,10,False,False
BUD31,string,20,51,False,True
CPSF4,string,20,31,False,True
ZNF394,string,20,7,False,False
FAM200A,string,11,1,False,False
ZNF655,string,20,6,False,False
CYP3A5,string,20,28,False,False
TRIM4,string,20,6,False,False
AZGP1,string,20,17,False,False
ZKSCAN1,string,20,6,False,False
MCM7,string,20,69,False,True
PILRB,string,20,8,False,False
TSC22D4,string,20,12,False,False
AGFG2,string,20,6,False,False
LRCH4,string,20,13,False,False
GIGYF1,string,20,15,False,False
SRRT,string,20,24,False,True
TRIM56,string,20,14,False,False
SERPINE1,string,20,31,False,False
MOGAT3,string,20,13,False,False
AC006329.1,string,0,0,True,False
IFT22,string,20,16,False,False
CUX1,string,20,32,False,False
ORAI2,string,20,10,False,False
POLR2J3,string,20,5,False,False
DNAJC2,string,20,20,False,False
KMT2E,string,20,18,False,False
SYPL1,string,20,5,False,False
NAMPT,string,20,19,False,False
HBP1,string,20,6,False,False
CBLL1,string,20,14,False,True
LAMB1,string,20,22,False,True
NRCAM,string,20,18,False,False
PNPLA8,string,20,8,False,False
DNAJB9,string,20,11,False,False
DOCK4,string,20,12,False,False
ZNF277,string,20,10,False,False
IFRD1,string,20,8,False,False
SMIM30,string,0,0,True,False
TES,string,20,15,False,False
MET,string,20,62,False,False
CPED1,string,20,11,False,False
FAM3C,string,20,7,False,False
AASS,string,20,7,False,False
CADPS2,string,20,9,False,False
WASL,string,20,73,False,False
ZNF800,string,20,4,False,False
RBM28,string,20,33,False,True
HILPDA,string,20,4,False,False
ATP6V1F,string,20,35,False,True
TSPAN33,string,20,10,False,False
UBE2H,string,20,25,False,True
LINC00513,string,0,0,True,False
AC058791.1,string,0,0,True,False
LINC-PINT,string,0,0,True,False
MKLN1,string,20,20,False,False
AKR1B10,string,20,21,False,False
CALD1,string,20,20,False,False
AC083862.3,string,0,0,True,False
CNOT4,string,20,19,False,False
MTPN,string,20,11,False,False
CREB3L2,string,20,14,False,False
TRIM24,string,20,20,False,False
ZC3HAV1,string,20,16,False,False
UBN2,string,20,15,False,False
FMC1,string,20,6,False,False
HIPK2,string,20,16,False,False
KDM7A,string,20,33,False,False
KDM7A-DT,string,0,0,True,False
MKRN1,string,20,16,False,True
BRAF,string,20,28,False,False
TMEM139,string,20,2,False,False
AC093673.1,string,0,0,True,False
ZYX,string,20,38,False,False
TCAF1,string,20,2,False,False
EZH2,string,20,72,False,False
PDIA4,string,20,27,False,False
ATP6V0E2,string,20,25,False,False
LRRC61,string,20,6,False,False
RARRES2,string,20,8,False,False
REPIN1,string,20,10,False,False
CHPF2,string,20,18,False,False
NUB1,string,20,10,False,True
KMT2C,string,20,30,False,False
LINC01003,string,0,0,True,False
XRCC2,string,20,9,False,True
PAXIP1-AS1,string,0,0,True,False
RBM33,string,20,5,False,True
AC021218.1,string,0,0,True,False
NOM1,string,20,6,False,True
DNAJB6,string,20,16,False,False
PTPRN2,string,20,12,False,False
NCAPG2,string,20,15,False,True
ESYT2,string,20,14,False,True
WDR60,string,0,0,True,False
FBXO25,string,20,12,False,False
CLN8,string,20,9,False,False
MCPH1,string,20,14,False,False
AGPAT5,string,20,30,False,False
DEFB1,string,20,8,False,False
PRAG1,string,20,5,False,False
MFHAS1,string,20,6,False,False
TNKS,string,20,26,False,False
MSRA,string,20,19,False,False
MTMR9,string,20,7,False,False
FDFT1,string,20,46,False,False
CTSB,string,20,31,False,False
DLC1,string,20,10,False,False
ZDHHC2,string,20,10,False,False
VPS37A,string,20,31,False,True
SLC7A2,string,20,16,False,False
MTUS1,string,20,8,False,False
FGL1,string,20,15,False,False
PCM1,string,20,19,False,True
ASAH1,string,20,24,False,False
PSD3,string,20,9,False,False
SH2D4A,string,20,10,False,False
CSGALNACT1,string,20,20,False,False
ATP6V1B2,string,20,31,False,True
NPM2,string,20,4,False,False
DMTN,string,20,18,False,False
REEP4,string,20,6,False,False
BMP1,string,20,23,False,False
SLC39A14,string,20,12,False,False
SORBS3,string,20,16,False,False
PDLIM2,string,20,15,False,False
TNFRSF10B,string,20,22,False,False
TNFRSF10D,string,20,7,False,False
TNFRSF10A,string,20,15,False,False
ENTPD4,string,20,10,False,False
DOCK5,string,20,15,False,False
KCTD9,string,20,14,False,False
CDCA2,string,20,5,False,False
PPP2R2A,string,20,40,False,False
BNIP3L,string,20,16,False,False
DPYSL2,string,20,17,False,False
EPHX2,string,20,28,False,False
CLU,string,20,45,False,False
ESCO2,string,20,22,False,False
PBK,string,20,25,False,False
DCTN6,string,20,32,False,True
RBPMS,string,20,15,False,False
GSR,string,20,35,False,False
PPP2CB,string,20,52,False,True
AC090204.1,string,0,0,True,False
ZNF703,string,20,9,False,False
BRF2,string,20,19,False,True
RAB11FIP1,string,20,18,False,False
EIF4EBP1,string,20,18,False,False
LSM1,string,20,25,False,False
PLPP5,string,20,30,False,False
NSD3,string,20,21,False,False
LETM2,string,20,11,False,False
FGFR1,string,20,43,False,False
TACC1,string,20,15,False,False
PLEKHA2,string,20,8,False,False
TM2D2,string,20,11,False,False
ADAM9,string,20,16,False,False
TCIM,string,20,3,False,False
KAT6A,string,20,19,False,False
SLC20A2,string,20,16,False,False
SMIM19,string,4,3,False,False
THAP1,string,20,11,False,True
HOOK3,string,20,11,False,False
CEBPD,string,20,21,False,False
PRKDC,string,20,31,False,False
MCM4,string,20,64,False,True
PCMTD1,string,20,11,False,False
RB1CC1,string,20,33,False,False
ATP6V1H,string,20,36,False,True
RGS20,string,20,13,False,False
TCEA1,string,20,52,False,False
TMEM68,string,20,2,False,False
TGS1,string,20,27,False,True
IMPAD1,string,0,0,True,False
SDCBP,string,20,16,False,False
CHD7,string,20,17,False,False
ASPH,string,20,10,False,False
GGH,string,20,12,False,False
YTHDF3,string,20,10,False,False
RRS1,string,20,39,False,True
VCPIP1,string,20,18,False,False
SGK3,string,20,3,False,False
SNHG6,string,0,0,True,False
COPS5,string,20,72,False,True
ARFGEF1,string,20,19,False,False
NCOA2,string,20,48,False,False
TRAM1,string,20,6,False,False
LACTB2,string,20,10,False,False
TERF1,string,20,30,False,True
RDH10,string,20,10,False,False
UBE2W,string,20,17,False,False
ELOC,string,20,52,False,False
TMEM70,string,20,14,False,False
ZBTB10,string,20,9,False,False
ZNF704,string,20,4,False,False
FABP5,string,20,9,False,False
IMPA1,string,20,20,False,False
CHMP4C,string,20,35,False,False
WWP1,string,20,18,False,False
CPNE3,string,20,5,False,False
AF117829.1,string,0,0,True,False
RIPK2,string,20,16,False,False
OSGIN2,string,20,5,False,False
DECR1,string,20,13,False,False
PIP4P2,string,20,11,False,False
OTUD6B-AS1,string,0,0,True,False
TRIQK,string,15,4,False,False
RBM12B,string,20,6,False,False
VIRMA,string,20,51,False,False
TP53INP1,string,20,11,False,False
PLEKHF2,string,20,9,False,False
CPQ,string,20,1,False,False
POLR2K,string,20,59,False,True
SPAG1,string,20,7,False,False
RNF19A,string,20,11,False,False
RRM2B,string,20,27,False,False
UBR5,string,20,24,False,True
KLF10,string,20,3,False,False
GASAL1,string,0,0,True,False
AZIN1,string,20,15,False,False
ATP6V1C1,string,20,36,False,True
FZD6,string,20,18,False,False
CTHRC1,string,20,9,False,False
OXR1,string,20,6,False,False
EBAG9,string,20,12,False,False
SYBU,string,20,11,False,False
UTP23,string,20,8,False,True
RAD21,string,20,39,False,True
EXT1,string,20,21,False,False
MAL2,string,20,9,False,False
DSCC1,string,20,16,False,False
MRPL13,string,20,61,False,True
SNTB1,string,20,13,False,False
AC104958.2,string,0,0,True,False
ZHX1,string,20,6,False,False
ATAD2,string,20,7,False,False
FAM91A1,string,20,10,False,False
TATDN1,string,20,6,False,False
MTSS1,string,20,5,False,False
SQLE,string,20,34,False,False
TRIB1,string,20,14,False,False
CASC19,string,0,0,True,False
MYC,string,0,0,True,True
PVT1,string,0,0,True,False
FAM49B,string,0,0,True,False
ASAP1,string,20,22,False,False
PHF20L1,string,20,14,False,False
NDRG1,string,20,18,False,False
KHDRBS3,string,20,13,False,False
CHRAC1,string,20,17,False,False
AGO2,string,20,68,False,False
THEM6,string,20,2,False,False
LY6D,string,20,3,False,False
LY6E,string,20,5,False,False
MINCR,string,0,0,True,False
TSTA3,string,0,0,True,False
EPPK1,string,20,12,False,False
PLEC,string,20,27,False,False
GRINA,string,20,9,False,False
BOP1,string,20,78,False,True
DGAT1,string,20,42,False,False
SLC39A4,string,20,9,False,False
VPS28,string,20,30,False,True
TONSL,string,20,7,False,True
CYHR1,string,20,13,False,False
PPP1R16A,string,20,5,False,False
KANK1,string,20,14,False,False
SMARCA2,string,20,35,False,False
PUM3,string,20,38,False,False
RFX3,string,20,10,False,False
GLIS3,string,20,19,False,False
CDC37L1,string,20,10,False,False
RCL1,string,20,16,False,True
KIAA2026,string,20,5,False,False
RANBP6,string,20,14,False,False
GLDC,string,20,28,False,False
DMAC1,string,20,9,False,False
LURAP1L,string,20,8,False,False
PSIP1,string,20,14,False,False
HAUS6,string,20,17,False,True
PLIN2,string,20,17,False,False
KLHL9,string,20,19,False,False
MTAP,string,0,0,True,False
CDKN2A,string,20,53,False,False
IFT74,string,20,14,False,False
TOPORS,string,20,16,False,False
DNAJA1,string,20,20,False,True
B4GALT1,string,20,23,False,False
BAG1,string,0,0,True,False
CHMP5,string,20,23,False,True
UBAP1,string,20,28,False,True
RPP25L,string,20,10,False,False
DCTN3,string,20,24,False,True
CCDC107,string,20,5,False,False
ARHGEF39,string,20,13,False,False
CA9,string,20,13,False,False
TLN1,string,20,50,False,True
CREB3,string,20,25,False,False
HINT2,string,20,9,False,False
RNF38,string,20,6,False,False
MELK,string,20,20,False,False
EBLN3P,string,0,0,True,False
ZCCHC7,string,20,11,False,False
GRHPR,string,20,15,False,False
DCAF10,string,20,22,False,False
SHB,string,20,7,False,False
ALDH1B1,string,20,24,False,False
CBWD5,string,20,3,False,False
CBWD3,string,20,8,False,False
TJP2,string,20,24,False,False
PTAR1,string,20,13,False,False
SMC5,string,20,29,False,True
CEMIP2,string,20,13,False,False
C9orf85,string,20,3,False,False
ZFAND5,string,20,11,False,False
ALDH1A1,string,20,19,False,False
RFK,string,20,11,False,False
VPS13A,string,20,17,False,False
GNAQ,string,20,43,False,False
CEP78,string,20,9,False,False
PSAT1,string,20,19,False,True
TLE4,string,20,26,False,False
TLE1,string,20,27,False,False
FRMD3,string,20,11,False,False
UBQLN1,string,20,25,False,False
GKAP1,string,20,7,False,False
RMI1,string,20,18,False,True
TUT7,string,20,10,False,False
CTSL,string,20,21,False,False
CKS2,string,20,16,False,False
SECISBP2,string,20,16,False,False
AUH,string,20,16,False,False
NFIL3,string,20,13,False,False
NOL8,string,20,8,False,True
SUSD3,string,20,11,False,False
CARD19,string,20,7,False,False
NINJ1,string,20,0,False,False
WNK2,string,20,11,False,False
FAM120A,string,20,7,False,False
AL158152.1,string,0,0,True,False
AOPEP,string,20,11,False,False
ERCC6L2,string,20,1,False,False
HABP4,string,20,11,False,False
CDC14B,string,20,8,False,False
MFSD14C,string,0,0,True,False
TGFBR1,string,20,53,False,False
ERP44,string,20,10,False,False
TEX10,string,20,18,False,True
MSANTD3,string,20,12,False,False
ZNF189,string,20,4,False,False
SMC2,string,20,32,False,True
ABCA1,string,20,38,False,False
SLC44A1,string,20,8,False,False
FSD1L,string,20,3,False,False
ELP1,string,20,19,False,False
CTNNAL1,string,20,14,False,False
TMEM245,string,20,6,False,False
PALM2-AKAP2,string,0,0,True,False
ECPAS,string,20,10,False,False
DNAJC25,string,20,6,False,False
UGCG,string,20,25,False,False
PTBP3,string,20,9,False,False
SNX30,string,20,5,False,False
SLC31A1,string,20,14,False,False
HDHD3,string,20,8,False,False
ALAD,string,20,10,False,False
POLE3,string,20,32,False,False
AMBP,string,20,43,False,False
COL27A1,string,20,11,False,False
ORM1,string,20,19,False,False
ORM2,string,20,15,False,False
ASTN2,string,20,10,False,False
CDK5RAP2,string,20,36,False,False
MEGF9,string,20,6,False,False
FBXW2,string,20,11,False,False
PHF19,string,20,11,False,False
C5,string,20,16,False,False
CNTRL,string,20,15,False,False
GSN,string,20,22,False,False
STOM,string,20,14,False,False
RBM18,string,20,2,False,False
RC3H2,string,20,18,False,False
RABGAP1,string,20,12,False,False
NEK6,string,20,6,False,False
NR5A1,string,20,10,False,False
PPP6C,string,20,31,False,True
HSPA5,string,20,98,False,True
GAPVD1,string,20,23,False,False
ZBTB43,string,20,5,False,False
SLC2A8,string,20,8,False,True
RPL12,string,20,87,False,True
AK1,string,0,0,True,False
ST6GALNAC4,string,20,15,False,False
FAM102A,string,20,8,False,False
SLC25A25,string,20,12,False,False
LCN2,string,20,14,False,False
GOLGA2,string,20,30,False,False
SWI5,string,0,0,True,False
SPTAN1,string,20,26,False,False
WDR34,string,0,0,True,False
ZDHHC12,string,20,5,False,False
ZER1,string,20,13,False,False
LRRC8A,string,20,9,False,False
CRAT,string,20,26,False,False
IER5L,string,20,12,False,False
LINC00963,string,0,0,True,False
C9orf78,string,20,3,False,True
FNBP1,string,20,20,False,False
ASS1,string,20,27,False,False
FIBCD1,string,20,0,False,False
PRRC2B,string,0,0,True,False
SETX,string,20,14,False,True
TTF1,string,20,10,False,False
GTF3C4,string,20,9,False,True
TSC1,string,20,25,False,False
RALGDS,string,20,20,False,False
SURF2,string,20,6,False,False
SLC2A6,string,20,5,False,False
BRD3,string,20,6,False,False
AL669970.3,string,0,0,True,False
ENTR1,string,20,5,False,False
EGFL7,string,20,5,False,False
AGPAT2,string,20,28,False,False
SNHG7,string,0,0,True,False
LCN15,string,20,8,False,False
TMEM141,string,20,7,False,False
CCDC183,string,20,4,False,False
RABL6,string,20,9,False,False
PHPT1,string,20,12,False,False
C8G,string,0,0,True,False
PTGDS,string,20,12,False,False
PAXX,string,20,7,False,False
CLIC3,string,20,17,False,False
NPDC1,string,20,8,False,False
ENTPD2,string,20,11,False,False
SAPCD2,string,20,7,False,False
DPP7,string,20,23,False,False
TPRN,string,20,7,False,False
BX255925.3,string,0,0,True,False
RNF208,string,20,7,False,False
CYSRT1,string,20,0,False,False
TUBB4B,string,20,17,False,False
NRARP,string,20,7,False,False
NSMF,string,20,6,False,False
ZMYND11,string,20,11,False,False
LARP4B,string,0,0,True,False
IDI1,string,20,21,False,False
PFKP,string,20,23,False,False
KLF6,string,20,9,False,False
AKR1C1,string,20,12,False,False
AKR1C2,string,20,11,False,False
AKR1C3,string,20,19,False,False
NET1,string,20,3,False,False
TASOR2,string,20,8,False,False
ITIH5,string,20,7,False,False
ITIH2,string,20,30,False,False
KIN,string,20,4,False,True
TAF3,string,20,22,False,True
USP6NL,string,20,13,False,False
PROSER2,string,20,4,False,False
UPF2,string,20,21,False,True
OPTN,string,20,30,False,False
MCM10,string,20,32,False,True
PHYH,string,20,8,False,False
SEPHS1,string,20,21,False,False
BEND7,string,20,5,False,False
PRPF18,string,20,5,False,True
FAM107B,string,20,5,False,False
HSPA14__ENSG00000187522,string,0,0,True,False
RPP38,string,20,27,False,True
FAM171A1,string,20,2,False,False
STAM,string,20,22,False,False
ARL5B,string,20,9,False,False
MIR1915HG,string,0,0,True,False
COMMD3,string,20,24,False,False
BMI1,string,20,28,False,False
PIP4K2A,string,20,24,False,False
MSRB2,string,20,3,False,False
KIAA1217,string,20,14,False,False
ARHGAP21,string,20,17,False,False
ABI1,string,20,35,False,False
ANKRD26,string,20,7,False,False
YME1L1,string,20,16,False,False
MASTL,string,20,8,False,True
ACBD5,string,20,21,False,False
RAB18,string,20,22,False,True
WAC-AS1,string,0,0,True,False
WAC,string,20,15,False,True
BAMBI,string,20,16,False,False
SVIL,string,20,13,False,False
MAP3K8,string,20,11,False,False
ZEB1,string,0,0,True,False
ARHGAP12,string,20,12,False,False
KIF5B,string,20,31,False,False
EPC1,string,20,26,False,False
ITGB1,string,20,111,False,False
NRP1,string,20,26,False,False
PARD3,string,20,38,False,False
CUL2,string,20,44,False,True
CREM,string,20,16,False,False
ZNF248,string,20,1,False,False
ZNF33A,string,20,5,False,False
ZNF37A,string,20,2,False,False
ZNF33B,string,20,0,False,False
CSGALNACT2,string,20,23,False,False
ZNF487,string,20,2,False,False
RASSF4,string,20,5,False,False
DEPP1,string,20,8,False,False
MARCH8,string,0,0,True,False
WASHC2C,string,20,13,False,False
NCOA4,string,20,8,False,True
MAPK8,string,20,54,False,False
ERCC6,string,20,3,False,False
PARG,string,20,16,False,False
TIMM23B,string,0,0,True,True
WASHC2A,string,20,8,False,False
A1CF,string,20,16,False,False
DKK1,string,20,17,False,False
ZWINT,string,20,24,False,True
IPMK,string,20,15,False,False
UBE2D1,string,20,74,False,False
TFAM,string,20,26,False,True
PHYHIPL,string,20,6,False,False
SLC16A9,string,20,21,False,False
CCDC6,string,20,16,False,True
CDK1,string,20,181,False,True
RHOBTB1,string,20,5,False,False
ARID5B,string,20,7,False,True
RTKN2,string,20,7,False,False
NRBF2,string,20,7,False,False
JMJD1C,string,20,15,False,False
DNAJC12,string,20,11,False,False
SIRT1,string,20,62,False,False
HERC4,string,20,6,False,False
HNRNPH3,string,20,9,False,False
DNA2,string,20,23,False,False
TET1,string,20,12,False,False
CCAR1,string,20,11,False,True
DDX21,string,20,12,False,True
SUPV3L1,string,20,21,False,True
HKDC1,string,20,26,False,False
TSPAN15,string,20,7,False,False
H2AFY2,string,0,0,True,False
AIFM2,string,20,6,False,False
EIF4EBP2,string,20,9,False,False
SLC29A3,string,20,21,False,False
PSAP,string,20,15,False,False
CHST3,string,20,19,False,False
SPOCK2,string,20,8,False,False
DDIT4,string,20,6,False,False
MICU1,string,20,15,False,False
MCU,string,20,15,False,False
PLA2G12B,string,20,31,False,False
P4HA1,string,20,23,False,False
DNAJC9,string,20,7,False,True
FUT11,string,20,11,False,False
ZSWIM8,string,20,4,False,False
VCL,string,20,69,False,False
KAT6B,string,20,14,False,False
DUSP13,string,20,7,False,False
SAMD8,string,20,9,False,False
COMTD1,string,20,12,False,True
ZNF503,string,20,8,False,False
ZNF503-AS2,string,0,0,True,False
LRMDA,string,20,17,False,False
DLG5,string,20,10,False,False
POLR3A,string,20,38,False,True
ZMIZ1-AS1,string,0,0,True,False
ZMIZ1,string,20,10,False,False
PPIF,string,20,35,False,False
NUTM2B-AS1,string,0,0,True,False
AL135925.1,string,0,0,True,False
MAT1A,string,20,13,False,False
TSPAN14,string,20,8,False,False
GHITM,string,20,10,False,False
CCSER2,string,20,7,False,False
SNCG,string,20,6,False,False
GLUD1,string,20,31,False,False
SHLD2,string,20,3,False,False
NUTM2A-AS1,string,0,0,True,False
LINC00863,string,0,0,True,False
MINPP1,string,20,28,False,False
ATAD1,string,20,10,False,False
PTEN,string,20,76,False,True
ACTA2,string,0,0,True,False
FAS,string,20,27,False,False
LIPA,string,20,12,False,False
PANK1,string,20,12,False,False
KIF20B,string,20,11,False,False
RPP30,string,20,19,False,True
ANKRD1,string,20,11,False,False
HECTD2,string,20,2,False,False
TNKS2,string,20,16,False,False
BTAF1,string,20,18,False,True
IDE,string,20,28,False,False
KIF11,string,20,105,False,True
HHEX,string,20,19,False,True
CEP55,string,20,33,False,False
RBP4,string,20,15,False,False
FRA10AC1,string,20,7,False,False
NOC3L,string,20,31,False,True
HELLS,string,20,11,False,False
SORBS1,string,20,16,False,False
ZNF518A,string,20,9,False,False
LCOR,string,20,10,False,False
FRAT2,string,20,3,False,False
RRP12,string,20,17,False,True
EXOSC1,string,20,29,False,True
UBTD1,string,20,6,False,False
PI4K2A,string,20,21,False,False
AVPI1,string,20,6,False,False
ZFYVE27,string,20,13,False,False
LOXL4,string,20,7,False,False
GOT1,string,20,32,False,False
ENTPD7,string,20,4,False,False
ABCC2,string,0,0,True,False
DNMBP,string,20,14,False,False
CPN1,string,20,9,False,False
ERLIN1,string,20,25,False,False
BLOC1S2,string,20,26,False,False
SCD,string,20,32,False,True
OLMALINC,string,0,0,True,False
SLF2,string,20,8,False,False
SEMA4G,string,20,12,False,False
TWNK,string,20,16,False,True
SFXN3,string,0,0,True,False
DPCD,string,20,10,False,False
OGA,string,20,22,False,False
LDB1,string,20,20,False,True
NOLC1,string,20,20,False,True
NFKB2,string,20,17,False,False
FBXL15,string,0,0,True,False
CUEDC2,string,20,3,False,False
RPARP-AS1,string,0,0,True,False
ACTR1A,string,20,27,False,True
TRIM8,string,20,9,False,False
ARL3,string,20,19,False,False
BORCS7,string,20,6,False,False
NT5C2,string,20,33,False,False
PDCD11,string,20,70,False,True
SH3PXD2A,string,20,9,False,False
STN1,string,20,18,False,False
SLK,string,20,9,False,False
ADD3,string,20,6,False,False
MXI1,string,20,10,False,False
SMNDC1,string,20,11,False,True
SMC3,string,20,51,False,True
PDCD4,string,20,6,False,False
SHOC2,string,20,20,False,True
GPAM,string,20,20,False,False
ACSL5,string,20,19,False,False
TCF7L2,string,20,37,False,False
NHLRC2,string,20,14,False,True
CCDC186,string,20,10,False,False
ABLIM1,string,0,0,True,False
FAM160B1,string,0,0,True,False
C10orf82,string,20,2,False,False
HSPA12A,string,20,24,False,False
SHTN1,string,20,8,False,False
PDZD8,string,20,9,False,False
RAB11FIP2,string,20,16,False,False
FAM204A,string,20,4,False,False
CACUL1,string,20,12,False,False
DENND10,string,20,6,False,False
RGS10,string,20,7,False,False
BAG3,string,20,30,False,False
MCMBP,string,20,13,False,True
SEC23IP,string,20,10,False,False
WDR11,string,20,9,False,False
ATE1,string,20,12,False,False
TACC2,string,20,11,False,False
BTBD16,string,20,5,False,False
PLEKHA1,string,20,11,False,False
FAM24B,string,12,1,False,False
IKZF5,string,20,5,False,False
ACADSB,string,20,16,False,False
BUB3,string,20,32,False,True
CHST15,string,20,22,False,False
OAT,string,20,21,False,False
ZRANB1,string,20,12,False,False
EDRF1,string,20,4,False,False
UROS,string,20,11,False,False
DHX32,string,20,13,False,False
DOCK1,string,20,35,False,False
MKI67,string,20,27,False,False
GLRX3,string,20,33,False,True
PPP2R2D,string,20,25,False,False
BNIP3,string,20,23,False,False
AL451069.1,string,0,0,True,False
PRAP1,string,20,6,False,False
IFITM2,string,20,16,False,True
IFITM3,string,20,23,False,True
PKP3,string,20,26,False,False
HRAS,string,20,143,False,False
RASSF7,string,20,11,False,False
EPS8L2,string,20,4,False,False
PIDD1,string,20,9,False,False
PNPLA2,string,20,28,False,False
TOLLIP,string,20,11,False,False
MOB2,string,20,8,False,False
DUSP8,string,20,8,False,False
CTSD,string,20,46,False,False
IGF2,string,20,23,False,False
TSSC4,string,20,13,False,False
KCNQ1OT1,string,0,0,True,False
SLC22A18,string,20,20,False,False
PHLDA2,string,20,7,False,False
CARS,string,0,0,True,True
ZNF195,string,20,2,False,False
RHOG,string,20,9,False,False
RRM1,string,20,44,False,True
TRIM5,string,20,9,False,False
ILK,string,20,31,False,False
TPP1,string,20,15,False,False
PPFIBP2,string,20,5,False,False
TMEM9B,string,20,7,False,False
TMEM41B,string,20,9,False,False
IPO7,string,20,13,False,True
ZNF143,string,20,9,False,True
WEE1,string,20,7,False,True
SWAP70,string,20,6,False,False
SBF2,string,20,17,False,False
ADM,string,20,8,False,False
CTR9,string,20,22,False,True
ZBED5-AS1,string,0,0,True,False
USP47,string,20,11,False,False
PARVA,string,20,22,False,False
TEAD1,string,20,22,False,False
BTBD10,string,20,6,False,False
RRAS2,string,20,18,False,False
SOX6,string,20,14,False,False
PIK3C2A,string,20,33,False,False
NUCB2,string,20,6,False,False
SAA4,string,20,3,False,False
HPS5,string,20,11,False,True
GTF2H1,string,20,34,False,True
LDHA,string,20,43,False,False
SPTY2D1,string,20,5,False,False
E2F8,string,20,7,False,False
NAV2,string,20,8,False,False
CCDC34,string,20,14,False,False
LGR4,string,20,10,False,False
KIF18A,string,20,9,False,True
ARL14EP,string,20,12,False,False
PAX6,string,20,37,False,False
RCN1,string,20,10,False,False
QSER1,string,20,17,False,False
CSTF3,string,20,25,False,True
HIPK3,string,20,12,False,False
CD59,string,20,22,False,False
FBXO3,string,20,11,False,False
CAT,string,20,67,False,False
TRIM44,string,20,9,False,False
TTC17,string,20,5,False,False
PHF21A,string,20,16,False,False
MDK,string,20,6,False,False
ZNF408,string,20,6,False,False
F2,string,20,60,False,False
CKAP5,string,20,38,False,True
PACSIN3,string,20,15,False,False
DDB2,string,20,30,False,False
FNBP4,string,20,12,False,True
RTN4RL2,string,20,7,False,False
UBE2L6,string,20,29,False,False
CLP1,string,20,27,False,True
MED19,string,20,33,False,True
ZFP91,string,20,6,False,False
FAM111B,string,20,8,False,False
FAM111A,string,20,3,False,False
OSBP,string,20,27,False,True
STX3,string,20,24,False,False
CCDC86,string,20,7,False,True
TMEM132A,string,20,11,False,False
TKFC,string,20,16,False,False
FEN1,string,20,53,False,True
FADS2,string,20,19,False,False
FADS1,string,20,17,False,False
FADS3,string,20,3,False,False
FTH1,string,20,19,False,False
INCENP,string,20,26,False,False
ASRGL1,string,20,13,False,False
AHNAK,string,20,20,False,False
B3GAT3,string,20,23,False,False
CSKMT,string,20,4,False,False
BSCL2,string,20,19,False,False
HNRNPUL2,string,20,7,False,False
TMEM179B,string,17,4,False,False
NXF1,string,20,56,False,True
WDR74,string,20,25,False,True
SNHG1,string,0,0,True,False
SLC3A2,string,20,29,False,False
RTN3,string,20,19,False,False
RCOR2,string,20,11,False,False
MACROD1,string,20,11,False,False
STIP1,string,20,39,False,False
DNAJC4,string,20,3,False,False
VEGFB,string,20,9,False,False
PPP1R14B,string,20,9,False,False
BAD,string,20,12,False,False
ESRRA,string,20,14,False,False
TRMT112,string,20,24,False,True
ATG2A,string,20,14,False,False
GPHA2,string,20,3,False,False
ARL2,string,20,15,False,True
SAC3D1,string,20,9,False,False
CDCA5,string,20,16,False,True
TM7SF2,string,20,22,False,True
MRPL49,string,20,28,False,True
CAPN1,string,20,13,False,False
CDC42EP2,string,20,12,False,False
DPF2,string,20,20,False,False
NEAT1,string,0,0,True,False
MALAT1,string,0,0,True,False
LTBP3,string,20,11,False,True
ZNRD2,string,20,13,False,False
FAM89B,string,20,16,False,False
MAP3K11,string,20,24,False,False
RNASEH2C,string,20,3,False,True
EFEMP2,string,20,13,False,False
CCDC85B,string,20,6,False,False
FOSL1,string,20,15,False,False
C11orf68,string,20,2,False,False
DRAP1,string,20,16,False,True
PACS1,string,20,11,False,False
YIF1A,string,20,24,False,False
B4GAT1,string,20,8,False,False
CCS,string,20,8,False,False
RBM4,string,20,6,False,True
RHOD,string,20,16,False,False
KDM2A,string,20,14,False,True
ANKRD13D,string,20,4,False,False
RAD9A,string,20,24,False,True
POLD4,string,20,6,False,False
TMEM134,string,20,9,False,False
AIP,string,20,7,False,False
CDK2AP2,string,20,3,False,False
NUDT8,string,20,11,False,False
TBX10,string,20,4,False,False
ALDH3B1,string,20,11,False,False
KMT5B,string,20,14,False,False
CPT1A,string,20,20,False,False
CCND1,string,20,64,False,True
LTO1,string,20,7,False,False
PPFIA1,string,20,18,False,False
CTTN,string,20,51,False,False
SHANK2,string,20,20,False,False
DHCR7,string,20,30,False,False
AP002387.2,string,0,0,True,False
NADSYN1,string,20,14,False,False
NUMA1,string,20,26,False,True
STARD10,string,20,13,False,False
FCHSD2,string,20,14,False,False
PLEKHB1,string,20,9,False,False
MRPL48,string,20,13,False,False
UCP2,string,20,6,False,False
PPME1,string,20,23,False,True
POLD3,string,20,35,False,True
RNF169,string,20,3,False,False
SLCO2B1,string,20,11,False,False
RPS3,string,20,42,False,True
GDPD5,string,20,14,False,False
SERPINH1,string,20,15,False,False
DGAT2,string,20,35,False,False
THAP12,string,20,15,False,False
TSKU,string,20,2,False,False
CLNS1A,string,20,21,False,True
AQP11,string,20,2,False,False
RSF1,string,20,21,False,False
AAMDC,string,20,6,False,False
NDUFC2,string,20,27,False,False
RAB30-DT,string,0,0,True,False
PCF11,string,20,35,False,True
CCDC90B,string,20,10,False,False
TMEM126A,string,20,13,False,False
CREBZF,string,20,7,False,False
SYTL2,string,20,10,False,False
PICALM,string,20,33,False,False
FZD4,string,20,21,False,False
TMEM135,string,20,4,False,False
CTSC,string,20,15,False,False
CHORDC1,string,20,18,False,True
SMCO4,string,20,3,False,False
CEP295,string,20,13,False,False
TAF1D,string,20,16,False,True
C11orf54,string,20,10,False,False
MED17,string,20,38,False,True
MRE11,string,20,32,False,False
CWC15,string,20,35,False,True
SRSF8,string,20,5,False,False
FAM76B,string,20,5,False,False
CEP57,string,20,7,False,False
MTMR2,string,20,21,False,False
MAML2,string,20,9,False,False
CCDC82,string,20,2,False,False
YAP1,string,20,51,False,False
BIRC2,string,20,36,False,False
TMEM123,string,20,3,False,False
CASP4,string,20,7,False,False
MSANTD4,string,20,10,False,False
AASDHPPT,string,20,18,False,True
CWF19L2,string,20,8,False,True
SLC35F2,string,20,13,False,False
CUL5,string,20,34,False,False
ATM,string,20,96,False,False
DDX10,string,20,25,False,True
RDX,string,0,0,True,False
FDX1,string,20,22,False,False
SIK2,string,20,8,False,False
C11orf1,string,20,2,False,False
CRYAB,string,20,16,False,False
C11orf52,string,20,7,False,False
DIXDC1,string,20,12,False,False
NKAPD1,string,20,11,False,True
IL18,string,20,27,False,False
PTS,string,20,20,False,False
C11orf71,string,20,4,False,False
RBM7,string,20,16,False,False
REXO2,string,20,7,False,True
CADM1,string,20,14,False,False
ZPR1,string,20,12,False,False
APOA5,string,20,40,False,False
APOA4,string,20,49,False,False
APOC3,string,20,45,False,False
APOA1,string,20,96,False,False
SIK3,string,20,7,False,False
PAFAH1B2,string,20,20,False,False
TAGLN,string,20,19,False,False
PCSK7,string,20,9,False,False
BACE1,string,20,35,False,False
CEP164,string,20,36,False,False
FXYD2,string,20,18,False,False
MPZL3,string,20,5,False,False
MPZL2,string,20,12,False,False
UBE4A,string,20,24,False,False
KMT2A,string,20,46,False,False
TMEM25,string,20,11,False,False
DDX6,string,20,59,False,True
BCL9L,string,20,11,False,False
CCDC84,string,0,0,True,True
SLC37A4,string,20,11,False,False
HYOU1,string,20,34,False,True
H2AFX,string,0,0,True,True
HINFP,string,20,14,False,True
MCAM,string,20,15,False,False
RNF26,string,20,15,False,False
USP2,string,20,16,False,False
OAF,string,20,1,False,False
TLCD5,string,20,1,False,False
ARHGEF12,string,20,26,False,False
SC5D,string,20,23,False,False
SORL1,string,20,24,False,False
UBASH3B,string,20,15,False,False
HSPA8,string,20,86,False,True
TBRG1,string,20,8,False,False
VSIG2,string,20,3,False,False
ESAM,string,20,12,False,False
MSANTD2,string,5,1,False,False
HEPN1,string,20,4,False,False
EI24,string,20,12,False,False
CHEK1,string,20,50,False,True
SRPRA,string,20,16,False,False
TMEM45B,string,20,5,False,False
APLP2,string,20,7,False,False
ZBTB44,string,20,6,False,True
NCAPD3,string,20,15,False,True
KDM5A,string,20,15,False,False
ERC1,string,20,18,False,False
ADIPOR2,string,20,7,False,False
CACNA2D4,string,20,10,False,False
FKBP4,string,20,36,False,False
FOXM1,string,20,24,False,False
TULP3,string,20,10,False,False
CCND2,string,20,25,False,False
TIGAR,string,20,16,False,False
RAD51AP1,string,20,15,False,False
CD9,string,20,34,False,False
TNFRSF1A,string,20,48,False,False
SCNN1A,string,20,22,False,False
LTBR,string,20,14,False,False
NCAPD2,string,20,19,False,True
GAPDH,string,20,72,False,True
ING4,string,20,16,False,False
CDCA3,string,20,9,False,False
ENO2,string,20,37,False,False
C12orf57,string,20,9,False,False
LPCAT3,string,20,23,False,False
C1RL,string,20,5,False,False
CD163L1,string,20,1,False,False
SLC2A14,string,20,13,False,False
SLC2A3,string,20,12,False,False
A2M,string,20,23,False,False
GABARAPL1,string,20,43,False,False
YBX3,string,20,9,False,True
SMIM10L1,string,0,0,True,False
LRP6,string,20,40,False,False
DUSP16,string,20,6,False,False
CDKN1B,string,20,39,False,False
HEBP1,string,20,7,False,False
ATF7IP,string,20,15,False,False
H2AFJ,string,0,0,True,False
ART4,string,20,3,False,False
ERP27,string,20,14,False,False
EPS8,string,20,22,False,False
MGST1,string,20,17,False,False
PLEKHA5,string,20,6,False,False
AEBP2,string,20,22,False,False
PYROXD1,string,20,14,False,True
GOLT1B,string,20,17,False,True
ETNK1,string,20,16,False,False
SOX5,string,20,15,False,False
BCAT1,string,20,20,False,False
KRAS,string,20,96,False,False
RASSF8,string,20,11,False,False
ITPR2,string,20,19,False,False
FGFR1OP2,string,20,21,False,False
TM7SF3,string,20,12,False,False
PPFIBP1,string,20,21,False,False
CCDC91,string,20,8,False,False
CAPRIN2,string,20,4,False,False
AC010198.2,string,0,0,True,False
DENND5B,string,20,12,False,False
RESF1,string,20,3,False,False
FGD4,string,20,16,False,False
PKP2,string,20,15,False,False
KIF21A,string,20,14,False,False
GXYLT1,string,20,8,False,False
YAF2,string,20,14,False,False
ANO6,string,20,14,False,False
AC008124.1,string,0,0,True,False
ARID2,string,20,18,False,False
SLC38A1,string,20,17,False,False
SLC38A2,string,20,19,False,False
SLC48A1,string,20,10,False,False
ASB8,string,20,7,False,False
ZNF641,string,20,0,False,False
KANSL2,string,20,11,False,True
CCNT1,string,20,31,False,False
DDX23,string,20,22,False,True
FKBP11,string,20,7,False,False
DDN-AS1,string,0,0,True,False
LMBR1L,string,20,10,False,False
TUBA1B,string,20,31,False,True
TUBA1A,string,20,35,False,False
TUBA1C,string,20,29,False,True
TROAP,string,20,4,False,False
SPATS2,string,20,10,False,False
NCKAP5L,string,20,6,False,False
RACGAP1,string,20,33,False,True
SMARCD1,string,20,25,False,False
GPD1,string,20,16,False,False
COX14,string,20,9,False,False
LIMA1,string,20,7,False,False
DIP2B,string,20,10,False,False
ATF1,string,20,9,False,False
METTL7A,string,20,11,False,False
SLC11A2,string,20,31,False,False
LETMD1,string,20,5,False,False
CSRNP2,string,20,9,False,False
SMAGP,string,20,9,False,True
GRASP,string,0,0,True,False
NR4A1,string,20,12,False,False
KRT80,string,20,5,False,False
KRT8,string,20,22,False,True
KRT18,string,20,21,False,False
EIF4B,string,20,33,False,True
TNS2,string,20,6,False,False
IGFBP6,string,20,8,False,False
SOAT2,string,20,7,False,False
MAP3K12,string,20,9,False,False
CALCOCO1,string,20,5,False,False
CBX5,string,20,33,False,False
HNRNPA1,string,20,60,False,True
METTL7B,string,20,6,False,False
CD63,string,20,23,False,False
GDF11,string,20,10,False,False
SARNP,string,20,20,False,True
ORMDL2,string,20,10,False,False
PYM1,string,20,10,False,False
RAB5B,string,20,16,False,False
IKZF4,string,20,3,False,False
ERBB3,string,20,33,False,False
PA2G4,string,20,25,False,False
MYL6,string,20,25,False,False
SMARCC2,string,20,33,False,False
SLC39A5,string,20,17,False,False
STAT2,string,20,28,False,False
TIMELESS,string,20,32,False,True
GLS2,string,20,26,False,False
RBMS2,string,20,14,False,False
BAZ2A,string,20,17,False,False
PTGES3,string,20,50,False,False
PRIM1,string,20,30,False,True
NAB2,string,20,8,False,False
STAT6,string,20,20,False,False
LRP1,string,20,37,False,False
R3HDM2,string,20,11,False,False
INHBE,string,20,6,False,False
MARS,string,0,0,True,True
DDIT3,string,20,34,False,False
KIF5A,string,20,28,False,False
PIP4K2C,string,20,13,False,True
OS9,string,20,33,False,False
TSPAN31,string,20,18,False,False
MARCH9,string,0,0,True,False
CTDSP2,string,20,6,False,False
GIHCG,string,0,0,True,False
USP15,string,20,13,False,False
MON2,string,20,32,False,False
PPM1H,string,20,10,False,False
RXYLT1,string,20,14,False,False
SRGAP1,string,20,14,False,False
TBK1,string,20,33,False,False
GNS,string,20,18,False,False
LEMD3,string,20,30,False,False
HMGA2,string,20,20,False,False
LLPH,string,20,14,False,False
HELB,string,20,3,False,False
DYRK2,string,20,10,False,False
NUP107,string,20,50,False,True
SLC35E3,string,20,11,False,False
MDM2,string,20,95,False,False
CPSF6,string,20,24,False,True
AC020656.2,string,0,0,True,False
LYZ,string,20,8,False,False
YEATS4,string,20,41,False,True
FRS2,string,20,20,False,False
RAB3IP,string,20,22,False,False
AC025159.1,string,0,0,True,False
KCNMB4,string,20,2,False,False
TSPAN8,string,20,10,False,False
LGR5,string,20,20,False,False
ZFC3H1,string,20,42,False,True
THAP2,string,20,7,False,False
TMEM19,string,20,18,False,False
RAB21,string,20,17,False,False
TBC1D15,string,20,14,False,False
ATXN7L3B,string,20,3,False,False
GLIPR1,string,20,7,False,False
KRR1,string,20,54,False,True
PHLDA1,string,20,4,False,False
OSBPL8,string,20,16,False,False
CSRP2,string,20,8,False,False
E2F7,string,20,7,False,False
PAWR,string,20,17,False,False
LIN7A,string,20,17,False,False
ACSS3,string,20,18,False,False
CCDC59,string,20,8,False,True
C12orf29,string,20,2,False,False
CEP290,string,20,38,False,False
TMTC3,string,20,8,False,False
KITLG,string,0,0,True,False
DUSP6,string,20,19,False,False
GALNT4,string,20,7,False,False
ATP2B1,string,20,20,False,False
BTG1,string,20,8,False,False
EEA1,string,20,34,False,False
LINC02413,string,0,0,True,False
NUDT4,string,20,10,False,False
FGD6,string,20,16,False,False
VEZT,string,20,6,False,True
METAP2,string,20,16,False,True
NTN4,string,20,5,False,False
LTA4H,string,20,6,False,False
ELK3,string,20,1,False,False
TMPO,string,20,16,False,False
IKBIP,string,20,4,False,False
APAF1,string,20,32,False,False
UHRF1BP1L,string,20,4,False,False
ACTR6,string,20,14,False,True
SCYL2,string,20,3,False,False
NR1H4,string,20,25,False,False
GAS2L3,string,20,13,False,False
UTP20,string,20,27,False,True
CHPT1,string,20,32,False,False
GNPTAB,string,20,16,False,False
DRAM1,string,20,1,False,False
WASHC3,string,20,18,False,False
NUP37,string,20,27,False,False
PARPBP,string,20,9,False,False
HELLPAR,string,0,0,True,False
PAH,string,20,19,False,False
HSP90B1,string,20,46,False,True
C12orf73,string,20,6,False,False
TDG,string,20,18,False,False
NFYB,string,20,35,False,True
TXNRD1,string,20,55,False,False
EID3,string,20,8,False,False
SLC41A2,string,20,7,False,False
C12orf45,string,0,0,True,True
WASHC4,string,20,15,False,False
C12orf75,string,20,2,False,False
CKAP4,string,20,14,False,False
TCP11L2,string,20,7,False,False
TMEM263,string,20,2,False,False
CRY1,string,20,14,False,False
PRDM4,string,20,8,False,True
SART3,string,20,18,False,True
ISCU,string,20,27,False,True
ALKBH2,string,20,10,False,False
UNG,string,20,13,False,False
KCTD10,string,20,21,False,True
MMAB,string,20,8,False,False
MVK,string,20,28,False,True
FAM222A,string,20,6,False,False
GLTP,string,20,9,False,False
GIT2,string,20,15,False,True
ANKRD13A,string,20,10,False,False
C12orf76,string,0,0,True,False
IFT81,string,20,21,False,False
GPN3,string,20,23,False,True
PPTC7,string,20,10,False,False
TCTN1,string,20,9,False,False
PHETA1,string,20,5,False,False
BRAP,string,20,8,False,False
ALDH2,string,20,29,False,False
MAPKAPK5-AS1,string,0,0,True,False
TMEM116,string,20,12,False,False
NAA25,string,20,23,False,True
HECTD4,string,20,4,False,False
PTPN11,string,20,90,False,True
DDX54,string,20,15,False,True
TPCN1,string,20,9,False,False
SDSL,string,20,18,False,False
LINC01234,string,0,0,True,False
RBM19,string,20,12,False,True
TBX3,string,20,15,False,False
MED13L,string,20,27,False,False
C12orf49,string,0,0,True,False
TESC,string,20,4,False,False
RFC5,string,20,32,False,True
WSB2,string,20,14,False,False
PEBP1,string,20,21,False,False
TAOK3,string,20,8,False,False
PRKAB1,string,20,19,False,False
CIT,string,20,18,False,False
BICDL1,string,20,14,False,False
TRIAP1,string,20,8,False,True
GATC,string,20,3,False,False
DYNLL1,string,20,50,False,True
NRAV,string,0,0,True,False
UNC119B,string,20,10,False,False
ACADS,string,20,29,False,False
SPPL3,string,20,10,False,False
HNF1A-AS1,string,0,0,True,False
P2RX4,string,20,12,False,False
ORAI1,string,0,0,True,False
MORN3,string,20,11,False,False
RHOF,string,20,7,False,False
LINC01089,string,0,0,True,False
HPD,string,20,12,False,False
BCL7A,string,20,14,False,False
MLXIP,string,20,12,False,False
CLIP1,string,20,23,False,False
ZCCHC8,string,20,15,False,False
RSRC2,string,20,13,False,True
KNTC1,string,20,10,False,False
HCAR3,string,20,1,False,False
VPS37B,string,20,22,False,False
MPHOSPH9,string,20,10,False,False
C12orf65,string,0,0,True,False
CDK2AP1,string,20,10,False,False
SBNO1,string,20,17,False,True
KMT5A,string,20,17,False,False
RILPL2,string,20,9,False,False
RILPL1,string,20,11,False,False
DDX55,string,20,53,False,True
CCDC92,string,20,12,False,False
ZNF664,string,20,12,False,False
NCOR2,string,20,53,False,False
SCARB1,string,20,18,False,False
UBC,string,20,203,False,True
BRI3BP,string,20,6,False,False
RAN,string,20,50,False,True
ULK1,string,20,33,False,False
EP400,string,0,0,True,True
FBRSL1,string,20,4,False,True
POLE,string,20,58,False,True
PXMP2,string,20,8,False,False
ANKLE2,string,20,12,False,True
GOLGA3,string,20,23,False,False
CHFR,string,20,11,False,False
ZNF605,string,20,3,False,False
ZNF26,string,20,4,False,False
ZNF84,string,20,1,False,True
ZNF140,string,20,2,False,False
ZNF891,string,20,0,False,False
ZNF268,string,20,2,False,False
MPHOSPH8,string,20,18,False,False
PSPC1,string,20,7,False,False
ZMYM5,string,20,11,False,False
ZMYM2,string,20,22,False,False
CRYL1,string,20,9,False,False
LATS2,string,20,24,False,False
SAP18,string,20,21,False,True
SKA3,string,20,13,False,True
ZDHHC20,string,20,7,False,False
SACS,string,0,0,True,False
TNFRSF19,string,20,12,False,False
PARP4,string,20,7,False,False
NUP58,string,20,17,False,False
RNF6,string,20,5,False,False
CDK8,string,20,41,False,False
POLR1D,string,20,37,False,True
PAN3,string,20,8,False,False
SLC7A1,string,20,14,False,False
UBL3,string,20,8,False,False
HMGB1,string,20,22,False,True
USPL1,string,20,7,False,True
HSPH1,string,20,32,False,True
BRCA2,string,20,41,False,True
N4BP2L1,string,20,8,False,False
PDS5B,string,20,24,False,False
AL139383.1,string,0,0,True,False
RFC3,string,20,35,False,True
SMAD9,string,20,25,False,False
EXOSC8,string,20,25,False,True
UFM1,string,20,20,False,True
NHLRC3,string,20,7,False,False
MRPS31,string,20,27,False,True
ELF1,string,20,2,False,False
WBP4,string,20,5,False,False
DGKH,string,20,16,False,False
AKAP11,string,20,14,False,False
TSC22D1,string,20,9,False,False
TPT1,string,20,15,False,True
TPT1-AS1,string,0,0,True,False
SLC25A30,string,20,15,False,False
COG3,string,20,44,False,True
CPB2,string,20,37,False,False
NUDT15,string,20,7,False,True
ITM2B,string,0,0,True,False
RB1,string,20,68,False,False
LPAR6,string,20,11,False,False
FNDC3A,string,20,10,False,False
RNASEH2B,string,20,17,False,False
INTS6,string,20,25,False,True
WDFY2,string,20,8,False,False
CKAP2,string,20,5,False,False
DIAPH3,string,20,21,False,False
MZT1,string,20,20,False,True
DIS3,string,20,37,False,True
PIBF1,string,20,6,False,False
TBC1D4,string,20,9,False,False
LMO7,string,20,12,False,False
CLN5,string,20,9,False,False
FBXL3,string,20,15,False,False
MYCBP2,string,20,18,False,False
OBI1,string,20,6,False,False
RBM26,string,20,10,False,False
NDFIP2,string,20,8,False,False
GPC6,string,20,15,False,False
DNAJC3,string,20,29,False,False
UGGT2,string,20,12,False,False
MBNL2,string,20,8,False,False
RAP2A,string,20,22,False,False
IPO5,string,20,20,False,False
FARP1,string,20,11,False,False
STK24,string,20,32,False,False
TM9SF2,string,20,23,False,False
ZIC2,string,20,11,False,False
PCCA-DT,string,0,0,True,False
ERCC5,string,0,0,True,False
ARGLU1,string,20,9,False,True
RAB20,string,20,5,False,False
ANKRD10,string,20,9,False,False
ATP11A,string,20,9,False,False
F7,string,20,16,False,False
F10,string,20,21,False,False
PCID2,string,20,13,False,True
LAMP1,string,20,37,False,False
GRTP1,string,20,6,False,False
TMCO3,string,20,6,False,False
TFDP1,string,20,30,False,True
CCNB1IP1,string,20,9,False,False
PIP4P1,string,20,15,False,False
PNP,string,20,16,False,False
ANG,string,20,13,False,False
RNASE4,string,20,2,False,False
SUPT16H,string,20,56,False,True
CHD8,string,0,0,True,False
TOX4,string,20,20,False,True
DAD1,string,20,25,False,True
OXA1L,string,20,26,False,True
MRPL52,string,20,6,False,False
LRP10,string,20,13,False,False
HAUS4,string,20,15,False,True
AJUBA,string,20,13,False,False
C14orf119,string,20,4,False,False
NGDN,string,20,19,False,False
DHRS2,string,20,4,False,False
PCK2,string,20,20,False,False
DCAF11,string,20,22,False,False
FITM1,string,20,1,False,False
EMC9,string,20,7,False,False
CHMP4A,string,20,44,False,False
CIDEB,string,20,8,False,False
STXBP6,string,20,12,False,False
G2E3,string,20,13,False,False
SCFD1,string,20,37,False,True
STRN3,string,20,30,False,False
HECTD1,string,20,7,False,True
LINC02313,string,0,0,True,False
ARHGAP5,string,20,13,False,False
SPTSSA,string,20,11,False,True
EAPP,string,20,11,False,False
SNX6,string,20,27,False,False
CFL2,string,20,17,False,False
BAZ1A,string,20,12,False,False
SRP54,string,20,19,False,True
FAM177A1,string,20,8,False,False
PPP2R3C,string,20,11,False,True
PRORP,string,20,28,False,True
PSMA6,string,20,52,False,True
NFKBIA,string,20,53,False,False
RALGAPA1,string,20,6,False,False
MBIP,string,20,18,False,True
FOXA1,string,20,30,False,False
SEC23A,string,20,37,False,False
TRAPPC6B,string,20,24,False,False
PNN,string,20,27,False,True
MIA2,string,20,9,False,False
FBXO33,string,20,8,False,False
TOGARAM1,string,20,6,False,False
PRPF39,string,20,17,False,True
MIS18BP1,string,20,17,False,True
KLHDC2,string,20,15,False,False
NEMF,string,20,5,False,True
ARF6,string,20,76,False,False
SOS2,string,20,11,False,False
MAP4K5,string,20,3,False,False
SAV1,string,20,28,False,False
NIN,string,20,24,False,False
PYGL,string,20,20,False,False
TMX1,string,20,15,False,False
ERO1A,string,20,8,False,False
AL133453.1,string,0,0,True,False
GNPNAT1,string,20,14,False,True
FERMT2,string,20,19,False,False
DDHD1,string,20,11,False,False
BMP4,string,20,51,False,False
CDKN3,string,20,9,False,False
GMFB,string,20,7,False,False
CGRRF1,string,20,9,False,False
SAMD4A,string,20,11,False,False
WDHD1,string,20,33,False,True
SOCS4,string,20,10,False,False
LGALS3,string,20,40,False,False
DLGAP5,string,20,65,False,False
ATG14,string,20,27,False,False
TMEM260,string,20,4,False,False
EXOC5,string,20,31,False,True
AP5M1,string,20,9,False,False
ACTR10,string,20,38,False,True
PSMA3-AS1,string,0,0,True,False
ARID4A,string,20,20,False,False
TIMM9,string,20,23,False,True
KIAA0586,string,20,12,False,True
DAAM1,string,20,19,False,False
PCNX4,string,20,5,False,False
DHRS7,string,20,8,False,False
PPM1A,string,20,18,False,False
HIF1A,string,20,96,False,False
SNAPC1,string,20,15,False,True
SYNE2,string,20,17,False,False
MTHFD1,string,0,0,True,True
ZBTB1,string,20,12,False,False
GPX2,string,20,24,False,False
MAX,string,20,32,False,True
FUT8,string,20,23,False,False
MPP5,string,0,0,True,False
ATP6V1D,string,20,40,False,True
PIGH,string,20,15,False,True
ARG2,string,20,13,False,False
RDH11,string,20,11,False,False
ZFP36L1,string,20,9,False,False
ACTN1,string,20,36,False,False
DCAF5,string,20,16,False,False
SUSD6,string,20,5,False,False
SRSF5,string,20,17,False,False
SYNJ2BP,string,20,10,False,False
MED6,string,20,35,False,True
TTC9,string,20,8,False,False
AC004816.1,string,0,0,True,False
PCNX1,string,20,8,False,False
PSEN1,string,20,36,False,False
NUMB,string,20,21,False,False
ACOT2,string,20,22,False,False
DNAL1,string,20,5,False,False
PNMA1,string,20,8,False,False
ELMSAN1,string,0,0,True,False
PTGR2,string,20,7,False,True
ZNF410,string,20,7,False,False
COQ6,string,20,11,False,False
ENTPD5,string,20,17,False,False
ALDH6A1,string,20,35,False,False
ABCD4,string,20,19,False,False
NPC2,string,20,22,False,False
AREL1,string,20,15,False,False
YLPM1,string,20,5,False,False
PGF,string,20,8,False,False
FOS,string,20,80,False,False
JDP2,string,20,9,False,False
ERG28,string,20,20,False,False
GPATCH2L,string,20,5,False,False
IRF2BPL,string,20,8,False,False
GSTZ1,string,20,14,False,False
AHSA1,string,20,28,False,False
ISM2,string,20,2,False,False
GTF2A1,string,20,29,False,True
SEL1L,string,20,22,False,False
LINC01146,string,0,0,True,False
ZC3H14,string,20,12,False,False
FOXN3,string,20,11,False,False
NRDE2,string,20,9,False,True
CALM1,string,20,41,False,False
PPP4R3A,string,20,9,False,False
TRIP11,string,20,17,False,False
ATXN3,string,0,0,True,False
NDUFB1,string,20,8,False,False
CPSF2,string,20,32,False,True
LGMN,string,20,17,False,False
GOLGA5,string,20,24,False,False
MOAP1,string,20,9,False,False
TMEM251,string,20,5,False,False
BTBD7,string,20,4,False,False
DDX24,string,20,44,False,True
IFI27L2,string,20,4,False,False
SERPINA6,string,20,5,False,False
SERPINA1,string,20,41,False,False
SERPINA11,string,20,8,False,False
SERPINA4,string,20,16,False,False
SERPINA5,string,20,9,False,False
SERPINA3,string,20,9,False,False
CLMN,string,20,15,False,False
SYNE3,string,20,12,False,False
SNHG10,string,0,0,True,False
GLRX5,string,20,25,False,True
ATG2B,string,20,13,False,False
VRK1,string,20,13,False,False
CCNK,string,20,16,False,True
EVL,string,20,13,False,False
WARS,string,0,0,True,True
DLK1,string,20,12,False,False
PPP2R5C,string,20,36,False,False
DYNC1H1,string,20,43,False,True
HSP90AA1,string,20,150,False,False
MOK,string,20,1,False,True
ANKRD9,string,20,8,False,False
RCOR1,string,20,23,False,True
AMN,string,20,9,False,False
CDC42BPB,string,20,10,False,False
EXOC3L4,string,20,17,False,False
EIF5,string,20,22,False,True
MARK3,string,20,20,False,False
CKB,string,20,9,False,False
BAG5,string,20,14,False,False
KLC1,string,20,27,False,False
COA8,string,20,3,False,False
PPP1R13B,string,20,11,False,False
ADSSL1,string,0,0,True,False
SIVA1,string,20,9,False,False
AKT1,string,20,194,False,False
CDCA4,string,20,4,False,False
NUDT14,string,20,12,False,False
CRIP2,string,20,3,False,False
CRIP1,string,20,6,False,False
TEDC1,string,20,6,False,False
TMEM121,string,20,13,False,False
CYFIP1,string,20,28,False,True
SNRPN,string,20,19,False,False
SNHG14,string,0,0,True,False
NSMCE3,string,20,13,False,False
TJP1,string,20,53,False,False
KLF13,string,20,3,False,False
ARHGAP11A,string,20,11,False,False
EMC7,string,20,13,False,True
SLC12A6,string,20,14,False,False
GOLGA8B,string,20,4,False,False
ZNF770,string,20,7,False,False
MEIS2,string,20,19,False,False
SPRED1,string,20,10,False,False
THBS1,string,20,37,False,False
BUB1B,string,20,87,False,True
KNSTRN,string,20,11,False,False
IVD,string,20,15,False,False
KNL1,string,20,33,False,False
RAD51,string,20,63,False,True
GCHFR,string,20,12,False,False
SPINT1,string,20,16,False,False
CHP1,string,20,7,False,False
OIP5,string,20,15,False,True
NUSAP1,string,20,44,False,False
ITPKA,string,20,13,False,False
MGA,string,20,22,False,False
EHD4,string,20,9,False,False
TMEM87A,string,20,8,False,False
ZNF106,string,20,7,False,False
HAUS2,string,20,19,False,False
TTBK2,string,20,15,False,False
UBR1,string,20,32,False,False
CCNDBP1,string,20,7,False,False
TP53BP1,string,20,56,False,False
MFAP1,string,20,34,False,True
CASC4,string,0,0,True,False
EIF3J-DT,string,0,0,True,False
B2M,string,0,0,True,False
SORD,string,20,25,False,False
SHF,string,20,4,False,False
BLOC1S6,string,20,16,False,False
SQOR,string,20,10,False,False
DUT,string,20,41,False,True
CEP152,string,20,25,False,True
SECISBP2L,string,20,7,False,False
SLC27A2,string,20,27,False,False
GABPB1,string,20,16,False,True
GABPB1-IT1,string,0,0,True,False
GABPB1-AS1,string,0,0,True,False
USP8,string,20,24,False,True
TRPM7,string,0,0,True,True
CYP19A1,string,20,22,False,False
GNB5,string,20,30,False,False
MYO5C,string,20,13,False,False
FAM214A,string,20,10,False,False
RSL24D1,string,20,35,False,True
RAB27A,string,20,16,False,False
CCPG1,string,20,12,False,False
RFX7,string,20,12,False,False
TEX9,string,20,9,False,False
CGNL1,string,20,13,False,False
LIPC,string,20,38,False,False
MINDY2,string,20,8,False,False
RNF111,string,20,12,False,False
CCNB2,string,20,87,False,False
MYO1E,string,20,18,False,False
GCNT3,string,20,12,False,False
BNIP2,string,20,10,False,False
ANXA2,string,20,25,False,False
ICE2,string,20,13,False,False
RORA,string,20,26,False,False
VPS13C,string,0,0,True,False
TPM1,string,20,23,False,False
LACTB,string,20,6,False,False
RPS27L,string,20,5,False,False
RAB8B,string,20,25,False,False
USP3,string,20,5,False,False
CSNK1G1,string,20,10,False,False
PCLAF,string,20,5,False,False
OAZ2,string,20,5,False,False
RBPMS2,string,20,10,False,False
PIF1,string,20,14,False,False
SLC51B,string,20,7,False,False
PDCD7,string,20,11,False,True
CLPX,string,20,11,False,False
IGDCC3,string,20,11,False,False
DENND4A,string,20,8,False,False
TIPIN,string,20,22,False,True
AC087482.1,string,0,0,True,False
SMAD3,string,20,114,False,False
PIAS1,string,20,28,False,True
CALML4,string,20,12,False,False
FEM1B,string,20,12,False,False
KIF23,string,20,41,False,True
TLE3,string,20,21,False,False
UACA,string,20,6,False,False
LARP6,string,20,8,False,False
MYO9A,string,20,6,False,False
PKM,string,20,50,False,True
ARIH1,string,20,14,False,True
NPTN,string,20,9,False,False
ARID3B,string,20,13,False,False
CLK3,string,20,18,False,False
SIN3A,string,20,91,False,True
UBE2Q2,string,20,15,False,False
FBXO22,string,20,8,False,False
PEAK1,string,20,5,False,False
TBC1D2B,string,20,11,False,False
IREB2,string,20,25,False,False
CTSH,string,20,11,False,False
MTHFS,string,20,9,False,False
AC015871.7,string,0,0,True,False
FAH,string,20,19,False,False
CEMIP,string,20,8,False,False
SNHG21,string,0,0,True,False
WHAMM,string,20,14,False,False
HOMER2,string,20,10,False,False
RAMAC,string,20,4,False,True
ZSCAN2,string,20,5,False,False
WDR73,string,20,17,False,False
NMB,string,20,9,False,False
AKAP13,string,20,22,False,False
AEN,string,20,15,False,False
ISG20,string,20,16,False,False
MFGE8,string,20,13,False,False
ABHD2,string,20,8,False,False
FANCI,string,20,13,False,False
ANPEP,string,20,26,False,False
IDH2,string,20,17,False,False
NGRN,string,20,12,False,False
IQGAP1,string,20,43,False,False
BLM,string,20,48,False,False
FURIN,string,20,46,False,False
FES,string,20,10,False,False
PRC1,string,20,36,False,True
LINC01578,string,0,0,True,False
CHD2,string,20,5,False,False
NR2F2,string,20,18,False,False
ARRDC4,string,20,8,False,False
IGF1R,string,0,0,True,False
MEF2A,string,20,27,False,True
ASB7,string,20,12,False,False
SELENOS,string,20,19,False,False
SNRPA1,string,20,73,False,True
PCSK6,string,20,11,False,False
POLR3K,string,20,37,False,True
LUC7L,string,20,18,False,False
WFIKKN1,string,20,6,False,False
STUB1,string,20,38,False,False
JMJD8,string,0,0,True,False
GNPTG,string,20,14,False,False
CLCN7,string,20,18,False,False
JPT2,string,20,2,False,False
SPSB3,string,20,5,False,False
HAGH,string,20,11,False,False
SNHG9,string,0,0,True,False
GFER,string,20,39,False,True
NPW,string,0,0,True,False
NTHL1,string,20,11,False,False
PKD1,string,20,15,False,False
SNHG19,string,0,0,True,False
PGP,string,20,8,False,False
CCNF,string,20,20,False,False
ATP6V0C,string,20,30,False,True
KCTD5,string,20,15,False,False
ZG16B,string,20,3,False,False
PAQR4,string,20,11,False,False
CLDN6,string,20,11,False,False
TNFRSF12A,string,20,11,False,False
HCFC1R1,string,20,6,False,False
THOC6,string,20,12,False,True
IL32,string,20,1,False,False
NAA60,string,20,12,False,False
DNASE1,string,20,1,False,False
CREBBP,string,20,144,False,False
VASN,string,20,5,False,False
CDIP1,string,20,11,False,False
ROGDI,string,20,9,False,False
PPL,string,20,17,False,False
ABAT,string,20,31,False,False
CARHSP1,string,20,9,False,False
C16orf72,string,20,5,False,False
ATF7IP2,string,20,2,False,False
EMP2,string,20,7,False,False
RMI2,string,20,9,False,False
LITAF,string,20,11,False,False
ZC3H7A,string,20,9,False,False
SNX29,string,20,10,False,False
MIR193BHG,string,0,0,True,False
NPIPA1,string,17,2,False,False
PDXDC1,string,20,15,False,False
NTAN1,string,20,15,False,False
RRN3,string,20,19,False,True
MPV17L,string,20,5,False,False
MARF1,string,20,9,False,False
NDE1,string,20,19,False,False
FOPNL,string,0,0,True,False
ABCC6,string,20,12,False,False
ARL6IP1,string,20,17,False,False
SMG1,string,20,26,False,True
TMC7,string,20,7,False,False
ITPRIPL2,string,20,16,False,False
GDE1,string,20,4,False,False
CCP110,string,20,27,False,True
KNOP1,string,20,3,False,False
THUMPD1,string,20,6,False,True
METTL9,string,20,6,False,False
MOSMO,string,20,5,False,False
CDR2,string,20,10,False,False
NPIPB5,string,7,1,False,False
UBFD1,string,20,8,False,False
DCTN5,string,20,25,False,True
PLK1,string,20,103,False,True
RBBP6,string,20,31,False,True
TNRC6A,string,20,33,False,True
ZKSCAN2-DT,string,0,0,True,False
IL4R,string,20,9,False,False
GTF3C1,string,20,13,False,True
CLN3,string,20,16,False,False
NUPR1,string,20,4,False,False
SULT1A2,string,20,4,False,False
SULT1A1,string,0,0,True,False
ATXN2L,string,20,21,False,False
NFATC2IP,string,20,9,False,True
KIF22,string,20,10,False,False
PAGR1,string,20,9,False,False
MVP,string,20,5,False,False
SEZ6L2,string,20,17,False,False
ASPHD1,string,20,10,False,False
YPEL3,string,20,6,False,False
GDPD3,string,20,18,False,False
MAPK3,string,20,119,False,False
SULT1A3,string,20,6,False,False
DCTPP1,string,20,9,False,False
SEPHS2,string,20,19,False,True
ZNF768,string,20,12,False,False
PRR14,string,20,5,False,False
FBRS,string,20,5,False,False
ORAI3,string,20,6,False,False
HSD3B7,string,20,8,False,False
PRSS8,string,20,17,False,False
FUS,string,20,39,False,False
PYCARD,string,20,6,False,False
TGFB1I1,string,20,19,False,False
ZNF720,string,0,0,True,True
ZNF267,string,20,2,False,False
SHCBP1,string,20,7,False,False
ORC6,string,20,20,False,True
C16orf87,string,20,4,False,False
ITFG1,string,20,13,False,False
PHKB,string,20,15,False,False
ABCC11,string,20,3,False,False
N4BP1,string,20,12,False,False
TENT4B,string,20,14,False,False
AC007493.1,string,0,0,True,False
NKD1,string,20,15,False,False
CYLD,string,20,31,False,False
HNRNPA1P48,string,0,0,True,False
TOX3,string,20,11,False,False
CHD9,string,20,29,False,False
RBL2,string,20,24,False,False
IRX3,string,20,18,False,False
CRNDE,string,0,0,True,False
MT2A,string,20,10,False,True
MT1E,string,20,3,False,False
MT1X,string,20,6,False,False
HERPUD1,string,20,10,False,False
RSPRY1,string,20,13,False,False
ARL2BP,string,20,17,False,False
PLLP,string,20,13,False,False
CX3CL1,string,20,8,False,False
DOK4,string,20,10,False,False
ADGRG1,string,20,10,False,False
KIFC3,string,20,7,False,False
USB1,string,20,5,False,False
CFAP20,string,20,11,False,False
AC009107.2,string,0,0,True,False
SLC38A7,string,20,16,False,False
CKLF,string,20,8,False,False
CMTM3,string,20,12,False,False
CMTM4,string,20,10,False,False
RRAD,string,20,12,False,False
CES2,string,20,10,False,False
CBFB,string,20,30,False,False
C16orf70,string,0,0,True,False
TRADD,string,20,40,False,False
ATP6V0D1,string,20,34,False,True
GFOD2,string,20,5,False,True
RANBP10,string,20,18,False,False
PSMB10,string,20,25,False,False
LCAT,string,20,30,False,False
SLC12A4,string,20,19,False,False
SLC7A6,string,20,20,False,False
ZFP90,string,20,6,False,False
CDH1,string,20,108,False,False
UTP4,string,20,50,False,False
SNTB2,string,20,13,False,True
TMED6,string,20,6,False,False
CYB5B,string,20,11,False,False
NFAT5,string,20,9,False,False
NQO1,string,20,23,False,False
DDX19B,string,20,6,False,True
MTSS2,string,20,10,False,False
CMTR2,string,20,5,False,True
ZNF23,string,20,8,False,False
MARVELD3,string,20,7,False,False
AP1G1,string,20,26,False,False
IST1,string,20,25,False,True
TXNL4B,string,20,5,False,True
HP,string,20,45,False,False
DHX38,string,20,24,False,False
ZFHX3,string,20,12,False,False
GLG1,string,20,8,False,False
WDR59,string,20,31,False,False
BCAR1,string,20,39,False,True
TMEM170A,string,20,7,False,False
TERF2IP,string,20,26,False,False
MON1B,string,20,14,False,False
CENPN,string,20,22,False,True
ATMIN,string,20,3,False,False
CMIP,string,20,15,False,False
HSD17B2,string,20,17,False,False
OSGIN1,string,20,0,False,False
MBTPS1,string,20,13,False,True
AC040169.1,string,0,0,True,False
COTL1,string,20,24,False,True
KLHL36,string,20,3,False,False
ZDHHC7,string,20,11,False,True
GSE1,string,20,7,False,False
GINS2,string,20,22,False,True
FBXO31,string,20,7,False,False
MAP1LC3B,string,20,34,False,False
SLC7A5,string,20,31,False,True
CA5A,string,0,0,True,True
ZC3H18,string,20,18,False,True
MVD,string,20,26,False,True
CDT1,string,20,34,False,True
SLC22A31,string,20,9,False,False
ZNF778,string,20,1,False,False
ANKRD11,string,20,6,False,True
DPEP1,string,20,9,False,False
CDK10,string,20,9,False,False
VPS9D1,string,20,8,False,False
SPIRE2,string,20,9,False,False
TUBB3,string,20,14,False,False
DBNDD1,string,20,8,False,False
RFLNB,string,20,5,False,False
VPS53,string,20,34,False,False
NXN,string,20,10,False,False
CRK,string,20,52,False,False
MYO1C,string,0,0,True,False
SLC43A2,string,20,20,False,False
MIR22HG,string,0,0,True,False
SERPINF2,string,20,18,False,False
SERPINF1,string,20,13,False,False
MNT,string,20,8,False,False
METTL16,string,20,18,False,True
PAFAH1B1,string,20,48,False,True
TAX1BP3,string,20,6,False,False
ITGAE,string,20,11,False,False
ZZEF1,string,20,10,False,False
CYB5D2,string,20,8,False,False
UBE2G1,string,20,20,False,False
CXCL16,string,20,9,False,False
TM4SF5,string,20,9,False,False
GLTPD2,string,20,2,False,False
RNF167,string,20,8,False,False
ENO3,string,20,29,False,False
CAMTA2,string,20,12,False,False
DHX33,string,20,21,False,True
DERL2,string,20,21,False,True
PIMREG,string,20,1,False,False
MED31,string,20,15,False,True
SLC13A5,string,20,6,False,False
ALOX12-AS1,string,0,0,True,False
C17orf49,string,20,8,False,False
ASGR1,string,20,11,False,False
ACADVL,string,20,12,False,False
ELP5,string,20,15,False,True
GPS2,string,20,14,False,True
ZBTB4,string,20,5,False,True
POLR2A,string,0,0,True,True
EIF4A1,string,20,44,False,True
CD68,string,20,13,False,False
SAT2,string,20,9,False,False
TP53,string,20,377,False,False
KDM6B,string,20,27,False,False
CHD3,string,20,40,False,False
VAMP2,string,20,61,False,False
TMEM107,string,20,12,False,False
AURKB,string,20,94,False,True
RPL26,string,20,82,False,True
MYH10,string,20,30,False,False
STX8,string,20,23,False,False
MAP2K4,string,20,26,False,False
AC022816.1,string,0,0,True,False
ZNF286A,string,20,0,False,False
PIGL,string,20,10,False,False
TRPV2,string,20,12,False,False
SNHG29,string,0,0,True,False
LRRC75A,string,19,1,False,False
PLD6,string,20,7,False,False
FLCN,string,20,17,False,False
COPS3,string,20,29,False,True
RASD1,string,20,14,False,False
FLII,string,20,8,False,False
FAM83G,string,20,2,False,False
SLC47A1,string,20,19,False,False
ALDH3A2,string,20,39,False,False
SPECC1,string,20,24,False,False
CCDC144NL-AS1,string,0,0,True,False
USP22,string,20,25,False,False
TMEM11,string,20,15,False,False
MAP2K3,string,20,26,False,False
WSB1,string,20,11,False,False
TMEM97,string,20,5,False,False
IFT20,string,20,22,False,False
TNFAIP1,string,20,19,False,False
VTN,string,20,31,False,False
UNC119,string,20,18,False,False
ALDOC,string,20,31,False,False
SPAG5,string,20,21,False,False
SDF2,string,20,12,False,False
SUPT6H,string,20,40,False,True
RAB34,string,20,6,False,False
TLCD1,string,20,4,False,True
NEK8,string,20,15,False,False
TRAF4,string,20,12,False,False
FAM222B,string,13,0,False,False
PIPOX,string,20,30,False,False
NUFIP2,string,20,21,False,False
TAOK1,string,20,17,False,False
TP53I13,string,20,4,False,True
NSRP1,string,20,10,False,True
CPD,string,20,19,False,False
GOSR1,string,20,49,False,False
ATAD5,string,20,19,False,False
NF1,string,20,29,False,True
RAB11FIP4,string,20,11,False,False
ZNF207,string,20,8,False,True
MYO1D,string,20,15,False,False
TMEM98,string,20,7,False,False
ZNF830,string,20,9,False,True
SNHG30,string,0,0,True,False
TAF15,string,20,7,False,False
CCL16,string,20,5,False,False
CCL15,string,20,4,False,False
PIGW,string,20,21,False,False
AATF,string,20,30,False,True
ACACA,string,20,28,False,False
DUSP14,string,20,10,False,False
DDX52,string,20,38,False,True
EPOP,string,20,6,False,False
AC006449.6,string,0,0,True,False
MLLT6,string,20,12,False,True
CWC25,string,20,22,False,True
LASP1,string,20,13,False,False
FBXL20,string,20,5,False,False
MED1,string,20,61,False,True
ERBB2,string,20,77,False,False
GRB7,string,20,12,False,False
NR1D1,string,20,18,False,False
WIPF2,string,20,17,False,False
CDC6,string,20,74,False,True
TOP2A,string,20,78,False,True
IGFBP4,string,20,9,False,False
KRT10,string,20,5,False,True
TMEM99,string,0,0,True,False
KRT23,string,20,7,False,False
KRT19,string,20,22,False,False
EIF1,string,20,23,False,True
JUP,string,20,32,False,False
FKBP10,string,20,27,False,False
ACLY,string,20,27,False,False
CNP,string,20,6,False,False
NKIRAS2,string,20,10,False,False
STAT3,string,20,105,False,False
CAVIN1,string,20,12,False,False
ATP6V0A1,string,20,23,False,False
HSD17B1,string,20,19,False,False
PSMC3IP,string,20,5,False,False
RETREG3,string,20,16,False,False
TUBG1,string,20,29,False,True
PLEKHH3,string,20,3,False,False
WNK4,string,20,13,False,False
VAT1,string,20,2,False,False
BRCA1,string,20,126,False,True
NBR2,string,0,0,True,False
AC060780.1,string,0,0,True,False
NBR1,string,0,0,True,False
ARL4D,string,20,6,False,True
DUSP3,string,20,7,False,False
G6PC3,string,20,11,False,False
HDAC5,string,20,23,False,False
UBTF,string,20,31,False,True
GRN,string,20,20,False,False
GPATCH8,string,20,8,False,False
KIF18B,string,20,6,False,True
PLCD3,string,20,25,False,False
HEXIM1,string,20,17,False,True
HEXIM2,string,20,8,False,False
PLEKHM1,string,20,11,False,False
KANSL1,string,20,31,False,True
NSF,string,20,38,False,True
AC005670.3,string,0,0,True,False
CDC27,string,20,40,False,True
SCRN2,string,20,5,False,False
PNPO,string,20,23,False,False
NFE2L1,string,20,14,False,False
CBX1,string,20,26,False,True
CALCOCO2,string,20,26,False,False
ZNF652,string,20,15,False,False
SPOP,string,20,35,False,False
FAM117A,string,20,2,False,False
ACSF2,string,20,15,False,False
EPN3,string,20,13,False,False
SPATA20,string,20,10,False,False
ABCC3,string,20,12,False,False
LUC7L3,string,20,19,False,True
TOB1,string,20,15,False,False
SPAG9,string,20,17,False,False
NME1,string,20,32,False,False
MBTD1,string,20,14,False,False
AC006141.1,string,0,0,True,False
TOM1L1,string,20,14,False,False
STXBP4,string,20,10,False,True
HLF,string,20,9,False,False
MMD,string,20,8,False,False
TRIM25,string,20,25,False,False
COIL,string,20,11,False,False
SCPEP1,string,20,11,False,False
AC007114.2,string,0,0,True,False
VEZF1,string,20,7,False,False
AC015813.1,string,0,0,True,False
DYNLL2,string,20,32,False,True
RNF43,string,20,13,False,False
MTMR4,string,20,14,False,False
RAD51C,string,20,15,False,True
SKA2,string,20,8,False,False
PRR11,string,20,12,False,False
YPEL2,string,20,11,False,False
DHX40,string,20,8,False,False
AC091271.1,string,0,0,True,False
CLTC,string,20,67,False,True
PTRH2,string,20,6,False,False
VMP1,string,20,20,False,True
RPS6KB1,string,20,28,False,False
APPBP2,string,20,13,False,False
PPM1D,string,20,11,False,False
TBX2-AS1,string,0,0,True,False
TBX2,string,20,7,False,False
BRIP1,string,20,17,False,True
INTS2,string,20,25,False,True
MED13,string,20,37,False,False
TLK2,string,20,15,False,False
LIMD2,string,20,3,False,False
DDX42,string,20,8,False,True
FTSJ3,string,20,59,False,True
ERN1,string,20,22,False,False
SNHG25,string,0,0,True,False
CEP95,string,20,4,False,False
SMURF2,string,20,34,False,False
GNA13,string,20,30,False,False
AXIN2,string,20,31,False,False
APOH,string,20,45,False,False
PRKCA,string,20,58,False,True
HELZ,string,20,12,False,False
PSMD12,string,20,25,False,True
PITPNC1,string,20,5,False,False
KPNA2,string,20,39,False,False
AMZ2,string,20,7,False,False
SLC16A6,string,20,10,False,False
WIPI1,string,20,18,False,False
ABCA5,string,20,5,False,False
SOX9,string,20,34,False,False
LINC00511,string,0,0,True,False
C17orf80,string,20,4,False,False
CDC42EP4,string,20,14,False,False
GPRC5C,string,20,10,False,False
NAT9,string,20,9,False,False
FDXR,string,20,35,False,True
HID1,string,20,10,False,False
CDR2L,string,20,14,False,False
JPT1,string,20,4,False,False
LLGL2,string,20,16,False,False
MYO15B,string,0,0,True,False
SMIM6,string,20,9,False,False
SAP30BP,string,20,11,False,True
ITGB4,string,20,29,False,False
GALK1,string,20,21,False,False
H3F3B,string,0,0,True,False
UNC13D,string,20,8,False,False
WBP2,string,20,11,False,False
TRIM47,string,20,5,False,False
ACOX1,string,20,56,False,False
TEN1,string,20,11,False,True
EXOC7,string,20,46,False,True
FOXJ1,string,20,9,False,False
RNF157,string,20,15,False,False
UBALD2,string,20,11,False,False
PRPSAP1,string,20,11,False,False
RHBDF2,string,20,14,False,False
CYGB,string,20,13,False,False
MXRA7,string,20,9,False,False
JMJD6,string,20,10,False,True
METTL23,string,20,9,False,True
SRSF2,string,20,37,False,True
MFSD11,string,20,14,False,False
SNHG20,string,0,0,True,False
SEC14L1,string,20,1,False,False
TNRC6C,string,0,0,True,False
TMC6,string,20,4,False,False
TK1,string,20,18,False,False
AFMID,string,20,11,False,False
BIRC5,string,20,34,False,True
DNAH17,string,20,12,False,False
CYTH1,string,20,18,False,False
USP36,string,20,3,False,True
TIMP2,string,20,7,False,False
LGALS3BP,string,20,21,False,False
C1QTNF1-AS1,string,0,0,True,False
CBX8,string,20,22,False,False
CBX4,string,20,22,False,False
GAA,string,20,14,False,False
SLC26A11,string,20,8,False,False
RNF213,string,20,14,False,False
BAIAP2,string,20,35,False,False
AATK,string,20,6,False,False
NDUFAF8,string,20,7,False,False
BAHCC1,string,20,5,False,False
ACTG1,string,20,75,False,False
NPLOC4,string,20,37,False,True
OXLD1,string,20,1,False,False
CCDC137,string,20,7,False,True
HGS,string,20,36,False,True
AC139530.1,string,0,0,True,False
MCRIP1,string,20,4,False,False
ALYREF,string,20,57,False,True
PCYT2,string,20,16,False,False
SIRT7,string,20,19,False,True
MAFG,string,20,12,False,False
NOTUM,string,20,4,False,False
ASPSCR1,string,20,17,False,False
CENPX,string,20,20,False,False
RAC3,string,20,42,False,True
DCXR,string,20,13,False,False
RFNG,string,20,11,False,False
FASN,string,20,39,False,True
CCDC57,string,20,11,False,False
SLC16A3,string,20,12,False,False
CD7,string,20,6,False,False
NARF,string,20,5,False,False
RAB40B,string,20,17,False,False
FN3K,string,20,8,False,False
USP14,string,20,22,False,True
TYMSOS,string,0,0,True,False
TYMS,string,20,45,False,False
YES1,string,20,21,False,False
NDC80,string,20,75,False,True
SMCHD1,string,20,13,False,False
LPIN2,string,20,30,False,False
AP005329.3,string,0,0,True,False
MYL12A,string,20,17,False,False
MYL12B,string,20,24,False,False
TGIF1,string,20,10,False,False
DLGAP1-AS1,string,0,0,True,False
LINC00667,string,0,0,True,False
PTPRM,string,20,14,False,False
NDUFV2,string,20,41,False,True
ANKRD12,string,20,11,False,False
RALBP1,string,20,19,False,False
VAPA,string,20,54,False,False
PIEZO2,string,20,3,False,False
CHMP1B,string,20,35,False,False
IMPA2,string,20,13,False,True
TUBB6,string,20,21,False,False
SPIRE1,string,20,5,False,False
PTPN2,string,20,22,False,False
CEP192,string,20,17,False,True
LDLRAD4,string,20,5,False,False
FAM210A,string,20,8,False,False
RNMT,string,20,16,False,True
ESCO1,string,20,15,False,False
MIB1,string,20,15,False,False
RBBP8,string,20,34,False,True
RIOK3,string,20,18,False,False
NPC1,string,20,23,False,False
LAMA3,string,20,23,False,False
TTC39C,string,20,5,False,False
CHST9,string,20,8,False,False
CDH2,string,20,38,False,False
DSC2,string,20,11,False,False
DSG2,string,20,15,False,False
TTR,string,20,34,False,False
KLHL14,string,20,8,False,False
DTNA,string,20,21,False,False
ZNF397,string,20,9,False,False
ZNF24,string,20,12,False,True
INO80C,string,20,22,False,True
GALNT1,string,20,15,False,False
RPRD1A,string,20,31,False,False
SLC39A6,string,20,9,False,False
PIK3C3,string,20,61,False,True
EPG5,string,20,16,False,False
PIAS2,string,20,15,False,False
SMAD2,string,20,87,False,False
SMAD7,string,20,43,False,False
MYO5B,string,20,22,False,False
SKA1,string,20,14,False,True
SMAD4,string,20,86,False,False
MEX3C,string,20,11,False,False
CCDC68,string,20,8,False,False
TXNL1,string,20,8,False,False
ONECUT2,string,20,10,False,False
NEDD4L,string,20,34,False,False
ALPK2,string,20,5,False,False
MALT1,string,0,0,True,False
SEC11C,string,20,23,False,False
PMAIP1,string,20,13,False,False
ZCCHC2,string,20,12,False,False
KDSR,string,0,0,True,False
VPS4B,string,20,30,False,False
SERPINB8,string,20,5,False,False
DOK6,string,20,10,False,False
SOCS6,string,20,14,False,False
TIMM21,string,20,15,False,False
CYB5A,string,20,31,False,False
ZNF407,string,20,7,False,True
MBP,string,20,21,False,False
HSBP1L1,string,11,4,False,False
ADNP2,string,20,7,False,True
PARD6G,string,20,12,False,False
TPGS1,string,20,7,False,False
FSTL3,string,20,11,False,False
PALM,string,20,5,False,False
MISP,string,20,7,False,False
CFD,string,20,12,False,False
KISS1R,string,20,11,False,False
CNN2,string,20,8,False,True
ABCA7,string,20,12,False,False
MIDN,string,20,5,False,False
EFNA2,string,20,8,False,False
GAMT,string,20,8,False,False
C19orf25,string,20,4,False,True
REEP6,string,20,16,False,False
MKNK2,string,20,5,False,False
SF3A2,string,20,70,False,True
JSRP1,string,20,9,False,False
GADD45B,string,20,7,False,False
SGTA,string,20,13,False,False
THOP1,string,20,10,False,False
ZNF556,string,20,0,False,False
SMIM24,string,20,5,False,False
DOHH,string,20,11,False,True
MFSD12,string,20,9,False,False
HMG20B,string,20,22,False,False
DAPK3,string,20,6,False,False
ZBTB7A,string,20,9,False,False
CREB3L3,string,20,24,False,False
STAP2,string,20,6,False,False
CHAF1A,string,20,15,False,True
UBXN6,string,20,19,False,False
LRG1,string,20,6,False,False
SEMA6B,string,20,9,False,False
TNFAIP8L1,string,20,3,False,False
PLIN3,string,20,21,False,False
UHRF1,string,20,16,False,True
KDM4B,string,20,11,False,False
SAFB2,string,20,6,False,False
LONP1,string,20,19,False,True
CAPS,string,0,0,True,False
TNFSF14,string,20,8,False,False
C3,string,20,31,False,False
AC008760.2,string,0,0,True,False
SH2D3A,string,20,5,False,False
INSR,string,20,28,False,False
ARHGEF18,string,20,11,False,False
MCOLN1,string,20,22,False,False
STXBP2,string,20,23,False,False
CTXN1,string,20,7,False,False
CERS4,string,20,12,False,False
MARCH2,string,0,0,True,False
ZNF317,string,20,2,False,True
ZNF426,string,20,4,False,False
ZNF121,string,20,4,False,False
ZNF561,string,20,2,False,False
ZNF562,string,20,8,False,False
SHFL,string,20,4,False,False
DNMT1,string,20,49,False,True
ICAM1,string,20,35,False,False
ICAM4,string,20,5,False,False
FDX2,string,20,19,False,False
CDKN2D,string,20,11,False,False
AP1M2,string,20,19,False,False
ILF3-DT,string,0,0,True,False
DNM2,string,20,46,False,True
TMED1,string,20,5,False,False
YIPF2,string,20,14,False,False
LDLR,string,20,31,False,False
DOCK6,string,20,9,False,False
ANGPTL8,string,20,5,False,False
TMEM205,string,20,13,False,False
ELOF1,string,20,5,False,True
ACP5,string,20,9,False,False
ZNF44,string,20,2,False,False
ZNF563,string,20,4,False,False
ZNF791,string,20,2,False,False
MAN2B1,string,20,16,False,False
HOOK2,string,20,15,False,False
JUNB,string,20,23,False,False
CALR,string,20,46,False,True
NFIX,string,20,9,False,False
IER2,string,20,6,False,False
CCDC130,string,0,0,True,True
SAMD1,string,20,3,False,False
ASF1B,string,20,20,False,True
DDX39A,string,20,23,False,False
DNAJB1,string,20,33,False,False
BRD4,string,20,22,False,True
AKAP8L,string,20,6,False,False
CYP4F3,string,20,11,False,False
TPM4,string,20,20,False,False
FAM32A,string,20,7,False,True
CHERP,string,20,24,False,True
SLC35E1,string,20,10,False,False
MED26,string,20,21,False,True
TMEM38A,string,20,17,False,False
DDA1,string,20,23,False,False
B3GNT3,string,20,19,False,False
PIK3R2,string,20,33,False,False
IFI30,string,20,12,False,False
PDE4C,string,0,0,True,False
JUND,string,20,20,False,False
PGPEP1,string,20,7,False,True
GDF15,string,20,15,False,False
SSBP4,string,20,4,False,False
ISYNA1,string,20,17,False,False
ELL,string,20,23,False,True
CRLF1,string,20,3,False,False
REX1BD,string,20,6,False,False
TMEM59L,string,20,20,False,False
COMP,string,20,6,False,False
UPF1,string,20,46,False,True
HOMER3,string,20,12,False,False
SUGP2,string,20,6,False,False
MEF2B,string,20,6,False,False
YJEFN3,string,20,2,False,True
ZNF430,string,20,4,False,False
ZNF431,string,20,1,False,False
ZNF91,string,20,2,False,False
AC092279.1,string,0,0,True,False
LINC00662,string,0,0,True,False
CCNE1,string,20,45,False,False
CEBPA,string,20,40,False,False
CEBPG,string,20,13,False,True
PEPD,string,20,22,False,False
KIAA0355,string,0,0,True,False
WTIP,string,20,11,False,False
GRAMD1A,string,20,4,False,False
HPN,string,20,6,False,False
FXYD3,string,20,13,False,False
FXYD1,string,20,16,False,False
HAMP,string,20,19,False,True
DMKN,string,20,2,False,False
RBM42,string,20,15,False,True
LIN37,string,20,15,False,False
PRODH2,string,20,11,False,False
ZNF146,string,20,5,False,False
ZNF566,string,20,0,False,False
ZNF260,string,20,6,False,False
C19orf33,string,20,2,False,False
LGALS7B,string,20,3,False,False
HNRNPL,string,20,74,False,True
RINL,string,20,8,False,False
SIRT2,string,20,19,False,False
NFKBIB,string,20,9,False,False
FBXO17,string,20,3,False,False
ZFP36,string,20,13,False,False
SUPT5H,string,20,54,False,True
PLD3,string,20,29,False,False
SERTAD1,string,20,7,False,False
SERTAD3,string,20,10,False,False
BLVRB,string,20,16,False,False
ITPKC,string,20,8,False,False
SNRPA,string,20,20,False,True
CYP2B6,string,20,31,False,False
TGFB1,string,20,51,False,False
RABAC1,string,20,19,False,False
DEDD2,string,20,10,False,False
CEACAM1,string,20,10,False,False
PHLDB3,string,20,4,False,False
ETHE1,string,20,12,False,False
IRGQ,string,20,4,False,False
ZNF226,string,20,7,False,False
AC243964.3,string,0,0,True,False
BCL3,string,20,12,False,False
BCAM,string,20,5,False,False
NECTIN2,string,20,15,False,False
APOE,string,20,58,False,False
APOC1,string,20,30,False,False
APOC2,string,20,37,False,False
CLPTM1,string,20,10,False,False
RELB,string,20,17,False,False
TRAPPC6A,string,20,20,False,False
CD3EAP,string,0,0,True,True
RTN2,string,20,18,False,False
VASP,string,20,32,False,False
FOXA3,string,20,4,False,False
CALM3,string,20,31,False,False
SLC1A5,string,20,26,False,True
ARHGAP35,string,20,30,False,False
BBC3,string,20,13,False,False
NAPA,string,20,40,False,True
SELENOW,string,20,18,False,False
SULT2A1,string,20,12,False,False
LIG1,string,20,26,False,False
ZNF114,string,20,4,False,False
EMP3,string,20,10,False,False
CYTH2,string,20,16,False,False
MAMSTR,string,20,0,False,False
PPP1R15A,string,20,29,False,False
BAX,string,20,25,False,False
FTL,string,20,17,False,False
RPL13A,string,20,86,False,True
FCGRT,string,20,4,False,False
RRAS,string,20,36,False,False
IRF3,string,20,38,False,False
BCL2L12,string,20,7,False,False
AKT1S1,string,20,17,False,False
NUP62,string,20,44,False,True
ATF5,string,20,11,False,True
NR1H2,string,20,14,False,False
C19orf48,string,0,0,True,False
ETFB,string,20,17,False,False
LIM2,string,20,9,False,False
MYADM,string,20,13,False,False
TTYH1,string,20,12,False,False
TMEM86B,string,20,8,False,False
PPP6R1,string,20,15,False,False
TMEM190,string,9,1,False,False
UBE2S,string,20,36,False,False
NAT14,string,20,7,False,False
ZNF579,string,20,4,False,False
ZNF580,string,20,0,False,False
ZNF581,string,20,0,False,False
AC006115.2,string,0,0,True,False
PEG3,string,20,10,False,False
AC005261.1,string,0,0,True,False
TRAPPC2B,string,20,10,False,False
ZNF749,string,19,0,False,False
ZNF274,string,20,14,False,False
ERVK3-1,string,0,0,True,False
AC010642.2,string,0,0,True,False
A1BG,string,20,13,False,False
ZCCHC3,string,20,4,False,False
SOX12,string,20,8,False,False
TRIB3,string,20,17,False,False
RBCK1,string,20,15,False,False
TBC1D20,string,20,16,False,False
SRXN1,string,20,21,False,False
TMEM74B,string,20,3,False,False
SDCBP2,string,20,4,False,False
SDCBP2-AS1,string,0,0,True,False
SNRPB,string,20,72,False,True
NOP56,string,20,67,False,True
UBOX5,string,20,21,False,False
LZTS3,string,20,9,False,False
SLC4A11,string,20,8,False,False
C20orf194,string,0,0,True,False
ATRN,string,20,10,False,False
C20orf27,string,20,2,False,False
CDC25B,string,20,15,False,False
RNF24,string,20,19,False,False
SMOX,string,20,17,False,False
PRNP,string,20,33,False,False
SLC23A2,string,20,14,False,False
PCNA,string,20,109,False,True
CDS2,string,20,22,False,False
GPCPD1,string,20,9,False,False
SHLD1,string,20,5,False,False
MCM8,string,20,12,False,False
FERMT1,string,20,13,False,False
TMX4,string,20,16,False,False
PLCB1,string,20,38,False,False
MKKS,string,20,14,False,False
JAG1,string,20,15,False,False
BTBD3,string,20,18,False,False
SPTLC3,string,20,17,False,False
ESF1,string,20,25,False,True
NDUFAF5,string,20,19,False,True
SNRPB2,string,20,26,False,False
DSTN,string,20,16,False,False
RRBP1,string,20,9,False,False
SNX5,string,20,31,False,False
MGME1,string,20,12,False,False
PET117,string,20,3,False,True
SEC23B,string,20,28,False,False
RIN2,string,20,17,False,False
CRNKL1,string,20,61,False,True
RALGAPA2,string,20,6,False,False
KIZ,string,20,4,False,False
LINC00261,string,0,0,True,False
FOXA2,string,20,24,False,False
NXT1,string,20,17,False,False
GZF1,string,20,12,False,False
NAPB,string,20,27,False,False
CST3,string,20,26,False,False
ACSS1,string,20,23,False,False
ENTPD6,string,20,14,False,False
PYGB,string,20,16,False,False
GINS1,string,20,19,False,True
NINL,string,20,12,False,False
ZNF337,string,20,4,False,False
FAM182A,string,0,0,True,False
AL078587.2,string,0,0,True,False
ID1,string,20,11,False,False
BCL2L1,string,20,55,False,True
TPX2,string,20,37,False,True
PDRG1,string,20,14,False,True
KIF3B,string,20,22,False,False
NOL4L,string,20,10,False,False
BPIFB2,string,20,8,False,False
SNTA1,string,20,15,False,False
CBFA2T2,string,20,12,False,False
NECAB3,string,20,3,False,False
E2F1,string,20,47,False,False
ITCH,string,0,0,True,False
TP53INP2,string,20,4,False,False
ACSS2,string,20,27,False,True
MMP24OS,string,0,0,True,False
CEP250,string,20,13,False,False
SPAG4,string,20,12,False,False
RBM12,string,20,9,False,True
RBM39,string,20,32,False,True
PHF20,string,20,28,False,False
CNBD2,string,20,4,False,False
NORAD,string,0,0,True,False
EPB41L1,string,20,21,False,False
DLGAP4,string,20,8,False,False
MYL9,string,20,32,False,False
TGIF2,string,20,5,False,False
RAB5IF,string,20,4,False,False
DSN1,string,20,21,False,True
RBL1,string,20,28,False,False
SRC,string,20,190,False,False
BLCAP,string,20,12,False,False
TGM2,string,20,12,False,False
SNHG17,string,0,0,True,False
SNHG11,string,0,0,True,False
RALGAPB,string,20,12,False,False
FAM83D,string,20,8,False,False
TOP1,string,20,17,False,True
LPIN3,string,20,28,False,False
CHD6,string,20,4,False,False
SRSF6,string,20,22,False,True
L3MBTL1,string,20,7,False,False
SGK2,string,20,8,False,False
IFT52,string,20,17,False,False
MYBL2,string,20,15,False,True
OSER1,string,20,9,False,False
HNF4A,string,20,33,False,False
SERINC3,string,20,8,False,False
PKIG,string,20,4,False,False
PABPC1L,string,20,13,False,False
TOMM34,string,20,8,False,False
STK4,string,20,26,False,False
SDC4,string,20,34,False,False
SYS1,string,20,14,False,True
DBNDD2,string,20,5,False,False
UBE2C,string,20,75,False,False
CTSA,string,20,20,False,False
PLTP,string,20,29,False,False
ZNF335,string,20,8,False,True
SLC12A5,string,20,21,False,False
SLC13A3,string,20,9,False,False
SLC2A10,string,20,8,False,False
ZMYND8,string,20,18,False,False
NCOA3,string,20,31,False,False
SULF2,string,20,11,False,False
ARFGEF2,string,20,17,False,False
CSE1L,string,20,23,False,True
ZNFX1,string,20,10,False,False
ZFAS1,string,0,0,True,False
B4GALT5,string,20,19,False,False
RNF114,string,20,9,False,False
TMEM189,string,0,0,True,False
LINC01273,string,0,0,True,False
CEBPB,string,20,37,False,False
PTPN1,string,20,33,False,True
PARD6B,string,20,14,False,False
BCAS4,string,20,11,False,False
NFATC2,string,20,25,False,False
ZNF217,string,20,22,False,False
BCAS1,string,20,12,False,False
CYP24A1,string,20,12,False,False
FAM210B,string,20,4,False,False
AURKA,string,20,67,False,True
RAE1,string,20,38,False,True
RBM38,string,20,7,False,False
RAB22A,string,20,11,False,False
VAPB,string,20,34,False,False
STX16,string,20,48,False,False
GNAS,string,20,22,False,False
PRELID3B,string,20,13,False,True
FAM217B,string,16,3,False,False
OSBPL2,string,20,8,False,False
ADRM1,string,20,37,False,True
LAMA5,string,20,23,False,False
RBBP8NL,string,20,6,False,False
OGFR,string,20,2,False,False
COL9A3,string,0,0,True,False
DIDO1,string,20,11,False,False
SLC17A9,string,20,5,False,False
YTHDF1,string,20,13,False,False
ARFGAP1,string,20,41,False,False
PPDPF,string,20,9,False,False
MHENCR,string,0,0,True,False
STMN3,string,20,9,False,False
ARFRP1,string,20,19,False,True
LIME1,string,20,3,False,False
SLC2A4RG,string,20,6,False,False
DNAJC5,string,20,16,False,False
UCKL1,string,20,12,False,False
C20orf204,string,0,0,True,False
SOX18,string,20,10,False,False
TCEA2,string,20,14,False,False
HSPA13,string,20,27,False,False
NRIP1,string,20,28,False,False
USP25,string,20,24,False,False
CXADR,string,20,9,False,False
BTG3,string,20,6,False,False
C21orf91,string,20,11,False,False
GABPA,string,20,20,False,True
APP,string,20,91,False,False
LTN1,string,20,21,False,False
USP16,string,20,11,False,False
BACH1,string,20,7,False,False
MIS18A,string,20,9,False,True
URB1-AS1,string,0,0,True,False
PAXBP1,string,20,13,False,True
IL10RB,string,20,8,False,False
IFNAR1,string,20,9,False,False
IFNGR2,string,20,7,False,False
TMEM50B,string,20,10,False,False
ITSN1,string,20,32,False,False
MRPS6,string,20,40,False,True
SLC5A3,string,20,14,False,False
RCAN1,string,20,16,False,False
LINC01426,string,0,0,True,False
RUNX1,string,20,26,False,False
SETD4,string,20,10,False,False
MORC3,string,20,6,False,False
PIGP,string,20,23,False,False
DYRK1A,string,20,30,False,False
ETS2,string,20,16,False,False
BRWD1,string,20,12,False,False
FAM3B,string,20,6,False,False
ZBTB21,string,20,6,False,False
TFF3,string,20,12,False,False
CSTB,string,20,8,False,False
AGPAT3,string,20,32,False,False
PTTG1IP,string,20,7,False,False
ITGB2,string,20,40,False,False
PICSAR,string,0,0,True,False
ADARB1,string,20,11,False,False
COL18A1,string,20,26,False,False
FTCD,string,20,45,False,False
SPATC1L,string,20,3,False,False
LSS,string,20,25,False,False
PCNT,string,20,42,False,False
PRMT2,string,20,9,False,False
DUXAP8,string,0,0,True,False
ATP6V1E1,string,20,29,False,True
BID,string,20,25,False,False
CDC45,string,20,59,False,True
RANBP1,string,20,22,False,False
MED15,string,20,29,False,False
SERPIND1,string,20,20,False,False
HIC2,string,20,9,False,False
SDF2L1,string,20,15,False,False
MAPK1,string,20,107,False,False
CHCHD10,string,20,22,False,False
CABIN1,string,20,15,False,True
SUSD2,string,20,6,False,False
GGT5,string,20,21,False,False
SPECC1L,string,20,16,False,False
GUCD1,string,20,2,False,True
GRK3,string,20,15,False,False
PITPNB,string,20,9,False,False
CCDC117,string,20,7,False,False
XBP1,string,20,51,False,False
ZNRF3,string,20,11,False,False
KREMEN1,string,20,6,False,False
NIPSNAP1,string,20,9,False,False
ZMAT5,string,20,16,False,True
MTFP1,string,20,1,False,False
GAL3ST1,string,20,16,False,False
MORC2,string,20,8,False,False
TUG1,string,0,0,True,False
SMTN,string,20,16,False,False
RNF185,string,20,13,False,False
DRG1,string,20,5,False,True
SFI1,string,20,8,False,False
PRR14L,string,20,9,False,False
YWHAH,string,20,37,False,False
TOM1,string,20,8,False,False
HMOX1,string,20,42,False,False
MCM5,string,20,72,False,True
APOL2,string,20,2,False,False
APOL1,string,20,15,False,False
MYH9,string,20,44,False,False
TST,string,20,19,False,False
TMPRSS6,string,20,19,False,False
CARD10,string,20,3,False,False
CDC42EP1,string,20,6,False,False
LGALS2,string,20,5,False,False
GGA1,string,20,13,False,False
PDXP,string,20,4,False,False
LGALS1,string,20,13,False,False
TRIOBP,string,0,0,True,False
H1F0,string,0,0,True,False
AL022311.1,string,0,0,True,False
MICALL1,string,20,17,False,False
MAFF,string,20,7,False,False
CSNK1E,string,20,27,False,False
KDELR3,string,20,24,False,False
JOSD1,string,20,5,False,False
SUN2,string,20,15,False,False
NPTXR,string,20,6,False,False
CBX6,string,20,20,False,False
APOBEC3C,string,20,4,False,False
PDGFB,string,20,29,False,False
MIEF1,string,20,15,False,False
ATF4,string,20,35,False,True
RPS19BP1,string,20,4,False,True
TNRC6B,string,20,14,False,False
MRTFA,string,20,12,False,False
EP300,string,20,203,False,False
RANGAP1,string,20,35,False,True
TOB2,string,20,1,False,False
ACO2,string,20,43,False,False
PMM1,string,20,7,False,False
SREBF2,string,20,44,False,False
CENPM,string,20,21,False,False
CYB5R3,string,20,10,False,False
ARFGAP3,string,20,21,False,False
BIK,string,20,7,False,False
TSPO,string,20,3,False,False
PNPLA3,string,20,20,False,False
PRR5,string,20,13,False,False
NUP50,string,20,22,False,False
UPK3A,string,20,9,False,False
FBLN1,string,20,17,False,False
Z95331.1,string,0,0,True,False
PPARA,string,20,80,False,False
GTSE1,string,20,13,False,False
AL118516.1,string,0,0,True,False
AL117329.1,string,0,0,True,False
TAFA5,string,20,6,False,False
BRD1,string,20,17,False,False
CRELD2,string,20,17,False,False
PIM3,string,20,4,False,False
PLXNB2,string,20,17,False,False
ADM2,string,20,8,False,False
MIOX,string,20,12,False,False
LMF2,string,20,6,False,False
TYMP,string,20,12,False,False
PLCXD1,string,20,6,False,False
AKAP17A,string,20,17,False,False
DHRSX,string,20,9,False,False
ZBED1,string,20,13,False,False
ARSD,string,20,5,False,False
ARSE,string,0,0,True,False
BX890604.2,string,0,0,True,False
TBL1X,string,0,0,True,False
WWC3,string,20,11,False,False
MSL3,string,20,20,False,False
RAB9A,string,20,21,False,False
OFD1,string,20,27,False,False
ASB9,string,20,6,False,False
PIR,string,20,8,False,False
AP1S2,string,20,15,False,False
SCML1,string,20,3,False,False
SH3KBP1,string,20,22,False,True
BCLAF3,string,20,4,False,False
MAP7D2,string,20,7,False,False
RPS6KA3,string,20,16,False,False
SAT1,string,20,19,False,False
ZFX,string,20,7,False,False
AC107419.1,string,0,0,True,False
GK,string,20,10,False,False
TAB3,string,20,14,False,False
DYNLT3,string,20,12,False,False
TSPAN7,string,20,6,False,False
MID1IP1,string,20,6,False,False
USP9X,string,20,28,False,True
DDX3X,string,20,34,False,True
CASK,string,20,28,False,False
MAOA,string,20,21,False,False
KDM6A,string,20,39,False,True
RGN,string,20,11,False,False
USP11,string,20,11,False,False
TIMP1,string,20,18,False,False
SLC38A5,string,20,8,False,False
EBP,string,20,8,False,False
PCSK1N,string,20,7,False,False
PQBP1,string,20,15,False,False
WDR45,string,20,10,False,False
PLP2,string,20,3,False,False
CLCN5,string,20,12,False,False
DGKK,string,20,9,False,False
MAGED1,string,20,13,False,False
TSPYL2,string,20,11,False,False
SMC1A,string,20,37,False,True
MAGED2,string,20,8,False,False
RRAGB,string,20,33,False,False
NBDY,string,0,0,True,False
EDA2R,string,20,14,False,False
EDA,string,20,8,False,False
KIF4A,string,20,28,False,True
DLG3,string,20,31,False,False
GJB1,string,0,0,True,False
OGT,string,20,40,False,True
FTX,string,0,0,True,False
JPX,string,0,0,True,False
RLIM,string,20,9,False,False
PBDC1,string,20,11,False,False
ATRX,string,20,29,False,False
PGK1,string,20,28,False,True
BRWD3,string,20,10,False,False
TSPAN6,string,20,11,False,False
GLA,string,20,17,False,False
HNRNPH2,string,20,16,False,False
ARMCX6,string,20,2,False,False
ARMCX3,string,20,9,False,False
TCEAL8,string,20,5,False,False
TCEAL9,string,20,9,False,False
BEX3,string,20,11,False,False
TCEAL4,string,20,6,False,False
SERPINA7,string,20,15,False,False
RNF128,string,20,7,False,False
MORC4,string,20,6,False,False
ACSL4,string,20,17,False,False
PLS3,string,20,17,False,False
SLC6A14,string,20,20,False,False
IL13RA1,string,20,12,False,False
PGRMC1,string,20,18,False,False
UBE2A,string,20,29,False,False
SEPTIN6,string,20,12,False,False
UPF3B,string,20,25,False,False
RNF113A,string,20,11,False,True
NKAP,string,20,15,False,True
LAMP2,string,20,19,False,False
CUL4B,string,20,40,False,False
XIAP,string,20,38,False,False
STAG2,string,20,30,False,True
SMARCA1,string,20,19,False,False
UTP14A,string,20,17,False,False
IGSF1,string,20,7,False,False
FIRRE,string,0,0,True,False
STK26,string,20,18,False,False
MBNL3,string,20,3,False,False
GPC3,string,20,24,False,False
FAM122B,string,0,0,True,False
MOSPD1,string,20,10,False,False
RTL8C,string,20,2,False,False
HTATSF1,string,20,15,False,True
AL589669.1,string,0,0,True,False
FMR1,string,20,36,False,False
IDS,string,20,7,False,False
TMEM185A,string,20,10,False,False
HMGB3,string,20,6,False,True
GABRE,string,20,8,False,False
CETN2,string,20,31,False,False
NSDHL,string,20,30,False,False
DUSP9,string,20,9,False,False
SLC6A8,string,20,6,False,False
HCFC1,string,20,58,False,True
FLNA,string,20,47,False,False
AC244090.1,string,0,0,True,False
ATP6AP1,string,20,31,False,True
GDI1,string,20,55,False,False
FAM50A,string,20,3,False,True
LAGE3,string,20,6,False,False
G6PD,string,20,31,False,False
DKC1,string,20,49,False,True
MPP1,string,20,5,False,False
FUNDC2,string,20,9,False,True
VBP1,string,20,28,False,True
ZFY,string,0,0,True,False
PRKY,string,0,0,True,False
USP9Y,string,0,0,True,False
DDX3Y,string,0,0,True,False
EIF1AY,string,0,0,True,False
MT-ND1,string,20,41,False,False
MT-ND2,string,20,27,False,False
MT-CO1,string,20,27,False,False
MT-ATP8,string,20,15,False,False
MT-CO3,string,20,23,False,False
MT-ND3,string,20,22,False,False
MT-ND4L,string,20,11,False,False
MT-ND4,string,20,32,False,False
MT-ND5,string,20,25,False,False
MT-ND6,string,20,19,False,False
MT-CYB,string,20,34,False,False
AC240274.1,string,0,0,True,False
NOC2L,string,20,35,False,True
PLEKHN1,string,20,11,False,True
INTS11,string,20,23,False,True
AURKAIP1,string,20,11,False,True
MRPL20,string,20,26,False,True
SSU72,string,20,33,False,True
NOL9,string,20,13,False,True
DNAJC11,string,20,15,False,True
PGD,string,20,20,False,True
TARDBP,string,20,27,False,True
MAD2L2,string,20,22,False,True
MFN2,string,20,25,False,True
VPS13D,string,20,15,False,True
EMC1,string,20,18,False,True
CAPZB,string,20,58,False,True
MICOS10,string,20,15,False,True
DDOST,string,20,35,False,True
RPL11,string,20,101,False,True
CEP85,string,20,20,False,True
DHDDS,string,20,26,False,True
GPN2,string,20,11,False,True
NUDC,string,20,14,False,True
PPP1R8,string,20,19,False,True
DNAJC8,string,20,8,False,True
TAF12,string,20,36,False,True
PUM1,string,20,33,False,True
SNRNP40,string,20,30,False,True
PEF1,string,20,16,False,True
EIF3I,string,20,36,False,True
RBBP4,string,20,96,False,True
YARS,string,0,0,True,True
PSMB2,string,20,54,False,True
TRAPPC3,string,20,22,False,True
THRAP3,string,20,11,False,True
LSM10,string,20,19,False,True
GNL2,string,20,36,False,True
C1orf109,string,20,13,False,True
SF3A3,string,20,55,False,True
UTP11,string,20,39,False,True
MYCBP,string,20,2,False,True
NDUFS5,string,20,39,False,True
PABPC4,string,20,18,False,True
PPIE,string,20,12,False,True
CAP1,string,20,22,False,True
NFYC,string,20,29,False,True
CTPS1,string,0,0,True,True
YBX1,string,20,39,False,True
EBNA1BP2,string,20,60,False,True
MED8,string,20,32,False,True
DPH2,string,20,16,False,True
DMAP1,string,20,42,False,True
RPS8,string,20,33,False,True
EIF2B3,string,20,18,False,True
UROD,string,20,15,False,True
TOE1,string,20,9,False,True
UQCRH,string,20,22,False,True
NSUN4,string,20,15,False,True
CMPK1,string,20,25,False,True
KTI12,string,20,12,False,True
BTF3L4,string,20,7,False,True
ORC1,string,20,24,False,True
PRPF38A,string,20,22,False,True
MAGOH,string,20,29,False,True
NDC1,string,20,12,False,True
MRPL37,string,20,19,False,True
SSBP3,string,0,0,True,True
TTC4,string,20,12,False,True
SERBP1,string,20,9,False,True
SRSF11,string,20,34,False,True
RBMXL1,string,20,9,False,True
GLMN,string,20,21,False,True
ALG14,string,20,20,False,True
SASS6,string,20,26,False,True
CLCC1,string,20,18,False,True
PSMA5,string,20,51,False,True
STRIP1,string,20,17,False,True
RBM15,string,20,16,False,True
WDR77,string,20,28,False,True
DDX20,string,20,22,False,True
HIPK1,string,20,2,False,True
CSDE1,string,20,19,False,True
POLR3C,string,20,32,False,True
MRPS21,string,20,18,False,True
TARS2,string,20,19,False,True
SETDB1,string,20,38,False,True
VPS72,string,20,18,False,True
PSMD4,string,20,42,False,True
PSMB4,string,20,56,False,True
MRPL9,string,20,34,False,True
CHTOP,string,20,17,False,True
ILF2,string,20,21,False,True
INTS3,string,20,24,False,True
RPS27,string,0,0,True,True
MSTO1,string,20,7,False,True
DAP3,string,20,41,False,True
GON4L,string,20,5,False,True
UBQLN4,string,20,19,False,True
LAMTOR2,string,20,28,False,True
PMF1,string,20,13,False,True
BGLAP,string,20,16,False,True
SMG5,string,20,15,False,True
CCT3,string,20,38,False,True
ISG20L2,string,20,6,False,True
MRPL24,string,20,26,False,True
PEX19,string,20,15,False,True
COPA,string,20,28,False,True
SDHC,string,20,19,False,True
TADA1,string,20,16,False,True
MRPS14,string,20,31,False,True
DHX9,string,20,46,False,True
TPR,string,20,47,False,True
CDC73,string,20,20,False,True
DDX59,string,20,6,False,True
IPO9,string,20,13,False,True
SNRPE,string,20,107,False,True
RBBP5,string,20,45,False,True
UTP25,string,20,24,False,True
INTS7,string,20,20,False,True
NSL1,string,20,20,False,True
RRP15,string,20,19,False,True
IARS2,string,20,19,False,True
NVL,string,20,1,False,True
CNIH4,string,20,11,False,True
SRP9,string,20,14,False,True
H3F3A,string,0,0,True,True
MRPL55,string,20,15,False,True
GUK1,string,20,26,False,True
RAB4A,string,20,16,False,True
NUP133,string,20,31,False,True
ABCB10,string,20,11,False,True
URB2,string,20,9,False,True
COG2,string,20,27,False,True
C1orf131,string,20,1,False,True
GNPAT,string,20,36,False,True
SPRTN,string,20,12,False,True
TOMM20,string,20,30,False,True
GGPS1,string,20,23,False,True
TFB2M,string,20,19,False,True
AHCTF1,string,20,14,False,True
RPS7,string,0,0,True,True
ITGB1BP1,string,20,8,False,True
CPSF3,string,20,36,False,True
TAF1B,string,20,20,False,True
NOL10,string,20,23,False,True
DDX1,string,20,16,False,True
TMEM214,string,20,11,False,True
AGBL5,string,20,11,False,True
CAD,string,20,19,False,True
GTF3C2,string,20,12,False,True
EIF2B4,string,20,15,False,True
NRBP1,string,20,7,False,True
GPN1,string,20,12,False,True
MEMO1,string,20,13,False,True
TTC27,string,20,11,False,True
NDUFAF7,string,20,14,False,True
ATL2,string,20,7,False,True
GEMIN6,string,20,18,False,True
SRBD1,string,20,14,False,True
RPS27A,string,20,177,False,True
PNPT1,string,20,34,False,True
CCT4,string,20,41,False,True
ACTR2,string,20,52,False,True
C1D,string,20,25,False,True
WDR92,string,0,0,True,True
PCBP1,string,20,27,False,True
FAM136A,string,20,12,False,True
MCEE,string,20,11,False,True
CCT7,string,20,36,False,True
INO80B,string,20,13,False,True
MRPL19,string,20,50,False,True
POLR1A,string,20,41,False,True
PTCD3,string,20,26,False,True
MRPL35,string,20,5,False,True
CHMP3,string,0,0,True,True
MRPS5,string,20,42,False,True
STARD7,string,20,13,False,True
CIAO1,string,20,21,False,True
KANSL3,string,20,11,False,True
ANKRD39,string,20,8,False,True
COX5B,string,20,31,False,True
ACTR1B,string,20,22,False,True
RPL31,string,20,36,False,True
CNOT11,string,20,21,False,True
UXS1,string,20,24,False,True
ANAPC1,string,20,36,False,True
POLR1B,string,20,41,False,True
DDX18,string,20,44,False,True
ERCC3,string,20,43,False,True
IWS1,string,20,25,False,True
WDR33,string,20,24,False,True
SAP130,string,20,17,False,True
IMP4,string,20,42,False,True
DARS,string,0,0,True,True
PRPF40A,string,20,24,False,True
DYNC1I2,string,20,31,False,True
PRKRA,string,20,9,False,True
NCKAP1,string,20,35,False,True
NUP35,string,20,23,False,True
NDUFB3,string,20,32,False,True
WDR12,string,20,78,False,True
METTL21A,string,20,7,False,True
RPE,string,20,8,False,True
ATIC,string,20,40,False,True
XRCC5,string,20,34,False,True
RPL37A,string,20,18,False,True
ARPC2,string,20,31,False,True
AAMP,string,20,8,False,True
BCS1L,string,20,15,False,True
FARSB,string,20,14,False,True
PSMD1,string,20,25,False,True
PPP1R7,string,20,17,False,True
TRNT1,string,20,9,False,True
TADA3,string,20,31,False,True
ARPC4,string,20,24,False,True
RPUSD3,string,20,12,False,True
BRK1,string,20,24,False,True
VHL,string,20,29,False,True
SEC13,string,20,85,False,True
TAMM41,string,20,22,False,True
TSEN2,string,20,17,False,True
RPL32,string,20,18,False,True
CHCHD4,string,20,31,False,True
MRPS25,string,20,18,False,True
DPH3,string,20,19,False,True
RPL15,string,20,97,False,True
STT3B,string,20,22,False,True
CNOT10,string,20,14,False,True
GLB1,string,20,32,False,True
RPSA,string,20,22,False,True
RPL14,string,20,87,False,True
SS18L2,string,20,7,False,True
KIAA1143,string,20,2,False,True
EXOSC7,string,20,27,False,True
LARS2,string,0,0,True,True
SACM1L,string,20,40,False,True
PTPN23,string,20,22,False,True
SCAP,string,20,11,False,True
ELP6,string,20,20,False,True
SMARCC1,string,20,39,False,True
DHX30,string,20,9,False,True
ATRIP,string,20,18,False,True
UQCRC1,string,20,33,False,True
NDUFAF3,string,20,11,False,True
IMPDH2,string,20,14,False,True
QARS,string,0,0,True,True
USP19,string,20,8,False,True
RNF123,string,20,23,False,True
GMPPB,string,20,33,False,True
TRAIP,string,20,10,False,True
MON1A,string,20,26,False,True
RRP9,string,20,66,False,True
RPL29,string,20,23,False,True
BAP1,string,20,13,False,True
NISCH,string,20,10,False,True
GNL3,string,20,30,False,True
RFT1,string,20,9,False,True
TKT,string,20,34,False,True
ACTR8,string,20,25,False,True
ARF4,string,20,24,False,True
RPP14,string,20,15,False,True
THOC7,string,20,16,False,True
PSMD6,string,20,26,False,True
SLC25A26,string,20,10,False,True
UBA3,string,20,36,False,True
SHQ1,string,20,10,False,True
PPP4R2,string,20,29,False,True
CPOX,string,0,0,True,True
RPL24,string,20,88,False,True
NAA50,string,20,23,False,True
COX17,string,20,31,False,True
NDUFB4,string,20,27,False,True
GTF2E1,string,20,35,False,True
UMPS,string,20,36,False,True
SEC61A1,string,20,40,False,True
RUVBL1,string,20,95,False,True
EEFSEC,string,20,15,False,True
RPN1,string,20,19,False,True
ISY1,string,20,11,False,True
COPG1,string,20,21,False,True
PIK3R4,string,20,31,False,True
MRPL3,string,20,46,False,True
UBA5,string,20,24,False,True
DBR1,string,20,4,False,True
MRPS22,string,20,33,False,True
COPB2,string,20,27,False,True
DHX36,string,20,9,False,True
GFM1,string,20,18,False,True
DNAJC19,string,20,27,False,True
YEATS2,string,20,25,False,True
EIF2B5,string,0,0,True,True
AP2M1,string,20,40,False,True
EIF4G1,string,20,63,False,True
POLR2H,string,20,45,False,True
RPL35A,string,0,0,True,True
ATP5ME,string,20,22,False,True
GAK,string,20,54,False,True
LETM1,string,20,19,False,True
NELFA,string,20,12,False,True
HAUS3,string,20,11,False,True
RNF4,string,20,53,False,True
NOP14,string,20,67,False,True
STX18,string,20,35,False,True
TADA2B,string,20,22,False,True
GRPEL1,string,20,38,False,True
WDR1,string,20,24,False,True
MED28,string,20,12,False,True
SEPSECS,string,20,15,False,True
ANAPC4,string,20,24,False,True
TBC1D1,string,20,19,False,True
RFC1,string,20,32,False,True
RPL9,string,20,35,False,True
CLOCK,string,20,26,False,True
SRP72,string,0,0,True,True
GRSF1,string,20,20,False,True
ANKRD17,string,20,12,False,True
NUP54,string,20,25,False,True
MRPL1,string,20,22,False,True
BMP2K,string,0,0,True,True
COQ2,string,20,20,False,True
MRPS18C,string,20,19,False,True
PYURF,string,20,13,False,True
EIF4E,string,20,66,False,True
METAP1,string,20,12,False,True
UBE2D3,string,20,62,False,True
PPA2,string,20,7,False,True
INTS12,string,20,28,False,True
RPL34,string,20,9,False,True
OSTC,string,20,10,False,True
METTL14,string,20,18,False,True
EXOSC9,string,20,34,False,True
PLK4,string,20,31,False,True
ANAPC10,string,20,21,False,True
RPS3A,string,20,31,False,True
PLRG1,string,20,40,False,True
NAF1,string,20,12,False,True
TMA16,string,20,7,False,True
SPCS3,string,20,13,False,True
TRAPPC11,string,20,20,False,True
SDHA,string,20,24,False,True
PDCD6,string,20,27,False,True
CCT5,string,20,45,False,True
DROSHA,string,20,30,False,True
WDR70,string,20,11,False,True
MTREX,string,20,67,False,True
DIMT1,string,20,15,False,True
IPO11,string,20,11,False,True
PPWD1,string,20,7,False,True
RAD17,string,20,24,False,True
GTF2H2C,string,20,9,False,True
SMN2,string,20,15,False,True
GTF2H2,string,20,22,False,True
MRPS27,string,20,31,False,True
BTF3,string,20,6,False,True
UTP15,string,20,32,False,True
TBCA,string,20,13,False,True
ZCCHC9,string,20,9,False,True
RPS23,string,20,32,False,True
COX7C,string,20,26,False,True
TMEM161B,string,20,8,False,True
WDR36,string,0,0,True,True
SRP19,string,20,20,False,True
UQCRQ,string,20,37,False,True
SKP1,string,20,72,False,True
DDX46,string,20,18,False,True
CDC23,string,20,27,False,True
SLC35A4,string,20,10,False,True
WDR55,string,20,8,False,True
HARS,string,0,0,True,True
HARS2,string,20,16,False,True
HDAC3,string,20,54,False,True
RNF14,string,20,12,False,True
TCERG1,string,20,17,False,True
CSNK1A1,string,20,23,False,True
RPS14,string,20,33,False,True
GEMIN5,string,20,12,False,True
MED7,string,20,29,False,True
THG1L,string,20,7,False,True
RARS,string,0,0,True,True
RPL26L1,string,20,10,False,True
BNIP1,string,20,21,False,True
PRELID1,string,20,18,False,True
DDX41,string,20,8,False,True
NHP2,string,20,49,False,True
EXOC2,string,20,38,False,True
RPP40,string,20,22,False,True
LYRM4,string,20,25,False,True
FARS2,string,20,24,False,True
NOL7,string,20,9,False,True
ABT1,string,20,18,False,True
RPP21,string,20,23,False,True
ABCF1,string,20,11,False,True
MRPS18B,string,20,28,False,True
DHX16,string,20,30,False,True
GTF2H4,string,20,29,False,True
VARS2,string,20,20,False,True
PRRC2A,string,20,15,False,True
BAG6,string,20,10,False,True
CSNK2B,string,20,22,False,True
VARS,string,0,0,True,True
LSM2,string,20,45,False,True
SLC39A7,string,20,19,False,True
WDR46,string,20,46,False,True
PFDN6,string,20,33,False,True
DAXX,string,20,31,False,True
UQCC2,string,20,4,False,True
RPS10,string,20,13,False,True
SNRPC,string,20,31,False,True
TAF11,string,20,18,False,True
RPL10A,string,20,89,False,True
TEAD3,string,20,14,False,True
PPIL1,string,20,16,False,True
CMTR1,string,20,15,False,True
MED20,string,20,14,False,True
TAF8,string,20,21,False,True
MRPS10,string,20,40,False,True
RPL7L1,string,20,7,False,True
CUL7,string,0,0,True,True
POLR1C,string,0,0,True,True
XPO5,string,20,26,False,True
MRPS18A,string,20,28,False,True
MRPL14,string,20,7,False,True
AARS2,string,20,22,False,True
EEF1A1,string,20,23,False,True
UBE3D,string,20,5,False,True
ORC3,string,20,18,False,True
RNGTT,string,20,20,False,True
CCNC,string,20,26,False,True
QRSL1,string,20,16,False,True
SEC63,string,20,42,False,True
CDC40,string,20,56,False,True
TUBE1,string,20,7,False,True
ADAT2,string,20,14,False,True
LTV1,string,20,22,False,True
SF3B5,string,20,32,False,True
NUP43,string,20,35,False,True
TFB1M,string,20,18,False,True
TCP1,string,20,43,False,True
PHF10,string,20,18,False,True
PSMB1,string,20,60,False,True
TBP,string,20,89,False,True
PDCD2,string,20,8,False,True
C7orf50,string,20,1,False,True
INTS1,string,20,24,False,True
PSMG3,string,20,7,False,True
EIF3B,string,20,38,False,True
RAC1,string,20,111,False,True
C7orf26,string,20,6,False,True
MIOS,string,20,22,False,True
NDUFA4,string,20,14,False,True
MALSU1,string,20,9,False,True
HOXA3,string,20,6,False,True
FKBP9,string,20,11,False,True
VPS41,string,20,19,False,True
YAE1,string,20,7,False,True
PSMA2,string,20,60,False,True
MRPS24,string,20,11,False,True
POLD2,string,20,39,False,True
YKT6,string,20,60,False,True
NUDCD3,string,20,12,False,True
DDX56,string,20,30,False,True
PPIA,string,20,11,False,True
TBRG4,string,20,9,False,True
HUS1,string,20,21,False,True
SEC61G,string,20,27,False,True
MRPS17,string,20,11,False,True
CCT6A,string,20,36,False,True
CHCHD2,string,20,25,False,True
BUD23,string,20,22,False,True
ABHD11,string,20,11,False,True
EIF4H,string,20,12,False,True
PEX1,string,20,5,False,True
BET1,string,20,42,False,True
SEM1,string,20,9,False,True
TRRAP,string,20,71,False,True
ARPC1B,string,20,24,False,True
PDAP1,string,20,9,False,True
PTCD1,string,20,15,False,True
ATP5MF,string,20,25,False,True
COPS6,string,20,37,False,True
TAF6,string,20,35,False,True
LAMTOR4,string,20,24,False,True
MEPCE,string,20,13,False,True
POP7,string,20,20,False,True
ZNHIT1,string,20,16,False,True
PRKRIP1,string,20,12,False,True
PMPCB,string,20,31,False,True
PSMC2,string,20,50,False,True
ORC5,string,20,21,False,True
RINT1,string,20,15,False,True
DLD,string,20,26,False,True
ING3,string,20,32,False,True
TNPO3,string,20,14,False,True
CHCHD3,string,20,25,False,True
EXOC4,string,20,36,False,True
CYREN,string,20,4,False,True
NUP205,string,20,30,False,True
MRPS33,string,20,25,False,True
SSBP1,string,20,23,False,True
CUL1,string,20,66,False,True
UBE3C,string,20,18,False,True
INTS10,string,20,22,False,True
POLR3D,string,20,43,False,True
CHMP7,string,20,29,False,True
ELP3,string,20,20,False,True
INTS9,string,20,21,False,True
HMBOX1,string,20,11,False,True
GTF2E2,string,20,39,False,True
TTI2,string,20,8,False,True
MAK16,string,20,27,False,True
GINS4,string,20,19,False,True
FNTA,string,20,16,False,True
MRPL15,string,20,47,False,True
RPS20,string,20,34,False,True
RPL7,string,20,9,False,True
MRPS28,string,20,7,False,True
DPY19L4,string,20,11,False,True
INTS8,string,20,26,False,True
UQCRB,string,20,28,False,True
RPL30,string,20,32,False,True
POP1,string,20,23,False,True
COX6C,string,20,19,False,True
PABPC1,string,20,73,False,True
ZNF706,string,20,8,False,True
EIF3E,string,20,21,False,True
ENY2,string,20,36,False,True
EIF3H,string,20,21,False,True
MED30,string,20,24,False,True
TAF2,string,20,30,False,True
NSMCE2,string,20,21,False,True
EFR3A,string,20,15,False,True
PTK2,string,20,82,False,True
GLI4,string,20,2,False,True
ZC3H3,string,20,4,False,True
PUF60,string,20,17,False,True
EXOSC4,string,20,29,False,True
CYC1,string,20,46,False,True
HSF1,string,20,18,False,True
CPSF1,string,20,44,False,True
RPL8,string,20,30,False,True
SNAPC3,string,20,10,False,True
RPS6,string,20,36,False,True
NDUFB6,string,20,34,False,True
SMU1,string,20,14,False,True
NOL6,string,20,49,False,True
VCP,string,20,66,False,True
RGP1,string,20,9,False,True
POLR1E,string,20,19,False,True
EXOSC3,string,20,35,False,True
FXN,string,20,33,False,True
HNRNPK,string,20,67,False,True
NAA35,string,20,19,False,True
SPTLC1,string,20,21,False,True
IARS,string,0,0,True,True
NCBP1,string,20,68,False,True
ANKS6,string,20,8,False,True
ALG2,string,20,20,False,True
SEC61B,string,20,42,False,True
MRPL50,string,20,20,False,True
RNF20,string,20,18,False,True
TXN,string,20,43,False,True
CDC26,string,20,17,False,True
PRPF4,string,20,28,False,True
ATP6V1G1,string,20,24,False,True
NDUFA8,string,20,49,False,True
PSMB7,string,20,42,False,True
RPL35,string,20,25,False,True
TOR2A,string,20,10,False,True
CDK9,string,20,35,False,True
DPM2,string,20,24,False,True
C9orf16,string,0,0,True,True
COQ4,string,20,12,False,True
URM1,string,0,0,True,True
GLE1,string,20,45,False,True
SET,string,20,9,False,True
SPOUT1,string,20,7,False,True
DOLK,string,20,17,False,True
EXOSC2,string,20,26,False,True
NUP214,string,20,57,False,True
MED27,string,20,23,False,True
GTF3C5,string,20,16,False,True
SURF6,string,20,13,False,True
RPL7A,string,20,18,False,True
WDR5,string,20,63,False,True
MRPS2,string,20,37,False,True
SNAPC4,string,20,10,False,True
PMPCA,string,20,24,False,True
SEC16A,string,20,18,False,True
NELFB,string,20,14,False,True
MRPL41,string,20,38,False,True
GTPBP4,string,20,75,False,True
PITRM1,string,20,20,False,True
RBM17,string,20,18,False,True
ATP5F1C,string,20,41,False,True
CDC123,string,20,12,False,True
HSPA14,string,20,29,False,True
MTPAP,string,20,18,False,True
BMS1,string,20,66,False,True
PPA1,string,20,11,False,True
ECD,string,20,8,False,True
MRPS16,string,20,46,False,True
CHCHD1,string,20,11,False,True
RPS24,string,20,21,False,True
PRXL2A,string,20,3,False,True
PGAM1,string,20,20,False,True
MMS19,string,20,27,False,True
COX15,string,20,28,False,True
NDUFB8,string,20,43,False,True
MRPL43,string,20,32,False,True
POLL,string,20,13,False,True
NPM3,string,20,7,False,True
PPRC1,string,20,10,False,True
GBF1,string,20,30,False,True
WBP1L,string,20,14,False,True
TAF5,string,20,28,False,True
ATP5MD,string,0,0,True,True
EIF3A,string,20,39,False,True
PSTK,string,20,14,False,True
TUBGCP2,string,20,20,False,True
PSMD13,string,20,16,False,True
RPLP2,string,20,11,False,True
POLR2L,string,20,65,False,True
MRPL23,string,20,4,False,True
NUP98,string,20,65,False,True
TAF10,string,20,29,False,True
MRPL17,string,20,52,False,True
EIF3F,string,20,20,False,True
RPL27A,string,20,87,False,True
EIF4G2,string,20,18,False,True
COPB1,string,20,42,False,True
PSMA1,string,20,57,False,True
RPS13,string,20,32,False,True
TSG101,string,20,64,False,True
ELP4,string,20,21,False,True
EIF3M,string,20,25,False,True
NAT10,string,20,38,False,True
HSD17B12,string,20,26,False,True
PSMC3,string,20,54,False,True
NDUFS3,string,20,49,False,True
PTPMT1,string,20,6,False,True
NUP160,string,20,24,False,True
SSRP1,string,20,34,False,True
TIMM10,string,20,25,False,True
TMX2,string,20,10,False,True
MRPL16,string,20,45,False,True
PRPF19,string,20,70,False,True
VPS37C,string,20,23,False,True
DDB1,string,20,61,False,True
SDHAF2,string,20,5,False,True
TMEM258,string,20,16,False,True
EEF1G,string,20,29,False,True
TUT1,string,20,13,False,True
INTS5,string,20,23,False,True
POLR2G,string,20,60,False,True
TAF6L,string,20,27,False,True
STX5,string,20,73,False,True
SF1,string,20,29,False,True
MEN1,string,0,0,True,True
SNX15,string,20,5,False,True
VPS51,string,20,30,False,True
ZNHIT2,string,20,18,False,True
FAU,string,20,95,False,True
POLA2,string,20,47,False,True
PCNX3,string,20,3,False,True
KAT5,string,20,72,False,True
CFL1,string,20,46,False,True
SART1,string,20,58,False,True
EIF1AD,string,20,9,False,True
BANF1,string,20,30,False,True
SF3B2,string,20,60,False,True
KLC2,string,20,22,False,True
MRPL11,string,20,43,False,True
PC,string,20,21,False,True
PPP1CA,string,20,93,False,True
LRP5,string,20,37,False,True
MRPL21,string,20,37,False,True
LAMTOR1,string,20,25,False,True
ANAPC15,string,20,21,False,True
INPPL1,string,20,33,False,True
CLPB,string,20,23,False,True
RAB6A,string,20,38,False,True
SPCS2,string,20,21,False,True
INTS4,string,20,28,False,True
NARS2,string,20,20,False,True
ANKRD49,string,20,14,False,True
DCUN1D5,string,20,17,False,True
NPAT,string,20,8,False,True
POGLUT3,string,20,7,False,True
SDHD,string,20,15,False,True
ZW10,string,20,22,False,True
BUD13,string,20,25,False,True
ARCN1,string,20,31,False,True
RPS25,string,20,25,False,True
TRAPPC4,string,20,22,False,True
DPAGT1,string,20,33,False,True
RPUSD4,string,20,14,False,True
NFRKB,string,20,12,False,True
WNK1,string,20,15,False,True
MRPL51,string,20,17,False,True
NOP2,string,20,46,False,True
CHD4,string,20,56,False,True
USP5,string,20,23,False,True
TPI1,string,20,62,False,True
PHB2,string,20,30,False,True
EMG1,string,20,41,False,True
WBP11,string,20,7,False,True
STRAP,string,20,20,False,True
INTS13,string,20,28,False,True
MED21,string,20,34,False,True
MRPS35,string,20,27,False,True
DDX11,string,20,12,False,True
DNM1L,string,20,29,False,True
YARS2,string,20,21,False,True
ZCRB1,string,20,14,False,True
TWF1,string,20,14,False,True
RPAP3,string,20,29,False,True
HDAC7,string,20,15,False,True
MCRS1,string,20,31,False,True
PFDN5,string,20,40,False,True
AAAS,string,20,5,False,True
SP1,string,20,54,False,True
PCBP2,string,20,19,False,True
SMUG1,string,20,11,False,True
COPZ1,string,20,22,False,True
CDK2,string,20,81,False,True
RPS26,string,20,12,False,True
RPL41,string,20,4,False,True
ESYT1,string,20,17,False,True
CS,string,20,43,False,True
ATP5F1B,string,20,54,False,True
NACA,string,20,4,False,True
DCTN2,string,20,48,False,True
METTL1,string,20,22,False,True
TSFM,string,20,18,False,True
CCT2,string,20,57,False,True
CNOT2,string,20,21,False,True
PPP1R12A,string,20,38,False,True
UBE2N,string,20,73,False,True
MRPL42,string,20,42,False,True
SNRPF,string,20,100,False,True
NEDD1,string,20,28,False,True
SLC25A3,string,20,14,False,True
POLR3B,string,20,35,False,True
PWP1,string,20,26,False,True
ATP2A2,string,20,25,False,True
ARPC3,string,20,29,False,True
VPS29,string,20,26,False,True
RPL6,string,20,27,False,True
SUDS3,string,20,19,False,True
RPLP0,string,20,17,False,True
PXN,string,20,80,False,True
COQ5,string,20,16,False,True
POP5,string,20,16,False,True
ANAPC5,string,20,22,False,True
PSMD9,string,20,7,False,True
VPS33A,string,20,29,False,True
DENR,string,20,6,False,True
SNRNP35,string,20,11,False,True
TMED2,string,20,35,False,True
EIF2B1,string,20,13,False,True
GTF2H3,string,20,22,False,True
DHX37,string,20,32,False,True
SFSWAP,string,20,9,False,True
DDX51,string,20,15,False,True
NOC4L,string,20,59,False,True
PGAM5,string,20,11,False,True
MIPEP,string,20,12,False,True
CENPJ,string,20,33,False,True
RPL21,string,20,89,False,True
GTF3A,string,20,12,False,True
SUPT20H,string,20,26,False,True
COG6,string,20,35,False,True
FOXO1,string,20,53,False,True
NUFIP1,string,20,10,False,True
GTF2F2,string,20,38,False,True
ZC3H13,string,20,21,False,True
MED4,string,20,42,False,True
ALG11,string,20,23,False,True
SUGT1,string,20,30,False,True
BORA,string,20,13,False,True
TPP2,string,20,14,False,True
TUBGCP3,string,20,16,False,True
CDC16,string,20,41,False,True
UPF3A,string,20,21,False,True
OSGEP,string,20,12,False,True
METTL17,string,20,11,False,True
HNRNPC,string,20,56,False,True
METTL3,string,20,24,False,True
PRMT5,string,20,35,False,True
PSMB5,string,20,41,False,True
ACIN1,string,20,11,False,True
PABPN1,string,20,23,False,True
PSME1,string,20,3,False,True
PSME2,string,20,7,False,True
RNF31,string,20,17,False,True
NEDD8,string,20,98,False,True
TINF2,string,20,16,False,True
RABGGTA,string,20,8,False,True
NOP9,string,20,6,False,True
SDR39U1,string,20,8,False,True
RPS29,string,20,21,False,True
LRR1,string,20,8,False,True
RPL36AL,string,20,5,False,True
POLE2,string,20,49,False,True
RTRAF,string,20,10,False,True
PSMC6,string,20,42,False,True
NAA30,string,20,15,False,True
PSMA3,string,20,69,False,True
MNAT1,string,20,29,False,True
TRMT5,string,20,18,False,True
SGPP1,string,20,9,False,True
FNTB,string,20,13,False,True
EIF2S1,string,20,52,False,True
ERH,string,20,23,False,True
SLC39A9,string,20,20,False,True
RBM25,string,20,52,False,True
LIN52,string,20,13,False,True
ISCA2,string,20,19,False,True
FCF1,string,20,20,False,True
EIF2B2,string,20,13,False,True
TMED10,string,20,43,False,True
SNW1,string,20,51,False,True
PSMC1,string,20,57,False,True
DICER1,string,20,50,False,True
YY1,string,20,49,False,True
WDR25,string,20,2,False,True
CINP,string,20,8,False,True
XRCC3,string,20,19,False,True
INF2,string,20,15,False,True
BRF1,string,0,0,True,True
TUBGCP5,string,20,18,False,True
EMC4,string,20,15,False,True
NOP10,string,20,27,False,True
AQR,string,20,31,False,True
DPH6,string,20,13,False,True
SRP14,string,20,14,False,True
DNAJC17,string,20,8,False,True
VPS18,string,20,32,False,True
INO80,string,0,0,True,True
RTF1,string,20,24,False,True
RPAP1,string,20,11,False,True
TUBGCP4,string,20,18,False,True
SERF2,string,20,9,False,True
EIF3J,string,20,16,False,True
SPATA5L1,string,20,16,False,True
COPS2,string,20,38,False,True
LEO1,string,20,35,False,True
POLR2M,string,20,14,False,True
ADAM10,string,20,32,False,True
GTF2A2,string,20,35,False,True
HERC1,string,20,5,False,True
INTS14,string,20,21,False,True
SNAPC5,string,20,11,False,True
RPL4,string,20,30,False,True
RPLP1,string,20,5,False,True
COX5A,string,20,45,False,True
SNUPN,string,20,10,False,True
IMP3,string,20,24,False,True
WDR61,string,20,22,False,True
PSMA4,string,20,55,False,True
RPS17,string,0,0,True,True
MRPL46,string,20,43,False,True
MRPS11,string,20,38,False,True
POLG,string,20,24,False,True
UNC45A,string,20,22,False,True
RCCD1,string,20,11,False,True
SNRNP25,string,20,13,False,True
MPG,string,20,8,False,True
MRPL28,string,20,21,False,True
UBE2I,string,20,99,False,True
TELO2,string,20,17,False,True
MRPS34,string,20,19,False,True
NUBP2,string,20,16,False,True
MSRB1,string,20,16,False,True
NDUFB10,string,20,43,False,True
RPS2,string,20,47,False,True
TBL3,string,20,55,False,True
MLST8,string,20,39,False,True
E4F1,string,20,5,False,True
RNPS1,string,20,28,False,True
PDPK1,string,20,21,False,True
SRRM2,string,20,36,False,True
ELOB,string,20,55,False,True
PKMYT1,string,20,17,False,True
TFAP4,string,20,8,False,True
PAM16,string,20,19,False,True
DNAJA3,string,20,13,False,True
ALG1,string,20,17,False,True
USP7,string,20,43,False,True
NUBP1,string,20,26,False,True
RSL1D1,string,20,29,False,True
GSPT1,string,20,21,False,True
PARN,string,20,13,False,True
NOMO1,string,20,6,False,True
RPS15A,string,20,12,False,True
UQCRC2,string,20,37,False,True
POLR3E,string,20,30,False,True
EARS2,string,20,25,False,True
NDUFAB1,string,20,66,False,True
PALB2,string,20,19,False,True
NSMCE1,string,20,8,False,True
TUFM,string,20,18,False,True
CDIPT,string,20,43,False,True
INO80E,string,20,27,False,True
ALDOA,string,0,0,True,True
PPP4C,string,20,26,False,True
CD2BP2,string,20,15,False,True
SRCAP,string,20,21,False,True
RNF40,string,20,11,False,True
SETD1A,string,20,40,False,True
KAT8,string,20,29,False,True
VPS35,string,20,50,False,True
NUDT21,string,20,23,False,True
OGFOD1,string,20,5,False,True
NUP93,string,20,38,False,True
CIAPIN1,string,20,29,False,True
POLR2C,string,20,60,False,True
KATNB1,string,20,6,False,True
GINS3,string,20,16,False,True
CNOT1,string,20,49,False,True
NAE1,string,20,18,False,True
CTCF,string,20,40,False,True
ACD,string,0,0,True,True
CENPT,string,20,20,False,True
THAP11,string,20,13,False,True
NUTF2,string,20,27,False,True
EDC4,string,20,18,False,True
SLC7A6OS,string,20,8,False,True
TANGO6,string,20,8,False,True
COG8,string,20,28,False,True
NIP7,string,20,64,False,True
TERF2,string,20,26,False,True
NOB1,string,20,20,False,True
EXOSC6,string,20,38,False,True
AARS,string,0,0,True,True
DDX19A,string,20,9,False,True
COG4,string,20,29,False,True
SF3B3,string,20,53,False,True
DHODH,string,20,21,False,True
PSMD7,string,20,21,False,True
CFDP1,string,20,16,False,True
KARS,string,0,0,True,True
MPHOSPH6,string,20,21,False,True
TAF1C,string,20,14,False,True
USP10,string,20,15,False,True
BANP,string,20,9,False,True
CTU2,string,20,18,False,True
SPG7,string,20,32,False,True
RPL13,string,20,86,False,True
CHMP1A,string,20,31,False,True
GEMIN4,string,20,20,False,True
TIMM22,string,20,21,False,True
PRPF8,string,20,105,False,True
RPA1,string,20,70,False,True
SMG6,string,20,18,False,True
TSR1,string,20,25,False,True
MYBBP1A,string,20,16,False,True
PELP1,string,20,13,False,True
ARRB2,string,20,51,False,True
MED11,string,20,23,False,True
PSMB6,string,20,46,False,True
PFN1,string,20,20,False,True
SPAG7,string,20,10,False,True
NUP88,string,20,34,False,True
RPAIN,string,20,4,False,True
C1QBP,string,20,20,False,True
MIS12,string,20,16,False,True
EIF5A,string,20,7,False,True
NAA38,string,20,16,False,True
TRAPPC1,string,20,20,False,True
ELAC2,string,20,21,False,True
COX10,string,20,17,False,True
TVP23C,string,20,3,False,True
MED9,string,20,11,False,True
TOP3A,string,20,24,False,True
TMEM199,string,20,22,False,True
RPL23A,string,20,114,False,True
ERAL1,string,20,21,False,True
PHF12,string,20,18,False,True
TEFM,string,20,11,False,True
UTP6,string,20,55,False,True
PSMD11,string,20,17,False,True
RFFL,string,20,10,False,True
RAD51D,string,20,5,False,True
NLE1,string,20,15,False,True
ZNHIT3,string,20,16,False,True
MRM1,string,20,15,False,True
MRPL45,string,20,25,False,True
PSMB3,string,20,61,False,True
RPL23,string,20,101,False,True
RPL19,string,20,93,False,True
CDK12,string,20,13,False,True
PSMD3,string,20,33,False,True
MED24,string,20,10,False,True
MSL1,string,20,11,False,True
CASC3,string,20,18,False,True
SMARCE1,string,20,30,False,True
STAT5B,string,20,38,False,True
NAGLU,string,20,12,False,True
COASY,string,20,20,False,True
VPS25,string,20,22,False,True
RPL27,string,20,85,False,True
DHX8,string,20,34,False,True
ETV4,string,20,15,False,True
LSM12,string,20,7,False,True
EFTUD2,string,20,113,False,True
NMT1,string,20,17,False,True
GOSR2,string,20,43,False,True
NPEPPS,string,20,13,False,True
KPNB1,string,20,35,False,True
MRPL10,string,20,12,False,True
SP2,string,20,6,False,True
UBE2Z,string,20,22,False,True
SNF8,string,20,23,False,True
PHB,string,20,35,False,True
SLC35B1,string,20,22,False,True
KAT7,string,20,14,False,True
MRPL27,string,20,46,False,True
UTP18,string,20,54,False,True
COX11,string,20,24,False,True
MRPS23,string,20,23,False,True
SRSF1,string,20,91,False,True
SUPT4H1,string,20,38,False,True
SMG8,string,20,11,False,True
TUBD1,string,20,19,False,True
PSMC5,string,20,50,False,True
POLG2,string,20,21,False,True
DDX5,string,20,34,False,True
NOL11,string,20,4,False,True
BPTF,string,20,91,False,True
C17orf58,string,20,1,False,True
COG1,string,20,32,False,True
RPL38,string,20,22,False,True
ATP5PD,string,20,27,False,True
SLC16A5,string,20,15,False,True
ARMC7,string,20,11,False,True
SUMO2,string,20,52,False,True
NUP85,string,20,30,False,True
MRPS7,string,20,50,False,True
GRB2,string,20,120,False,True
TSEN54,string,20,17,False,True
MRPL38,string,20,21,False,True
SRP68,string,20,15,False,True
PGS1,string,20,16,False,True
EIF4A3,string,0,0,True,True
RPTOR,string,20,55,False,True
CHMP6,string,20,42,False,True
SLC25A10,string,20,8,False,True
ANAPC11,string,20,27,False,True
GPS1,string,20,35,False,True
TBCD,string,20,29,False,True
THOC1,string,20,23,False,True
NAPG,string,20,24,False,True
AFG3L2,string,20,24,False,True
PSMG2,string,20,7,False,True
SEH1L,string,20,37,False,True
SNRPD1,string,20,74,False,True
TRAPPC8,string,20,19,False,True
C18orf21,string,20,13,False,True
ELP2,string,20,25,False,True
ATP5F1A,string,20,52,False,True
HAUS1,string,20,16,False,True
RPL17,string,0,0,True,True
CXXC1,string,20,11,False,True
NARS,string,0,0,True,True
RTTN,string,20,9,False,True
ZNF236,string,20,0,False,True
CTDP1,string,20,30,False,True
TXNL4A,string,20,19,False,True
POLRMT,string,20,25,False,True
PTBP1,string,20,48,False,True
MED16,string,20,27,False,True
ARID3A,string,20,7,False,True
WDR18,string,20,13,False,True
POLR2E,string,20,86,False,True
RPS15,string,20,39,False,True
MBD3,string,20,22,False,True
ABHD17A,string,20,16,False,True
LSM7,string,20,38,False,True
TIMM13,string,20,33,False,True
CACTIN,string,20,8,False,True
MRPL54,string,20,7,False,True
EEF2,string,20,64,False,True
PIAS4,string,20,20,False,True
RPL36,string,20,21,False,True
NDUFA11,string,20,36,False,True
GTF2F1,string,20,49,False,True
XAB2,string,20,38,False,True
TRAPPC5,string,20,21,False,True
MAP2K7,string,20,29,False,True
SNAPC2,string,20,4,False,True
TIMM44,string,20,37,False,True
RPS28,string,20,30,False,True
HNRNPM,string,20,51,False,True
UBL5,string,20,8,False,True
PPAN,string,20,10,False,True
EIF3G,string,20,21,False,True
MRPL4,string,20,52,False,True
TYK2,string,20,27,False,True
CDC37,string,20,19,False,True
KEAP1,string,20,49,False,True
KRI1,string,20,13,False,True
ILF3,string,20,26,False,True
SPC24,string,20,16,False,True
WDR83OS,string,20,8,False,True
DHPS,string,20,10,False,True
GET3,string,20,25,False,True
FARSA,string,20,9,False,True
C19orf53,string,20,4,False,True
NDUFB7,string,20,56,False,True
HAUS8,string,20,12,False,True
MRPL34,string,20,5,False,True
RPL18A,string,20,83,False,True
LSM4,string,20,46,False,True
KXD1,string,20,14,False,True
UBA52,string,20,144,False,True
COPE,string,20,16,False,True
DDX49,string,20,43,False,True
ARMC6,string,20,11,False,True
SLC25A42,string,20,12,False,True
NR2C2AP,string,20,6,False,True
SUGP1,string,20,15,False,True
MAU2,string,20,5,False,True
UQCRFS1,string,20,47,False,True
POP4,string,20,24,False,True
URI1,string,20,16,False,True
PDCD5,string,20,7,False,True
UBA2,string,20,24,False,True
USF2,string,20,11,False,True
HAUS5,string,20,12,False,True
POLR2I,string,20,50,False,True
TBCB,string,20,19,False,True
PSMD8,string,20,20,False,True
SARS2,string,20,26,False,True
MRPS12,string,20,25,False,True
SAMD4B,string,20,8,False,True
PAF1,string,20,12,False,True
MED29,string,20,28,False,True
RPS16,string,20,22,False,True
FBL,string,20,62,False,True
PSMC4,string,20,55,False,True
RAB4B,string,20,7,False,True
EGLN2,string,20,11,False,True
EXOSC5,string,20,38,False,True
RPS19,string,20,27,False,True
ZNF574,string,20,7,False,True
XRCC1,string,20,23,False,True
CADM4,string,20,11,False,True
SMG9,string,20,9,False,True
TOMM40,string,20,47,False,True
CLASRP,string,20,17,False,True
GEMIN7,string,20,17,False,True
PPP1R37,string,20,6,False,True
ERCC2,string,20,34,False,True
SNRPD2,string,20,114,False,True
SYMPK,string,20,34,False,True
AP2S1,string,20,27,False,True
ZC3H4,string,20,14,False,True
SAE1,string,20,20,False,True
GRWD1,string,20,22,False,True
RPL18,string,20,83,False,True
RUVBL2,string,20,79,False,True
SNRNP70,string,20,40,False,True
RPS11,string,20,19,False,True
SCAF1,string,20,12,False,True
PRMT1,string,20,23,False,True
AP2A1,string,20,35,False,True
PNKP,string,20,17,False,True
POLD1,string,20,60,False,True
PPP2R1A,string,20,60,False,True
NDUFA3,string,20,23,False,True
TFPT,string,20,16,False,True
PRPF31,string,20,57,False,True
CNOT3,string,20,27,False,True
TSEN34,string,20,14,False,True
RPS9,string,20,15,False,True
LENG8,string,20,10,False,True
RPL28,string,20,47,False,True
U2AF2,string,20,70,False,True
ZNF787,string,20,12,False,True
RPS5,string,20,29,False,True
CHMP2A,string,20,45,False,True
UBE2M,string,20,37,False,True
MRPS26,string,20,17,False,True
FASTKD5,string,20,9,False,True
TRMT6,string,20,24,False,True
CRLS1,string,20,26,False,True
POLR3F,string,20,33,False,True
NAA20,string,20,24,False,True
XRN2,string,20,31,False,True
CHMP4B,string,20,62,False,True
EIF2S2,string,20,34,False,True
AHCY,string,20,14,False,True
DYNLRB1,string,20,27,False,True
EIF6,string,20,20,False,True
CPNE1,string,20,9,False,True
NFS1,string,20,31,False,True
ROMO1,string,20,12,False,True
AAR2,string,20,16,False,True
RPN2,string,20,19,False,True
CTNNBL1,string,20,22,False,True
TTI1,string,20,16,False,True
RPRD1B,string,20,17,False,True
ACTR5,string,20,22,False,True
TP53RK,string,20,16,False,True
DDX27,string,0,0,True,True
MOCS3,string,20,23,False,True
PFDN4,string,20,16,False,True
CSTF1,string,20,30,False,True
NELFCD,string,20,8,False,True
PSMA7,string,20,52,False,True
MTG2,string,20,11,False,True
RPS21,string,20,13,False,True
MRGBP,string,20,30,False,True
RTEL1,string,20,30,False,True
PRPF6,string,20,50,False,True
MRPL39,string,20,34,False,True
N6AMT1,string,20,23,False,True
CCT8,string,20,35,False,True
SOD1,string,20,51,False,True
URB1,string,20,12,False,True
GART,string,20,63,False,True
SON,string,20,14,False,True
DONSON,string,20,7,False,True
ATP5PO,string,20,25,False,True
CHAF1B,string,20,16,False,True
PSMG1,string,20,19,False,True
GET1,string,0,0,True,True
WDR4,string,20,16,False,True
RRP1,string,20,11,False,True
FAM207A,string,0,0,True,True
MCM3AP,string,20,15,False,True
HIRA,string,20,14,False,True
GNB1L,string,20,4,False,True
DGCR8,string,20,22,False,True
PI4KA,string,20,37,False,True
CRKL,string,20,36,False,True
UBE2L3,string,20,34,False,True
PPIL2,string,20,8,False,True
BCR,string,20,13,False,True
SMARCB1,string,20,33,False,True
SNRPD3,string,20,102,False,True
TFIP11,string,20,14,False,True
HSCB,string,20,40,False,True
EWSR1,string,20,19,False,True
THOC5,string,20,17,False,True
SF3A1,string,20,49,False,True
PES1,string,20,64,False,True
RTCB,string,20,12,False,True
EIF3D,string,20,19,False,True
NOL12,string,20,7,False,True
EIF3L,string,20,14,False,True
POLR2F,string,20,77,False,True
DDX17,string,20,21,False,True
TOMM22,string,20,30,False,True
RPL3,string,20,26,False,True
ADSL,string,20,30,False,True
RBX1,string,20,102,False,True
PHF5A,string,20,44,False,True
POLR3H,string,20,30,False,True
DESI1,string,20,5,False,True
XRCC6,string,20,51,False,True
NDUFA6,string,20,52,False,True
RRP7A,string,20,8,False,True
SAMM50,string,20,21,False,True
ATXN10,string,20,5,False,True
NCAPH2,string,20,11,False,True
GEMIN8,string,20,15,False,True
PDHA1,string,0,0,True,True
EIF1AX,string,20,26,False,True
MBTPS2,string,20,15,False,True
EIF2S3,string,20,38,False,True
POLA1,string,20,58,False,True
ATP6AP2,string,20,22,False,True
MED14,string,20,35,False,True
RBM10,string,20,19,False,True
UBA1,string,20,36,False,True
UXT,string,20,16,False,True
GPKOW,string,20,6,False,True
KDM5C,string,20,23,False,True
HSD17B10,string,20,31,False,True
HUWE1,string,20,29,False,True
TSR2,string,20,6,False,True
GNL3L,string,20,24,False,True
LAS1L,string,20,11,False,True
IGBP1,string,20,12,False,True
MED12,string,20,38,False,True
TAF1,string,20,33,False,True
RPS4X,string,20,29,False,True
ABCB7,string,20,30,False,True
COX7B,string,0,0,True,True
TIMM8A,string,20,26,False,True
RPL36A,string,20,7,False,True
ALG13,string,20,16,False,True
RPL39,string,20,12,False,True
THOC2,string,20,23,False,True
AIFM1,string,20,14,False,True
RBMX2,string,20,19,False,True
MMGT1,string,20,12,False,True
RBMX,string,20,36,False,True
HAUS7,string,20,10,False,True
CCNQ,string,20,2,False,True
NAA10,string,20,16,False,True
RPL10,string,0,0,True,True
TAZ,string,0,0,True,True
F8A1,string,20,3,False,True
CMC4,string,20,15,False,True
ABCG1,string,20,15,False,True
ACOT12,string,20,17,False,True
ADAT3,string,20,13,False,True
ALG1L,string,0,0,True,True
ANAPC2,string,20,31,False,True
AQP7,string,20,3,False,True
ARGFX,string,20,2,False,True
ARHGAP11B,string,0,0,True,True
ARHGAP6,string,20,16,False,True
C12orf60,string,20,2,False,True
C14orf178,string,0,0,True,True
C16orf86,string,0,0,True,True
C1QTNF4,string,20,4,False,True
C5orf30,string,0,0,True,True
C6orf15,string,20,4,False,True
CACNB3,string,20,10,False,True
CARF,string,20,7,False,True
CBFA2T3,string,20,14,False,True
CBLN1,string,20,10,False,True
CCDC144A,string,20,8,False,True
CCDC144NL,string,0,0,True,True
CCDC78,string,20,10,False,True
CD8B,string,20,4,False,True
CDAN1,string,20,11,False,True
CDC7,string,20,22,False,True
CENPI,string,20,25,False,True
CENPP,string,20,15,False,True
CEP97,string,20,17,False,True
CHTF18,string,20,29,False,True
CHTF8,string,20,7,False,True
CLK2,string,20,16,False,True
CPAMD8,string,20,7,False,True
CPEB1,string,20,11,False,True
CPNE7,string,20,6,False,True
CSH2,string,20,11,False,True
CT45A5,string,20,3,False,True
CTBP2,string,20,25,False,True
CYP2A13,string,20,11,False,True
CYP4F11,string,20,6,False,True
CYS1,string,20,5,False,True
DCLRE1B,string,0,0,True,True
DDN,string,20,6,False,True
DDX47,string,20,16,False,True
DEPDC5,string,20,19,False,True
DMRTA2,string,20,2,False,True
DNAAF3,string,20,1,False,True
DNLZ,string,20,3,False,True
DNM1,string,20,37,False,True
DPH1,string,20,20,False,True
DPPA2,string,20,2,False,True
DPY19L2,string,20,9,False,True
EIF3CL,string,20,11,False,True
EPS8L1,string,20,2,False,True
ERVW-1,string,20,14,False,True
ESPL1,string,20,25,False,True
EXOC8,string,20,21,False,True
FAM102B,string,20,12,False,True
FAM229A,string,7,0,False,True
FAM72D,string,20,6,False,True
FBXL14,string,20,9,False,True
FOLR3,string,20,4,False,True
FOXD4,string,20,5,False,True
FOXL2,string,0,0,True,True
FOXS1,string,20,4,False,True
FRG2,string,20,2,False,True
FYN,string,20,62,False,True
GAB2,string,20,21,False,True
GATA1,string,20,38,False,True
GCOM1,string,20,0,False,True
GJA3,string,20,8,False,True
GMIP,string,20,6,False,True
GOLGA6L1,string,20,1,False,True
GPR61,string,20,7,False,True
GSDMA,string,20,7,False,True
HAPLN2,string,20,13,False,True
HCRTR1,string,20,3,False,True
HIST1H2AB,string,0,0,True,True
HIST1H2AE,string,0,0,True,True
HIST1H2AI,string,0,0,True,True
HIST1H2BB,string,0,0,True,True
HIST1H2BC,string,0,0,True,True
HIST1H2BE,string,0,0,True,True
HIST1H2BJ,string,0,0,True,True
HIST1H2BL,string,0,0,True,True
HIST1H2BM,string,0,0,True,True
HIST2H2AA3,string,0,0,True,True
HIST2H2BE,string,0,0,True,True
HIST2H2BF,string,0,0,True,True
HIST2H3A,string,0,0,True,True
HIST2H3D,string,0,0,True,True
HMX3,string,20,3,False,True
HOXC10,string,20,5,False,True
HYPK,string,20,16,False,True
IPO13,string,20,10,False,True
JAZF1,string,20,33,False,True
KCNA10,string,20,3,False,True
KDM8,string,20,13,False,True
KLF7,string,20,6,False,True
KLHL11,string,20,7,False,True
KLHL17,string,20,8,False,True
KRT17,string,20,13,False,True
KRTAP4-2,string,20,7,False,True
KRTAP4-7,string,20,1,False,True
LCE1C,string,12,3,False,True
LCE1E,string,15,5,False,True
LCN10,string,20,7,False,True
LMO2,string,20,19,False,True
LPA,string,20,25,False,True
LRRC37A3,string,20,6,False,True
LRRC37B,string,20,5,False,True
LSM11,string,20,9,False,True
LST1,string,20,6,False,True
LTB4R2,string,20,3,False,True
LTBP4,string,20,4,False,True
LURAP1,string,20,6,False,True
LZTR1,string,0,0,True,True
MARS2,string,20,19,False,True
MED18,string,20,37,False,True
MED22,string,20,22,False,True
MEIS3,string,20,6,False,True
MMP17,string,20,7,False,True
MOG,string,20,9,False,True
MRPL53,string,20,10,False,True
MTBP,string,20,3,False,True
MTCP1,string,20,0,False,True
MTRNR2L1,string,20,6,False,True
MYB,string,20,25,False,True
MYO1H,string,20,4,False,True
MZF1,string,20,3,False,True
NANOG,string,20,48,False,True
NBPF12,string,20,6,False,True
NBPF15,string,20,2,False,True
NBPF3,string,20,2,False,True
NDOR1,string,20,17,False,True
NEDD8-MDP1,string,20,9,False,True
NKX6-1,string,20,11,False,True
NOMO3,string,20,4,False,True
NPB,string,20,4,False,True
NRF1,string,20,12,False,True
OR1D2,string,0,0,True,True
OR1E2,string,20,9,False,True
OR2A1,string,0,0,True,True
OR2T29,string,6,1,False,True
OR2T5,string,0,0,True,True
OR4F4,string,0,0,True,True
OR4K1,string,16,4,False,True
OR4N2,string,15,2,False,True
OR7A10,string,0,0,True,True
OR7A17,string,0,0,True,True
OTOP1,string,20,5,False,True
OTX1,string,20,10,False,True
OVCA2,string,20,12,False,True
PARS2,string,20,22,False,True
PLA2G10,string,20,19,False,True
POT1,string,20,17,False,True
POTEI,string,20,7,False,True
POU3F1,string,20,16,False,True
POU5F1B,string,20,8,False,True
PPARGC1B,string,20,7,False,True
PPY,string,20,2,False,True
PRDM10,string,20,12,False,True
PRDM8,string,20,10,False,True
PRODH,string,20,10,False,True
PRSS50,string,0,0,True,True
PWP2,string,20,18,False,True
RBM14-RBM4,string,20,4,False,True
RELL2,string,20,6,False,True
RGPD6,string,20,7,False,True
RHPN1,string,20,10,False,True
RPS10-NUDT3,string,20,6,False,True
SIGLEC14,string,20,2,False,True
SLC35G2,string,20,14,False,True
SLC35G6,string,20,8,False,True
SLC4A5,string,20,10,False,True
SLC9B1,string,20,4,False,True
SPATA5,string,20,16,False,True
SPDYE2,string,20,2,False,True
SSX4,string,20,2,False,True
STAT5A,string,20,45,False,True
SYNGR3,string,20,5,False,True
TADA2A,string,20,33,False,True
TAF1A,string,20,17,False,True
TBC1D28,string,20,6,False,True
TBC1D3,string,20,7,False,True
TBX1,string,20,12,False,True
TDGF1,string,20,16,False,True
TICRR,string,20,6,False,True
TMEM240,string,20,7,False,True
TNFSF10,string,20,13,False,True
TNNT2,string,20,17,False,True
TREML2,string,20,3,False,True
TREX2,string,20,4,False,True
TRIM49C,string,20,0,False,True
TSPYL5,string,20,4,False,True
TSSK3,string,20,5,False,True
TUBA3D,string,20,12,False,True
TUBGCP6,string,20,21,False,True
TULP1,string,20,15,False,True
TWSG1,string,20,13,False,True
U2AF1,string,20,14,False,True
UNCX,string,20,14,False,True
WDR24,string,20,21,False,True
WDR44,string,20,12,False,True
WDR54,string,20,7,False,True
WDR7,string,20,17,False,True
WDTC1,string,20,31,False,True
YPEL1,string,20,15,False,True
ZBTB14,string,20,11,False,True
ZFP69B,string,20,1,False,True
ZNF100,string,20,0,False,True
ZNF133,string,20,3,False,True
ZNF253,string,20,6,False,True
ZNF284,string,20,1,False,True
ZNF468,string,20,2,False,True
ZNF492,string,20,4,False,True
ZNF506,string,20,0,False,True
ZNF559,string,20,0,False,True
ZNF658,string,20,4,False,True
ZNF674,string,20,1,False,True
ZNF676,string,20,5,False,True
ZNF687,string,20,13,False,True
ZNF718,string,20,1,False,True
ZNF763,string,20,2,False,True
ZRSR2,string,20,16,False,True
