gene_id,source,incoming_nonself,outgoing_nonself,self_loop_only,candidate_target
LINC01409,go,0,0,True,False
HES4,go,5,7,False,False
ISG15,go,20,0,False,False
SDF4,go,20,19,False,False
ACAP3,go,20,8,False,False
MXRA8,go,20,13,False,False
CCNL2,go,20,7,False,False
MRPL20-AS1,go,0,0,True,False
MRPL20,go,20,31,False,False
ATAD3A,go,20,25,False,False
SSU72,go,20,8,False,True
MIB2,go,20,51,False,False
SLC35E2B,go,19,9,False,False
CDK11A,go,20,27,False,False
SKI,go,20,1,False,False
SMIM1,go,20,87,False,False
C1orf174,go,20,68,False,False
ZBTB48,go,9,1,False,False
KLHL21,go,20,14,False,False
PHF13,go,20,9,False,False
THAP3,go,17,22,False,False
CAMTA1,go,20,3,False,False
VAMP3,go,20,17,False,False
PER3,go,20,4,False,False
RERE,go,20,3,False,False
PIK3CD,go,5,5,False,False
PIK3CD-AS2,go,0,0,True,False
CLSTN1,go,20,7,False,False
CTNNBIP1,go,20,1,False,False
UBE4B,go,20,3,False,False
KIF1B,go,20,14,False,False
PGD,go,4,1,False,True
SRM,go,20,15,False,False
MAD2L2,go,20,0,False,False
AGTRAP,go,20,41,False,False
MTHFR,go,1,0,False,False
CLCN6,go,20,4,False,False
MFN2,go,20,2,False,False
DHRS3,go,5,2,False,False
PRDM2,go,17,7,False,False
EFHD2,go,17,4,False,False
DDI2,go,20,0,False,False
PLEKHM2,go,20,0,False,False
AL450998.2,go,0,0,True,False
SPEN,go,20,7,False,False
ZBTB17,go,18,4,False,True
NECAP2,go,20,4,False,False
SDHB,go,19,10,False,False
UBR4,go,20,34,False,False
AKR7A2,go,20,10,False,False
MICOS10,go,19,6,False,True
OTUD3,go,0,0,True,False
CAMK2N1,go,0,0,True,False
MUL1,go,20,1,False,False
HP1BP3,go,17,1,False,False
EIF4G3,go,20,14,False,False
HSPG2,go,20,15,False,False
CDC42,go,3,0,False,False
ZBTB40,go,14,2,False,False
KDM1A,go,20,1,False,False
LUZP1,go,20,1,False,False
LINC01355,go,0,0,True,False
E2F2,go,16,23,False,False
PITHD1,go,20,0,False,False
LYPLA2,go,20,3,False,False
HMGCL,go,18,10,False,False
FUCA1,go,20,30,False,False
NIPAL3,go,20,28,False,False
SRRM1,go,20,83,False,True
CLIC4,go,20,3,False,False
SYF2,go,20,19,False,True
RSRP1,go,0,0,True,False
TMEM50A,go,20,7,False,False
MACO1,go,20,5,False,False
LDLRAP1,go,6,3,False,False
MTFR1L,go,18,25,False,False
STMN1,go,20,1,False,False
PDIK1L,go,20,84,False,False
SH3BGRL3,go,20,46,False,False
HMGN2,go,20,20,False,False
RPS6KA1,go,20,12,False,False
ARID1A,go,20,10,False,False
GPATCH3,go,20,114,False,False
SLC9A1,go,0,0,True,False
WDTC1,go,20,5,False,True
TMEM222,go,20,74,False,False
WASF2,go,20,14,False,False
AHDC1,go,20,23,False,False
FAM76A,go,20,8,False,False
STX12,go,20,13,False,False
EYA3,go,20,6,False,False
ATP5IF1,go,13,0,False,False
SESN2,go,20,1,False,False
SNHG3,go,0,0,True,False
SNHG12,go,0,0,True,False
TAF12,go,20,27,False,True
GMEB1,go,9,117,False,False
YTHDF2,go,20,4,False,False
LAPTM5,go,4,0,False,False
PUM1,go,20,9,False,False
TXLNA,go,20,48,False,False
CCDC28B,go,20,74,False,False
IQCC,go,20,0,False,False
TMEM234,go,20,72,False,False
MARCKSL1,go,20,45,False,False
BSDC1,go,20,142,False,False
ZBTB8A,go,13,2,False,False
SYNC,go,20,4,False,False
KIAA1522,go,14,2,False,False
YARS,go,20,13,False,False
TMEM54,go,20,61,False,False
RNF19B,go,20,19,False,False
AK2,go,18,6,False,False
PHC2,go,20,52,False,False
TMEM35B,go,0,0,True,False
ZMYM6,go,18,7,False,False
ZMYM1,go,16,5,False,False
SFPQ,go,20,11,False,True
ZMYM4,go,20,5,False,False
KIAA0319L,go,20,114,False,False
CLSPN,go,20,7,False,True
AGO4,go,0,0,True,False
AGO1,go,20,8,False,False
AGO3,go,20,6,False,False
TRAPPC3,go,20,18,False,False
THRAP3,go,20,11,False,False
SH3D21,go,0,0,True,False
EVA1B,go,20,133,False,False
STK40,go,20,12,False,False
LSM10,go,20,3,False,True
MRPS15,go,20,33,False,False
SNIP1,go,20,32,False,True
GNL2,go,20,20,False,True
C1orf109,go,20,579,False,False
CDCA8,go,20,4,False,False
YRDC,go,20,1,False,False
C1orf122,go,0,0,True,False
MTF1,go,14,4,False,False
FHL3,go,20,4,False,False
RRAGC,go,20,9,False,False
AKIRIN1,go,20,4,False,False
MACF1,go,20,6,False,False
PABPC4,go,20,17,False,False
CAP1,go,20,1,False,False
RLF,go,17,1,False,False
AL050341.2,go,0,0,True,False
SMAP2,go,20,12,False,False
EXO5,go,20,15,False,False
SCMH1,go,20,30,False,False
HIVEP3,go,11,6,False,False
FOXJ3,go,8,39,False,False
PPCS,go,20,28,False,False
PPIH,go,20,10,False,True
SVBP,go,0,0,True,False
ERMAP,go,20,41,False,False
SLC2A1,go,20,8,False,False
EBNA1BP2,go,20,25,False,True
CDC20,go,20,7,False,False
MED8,go,20,26,False,True
SZT2,go,18,1,False,False
HYI,go,20,0,False,False
PTPRF,go,14,3,False,False
KDM4A,go,20,3,False,False
KDM4A-AS1,go,0,0,True,False
ST3GAL3,go,0,0,True,False
KIF2C,go,20,30,False,False
RPS8,go,20,89,False,False
HECTD3,go,20,15,False,False
UROD,go,20,3,False,False
PRDX1,go,20,6,False,False
NASP,go,20,7,False,False
GPBP1L1,go,20,33,False,False
IPP,go,20,10,False,False
PIK3R3,go,0,0,True,False
LRRC41,go,20,280,False,False
MKNK1,go,20,123,False,False
ATPAF1,go,20,40,False,False
EFCAB14,go,16,3,False,False
TAL1,go,20,7,False,False
STIL,go,20,3,False,False
FAF1,go,20,6,False,False
CDKN2C,go,20,13,False,False
RNF11,go,20,8,False,False
EPS15,go,20,25,False,False
NRDC,go,0,0,True,False
TXNDC12,go,20,12,False,False
KTI12,go,20,11,False,False
CC2D1B,go,15,34,False,False
ORC1,go,20,9,False,True
TUT4,go,20,2,False,False
ZYG11B,go,20,1,False,False
CPT2,go,20,2,False,False
YIPF1,go,20,29,False,False
HSPB11,go,20,13,False,False
LRRC42,go,0,0,True,False
TMEM59,go,20,22,False,False
TCEANC2,go,20,38,False,False
DHCR24,go,20,2,False,False
MYSM1,go,20,11,False,False
JUN,go,20,12,False,False
NFIA,go,12,8,False,False
TM2D1,go,17,15,False,False
USP1,go,20,27,False,False
FOXD3-AS1,go,0,0,True,False
JAK1,go,20,6,False,False
LEPROT,go,20,8,False,False
LEPR,go,1,1,False,False
MIER1,go,20,35,False,False
SLC35D1,go,20,4,False,False
GADD45A,go,20,1,False,False
GNG12,go,20,16,False,False
DEPDC1,go,20,12,False,False
ANKRD13C,go,20,12,False,False
HHLA3,go,0,0,True,False
CTH,go,9,0,False,False
PTGER3,go,20,3,False,False
CRYZ,go,20,7,False,False
TYW3,go,20,11,False,False
RABGGTB,go,20,9,False,False
PIGK,go,17,4,False,False
USP33,go,20,6,False,False
MIGA1,go,0,0,True,False
NEXN,go,20,3,False,False
FUBP1,go,20,76,False,False
DNAJB4,go,20,10,False,False
AL359504.2,go,0,0,True,False
CTBS,go,10,1,False,False
SSX2IP,go,20,4,False,False
SYDE2,go,0,0,True,False
BCL10,go,15,1,False,False
ODF2L,go,20,15,False,False
CLCA1,go,20,6,False,False
SH3GLB1,go,20,10,False,False
LMO4,go,0,0,True,False
PKN2,go,20,36,False,False
GTF2B,go,20,7,False,True
LRRC8B,go,20,22,False,False
LRRC8C,go,20,8,False,False
LRRC8D,go,20,14,False,False
LINC02609,go,0,0,True,False
ZNF644,go,13,0,False,False
TGFBR3,go,2,1,False,False
RPAP2,go,20,27,False,True
EVI5,go,20,32,False,False
RPL5,go,20,11,False,True
CCDC18-AS1,go,0,0,True,False
DR1,go,20,6,False,True
FNBP1L,go,0,0,True,False
GCLM,go,0,0,True,False
ABCD3,go,20,14,False,False
RWDD3,go,20,8,False,False
PTBP2,go,20,1,False,False
FRRS1,go,20,9,False,False
SLC35A3,go,20,6,False,False
MFSD14A,go,0,0,True,False
TRMT13,go,17,1,False,False
DBT,go,20,5,False,False
EXTL2,go,20,4,False,False
SLC30A7,go,20,3,False,False
AC093157.1,go,0,0,True,False
RNPC3,go,20,6,False,True
FAM102B,go,0,0,True,False
STXBP3,go,20,4,False,False
GPSM2,go,20,4,False,False
TAF13,go,20,27,False,False
TMEM167B,go,20,72,False,False
SARS,go,20,4,False,True
PSRC1,go,20,27,False,False
SORT1,go,20,3,False,False
GNAI3,go,20,9,False,False
AMPD2,go,20,5,False,False
GSTM4,go,20,6,False,False
GSTM3,go,20,17,False,False
RBM15,go,20,3,False,False
SLC16A4,go,0,0,True,False
AL355488.1,go,0,0,True,False
CD53,go,20,62,False,False
LRIF1,go,20,1,False,False
DRAM2,go,20,9,False,False
CEPT1,go,20,8,False,False
DENND2D,go,20,89,False,False
CHI3L2,go,20,11,False,False
RAP1A,go,20,14,False,False
ST7L,go,20,0,False,False
RHOC,go,20,16,False,False
SLC16A1,go,20,15,False,False
SLC16A1-AS1,go,0,0,True,False
LRIG2,go,20,1,False,False
MAGI3,go,20,12,False,False
PHTF1,go,20,19,False,False
RSBN1,go,20,9,False,False
PTPN22,go,0,0,True,False
HIPK1,go,20,13,False,False
CD58,go,20,36,False,False
MAN1A2,go,20,20,False,False
GDAP2,go,20,6,False,False
PHGDH,go,6,3,False,False
SEC22B,go,20,23,False,False
LINC00623,go,0,0,True,False
SRGAP2C,go,0,0,True,False
LINC02802,go,0,0,True,False
POLR3C,go,20,11,False,True
PEX11B,go,20,47,False,False
LIX1L,go,20,14,False,False
POLR3GL,go,20,71,False,False
TXNIP,go,20,3,False,False
PRKAB2,go,20,33,False,False
LINC01138,go,0,0,True,False
PDE4DIP,go,20,10,False,False
AC245297.3,go,0,0,True,False
HIST2H2AA4,go,0,0,True,False
HIST2H2AC,go,14,20,False,False
SF3B4,go,20,49,False,True
OTUD7B,go,20,11,False,False
PLEKHO1,go,20,0,False,False
ANP32E,go,20,4,False,False
PRPF3,go,20,73,False,True
RPRD2,go,20,2,False,False
ADAMTSL4,go,20,10,False,False
MCL1,go,20,18,False,False
GOLPH3L,go,20,24,False,False
CTSS,go,16,10,False,False
ARNT,go,15,2,False,False
SETDB1,go,20,13,False,True
C1orf56,go,20,27,False,False
CDC42SE1,go,20,11,False,False
MLLT11,go,20,5,False,False
SCNM1,go,17,12,False,False
PIP5K1A,go,20,6,False,False
RFX5,go,17,62,False,False
POGZ,go,20,0,False,False
SNX27,go,20,14,False,False
S100A10,go,20,6,False,False
S100A11,go,20,16,False,False
S100A4,go,20,31,False,False
S100A13,go,20,18,False,False
CHTOP,go,20,7,False,False
GATAD2B,go,20,9,False,False
CRTC2,go,20,6,False,False
RPS27,go,20,11,False,True
HAX1,go,2,1,False,False
AQP10,go,20,6,False,False
UBE2Q1,go,20,4,False,False
ADAR,go,20,2,False,False
PMVK,go,20,18,False,False
PYGO2,go,20,0,False,False
SHC1,go,15,4,False,False
CKS1B,go,20,6,False,False
ZBTB7B,go,18,0,False,False
ADAM15,go,20,6,False,False
DPM3,go,20,21,False,False
KRTCAP2,go,20,6,False,False
FDPS,go,20,14,False,False
ASH1L,go,20,3,False,False
ASH1L-AS1,go,0,0,True,False
GON4L,go,20,22,False,False
RIT1,go,19,0,False,False
KHDC4,go,20,183,False,False
ARHGEF2,go,20,0,False,False
SSR2,go,20,148,False,False
LAMTOR2,go,20,3,False,True
LMNA,go,20,1,False,False
GLMP,go,0,0,True,False
GPATCH4,go,20,36,False,False
NES,go,20,0,False,False
RRNAD1,go,20,0,False,False
HDGF,go,17,3,False,False
NTRK1,go,9,6,False,False
ETV3,go,16,3,False,False
LINC02772,go,0,0,True,False
DUSP23,go,20,12,False,False
TAGLN2,go,20,40,False,False
PIGM,go,18,3,False,False
PEA15,go,20,1,False,False
DCAF8,go,20,271,False,False
PEX19,go,20,3,False,False
COPA,go,20,28,False,False
NCSTN,go,20,7,False,False
VANGL2,go,0,0,True,False
F11R,go,16,4,False,False
USF1,go,11,3,False,False
PFDN2,go,20,23,False,True
DEDD,go,20,5,False,False
PPOX,go,0,0,True,False
FCER1G,go,18,1,False,False
FCGR2A,go,20,20,False,False
ATF6,go,20,19,False,False
UHMK1,go,20,2,False,False
HSD17B7,go,20,2,False,False
NUF2,go,20,19,False,True
MGST3,go,20,44,False,False
ALDH9A1,go,20,1,False,False
TMCO1,go,20,6,False,False
POGK,go,20,136,False,False
POU2F1,go,15,40,False,False
CREG1,go,20,16,False,False
RCSD1,go,4,1,False,False
MPZL1,go,20,43,False,False
MPC2,go,20,10,False,False
DCAF6,go,20,110,False,False
SFT2D2,go,20,28,False,False
TBX19,go,10,3,False,False
BLZF1,go,20,41,False,False
SCYL3,go,0,0,True,False
KIFAP3,go,20,3,False,False
VAMP4,go,20,12,False,False
SUCO,go,20,3,False,False
KLHL20,go,20,6,False,False
CENPL,go,20,125,False,False
GAS5,go,0,0,True,False
ZBTB37,go,13,22,False,False
RC3H1,go,12,1,False,False
RABGAP1L,go,20,12,False,False
CACYBP,go,20,12,False,False
COP1,go,20,5,False,False
RALGPS2,go,20,28,False,False
FAM20B,go,20,39,False,False
TOR3A,go,20,11,False,False
ABL2,go,20,3,False,False
SOAT1,go,20,4,False,False
TOR1AIP2,go,18,33,False,False
TOR1AIP1,go,20,8,False,False
CEP350,go,20,23,False,False
XPR1,go,20,1,False,False
STX6,go,20,30,False,False
MR1,go,20,2,False,False
IER5,go,20,50,False,False
GLUL,go,20,1,False,False
RGS16,go,20,12,False,False
NPL,go,19,20,False,False
SMG7,go,20,6,False,False
ARPC5,go,20,19,False,False
COLGALT2,go,20,10,False,False
TSEN15,go,20,15,False,False
EDEM3,go,20,7,False,False
TRMT1L,go,20,7,False,False
TPR,go,20,5,False,True
ODR4,go,20,27,False,False
ERVMER61-1,go,0,0,True,False
RO60,go,20,0,False,False
ASPM,go,3,0,False,False
ZBTB41,go,12,51,False,False
DENND1B,go,20,7,False,False
NEK7,go,20,9,False,False
KIF14,go,20,10,False,False
DDX59,go,20,47,False,True
CAMSAP2,go,0,0,True,False
TMEM9,go,20,10,False,False
NAV1,go,20,6,False,False
IPO9,go,20,38,False,True
TIMM17A,go,20,12,False,False
ARL8A,go,20,27,False,False
PTPN7,go,20,21,False,False
UBE2T,go,20,15,False,False
PPP1R12B,go,20,20,False,False
KDM5B,go,20,4,False,False
CYB5R1,go,20,44,False,False
BTG2,go,20,2,False,False
PPP1R15B,go,20,1,False,False
MDM4,go,20,3,False,False
RBBP5,go,20,15,False,False
DSTYK,go,20,4,False,False
ELK4,go,14,173,False,False
NUCKS1,go,20,3,False,False
RAB29,go,0,0,True,False
SRGAP2,go,20,10,False,False
RASSF5,go,20,43,False,False
DYRK3,go,20,24,False,False
MAPKAPK2,go,20,23,False,False
YOD1,go,20,16,False,False
CD55,go,20,3,False,False
CR1L,go,20,11,False,False
CD46,go,20,8,False,False
UTP25,go,20,13,False,False
RCOR3,go,20,14,False,False
TRAF5,go,20,7,False,False
LINC00467,go,0,0,True,False
SLC30A1,go,20,6,False,False
NEK2,go,20,23,False,False
LPGAT1,go,20,6,False,False
DTL,go,20,2,False,True
PPP2R5A,go,20,7,False,False
NENF,go,20,15,False,False
NSL1,go,20,11,False,False
TATDN3,go,18,8,False,False
FLVCR1-DT,go,0,0,True,False
FLVCR1,go,20,4,False,False
RPS6KC1,go,20,31,False,False
CENPF,go,20,11,False,False
GPATCH2,go,20,4,False,False
RRP15,go,5,2,False,False
LYPLAL1,go,20,11,False,False
EPRS,go,20,9,False,True
IARS2,go,18,9,False,True
RAB3GAP2,go,20,9,False,False
DUSP10,go,20,3,False,False
MIA3,go,20,1,False,False
AIDA,go,20,0,False,False
BROX,go,20,70,False,False
CAPN2,go,20,1,False,False
TP53BP2,go,20,33,False,False
FBXO28,go,20,10,False,False
DEGS1,go,20,16,False,False
WDR26,go,20,146,False,False
LBR,go,20,7,False,False
EPHX1,go,20,2,False,False
TMEM63A,go,20,27,False,False
PYCR2,go,18,18,False,False
SDE2,go,20,22,False,True
ACBD3,go,20,22,False,False
CDC42BPA,go,20,39,False,False
ZNF678,go,17,18,False,False
SNAP47,go,20,13,False,False
C1orf35,go,20,29,False,False
IBA57,go,20,39,False,False
OBSCN,go,0,0,True,False
TRIM11,go,20,17,False,False
HIST3H2A,go,17,27,False,False
RNF187,go,20,84,False,False
AL162595.1,go,0,0,True,False
ABCB10,go,20,12,False,False
GALNT2,go,20,14,False,False
COG2,go,20,15,False,True
ARV1,go,20,1,False,False
FAM89A,go,0,0,True,False
EXOC8,go,20,9,False,False
SPRTN,go,20,5,False,False
EGLN1,go,20,1,False,False
AL445524.1,go,0,0,True,False
TARBP1,go,16,7,False,False
IRF2BP2,go,16,30,False,False
ARID4B,go,20,12,False,False
TBCE,go,20,8,False,False
TBCE-1,go,0,0,True,False
B3GALNT2,go,20,44,False,False
LGALS8,go,20,15,False,False
OPN3,go,20,2,False,False
CHML,go,20,16,False,False
EXO1,go,20,5,False,False
CEP170,go,20,48,False,False
SDCCAG8,go,20,8,False,False
DESI2,go,20,8,False,False
SMYD3,go,17,1,False,False
CNST,go,20,32,False,False
AHCTF1,go,20,23,False,True
ZNF669,go,12,28,False,False
ZNF124,go,12,34,False,False
AL390728.6,go,0,0,True,False
SH3BP5L,go,20,6,False,False
PGBD2,go,4,0,False,False
TMEM18,go,17,8,False,False
TRAPPC12,go,20,15,False,False
ADI1,go,20,41,False,False
AC108488.1,go,0,0,True,False
CMPK2,go,20,2,False,False
RNF144A-AS1,go,0,0,True,False
RNF144A,go,20,46,False,False
KIDINS220,go,20,4,False,False
ADAM17,go,11,4,False,False
KLF11,go,20,21,False,False
RRM2,go,20,2,False,False
HPCAL1,go,20,40,False,False
ODC1,go,20,0,False,False
PDIA6,go,20,42,False,False
SLC66A3,go,20,50,False,False
LPIN1,go,20,2,False,False
TRIB2,go,20,3,False,False
NBAS,go,20,34,False,True
TTC32,go,20,0,False,False
LAPTM4A,go,20,65,False,False
RHOB,go,0,0,True,False
ATAD2B,go,20,24,False,False
TP53I3,go,20,4,False,False
ITSN2,go,20,18,False,False
NCOA1,go,20,8,False,False
DNMT3A,go,20,2,False,False
ASXL2,go,20,1,False,False
CENPA,go,18,14,False,False
OST4,go,19,30,False,False
ATRAID,go,20,14,False,False
MPV17,go,14,5,False,False
EIF2B4,go,20,5,False,True
PPM1G,go,20,38,False,False
NRBP1,go,20,11,False,True
ZNF512,go,20,83,False,False
SUPT7L,go,20,20,False,False
SLC4A1AP,go,20,71,False,False
WDR43,go,20,4,False,True
YPEL5,go,18,6,False,False
LBH,go,20,0,False,False
LCLAT1,go,20,18,False,False
MEMO1,go,20,83,False,False
SPAST,go,20,15,False,False
YIPF4,go,20,61,False,False
BIRC6,go,20,10,False,False
LTBP1,go,20,10,False,False
CRIM1,go,20,6,False,False
FEZ2,go,20,19,False,False
STRN,go,20,6,False,False
HEATR5B,go,20,41,False,False
GPATCH11,go,20,9,False,False
EIF2AK2,go,20,11,False,False
CEBPZOS,go,0,0,True,False
GALM,go,19,2,False,False
SRSF7,go,20,51,False,True
SOS1,go,20,1,False,False
MAP4K3,go,20,44,False,False
MAP4K3-DT,go,0,0,True,False
THUMPD2,go,20,8,False,False
EML4,go,20,44,False,False
COX7A2L,go,20,6,False,False
ZFP36L2,go,20,2,False,False
DYNC2LI1,go,20,21,False,False
LRPPRC,go,20,3,False,True
PREPL,go,20,4,False,False
EPAS1,go,16,2,False,False
RHOQ,go,20,9,False,False
CRIPT,go,20,6,False,False
SOCS5,go,0,0,True,False
MCFD2,go,20,16,False,False
CALM2,go,3,2,False,False
EPCAM,go,20,17,False,False
MSH2,go,20,5,False,False
MSH6,go,20,4,False,False
FBXO11,go,20,50,False,False
FOXN2,go,17,18,False,False
PPP1R21,go,0,0,True,False
ERLEC1,go,20,6,False,False
PSME4,go,20,10,False,False
ACYP2,go,20,13,False,False
SPTBN1,go,20,13,False,False
RTN4,go,12,0,False,False
CLHC1,go,20,96,False,False
MTIF2,go,20,6,False,False
CCDC88A,go,20,1,False,False
FANCL,go,20,22,False,False
PAPOLG,go,20,24,False,False
REL,go,10,7,False,False
PUS10,go,20,14,False,False
PEX13,go,20,11,False,False
KIAA1841,go,0,0,True,False
USP34,go,20,30,False,False
FAM161A,go,20,9,False,False
COMMD1,go,20,2,False,False
UGP2,go,20,14,False,False
VPS54,go,20,19,False,True
LGALSL,go,20,4,False,False
AFTPH,go,20,17,False,False
SERTAD2,go,20,114,False,False
CEP68,go,20,3,False,False
ACTR2,go,20,11,False,False
SPRED2,go,20,4,False,False
ETAA1,go,20,10,False,False
GFPT1,go,20,1,False,False
NFU1,go,20,31,False,False
AAK1,go,20,5,False,False
ANXA4,go,20,20,False,False
MXD1,go,19,14,False,False
PCBP1-AS1,go,0,0,True,False
TIA1,go,20,18,False,False
PCYOX1,go,20,2,False,False
NAGK,go,20,15,False,False
MPHOSPH10,go,20,25,False,True
ZNF638,go,20,24,False,False
SFXN5,go,19,2,False,False
DUSP11,go,20,6,False,False
STAMBP,go,20,12,False,False
DGUOK,go,20,5,False,False
TET3,go,20,3,False,False
BOLA3,go,20,13,False,False
MOB1A,go,20,83,False,False
MTHFD2,go,16,3,False,False
WDR54,go,3,0,False,False
WBP1,go,20,21,False,False
CCDC142,go,0,0,True,False
AUP1,go,20,1,False,False
POLE4,go,20,18,False,False
TMSB10,go,20,10,False,True
TGOLN2,go,20,22,False,False
RETSAT,go,20,4,False,False
ELMOD3,go,20,41,False,False
CAPG,go,20,11,False,False
MAT2A,go,20,10,False,True
VAMP8,go,20,18,False,False
RNF181,go,20,65,False,False
C2orf68,go,20,138,False,False
KDM3A,go,20,3,False,False
CYTOR,go,0,0,True,False
KRCC1,go,20,0,False,False
ZNF514,go,12,25,False,False
LINC00342,go,0,0,True,False
ANKRD36C,go,0,0,True,False
TMEM127,go,20,8,False,False
ARID5A,go,20,8,False,False
FAM178B,go,0,0,True,False
ANKRD36,go,0,0,True,False
ACTR1B,go,20,112,False,False
TMEM131,go,16,35,False,False
INPP4A,go,20,13,False,False
MITD1,go,18,5,False,False
AFF3,go,0,0,True,False
LONRF2,go,0,0,True,False
RPL31,go,20,78,False,True
MFSD9,go,20,8,False,False
AC012360.3,go,0,0,True,False
C2orf49,go,20,30,False,False
GCC2,go,20,6,False,False
LIMS1,go,20,10,False,False
BUB1,go,20,39,False,False
MIR4435-2HG,go,0,0,True,False
BCL2L11,go,8,6,False,False
AC068491.3,go,0,0,True,False
TMEM87B,go,0,0,True,False
ZC3H8,go,20,3,False,False
TTL,go,2,0,False,False
SLC20A1,go,20,4,False,False
CKAP2L,go,20,9,False,False
PSD4,go,20,7,False,False
PAX8-AS1,go,0,0,True,False
CBWD2,go,0,0,True,False
ACTR3,go,20,28,False,False
AC009404.1,go,0,0,True,False
INSIG2,go,20,3,False,False
C2orf76,go,20,131,False,False
DBI,go,2,1,False,False
PTPN4,go,20,21,False,False
EPB41L5,go,20,0,False,False
RALB,go,20,10,False,False
NIFK-AS1,go,0,0,True,False
TSN,go,20,24,False,False
GYPC,go,20,95,False,False
MAP3K2,go,20,91,False,False
IWS1,go,20,7,False,False
SFT2D3,go,20,7,False,False
AMMECR1L,go,0,0,True,False
CCDC115,go,20,6,False,False
PLEKHB2,go,20,4,False,False
C2orf27A,go,0,0,True,False
MGAT5,go,20,9,False,False
CCNT2,go,20,7,False,False
UBXN4,go,18,38,False,False
MCM6,go,20,18,False,True
ZEB2,go,18,3,False,False
MBD5,go,20,3,False,False
EPC2,go,20,14,False,False
STAM2,go,20,30,False,False
ARL6IP6,go,20,49,False,False
GPD2,go,20,2,False,False
GALNT5,go,20,24,False,False
WDSUB1,go,20,6,False,False
BAZ2B,go,13,58,False,False
MARCH7,go,20,0,False,False
CD302,go,0,0,True,False
TANK,go,19,0,False,False
PSMD14,go,20,10,False,False
TTC21B,go,20,3,False,False
STK39,go,0,0,True,False
NOSTRIN,go,14,19,False,False
SPC25,go,20,21,False,True
PPIG,go,20,59,False,False
KLHL23,go,20,0,False,False
SSB,go,20,0,False,False
METTL5,go,20,2,False,False
AC007405.1,go,0,0,True,False
AC007405.3,go,0,0,True,False
GAD1,go,20,1,False,False
CYBRD1,go,20,16,False,False
PDK1,go,20,8,False,False
MAP3K20,go,0,0,True,False
CDCA7,go,20,76,False,False
SP3,go,20,12,False,False
CIR1,go,20,6,False,False
SCRN3,go,9,4,False,False
WIPF1,go,20,12,False,False
ATF2,go,7,1,False,False
LNPK,go,20,2,False,False
HNRNPA3,go,20,27,False,False
NFE2L2,go,20,5,False,False
OSBPL6,go,20,9,False,False
CHROMR,go,0,0,True,False
PLEKHA3,go,20,7,False,False
TTN-AS1,go,0,0,True,False
ITPRID2,go,20,21,False,False
DNAJC10,go,20,12,False,False
NCKAP1,go,20,9,False,True
ZC3H15,go,20,23,False,False
ITGAV,go,7,5,False,False
TFPI,go,20,11,False,False
GULP1,go,20,4,False,False
SLC40A1,go,20,6,False,False
C2orf88,go,20,28,False,False
HIBCH,go,14,12,False,False
INPP1,go,20,10,False,False
NAB1,go,20,5,False,False
GLS,go,16,0,False,False
STAT1,go,20,1,False,False
NABP1,go,20,38,False,False
SLC39A10,go,4,2,False,False
STK17B,go,20,26,False,False
CCDC150,go,20,104,False,False
SF3B1,go,20,15,False,False
COQ10B,go,20,15,False,False
HSPD1,go,20,9,False,False
HSPE1,go,20,38,False,True
MOB4,go,19,32,False,True
SATB2,go,15,5,False,False
SATB2-AS1,go,0,0,True,False
TYW5,go,17,0,False,False
SGO2,go,20,17,False,False
BZW1,go,20,14,False,False
CLK1,go,20,1,False,False
FAM126B,go,20,46,False,False
NDUFB3,go,20,18,False,False
CFLAR,go,5,4,False,False
CASP10,go,20,7,False,False
CASP8,go,12,6,False,False
STRADB,go,20,10,False,False
TMEM237,go,20,2,False,False
ALS2,go,20,5,False,False
BMPR2,go,2,1,False,False
FAM117B,go,20,82,False,False
ICA1L,go,0,0,True,False
NBEAL1,go,20,12,False,False
ABI2,go,20,11,False,False
INO80D,go,20,6,False,False
NDUFS1,go,20,27,False,False
EEF1B2,go,20,44,False,False
FASTKD2,go,20,11,False,False
CREB1,go,20,2,False,False
IDH1,go,20,14,False,False
PIKFYVE,go,20,1,False,False
LANCL1,go,20,3,False,False
RPL37A,go,20,77,False,True
IGFBP2,go,20,4,False,False
ARPC2,go,20,17,False,False
PNKD,go,20,3,False,False
USP37,go,20,36,False,False
RNF25,go,20,61,False,False
FEV,go,11,6,False,False
ATG9A,go,20,21,False,False
ANKZF1,go,20,35,False,False
STK16,go,20,47,False,False
TUBA4A,go,20,46,False,False
GMPPA,go,20,25,False,False
ASIC4,go,20,8,False,False
ACSL3,go,20,7,False,False
WDFY1,go,20,10,False,False
MRPL44,go,20,2,False,False
CUL3,go,20,7,False,False
IRS1,go,0,0,True,False
RHBDD1,go,20,7,False,False
MFF,go,20,6,False,False
TRIP12,go,20,22,False,False
SP110,go,12,29,False,False
SP100,go,18,3,False,False
CAB39,go,20,8,False,False
ITM2C,go,20,28,False,False
NCL,go,20,1,False,True
PTMA,go,20,50,False,False
EIF4E2,go,20,15,False,False
EFHD1,go,20,9,False,False
GIGYF2,go,20,0,False,False
ATG16L1,go,20,10,False,False
USP40,go,20,19,False,False
HJURP,go,20,5,False,False
AGAP1,go,20,57,False,False
COPS8,go,20,27,False,True
HES6,go,13,22,False,False
PER2,go,0,0,True,False
TRAF3IP1,go,20,17,False,False
COPS9,go,20,29,False,False
CAPN10-DT,go,0,0,True,False
CAPN10,go,20,4,False,False
FARP2,go,20,0,False,False
DTYMK,go,20,4,False,True
CRBN,go,20,21,False,False
AC024060.2,go,0,0,True,False
ITPR1,go,20,3,False,False
BHLHE40,go,19,13,False,False
ARL8B,go,20,17,False,False
EDEM1,go,20,5,False,False
AC069277.1,go,0,0,True,False
THUMPD3-AS1,go,0,0,True,False
SETD5,go,20,1,False,False
MTMR14,go,20,7,False,False
OGG1,go,20,2,False,False
TADA3,go,20,15,False,True
TTLL3,go,20,1,False,False
RPUSD3,go,20,22,False,False
CRELD1,go,20,8,False,False
EMC3,go,20,17,False,False
FANCD2,go,20,1,False,False
BRK1,go,20,13,False,False
VHL,go,20,3,False,False
ATG7,go,20,11,False,False
VGLL4,go,20,1,False,False
TAMM41,go,19,5,False,False
RAF1,go,20,2,False,False
RPL32,go,20,36,False,True
XPC,go,20,6,False,False
LSM3,go,20,14,False,True
SLC6A6,go,11,8,False,False
CCDC174,go,20,198,False,True
FGD5-AS1,go,0,0,True,False
NR2C2,go,15,35,False,False
MRPS25,go,20,30,False,False
RBSN,go,0,0,True,False
CAPN7,go,20,7,False,False
SH3BP5,go,20,5,False,False
EAF1,go,20,12,False,False
ANKRD28,go,20,247,False,False
DPH3,go,20,68,False,False
PLCL2,go,20,0,False,False
TBC1D5,go,20,12,False,False
RAB5A,go,20,17,False,False
KAT2B,go,20,6,False,False
SGO1,go,20,15,False,False
NKIRAS1,go,20,2,False,False
RPL15,go,20,76,False,True
NR1D2,go,13,23,False,False
THRB,go,17,5,False,False
TOP2B,go,20,1,False,False
AZI2,go,20,0,False,False
STT3B,go,20,18,False,False
CMTM7,go,20,21,False,False
CMTM6,go,20,39,False,False
CNOT10,go,20,11,False,False
GLB1,go,20,7,False,False
CRTAP,go,20,11,False,False
TRANK1,go,0,0,True,False
EPM2AIP1,go,20,3,False,False
GOLGA4,go,20,62,False,False
ACAA1,go,20,7,False,False
OXSR1,go,20,18,False,False
ACVR2B,go,20,4,False,False
EXOG,go,20,4,False,False
WDR48,go,20,5,False,False
GORASP1,go,20,19,False,False
RPSA,go,20,25,False,True
EIF1B,go,20,22,False,False
ENTPD3-AS1,go,0,0,True,False
RPL14,go,20,41,False,True
ZNF621,go,12,19,False,False
CTNNB1,go,1,0,False,False
TRAK1,go,20,2,False,False
SS18L2,go,20,13,False,True
NKTR,go,18,13,False,False
SNRK,go,20,30,False,False
ANO10,go,20,12,False,False
ABHD5,go,20,4,False,False
TCAIM,go,20,14,False,False
ZNF445,go,16,7,False,False
ZNF197,go,16,26,False,False
ZNF35,go,15,3,False,False
KIF15,go,20,38,False,False
EXOSC7,go,20,11,False,True
TMEM158,go,20,0,False,False
LIMD1,go,20,10,False,False
SACM1L,go,20,19,False,False
LZTFL1,go,20,10,False,False
CCDC12,go,20,2,False,False
NBEAL2,go,20,33,False,False
SETD2,go,16,0,False,False
KIF9,go,20,19,False,False
MAP4,go,20,6,False,False
ZNF589,go,11,22,False,False
TMA7,go,0,0,True,False
SHISA5,go,20,71,False,False
SLC26A6,go,4,2,False,False
IP6K2,go,20,4,False,False
PRKAR2A,go,20,13,False,False
WDR6,go,20,39,False,False
DALRD3,go,20,7,False,False
NDUFAF3,go,20,17,False,False
IMPDH2,go,20,24,False,True
QARS,go,20,2,False,True
KLHDC8B,go,20,0,False,False
TCTA,go,20,1,False,False
APEH,go,20,25,False,False
IP6K1,go,20,8,False,False
INKA1,go,0,0,True,False
RBM6,go,20,31,False,False
RBM5,go,20,27,False,False
GNAI2,go,20,7,False,False
HYAL3,go,8,0,False,False
RASSF1,go,20,17,False,False
HEMK1,go,20,2,False,False
CISH,go,20,11,False,False
MANF,go,20,21,False,False
RAD54L2,go,20,31,False,False
TEX264,go,20,10,False,False
RRP9,go,20,41,False,True
ABHD14B,go,20,202,False,False
ABHD14A,go,18,24,False,False
DUSP7,go,20,18,False,False
ALAS1,go,20,33,False,False
TWF2,go,20,3,False,False
SMIM4,go,20,48,False,False
PBRM1,go,20,10,False,False
GNL3,go,20,2,False,True
STIMATE,go,0,0,True,False
TKT,go,8,3,False,False
DCP1A,go,20,6,False,False
SELENOK,go,20,3,False,False
CCDC66,go,20,11,False,False
TASOR,go,20,2,False,False
APPL1,go,20,9,False,False
DENND6A,go,0,0,True,False
FLNB,go,20,69,False,False
RPP14,go,20,10,False,True
PXK,go,20,0,False,False
PTPRG,go,20,6,False,False
ATXN7,go,20,16,False,False
KBTBD8,go,0,0,True,False
TMF1,go,20,0,False,False
UBA3,go,20,9,False,True
ARL6IP5,go,20,1,False,False
MITF,go,20,22,False,False
FOXP1,go,20,0,False,False
RYBP,go,20,48,False,False
PPP4R2,go,20,4,False,True
CHMP2B,go,20,15,False,False
CGGBP1,go,20,19,False,False
ZNF654,go,14,15,False,False
C3orf38,go,20,11,False,False
PROS1,go,20,26,False,False
NSUN3,go,0,0,True,False
MTRNR2L12,go,0,0,True,False
CRYBG3,go,0,0,True,False
CLDND1,go,20,13,False,False
DCBLD2,go,20,17,False,False
SENP7,go,20,5,False,False
TRMT10C,go,20,3,False,True
ZBTB11,go,18,10,False,False
RPL24,go,20,2,False,True
CEP97,go,20,20,False,False
BBX,go,14,13,False,False
CD47,go,20,2,False,False
LINC01215,go,0,0,True,False
IFT57,go,20,18,False,False
NEPRO,go,20,4,False,True
SPICE1,go,20,26,False,False
USF3,go,0,0,True,False
NAA50,go,20,3,False,False
B4GALT4,go,20,22,False,False
TMEM39A,go,16,26,False,False
TIMMDC1,go,20,108,False,False
COX17,go,20,2,False,True
GSK3B,go,20,4,False,False
NDUFB4,go,20,21,False,True
POLQ,go,20,23,False,False
GOLGB1,go,20,29,False,False
FAM162A,go,20,21,False,False
PARP14,go,20,7,False,False
HACD2,go,20,4,False,False
MYLK-AS1,go,0,0,True,False
CCDC14,go,20,25,False,False
ZNF148,go,19,8,False,False
OSBPL11,go,20,19,False,False
CHCHD6,go,19,5,False,False
PLXNA1,go,20,1,False,False
TPRA1,go,17,10,False,False
MCM2,go,20,16,False,True
SEC61A1,go,20,6,False,True
GATA2,go,20,2,False,False
GATA2-AS1,go,0,0,True,False
ISY1,go,20,10,False,False
CNBP,go,20,7,False,False
COPG1,go,20,38,False,False
H1FX,go,20,4,False,False
MBD4,go,20,14,False,False
IFT122,go,0,0,True,False
PIK3R4,go,20,4,False,False
ATP2C1,go,20,6,False,False
MRPL3,go,20,47,False,True
DNAJC13,go,20,61,False,False
CDV3,go,20,83,False,False
TOPBP1,go,20,4,False,False
RYK,go,20,4,False,False
MSL2,go,20,27,False,False
STAG1,go,20,1,False,False
SLC35G2,go,20,169,False,False
CEP70,go,20,47,False,False
PIK3CB,go,20,7,False,False
FOXL2,go,13,11,False,False
MRPS22,go,20,18,False,True
COPB2,go,20,35,False,True
ZBTB38,go,20,13,False,False
RASA2,go,20,9,False,False
ATP1B3,go,20,3,False,False
TFDP2,go,18,15,False,False
XRN1,go,20,7,False,False
ATR,go,20,1,False,True
PLS1,go,14,2,False,False
U2SURP,go,20,113,False,True
CHST2,go,20,5,False,False
DIPK2A,go,7,0,False,False
PLOD2,go,20,0,False,False
PLSCR1,go,20,4,False,False
HLTF,go,20,33,False,False
HPS3,go,20,5,False,False
RNF13,go,20,27,False,False
TSC22D2,go,15,1,False,False
SELENOT,go,20,2,False,False
MBNL1,go,20,24,False,False
DHX36,go,20,2,False,True
SLC33A1,go,20,4,False,False
SSR3,go,20,146,False,False
TIPARP,go,8,3,False,False
CCNL1,go,20,7,False,False
SHOX2,go,7,0,False,False
MLF1,go,20,1,False,False
MFSD1,go,20,10,False,False
IFT80,go,20,12,False,False
SMC4,go,20,14,False,True
TRIM59,go,20,23,False,False
KPNA4,go,20,21,False,False
PDCD10,go,20,6,False,False
GOLIM4,go,20,31,False,False
SEC62,go,20,6,False,False
PHC3,go,20,65,False,False
SKIL,go,20,2,False,False
RPL22L1,go,20,4,False,False
EIF5A2,go,20,4,False,False
TNIK,go,20,34,False,False
FNDC3B,go,20,34,False,False
TNFSF10,go,20,17,False,False
ECT2,go,20,7,False,False
TBL1XR1,go,20,4,False,False
ZMAT3,go,20,21,False,False
PIK3CA,go,20,6,False,False
GNB4,go,20,23,False,False
MRPL47,go,20,36,False,False
NDUFB5,go,19,33,False,False
TTC14,go,13,1,False,False
FXR1,go,20,7,False,False
ATP11B,go,20,9,False,False
DCUN1D1,go,20,11,False,False
B3GNT5,go,20,7,False,False
KLHL24,go,20,5,False,False
ABCC5,go,9,6,False,False
ALG3,go,20,42,False,False
EIF4G1,go,20,4,False,True
MAGEF1,go,20,3,False,False
VPS8,go,20,8,False,False
TMEM41A,go,20,64,False,False
LIPH,go,2,1,False,False
IGF2BP2,go,20,16,False,False
ETV5,go,13,100,False,False
DNAJB11,go,20,17,False,False
EIF4A2,go,20,20,False,False
RFC4,go,20,26,False,True
ST6GAL1,go,20,4,False,False
RPL39L,go,20,4,False,False
CCDC50,go,20,86,False,False
OPA1,go,20,2,False,True
HES1,go,3,0,False,False
ATP13A3,go,20,6,False,False
TMEM44-AS1,go,0,0,True,False
ACAP2,go,20,4,False,False
PPP1R2,go,20,5,False,False
TFRC,go,20,11,False,False
TCTEX1D2,go,20,9,False,False
UBXN7,go,20,32,False,False
RNF168,go,20,12,False,False
WDR53,go,0,0,True,False
FBXO45,go,20,0,False,False
CEP19,go,20,51,False,False
PAK2,go,20,14,False,False
NCBP2AS2,go,0,0,True,False
DLG1,go,7,2,False,False
AC024560.4,go,0,0,True,False
RUBCN,go,0,0,True,False
FYTTD1,go,20,28,False,False
LRCH3,go,20,134,False,False
RPL35A,go,20,38,False,True
LMLN,go,0,0,True,False
ZNF595,go,13,21,False,False
ZNF721,go,16,26,False,False
PIGG,go,20,15,False,False
ATP5ME,go,18,9,False,False
AC139887.2,go,0,0,True,False
GAK,go,20,5,False,False
TMEM175,go,20,5,False,False
FGFRL1,go,20,1,False,False
CTBP1-DT,go,0,0,True,False
SLBP,go,20,31,False,True
TACC3,go,20,11,False,False
NSD2,go,20,7,False,False
NELFA,go,20,8,False,True
C4orf48,go,20,10,False,False
MXD4,go,20,21,False,False
RNF4,go,20,9,False,False
FAM193A,go,0,0,True,False
TNIP2,go,20,2,False,False
SH3BP2,go,20,7,False,False
ADD1,go,20,44,False,False
MFSD10,go,20,0,False,False
NOP14,go,20,6,False,True
HTT,go,0,0,True,False
LYAR,go,20,25,False,False
STX18-AS1,go,0,0,True,False
MSX1,go,10,0,False,False
AC093323.1,go,0,0,True,False
KIAA0232,go,20,6,False,False
TADA2B,go,20,28,False,False
WDR1,go,18,3,False,False
ZNF518B,go,10,6,False,False
BOD1L1,go,20,1,False,False
FBXL5,go,20,20,False,False
FAM200B,go,0,0,True,False
TAPT1,go,20,0,False,False
NCAPG,go,20,10,False,False
LCORL,go,17,34,False,False
PACRGL,go,20,0,False,False
SEPSECS,go,20,34,False,False
SMIM20,go,20,33,False,False
STIM2,go,20,20,False,False
LINC02506,go,0,0,True,False
LINC02616,go,0,0,True,False
RELL1,go,0,0,True,False
KLF3,go,15,31,False,False
KLHL5,go,20,106,False,False
UGDH,go,20,2,False,False
SMIM14,go,20,151,False,False
N4BP2,go,20,18,False,False
RHOH,go,20,8,False,False
TMEM33,go,20,10,False,False
GUF1,go,20,5,False,False
GNPDA2,go,20,22,False,False
COMMD8,go,20,216,False,False
TEC,go,20,4,False,False
SLAIN2,go,20,18,False,False
FRYL,go,20,0,False,False
OCIAD1,go,20,8,False,False
DANCR,go,0,0,True,False
CHIC2,go,20,46,False,False
KIT,go,5,5,False,False
SRD5A3,go,20,1,False,False
CLOCK,go,16,8,False,False
EXOC1,go,20,9,False,False
AASDH,go,7,1,False,False
SRP72,go,20,4,False,True
REST,go,20,2,False,False
NOA1,go,20,9,False,False
CENPC,go,20,20,False,True
UBA6-AS1,go,0,0,True,False
YTHDC1,go,20,11,False,True
UTP3,go,20,41,False,True
RUFY3,go,20,5,False,False
MOB1B,go,20,31,False,False
COX18,go,17,4,False,False
ANKRD17,go,20,4,False,False
MTHFD2L,go,20,2,False,False
AREG,go,15,1,False,False
RCHY1,go,20,78,False,False
THAP6,go,17,17,False,False
G3BP2,go,20,8,False,False
USO1,go,20,14,False,False
SCARB2,go,20,16,False,False
CCNI,go,20,23,False,False
CNOT6L,go,20,11,False,False
MRPL1,go,20,8,False,False
ANXA3,go,19,2,False,False
AC112253.1,go,0,0,True,False
BMP2K,go,20,11,False,False
ANTXR2,go,20,46,False,False
HNRNPDL,go,20,17,False,False
SEC31A,go,20,20,False,False
THAP9-AS1,go,0,0,True,False
LIN54,go,19,20,False,True
HELQ,go,20,21,False,False
MRPS18C,go,20,13,False,False
ABRAXAS1,go,20,4,False,False
ARHGAP24,go,20,9,False,False
AC093827.4,go,0,0,True,False
AFF1,go,20,4,False,False
HSD17B11,go,20,4,False,False
PPM1K,go,18,49,False,False
PYURF,go,20,9,False,False
FAM13A,go,20,30,False,False
SMARCAD1,go,20,27,False,False
PDLIM5,go,20,7,False,False
LAMTOR3,go,20,10,False,False
DNAJB14,go,17,19,False,False
H2AFZ,go,20,14,False,False
PPP3CA,go,2,1,False,False
SLC39A8,go,3,1,False,False
NFKB1,go,20,9,False,False
MANBA,go,7,0,False,False
UBE2D3-AS1,go,0,0,True,False
CISD2,go,18,20,False,False
CENPE,go,20,18,False,True
TET2,go,20,2,False,False
TBCK,go,20,4,False,False
PAPSS1,go,18,7,False,False
HADH,go,20,4,False,False
LEF1,go,20,1,False,False
RPL34,go,20,48,False,True
OSTC,go,20,18,False,False
MCUB,go,20,5,False,False
PLA2G12A,go,20,5,False,False
GAR1,go,5,3,False,True
ELOVL6,go,20,4,False,False
ZGRF1,go,0,0,True,False
UGT8,go,20,1,False,False
SNHG8,go,0,0,True,False
METTL14,go,20,3,False,True
USP53,go,20,4,False,False
C4orf3,go,17,11,False,False
MAD2L1,go,20,16,False,True
ANXA5,go,20,23,False,False
EXOSC9,go,20,11,False,True
CCNA2,go,20,8,False,False
KIAA1109,go,20,3,False,False
FGF2,go,4,4,False,False
NUDT6,go,20,4,False,False
SPATA5,go,15,11,False,False
SPRY1,go,20,5,False,False
ANKRD50,go,0,0,True,False
INTU,go,20,5,False,False
HSPA4L,go,20,44,False,False
LARP1B,go,20,67,False,False
PGRMC2,go,20,6,False,False
SCLT1,go,20,2,False,False
C4orf33,go,20,127,False,False
SLC7A11,go,1,0,False,False
ELF2,go,19,50,False,False
NDUFC1,go,20,18,False,False
AC097376.3,go,0,0,True,False
SETD7,go,20,3,False,False
MGST2,go,20,13,False,False
ELMOD2,go,20,6,False,False
ZNF330,go,20,36,False,False
USP38,go,20,31,False,False
SMARCA5,go,20,6,False,False
GYPE,go,20,27,False,False
GYPB,go,20,81,False,False
GYPA,go,20,63,False,False
ABCE1,go,20,15,False,True
ZNF827,go,18,5,False,False
LSM6,go,20,15,False,True
SLC10A7,go,20,3,False,False
TMEM184C,go,20,0,False,False
PRMT9,go,0,0,True,False
LRBA,go,20,31,False,False
RPS3A,go,20,34,False,True
FBXW7,go,20,1,False,False
ARFIP1,go,20,10,False,False
MND1,go,20,4,False,False
TMEM131L,go,20,22,False,False
PLRG1,go,20,20,False,True
ETFDH,go,20,6,False,False
PPID,go,20,9,False,False
FNIP2,go,20,2,False,False
RAPGEF2,go,11,1,False,False
NAF1,go,20,3,False,False
MSMO1,go,20,55,False,False
NEK1,go,20,102,False,False
CLCN3,go,20,10,False,False
GALNT7,go,20,23,False,False
HMGB2,go,20,5,False,False
SAP30,go,20,20,False,False
FBXO8,go,20,4,False,False
CEP44,go,20,34,False,False
SPCS3,go,20,21,False,True
CDKN2AIP,go,20,6,False,False
ING2,go,20,18,False,False
TRAPPC11,go,20,15,False,False
IRF2,go,15,104,False,False
CASP3,go,9,4,False,False
PRIMPOL,go,20,0,False,False
CENPU,go,0,0,True,False
SLC25A4,go,18,4,False,False
CFAP97,go,0,0,True,False
UFSP2,go,20,9,False,False
FRG1,go,20,0,False,False
CCDC127,go,0,0,True,False
EXOC3-AS1,go,0,0,True,False
EXOC3,go,20,10,False,False
SLC12A7,go,14,1,False,False
MED10,go,20,26,False,True
MIR4458HG,go,0,0,True,False
CMBL,go,20,16,False,False
MARCH6,go,20,19,False,False
ANKRD33B,go,0,0,True,False
DAP,go,20,2,False,False
TRIO,go,0,0,True,False
ANKH,go,0,0,True,False
ZNF622,go,20,8,False,False
C5orf22,go,20,118,False,False
GOLPH3,go,20,2,False,False
AC025181.2,go,0,0,True,False
RAI14,go,20,13,False,False
BRIX1,go,20,27,False,True
DNAJC21,go,20,60,False,False
LMBRD2,go,20,59,False,False
NIPBL-DT,go,0,0,True,False
NIPBL,go,20,0,False,False
RICTOR,go,12,3,False,False
DAB2,go,15,1,False,False
TTC33,go,20,0,False,False
PRKAA1,go,20,3,False,False
RPL37,go,20,2,False,True
C5orf51,go,20,55,False,False
FBXO4,go,20,3,False,False
SELENOP,go,5,1,False,False
AC008875.3,go,0,0,True,False
AC025171.1,go,0,0,True,False
ANXA2R,go,20,3,False,False
AC025171.2,go,0,0,True,False
HMGCS1,go,20,10,False,True
TMEM267,go,20,67,False,False
C5orf34,go,0,0,True,False
NNT-AS1,go,0,0,True,False
PELO,go,20,0,False,True
NDUFS4,go,20,22,False,False
ARL15,go,20,52,False,False
IL6ST,go,4,2,False,False
MAP3K1,go,20,78,False,False
MIER3,go,20,12,False,False
GPBP1,go,20,33,False,False
ZSWIM6,go,0,0,True,False
KIF2A,go,20,42,False,False
SREK1IP1,go,20,14,False,False
PPWD1,go,20,3,False,False
TRIM23,go,20,29,False,False
TRAPPC13,go,20,7,False,False
SGTB,go,20,4,False,False
ERBIN,go,20,1,False,False
SREK1,go,20,65,False,False
MAST4,go,20,26,False,False
PIK3R1,go,11,4,False,False
CCNB1,go,20,20,False,False
CCDC125,go,20,18,False,False
TAF9,go,20,19,False,False
SMN1,go,0,0,True,False
NAIP,go,0,0,True,False
BDP1,go,20,9,False,True
MAP1B,go,10,2,False,False
TNPO1,go,20,63,False,False
FCHO2,go,0,0,True,False
HEXB,go,16,3,False,False
GFM2,go,20,15,False,False
HMGCR,go,20,6,False,False
CERT1,go,20,2,False,False
POLK,go,20,2,False,False
IQGAP2,go,20,15,False,False
F2R,go,2,1,False,False
TBCA,go,20,6,False,False
AP3B1,go,10,2,False,False
SCAMP1-AS1,go,0,0,True,False
SCAMP1,go,20,9,False,False
JMY,go,20,2,False,False
TENT2,go,20,2,False,False
ZFYVE16,go,18,17,False,False
DHFR,go,5,2,False,False
CKMT2-AS1,go,0,0,True,False
SSBP2,go,20,20,False,False
RPS23,go,20,15,False,True
RASA1,go,16,1,False,False
TMEM161B,go,16,14,False,False
TMEM161B-AS1,go,0,0,True,False
MEF2C,go,20,0,False,False
LYSMD3,go,20,46,False,False
ARRDC3,go,20,3,False,False
TTC37,go,20,126,False,False
RFESD,go,15,22,False,False
RHOBTB3,go,20,23,False,False
GLRX,go,20,1,False,False
ELL2,go,20,10,False,False
CAST,go,8,1,False,False
LNPEP,go,16,6,False,False
PAM,go,20,0,False,False
GIN1,go,0,0,True,False
PPIP5K2,go,12,4,False,False
FER,go,0,0,True,False
PJA2,go,20,2,False,False
MAN2A1,go,20,6,False,False
SLC25A46,go,20,1,False,False
STARD4,go,20,5,False,False
EPB41L4A-AS1,go,0,0,True,False
APC,go,2,0,False,False
DCP2,go,20,5,False,False
YTHDC2,go,20,0,False,False
PGGT1B,go,20,2,False,False
TMED7,go,20,38,False,False
ATG12,go,20,11,False,False
COMMD10,go,20,151,False,False
DMXL1,go,1,1,False,False
TNFAIP8,go,20,21,False,False
HSD17B4,go,14,4,False,False
SRFBP1,go,20,5,False,True
SNX2,go,19,15,False,False
PPIC,go,20,24,False,False
CEP120,go,20,2,False,False
CSNK1G3,go,20,20,False,False
PHAX,go,20,1,False,True
LMNB1,go,20,5,False,False
LINC01184,go,0,0,True,False
CDC42SE2,go,20,14,False,False
RAPGEF6,go,20,19,False,False
FNIP1,go,20,3,False,False
IRF1,go,15,10,False,False
RAD50,go,20,13,False,False
UQCRQ,go,20,2,False,True
AFF4,go,20,4,False,False
ZCCHC10,go,20,20,False,False
HSPA4,go,20,58,False,False
C5orf15,go,20,58,False,False
VDAC1,go,20,1,False,False
TCF7,go,20,1,False,False
UBE2B,go,20,10,False,False
SAR1B,go,20,8,False,False
SEC24A,go,20,10,False,False
CAMLG,go,20,8,False,False
DDX46,go,20,33,False,True
PITX1,go,11,17,False,False
SMAD5,go,20,6,False,False
AC106791.1,go,0,0,True,False
FAM13B,go,20,29,False,False
BRD8,go,20,16,False,True
KIF20A,go,20,27,False,True
CDC25C,go,20,18,False,False
FAM53C,go,20,48,False,False
EGR1,go,15,13,False,False
ETF1,go,20,2,False,True
CTNNA1,go,20,6,False,False
SIL1,go,20,19,False,False
SNHG4,go,0,0,True,False
MATR3,go,20,4,False,False
PAIP2,go,20,3,False,False
PURA,go,14,1,False,False
CYSTM1,go,20,127,False,False
PFDN1,go,20,12,False,False
ANKHD1,go,20,78,False,False
SRA1,go,1,0,False,False
EIF4EBP3,go,0,0,True,False
NDUFA2,go,20,18,False,True
IK,go,7,1,False,True
TAF7,go,20,14,False,True
DIAPH1,go,20,11,False,False
RNF14,go,20,37,False,False
NDFIP1,go,20,1,False,False
NR3C1,go,20,13,False,False
YIPF5,go,20,26,False,False
LARS,go,20,8,False,True
FBXO38,go,20,12,False,False
CSNK1A1,go,20,29,False,True
RPS14,go,20,10,False,True
RBM22,go,20,5,False,False
DCTN4,go,20,21,False,False
TNIP1,go,20,2,False,False
ANXA6,go,20,5,False,False
CCDC69,go,20,10,False,False
GM2A,go,20,7,False,False
ATOX1,go,20,1,False,False
FAM114A2,go,20,0,False,False
GALNT10,go,20,24,False,False
CNOT8,go,20,11,False,False
MRPL22,go,20,14,False,True
MED7,go,20,22,False,True
RNF145,go,20,25,False,False
PWWP2A,go,20,2,False,False
SLU7,go,20,13,False,True
PTTG1,go,20,7,False,False
CCNG1,go,20,22,False,False
HMMR,go,20,50,False,False
RARS,go,20,67,False,True
PANK3,go,20,10,False,False
SPDL1,go,20,9,False,False
DOCK2,go,20,19,False,False
LCP2,go,20,2,False,False
NPM1,go,20,3,False,False
FBXW11,go,20,3,False,False
STK10,go,0,0,True,False
RPL26L1,go,20,4,False,False
ATP6V0E1,go,20,22,False,False
CREBRF,go,0,0,True,False
CPEB4,go,20,4,False,False
AC139493.2,go,0,0,True,False
KIAA1191,go,20,70,False,False
NOP16,go,20,26,False,True
RNF44,go,18,43,False,False
UIMC1,go,20,9,False,False
ZNF346,go,20,90,False,False
NSD1,go,20,8,False,False
PDLIM7,go,20,14,False,False
DOK3,go,20,29,False,False
FAM193B,go,20,222,False,False
TMED9,go,20,42,False,False
FAM153CP,go,0,0,True,False
NHP2,go,20,4,False,False
HNRNPAB,go,20,1,False,False
PHYKPL,go,20,11,False,False
CLK4,go,20,88,False,False
HNRNPH1,go,20,51,False,True
CANX,go,20,8,False,False
MAML1,go,20,0,False,False
SQSTM1,go,20,0,False,False
MRNIP,go,20,20,False,False
RNF130,go,20,32,False,False
MAPK9,go,20,24,False,False
CNOT6,go,20,13,False,False
MGAT1,go,20,3,False,False
HEIH,go,0,0,True,False
ZFP62,go,16,27,False,False
TRIM41,go,20,8,False,False
RACK1,go,20,3,False,False
AC008443.1,go,0,0,True,False
TRIM52,go,0,0,True,False
DUSP22,go,20,2,False,False
EXOC2,go,20,12,False,False
FOXC1,go,19,6,False,False
SERPINB1,go,20,29,False,False
SERPINB9,go,20,32,False,False
SERPINB6,go,20,19,False,False
NQO2,go,20,5,False,False
BPHL,go,20,2,False,False
TUBB2A,go,20,24,False,False
TUBB2B,go,20,13,False,False
PSMG4,go,8,1,False,True
SLC22A23,go,20,14,False,False
PRPF4B,go,20,26,False,True
ECI2,go,20,32,False,False
CDYL,go,20,7,False,False
SNRNP48,go,20,51,False,True
SLC35B3,go,8,2,False,False
TFAP2A,go,18,26,False,False
TFAP2A-AS2,go,0,0,True,False
C6orf52,go,0,0,True,False
PAK1IP1,go,20,2,False,False
TMEM14B,go,20,2,False,False
SYCP2L,go,20,1,False,False
HIVEP1,go,17,63,False,False
PHACTR1,go,20,3,False,False
TBC1D7,go,20,10,False,False
NOL7,go,20,67,False,False
RANBP9,go,20,19,False,False
JARID2,go,20,1,False,False
DTNBP1,go,18,4,False,False
MYLIP,go,20,15,False,False
GMPR,go,20,4,False,False
FAM8A1,go,20,6,False,False
NUP153,go,20,15,False,False
KIF13A,go,20,17,False,False
TPMT,go,20,2,False,False
KDM1B,go,20,5,False,False
MBOAT1,go,19,3,False,False
CDKAL1,go,19,38,False,False
SOX4,go,12,1,False,False
C6orf62,go,0,0,True,False
GMNN,go,20,11,False,False
CARMIL1,go,20,6,False,False
TRIM38,go,20,13,False,False
HIST1H3B,go,0,0,True,False
HIST1H1C,go,20,5,False,False
HIST1H4C,go,19,13,False,False
HIST1H2BC,go,19,33,False,False
HIST1H2AC,go,17,48,False,False
HIST1H1E,go,20,5,False,False
HIST1H2BD,go,18,92,False,False
HIST1H3D,go,0,0,True,False
HIST1H4E,go,19,10,False,False
HIST1H2BG,go,19,31,False,False
HIST1H2AE,go,18,22,False,False
HIST1H1D,go,20,4,False,False
HIST1H2BH,go,17,36,False,False
HIST1H4H,go,19,10,False,False
BTN3A2,go,20,27,False,False
BTN2A1,go,20,11,False,False
HCG11,go,0,0,True,False
HMGN4,go,20,24,False,False
AL590062.1,go,0,0,True,False
HIST1H2BJ,go,16,11,False,False
HIST1H2AG,go,17,36,False,False
HIST1H2BK,go,19,12,False,False
HIST1H2AH,go,14,22,False,False
HIST1H3H,go,18,24,False,False
HIST1H2BN,go,18,41,False,False
HIST1H1B,go,20,9,False,False
ZSCAN16-AS1,go,0,0,True,False
ZKSCAN8,go,13,61,False,False
ZSCAN9,go,9,13,False,False
ZKSCAN4,go,14,23,False,False
PGBD1,go,11,2,False,False
ZKSCAN3,go,20,50,False,False
ZSCAN12,go,14,0,False,False
TRIM26,go,20,41,False,False
HCG18,go,0,0,True,False
HLA-E,go,6,3,False,False
GNL1,go,20,6,False,False
PPP1R10,go,20,13,False,False
PPP1R18,go,20,23,False,False
MDC1,go,20,21,False,False
TUBB,go,20,14,False,False
FLOT1,go,7,2,False,False
IER3,go,20,35,False,False
TCF19,go,16,48,False,False
AL662844.4,go,0,0,True,False
HLA-C,go,20,22,False,False
MICA,go,20,9,False,False
MICB,go,20,4,False,False
LTB,go,20,5,False,False
LST1,go,19,1,False,False
AIF1,go,8,1,False,False
C6orf47,go,20,111,False,False
GPANK1,go,20,11,False,False
LY6G5B,go,0,0,True,False
ABHD16A,go,20,1,False,False
MPIG6B,go,20,11,False,False
DDAH2,go,20,2,False,False
CLIC1,go,20,13,False,False
HSPA1A,go,0,0,True,False
HSPA1B,go,20,16,False,False
SNHG32,go,0,0,True,False
NEU1,go,20,8,False,False
EHMT2,go,20,2,False,False
SKIV2L,go,20,12,False,False
DXO,go,20,0,False,False
STK19,go,20,23,False,False
ATF6B,go,16,15,False,False
EGFL8,go,20,24,False,False
RNF5,go,20,9,False,False
GPSM3,go,20,9,False,False
BRD2,go,20,20,False,False
RXRB,go,9,20,False,False
RING1,go,20,11,False,False
RPS18,go,20,56,False,True
RGL2,go,20,13,False,False
TAPBP,go,20,1,False,False
KIFC1,go,20,19,False,False
PHF1,go,20,31,False,False
HMGA1,go,20,12,False,False
SMIM29,go,20,49,False,False
ILRUN,go,20,5,False,False
UHRF1BP1,go,19,16,False,False
ZNF76,go,12,34,False,False
RPL10A,go,20,76,False,True
SRSF3,go,20,23,False,True
C6orf89,go,20,13,False,False
MTCH1,go,16,30,False,False
PIM1,go,20,1,False,False
TBC1D22B,go,20,12,False,False
ZFAND3,go,19,22,False,False
GLO1,go,20,33,False,False
KCNK5,go,20,3,False,False
OARD1,go,20,1,False,False
NFYA,go,19,44,False,False
FOXP4,go,8,52,False,False
USP49,go,20,20,False,False
MED20,go,20,27,False,True
CCND3,go,20,19,False,False
TAF8,go,20,15,False,True
MRPS10,go,20,33,False,True
TBCC,go,20,13,False,False
CNPY3,go,20,12,False,False
PEX6,go,20,13,False,False
PTK7,go,20,3,False,False
SRF,go,13,0,False,False
DNPH1,go,20,21,False,False
ZNF318,go,20,6,False,False
ABCC10,go,20,10,False,False
TJAP1,go,20,28,False,False
YIPF3,go,20,51,False,False
POLH,go,20,15,False,False
GTPBP2,go,20,9,False,False
MAD2L1BP,go,20,39,False,False
VEGFA,go,3,3,False,False
TMEM63B,go,19,2,False,False
SLC29A1,go,7,6,False,False
HSP90AB1,go,20,7,False,False
RUNX2,go,18,6,False,False
CD2AP,go,20,7,False,False
MMUT,go,20,9,False,False
CENPQ,go,20,18,False,False
RHAG,go,20,1,False,False
TFAP2B,go,18,7,False,False
MCM3,go,20,17,False,True
EFHC1,go,0,0,True,False
ICK,go,20,73,False,False
DST,go,20,6,False,False
BEND6,go,15,5,False,False
KIAA1586,go,2,0,False,False
ZNF451,go,20,4,False,False
RAB23,go,20,17,False,False
AL021368.2,go,0,0,True,False
PHF3,go,20,25,False,False
AL713998.1,go,0,0,True,False
LMBRD1,go,20,3,False,False
FAM135A,go,1,1,False,False
SMAP1,go,20,6,False,False
KHDC1,go,18,11,False,False
AC019205.1,go,0,0,True,False
MTO1,go,20,1,False,False
TMEM30A,go,20,4,False,False
SENP6,go,20,11,False,False
MYO6,go,20,24,False,False
HMGN3,go,20,65,False,False
TTK,go,20,11,False,True
IBTK,go,20,3,False,False
DOP1A,go,0,0,True,False
ME1,go,0,0,True,False
CYB5R4,go,10,0,False,False
MRAP2,go,20,2,False,False
CEP162,go,0,0,True,False
SNX14,go,20,18,False,False
SYNCRIP,go,20,8,False,False
SNHG5,go,0,0,True,False
ZNF292,go,16,23,False,False
RARS2,go,20,33,False,True
AKIRIN2,go,20,7,False,True
RNGTT,go,20,1,False,True
PNRC1,go,20,79,False,False
RRAGD,go,20,15,False,False
LYRM2,go,20,0,False,False
MDN1,go,20,64,False,True
CASP8AP2,go,20,7,False,True
MANEA,go,20,34,False,False
UFL1,go,20,2,False,True
MMS22L,go,20,6,False,True
POU3F2,go,17,2,False,False
FBXL4,go,20,17,False,False
PNISR,go,20,18,False,True
TSTD3,go,0,0,True,False
ASCC3,go,20,37,False,False
LIN28B,go,20,6,False,False
POPDC3,go,20,1,False,False
CRYBG1,go,10,4,False,False
SEC63,go,20,7,False,False
OSTM1,go,20,7,False,False
FOXO3,go,20,7,False,False
SESN1,go,20,8,False,False
CD164,go,20,17,False,False
WASF1,go,20,6,False,False
CDC40,go,20,44,False,True
CDK19,go,20,6,False,False
GTF3C6,go,20,7,False,False
RPF2,go,20,18,False,True
MFSD4B,go,20,1,False,False
REV3L,go,20,22,False,False
TRAF3IP2-AS1,go,0,0,True,False
FYN,go,14,5,False,False
FAM229B,go,20,70,False,False
HDAC2,go,20,6,False,False
TSPYL4,go,20,31,False,False
TSPYL1,go,20,25,False,False
KPNA5,go,20,29,False,False
GOPC,go,20,10,False,False
NUS1,go,20,1,False,False
CEP85L,go,20,8,False,False
MCM9,go,20,7,False,False
ASF1A,go,20,27,False,False
FAM184A,go,20,25,False,False
MAN1A1,go,20,16,False,False
SERINC1,go,20,15,False,False
PKIB,go,20,1,False,False
RNF217,go,20,33,False,False
TPD52L1,go,20,9,False,False
NCOA7,go,18,2,False,False
HINT3,go,20,18,False,False
RNF146,go,20,75,False,False
ARHGAP18,go,20,13,False,False
EPB41L2,go,20,27,False,False
MED23,go,20,23,False,False
STX7,go,20,22,False,False
RPS12,go,20,30,False,True
SGK1,go,20,14,False,False
HBS1L,go,20,35,False,True
MYB,go,20,18,False,False
BCLAF1,go,20,14,False,False
IFNGR1,go,20,7,False,False
CCDC28A,go,20,102,False,False
REPS1,go,20,42,False,False
ABRACL,go,0,0,True,False
CITED2,go,20,0,False,False
AL035446.1,go,0,0,True,False
PHACTR2,go,20,10,False,False
PLAGL1,go,17,14,False,False
SF3B5,go,20,21,False,True
FBXO30,go,0,0,True,False
SHPRH,go,20,16,False,False
RAB32,go,20,14,False,False
STXBP5,go,20,3,False,False
TAB2,go,20,8,False,False
PPIL4,go,20,47,False,True
KATNA1,go,20,30,False,False
LATS1,go,20,3,False,False
RMND1,go,20,20,False,False
ARMT1,go,0,0,True,False
LINC02840,go,0,0,True,False
FBXO5,go,20,1,False,True
MTRF1L,go,13,18,False,False
SCAF8,go,20,7,False,False
ARID1B,go,20,9,False,False
TMEM242,go,20,24,False,False
SYNJ2,go,20,9,False,False
TULP4,go,20,41,False,False
DYNLT1,go,20,3,False,False
EZR,go,20,6,False,False
SOD2,go,1,1,False,False
WTAP,go,20,30,False,False
ACAT2,go,20,3,False,False
TCP1,go,20,8,False,True
IGF2R,go,20,6,False,False
AGPAT4,go,20,18,False,False
SFT2D1,go,20,17,False,False
RNASET2,go,20,20,False,False
WDR27,go,20,46,False,False
C6orf120,go,20,14,False,False
PHF10,go,20,10,False,False
TCTE3,go,0,0,True,False
FAM120B,go,20,12,False,False
SUN1,go,20,1,False,False
COX19,go,16,42,False,False
C7orf50,go,20,41,False,False
ZFAND2A,go,20,12,False,False
MAD1L1,go,20,7,False,False
NUDT1,go,20,6,False,False
CHST12,go,20,4,False,False
IQCE,go,19,0,False,False
GNA12,go,0,0,True,False
FOXK1,go,16,39,False,False
AP5Z1,go,20,7,False,False
RBAK,go,14,49,False,False
WIPI2,go,20,12,False,False
TNRC18,go,20,12,False,False
FBXL18,go,0,0,True,False
ACTB,go,20,10,False,True
FSCN1,go,20,24,False,False
RNF216,go,20,21,False,False
CCZ1,go,20,22,False,False
EIF2AK1,go,20,2,False,False
ZDHHC4,go,20,95,False,False
ZNF316,go,0,0,True,False
ZNF12,go,11,34,False,False
RPA3,go,20,11,False,True
UMAD1,go,0,0,True,False
ICA1,go,20,10,False,False
TMEM106B,go,20,13,False,False
ARL4A,go,20,125,False,False
BZW2,go,20,41,False,False
TSPAN13,go,20,11,False,False
SNX13,go,20,4,False,False
TOMM7,go,18,12,False,False
SNHG26,go,0,0,True,False
FAM126A,go,20,25,False,False
TRA2A,go,20,59,False,False
OSBPL3,go,20,12,False,False
CYCS,go,20,14,False,True
NFE2L3,go,12,19,False,False
SNX10,go,19,0,False,False
SKAP2,go,20,100,False,False
HOTAIRM1,go,0,0,True,False
TAX1BP1,go,20,33,False,False
CPVL,go,20,8,False,False
WIPF3,go,20,8,False,False
PLEKHA8,go,20,3,False,False
GARS-DT,go,0,0,True,False
GARS,go,20,25,False,True
AVL9,go,19,9,False,False
KBTBD2,go,2,1,False,False
NT5C3A,go,20,6,False,False
RP9,go,20,17,False,False
HERPUD2,go,20,6,False,False
AC018647.2,go,0,0,True,False
SEPTIN7,go,20,4,False,False
ANLN,go,20,0,False,False
STARD3NL,go,20,38,False,False
VPS41,go,20,8,False,False
RALA,go,20,8,False,False
CDK13,go,20,6,False,False
STK17A,go,20,22,False,False
BLVRA,go,20,10,False,False
MRPS24,go,20,17,False,True
AC004951.1,go,0,0,True,False
DBNL,go,20,16,False,False
POLM,go,18,33,False,False
AEBP1,go,14,17,False,False
YKT6,go,20,7,False,False
H2AFV,go,13,19,False,False
PURB,go,14,5,False,False
SNHG15,go,0,0,True,False
CCM2,go,17,0,False,False
HUS1,go,20,14,False,False
IKZF1,go,15,13,False,False
COBL,go,16,1,False,False
SEC61G,go,19,9,False,True
PSPH,go,19,4,False,False
SUMF2,go,20,48,False,False
ZNF736,go,17,17,False,False
ZNF680,go,17,18,False,False
ZNF107,go,15,48,False,False
ZNF138,go,15,40,False,False
ZNF273,go,15,40,False,False
ZNF117,go,19,16,False,False
ERV3-1,go,0,0,True,False
ZNF92,go,15,16,False,False
CRCP,go,20,10,False,False
LINC00174,go,0,0,True,False
AC008267.5,go,0,0,True,False
RABGEF1,go,20,1,False,False
AC027644.3,go,0,0,True,False
SBDS,go,20,11,False,False
BAZ1B,go,20,3,False,False
RFC2,go,20,30,False,True
GTF2I,go,16,13,False,False
TRIM73,go,0,0,True,False
HIP1,go,0,0,True,False
RHBDD2,go,20,4,False,False
TMEM120A,go,20,10,False,False
STYXL1,go,17,0,False,False
MDH2,go,20,3,False,False
HSPB1,go,20,3,False,False
PTPN12,go,20,14,False,False
APTR,go,0,0,True,False
RSBN1L,go,19,21,False,False
TMEM60,go,20,55,False,False
PHTF2,go,20,26,False,False
KIAA1324L,go,19,5,False,False
DMTF1,go,19,18,False,False
TMEM243,go,20,69,False,False
SLC25A40,go,0,0,True,False
DBF4,go,20,5,False,False
AKAP9,go,7,0,False,False
CYP51A1,go,20,7,False,False
ANKIB1,go,20,30,False,False
GATAD1,go,20,14,False,False
PEX1,go,13,10,False,False
RBM48,go,20,90,False,True
CDK6,go,20,2,False,False
VPS50,go,0,0,True,False
BET1,go,20,28,False,False
CASD1,go,0,0,True,False
SEM1,go,0,0,True,False
SDHAF3,go,0,0,True,False
LMTK2,go,0,0,True,False
BRI3,go,20,37,False,False
TRRAP,go,20,34,False,True
SMURF1,go,20,6,False,False
ARPC1B,go,20,16,False,False
BUD31,go,20,9,False,True
ATP5MF,go,11,10,False,False
ZNF789,go,13,44,False,False
ZNF394,go,13,45,False,False
ZKSCAN5,go,15,22,False,False
FAM200A,go,0,0,True,False
ZNF655,go,13,15,False,False
ZSCAN25,go,13,0,False,False
CYP3A5,go,7,2,False,False
ZKSCAN1,go,13,61,False,False
MCM7,go,20,22,False,False
AP4M1,go,20,5,False,False
TAF6,go,20,22,False,True
PPP1R35,go,20,10,False,False
TSC22D4,go,15,13,False,False
LRCH4,go,20,5,False,False
GIGYF1,go,20,40,False,False
TRIM56,go,20,17,False,False
AP1S1,go,20,16,False,False
VGF,go,3,2,False,False
CLDN15,go,20,8,False,False
CUX1,go,20,10,False,False
ORAI2,go,20,25,False,False
POLR2J,go,0,0,True,False
POLR2J3,go,20,10,False,False
NAPEPLD,go,20,0,False,False
DNAJC2,go,20,14,False,False
RELN,go,0,0,True,False
KMT2E-AS1,go,0,0,True,False
KMT2E,go,20,6,False,False
SRPK2,go,20,22,False,False
PUS7,go,20,3,False,False
CCDC71L,go,3,1,False,False
PIK3CG,go,20,5,False,False
PRKAR2B,go,20,5,False,False
HBP1,go,9,15,False,False
AC002467.1,go,0,0,True,False
CBLL1,go,20,28,False,True
LAMB1,go,20,8,False,False
PNPLA8,go,20,2,False,False
THAP5,go,20,12,False,False
DNAJB9,go,20,18,False,False
ZNF277,go,12,5,False,False
IFRD1,go,20,10,False,False
TMEM168,go,20,0,False,False
SMIM30,go,0,0,True,False
TES,go,20,50,False,False
ST7,go,20,4,False,False
LINC02476,go,0,0,True,False
CPED1,go,20,4,False,False
FAM3C,go,20,48,False,False
WASL,go,20,5,False,False
AC006333.2,go,0,0,True,False
ZNF800,go,17,30,False,False
GCC1,go,20,59,False,False
SND1-IT1,go,0,0,True,False
CALU,go,20,57,False,False
CCDC136,go,20,0,False,False
FLNC,go,20,44,False,False
ATP6V1F,go,20,14,False,False
UBE2H,go,20,28,False,False
KLHDC10,go,20,11,False,False
TMEM209,go,16,33,False,False
MEST,go,20,67,False,False
MKLN1,go,20,16,False,False
CHCHD3,go,20,5,False,False
EXOC4,go,20,8,False,False
BPGM,go,20,7,False,False
CNOT4,go,20,39,False,False
MTPN,go,20,0,False,False
CREB3L2,go,18,2,False,False
TRIM24,go,20,1,False,False
ZC3HAV1,go,20,20,False,False
TTC26,go,20,13,False,False
UBN2,go,20,13,False,False
FMC1,go,20,12,False,False
CLEC2L,go,20,38,False,False
HIPK2,go,20,5,False,False
KDM7A,go,0,0,True,False
SLC37A3,go,5,2,False,False
MKRN1,go,20,72,False,False
NDUFB2,go,20,18,False,False
BRAF,go,20,12,False,False
MRPS33,go,20,25,False,False
DENND11,go,0,0,True,False
SSBP1,go,20,13,False,True
KEL,go,20,10,False,False
GSTK1,go,20,35,False,False
CASP2,go,20,19,False,False
ZYX,go,20,28,False,False
TCAF1,go,0,0,True,False
EZH2,go,20,2,False,False
PDIA4,go,20,21,False,False
ZNF212,go,18,12,False,False
KRBA1,go,0,0,True,False
ZNF467,go,13,40,False,False
ZBED6CL,go,0,0,True,False
LRRC61,go,20,266,False,False
KCNH2,go,3,1,False,False
CDK5,go,17,2,False,False
FASTK,go,20,6,False,False
TMUB1,go,20,3,False,False
NUB1,go,20,8,False,False
KMT2C,go,20,19,False,False
LINC01003,go,0,0,True,False
XRCC2,go,20,5,False,False
PAXIP1,go,20,0,False,False
PAXIP1-AS1,go,0,0,True,False
INSIG1,go,20,1,False,False
AC009403.1,go,0,0,True,False
RBM33,go,20,8,False,False
LINC01006,go,0,0,True,False
LMBR1,go,20,20,False,False
MNX1,go,13,6,False,False
DNAJB6,go,20,7,False,False
NCAPG2,go,20,5,False,False
WDR60,go,20,15,False,False
LINC00689,go,0,0,True,False
FBXO25,go,20,13,False,False
CLN8,go,15,1,False,False
AC100810.1,go,0,0,True,False
ARHGEF10,go,20,6,False,False
AC246817.2,go,0,0,True,False
AC246817.1,go,0,0,True,False
AC016065.1,go,0,0,True,False
MFHAS1,go,20,1,False,False
TNKS,go,20,2,False,False
MTMR9,go,20,9,False,False
FDFT1,go,20,30,False,False
CTSB,go,20,11,False,False
TUSC3,go,20,5,False,False
VPS37A,go,20,18,False,False
ASAH1,go,20,6,False,False
ATP6V1B2,go,20,26,False,True
DOK2,go,20,29,False,False
FAM160B2,go,0,0,True,False
SLC39A14,go,11,5,False,False
PDLIM2,go,17,6,False,False
BIN3,go,20,0,False,False
TNFRSF10B,go,20,3,False,False
ENTPD4,go,20,1,False,False
SLC25A37,go,20,30,False,False
CDCA2,go,20,12,False,False
PPP2R2A,go,20,12,False,False
BNIP3L,go,20,12,False,False
DPYSL2,go,20,22,False,False
EPHX2,go,19,1,False,False
CLU,go,16,8,False,False
ESCO2,go,20,1,False,False
PBK,go,20,7,False,False
EXTL3,go,20,38,False,False
HMBOX1,go,20,29,False,False
KIF13B,go,0,0,True,False
SARAF,go,0,0,True,False
WRN,go,20,11,False,False
FUT10,go,20,1,False,False
BRF2,go,20,2,False,False
RAB11FIP1,go,20,6,False,False
EIF4EBP1,go,20,5,False,False
ASH2L,go,20,15,False,False
STAR,go,16,1,False,False
DDHD2,go,20,2,False,False
FGFR1,go,20,10,False,False
TACC1,go,20,5,False,False
ADAM9,go,15,8,False,False
GOLGA7,go,20,1,False,False
GINS4,go,20,9,False,True
KAT6A,go,20,15,False,False
IKBKB,go,20,12,False,False
SMIM19,go,20,83,False,False
THAP1,go,20,16,False,True
RNF170,go,20,62,False,False
CEBPD,go,17,29,False,False
PRKDC,go,20,5,False,False
MCM4,go,20,21,False,True
PCMTD1,go,20,22,False,False
RB1CC1,go,20,7,False,False
ATP6V1H,go,20,17,False,False
RGS20,go,20,22,False,False
TCEA1,go,20,43,False,False
RPS20,go,20,27,False,True
IMPAD1,go,20,1,False,False
SDCBP,go,20,7,False,False
NSMAF,go,20,39,False,False
CA8,go,20,5,False,False
CHD7,go,20,4,False,False
YTHDF3,go,20,9,False,False
VCPIP1,go,20,2,False,False
SGK3,go,20,14,False,False
SNHG6,go,0,0,True,False
COPS5,go,20,3,False,True
CSPP1,go,20,27,False,False
NCOA2,go,20,10,False,False
TRAM1,go,20,10,False,False
TERF1,go,20,4,False,False
RPL7,go,20,31,False,True
RDH10,go,18,2,False,False
UBE2W,go,20,13,False,False
TMEM70,go,20,11,False,False
GDAP1,go,0,0,True,False
CRISPLD1,go,0,0,True,False
PEX2,go,20,12,False,False
ZBTB10,go,14,20,False,False
FABP5,go,20,3,False,False
IMPA1,go,20,4,False,False
ZFAND1,go,20,5,False,False
CHMP4C,go,0,0,True,False
LRRCC1,go,20,17,False,False
RBIS,go,20,20,False,False
CPNE3,go,20,36,False,False
AF117829.1,go,0,0,True,False
DECR1,go,20,24,False,False
PIP4P2,go,20,27,False,False
OTUD6B-AS1,go,0,0,True,False
RBM12B,go,20,28,False,False
VIRMA,go,20,60,False,False
INTS8,go,20,8,False,True
CCNE2,go,20,29,False,False
PLEKHF2,go,20,13,False,False
UQCRB,go,20,5,False,True
CPQ,go,20,14,False,False
TSPYL5,go,20,9,False,False
LAPTM4B,go,20,13,False,False
RIDA,go,20,4,False,False
VPS13B,go,20,3,False,False
COX6C,go,20,40,False,False
POLR2K,go,20,34,False,False
RNF19A,go,20,15,False,False
ANKRD46,go,20,58,False,False
RRM2B,go,20,2,False,False
UBR5,go,20,7,False,False
KLF10,go,18,11,False,False
AZIN1,go,20,11,False,False
LRP12,go,20,8,False,False
ZFPM2,go,20,11,False,False
OXR1,go,4,0,False,False
ANGPT1,go,7,3,False,False
EIF3E,go,20,22,False,True
EIF3H,go,20,17,False,True
UTP23,go,20,5,False,True
RAD21,go,20,9,False,True
MED30,go,20,27,False,True
TAF2,go,20,19,False,True
MTBP,go,8,0,False,True
FAM83A,go,20,20,False,False
ZHX1,go,15,72,False,False
ATAD2,go,20,84,False,False
FAM91A1,go,20,8,False,False
TMEM65,go,20,30,False,False
RNF139,go,20,8,False,False
TATDN1,go,20,6,False,False
SQLE,go,20,11,False,False
AC016074.2,go,0,0,True,False
MYC,go,17,1,False,False
PVT1,go,0,0,True,False
FAM49B,go,20,0,False,False
PHF20L1,go,13,3,False,False
TRAPPC9,go,0,0,True,False
PTP4A3,go,14,8,False,False
LY6E,go,20,0,False,False
GLI4,go,15,43,False,False
MINCR,go,0,0,True,False
ZNF696,go,10,13,False,False
ZC3H3,go,15,0,False,False
NAPRT,go,0,0,True,False
EEF1D,go,20,12,False,False
ZNF623,go,13,20,False,False
PLEC,go,13,1,False,False
GRINA,go,20,25,False,False
CYC1,go,20,13,False,False
SHARPIN,go,20,5,False,False
BOP1,go,20,11,False,True
VPS28,go,20,27,False,True
CYHR1,go,20,86,False,False
MFSD3,go,20,5,False,False
LRRC14,go,20,6,False,False
C8orf33,go,20,109,False,False
CBWD1,go,20,110,False,False
DOCK8,go,20,6,False,False
SMARCA2,go,20,22,False,False
RANBP6,go,20,18,False,False
UHRF2,go,20,10,False,False
PSIP1,go,20,9,False,False
RRAGA,go,20,13,False,False
PLIN2,go,20,5,False,False
DENND4C,go,20,12,False,False
RPS6,go,20,8,False,True
MLLT3,go,20,4,False,False
MOB3B,go,20,21,False,False
ACO1,go,20,6,False,False
TOPORS,go,20,1,False,False
SMIM27,go,0,0,True,False
NDUFB6,go,20,25,False,False
APTX,go,20,8,False,False
DNAJA1,go,20,19,False,False
SMU1,go,20,18,False,True
B4GALT1,go,10,0,False,False
BAG1,go,20,76,False,False
CHMP5,go,20,10,False,False
NFX1,go,18,16,False,False
UBAP2,go,20,40,False,False
DCAF12,go,19,15,False,False
UBAP1,go,20,60,False,True
RPP25L,go,20,27,False,False
DCTN3,go,20,11,False,False
VCP,go,20,1,False,False
STOML2,go,2,0,False,False
CCDC107,go,20,144,False,False
TLN1,go,20,25,False,False
CREB3,go,15,8,False,False
GBA2,go,4,0,False,False
RGP1,go,20,33,False,False
HINT2,go,16,2,False,False
CLTA,go,20,5,False,False
EBLN3P,go,0,0,True,False
ZCCHC7,go,20,66,False,False
GRHPR,go,20,5,False,False
TOMM5,go,15,12,False,False
TRMT10B,go,20,5,False,False
DCAF10,go,20,17,False,False
CBWD5,go,0,0,True,False
TJP2,go,20,5,False,False
PTAR1,go,20,4,False,False
SMC5,go,20,4,False,False
KLF9,go,13,5,False,False
CEMIP2,go,20,10,False,False
ABHD17B,go,10,0,False,False
C9orf85,go,0,0,True,False
ZFAND5,go,20,0,False,False
OSTF1,go,20,13,False,False
RFK,go,20,20,False,False
VPS13A,go,20,4,False,False
CEP78,go,20,17,False,False
PSAT1,go,20,57,False,False
TLE4,go,20,24,False,False
GKAP1,go,20,17,False,False
RMI1,go,20,2,False,True
AGTPBP1,go,0,0,True,False
GOLM1,go,20,17,False,False
TUT7,go,20,4,False,False
DAPK1,go,20,12,False,False
CTSL,go,20,10,False,False
CKS2,go,20,4,False,False
SECISBP2,go,20,2,False,False
NFIL3,go,12,22,False,False
NOL8,go,20,33,False,True
NINJ1,go,16,1,False,False
PHF2,go,20,10,False,False
PTPDC1,go,0,0,True,False
AL158152.1,go,0,0,True,False
ZNF169,go,12,39,False,False
AOPEP,go,20,8,False,False
ERCC6L2,go,20,15,False,False
SLC35D2,go,20,4,False,False
ZNF367,go,13,18,False,False
ZNF510,go,10,9,False,False
MFSD14C,go,0,0,True,False
CTSV,go,20,22,False,False
TMOD1,go,20,7,False,False
TSTD2,go,20,0,False,False
XPA,go,20,9,False,False
HEMGN,go,20,9,False,False
ANP32B,go,20,3,False,False
GALNT12,go,20,34,False,False
TGFBR1,go,7,4,False,False
ALG2,go,20,0,False,True
SEC61B,go,20,29,False,False
ERP44,go,20,9,False,False
INVS,go,20,9,False,False
TMEFF1,go,0,0,True,False
MRPL50,go,20,23,False,True
RNF20,go,20,13,False,True
SMC2,go,20,2,False,True
NIPSNAP3A,go,20,166,False,False
TMEM38B,go,20,0,False,False
RAD23B,go,20,8,False,False
ABITRAM,go,20,2,False,False
CTNNAL1,go,20,38,False,False
TMEM245,go,20,44,False,False
DNAJC25,go,20,20,False,False
UGCG,go,20,0,False,False
AL138756.1,go,0,0,True,False
PTBP3,go,20,2,False,False
HSDL2,go,19,19,False,False
KIAA1958,go,20,0,False,False
INIP,go,20,35,False,False
SLC31A1,go,20,1,False,False
POLE3,go,20,8,False,False
TMEM268,go,0,0,True,False
CDK5RAP2,go,20,7,False,False
FBXW2,go,20,36,False,False
PHF19,go,20,52,False,False
CNTRL,go,20,5,False,False
RAB14,go,20,29,False,False
NDUFA8,go,20,34,False,True
PDCL,go,20,11,False,False
RC3H2,go,14,1,False,False
ZBTB6,go,14,69,False,False
RABGAP1,go,20,20,False,False
ARPC5L,go,20,20,False,False
GOLGA1,go,20,67,False,False
SCAI,go,20,29,False,False
HSPA5,go,20,10,False,True
ZBTB43,go,9,10,False,False
RPL12,go,20,47,False,True
TOR2A,go,20,5,False,False
AK1,go,20,4,False,False
C9orf16,go,20,106,False,False
DNM1,go,20,10,False,False
GOLGA2,go,20,4,False,False
SWI5,go,20,1,False,False
ODF2,go,20,5,False,False
SPTAN1,go,20,29,False,False
WDR34,go,20,39,False,False
ZDHHC12,go,20,13,False,False
AL441992.1,go,0,0,True,False
ENDOG,go,20,1,False,False
LRRC8A,go,20,3,False,False
MIGA2,go,19,13,False,False
LINC00963,go,0,0,True,False
ASB6,go,20,30,False,False
TOR1B,go,20,15,False,False
TOR1A,go,20,2,False,False
USP20,go,20,29,False,False
FNBP1,go,20,48,False,False
GPR107,go,20,17,False,False
NUP214,go,20,16,False,False
AL157938.3,go,0,0,True,False
PRRC2B,go,20,21,False,False
POMT1,go,20,3,False,False
SETX,go,20,11,False,False
TTF1,go,20,31,False,False
GTF3C4,go,20,2,False,False
TSC1,go,5,0,False,False
GFI1B,go,18,28,False,False
RALGDS,go,20,22,False,False
ABO,go,20,10,False,False
SURF6,go,20,37,False,True
RPL7A,go,20,48,False,False
SURF1,go,16,10,False,False
SURF2,go,20,14,False,False
BRD3,go,15,26,False,False
UBAC1,go,20,123,False,False
QSOX2,go,20,2,False,False
INPP5E,go,20,5,False,False
SEC16A,go,20,10,False,False
EGFL7,go,20,23,False,False
AGPAT2,go,20,6,False,False
SNHG7,go,0,0,True,False
TMEM141,go,20,81,False,False
RABL6,go,20,152,False,False
PHPT1,go,20,2,False,False
EDF1,go,20,47,False,False
MAN1B1,go,20,7,False,False
DPP7,go,20,17,False,False
BX255925.3,go,0,0,True,False
RNF208,go,20,97,False,False
TUBB4B,go,20,23,False,False
TOR4A,go,20,8,False,False
NRARP,go,16,0,False,False
MRPL41,go,20,17,False,True
ZMYND19,go,20,62,False,False
ARRDC1-AS1,go,0,0,True,False
LARP4B,go,20,15,False,False
IDI1,go,20,9,False,False
KLF6,go,13,69,False,False
NET1,go,4,0,False,False
TASOR2,go,20,176,False,False
PRKCQ-AS1,go,0,0,True,False
SFMBT2,go,0,0,True,False
KIN,go,20,80,False,True
CELF2,go,20,9,False,False
USP6NL,go,20,7,False,False
ECHDC3,go,18,3,False,False
UPF2,go,20,15,False,True
MCM10,go,20,19,False,True
PHYH,go,20,8,False,False
HSPA14,go,20,24,False,False
HSPA14-1,go,0,0,True,False
DCLRE1C,go,18,1,False,False
NMT2,go,20,12,False,False
RSU1,go,20,38,False,False
TRDMT1,go,20,2,False,False
VIM,go,20,3,False,False
ST8SIA6,go,0,0,True,False
STAM,go,20,10,False,False
ARL5B,go,20,32,False,False
DNAJC1,go,20,32,False,False
COMMD3,go,20,22,False,False
BMI1,go,20,4,False,False
MSRB2,go,20,12,False,False
ARHGAP21,go,20,17,False,False
PRTFDC1,go,20,4,False,False
ABI1,go,20,7,False,False
ANKRD26,go,20,17,False,False
YME1L1,go,20,12,False,False
ACBD5,go,20,22,False,False
RAB18,go,20,20,False,False
WAC-AS1,go,0,0,True,False
BAMBI,go,20,5,False,False
MAP3K8,go,20,52,False,False
ZEB1,go,20,4,False,False
ARHGAP12,go,20,4,False,False
EPC1,go,20,16,False,False
ITGB1,go,3,2,False,False
PARD3,go,20,3,False,False
CREM,go,12,17,False,False
CCNY,go,20,11,False,False
ZNF248,go,12,35,False,False
ZNF37A,go,19,28,False,False
ZNF33B,go,15,47,False,False
MARCH8,go,20,18,False,False
NCOA4,go,20,0,False,False
MAPK8,go,20,9,False,False
TMEM273,go,20,44,False,False
ERCC6,go,0,0,True,False
PARG,go,20,5,False,False
TIMM23B,go,9,3,False,True
ZWINT,go,20,20,False,False
SLC16A9,go,20,6,False,False
CDK1,go,20,8,False,True
ARID5B,go,20,6,False,False
NRBF2,go,20,5,False,False
JMJD1C,go,20,6,False,False
REEP3,go,19,5,False,False
SIRT1,go,4,1,False,False
HERC4,go,20,15,False,False
HNRNPH3,go,20,49,False,False
RUFY2,go,20,6,False,False
DNA2,go,20,12,False,False
SLC25A16,go,18,9,False,False
TET1,go,20,7,False,False
DDX21,go,20,3,False,True
HK1,go,0,0,True,False
FAM241B,go,20,61,False,False
AIFM2,go,20,12,False,False
PPA1,go,20,17,False,False
EIF4EBP2,go,20,2,False,False
PSAP,go,3,0,False,False
ANAPC16,go,20,34,False,False
DDIT4,go,20,0,False,False
MICU1,go,20,3,False,False
P4HA1,go,20,14,False,False
PPP3CB,go,16,3,False,False
SEC24C,go,20,13,False,False
FUT11,go,20,18,False,False
ZSWIM8,go,20,5,False,False
VCL,go,20,6,False,False
KAT6B,go,20,29,False,False
SAMD8,go,0,0,True,False
LRMDA,go,0,0,True,False
RPS24,go,20,12,False,True
PPIF,go,20,4,False,False
NUTM2B-AS1,go,0,0,True,False
PRXL2A,go,17,6,False,False
TSPAN14,go,20,20,False,False
CCSER2,go,20,5,False,False
BMPR1A,go,0,0,True,False
ATAD1,go,20,7,False,False
PTEN,go,0,0,True,False
KIF20B,go,20,20,False,False
PCGF5,go,19,9,False,False
TNKS2,go,20,4,False,False
BTAF1,go,20,10,False,False
KIF11,go,20,37,False,False
HHEX,go,14,7,False,False
FRA10AC1,go,20,14,False,False
SLC35G1,go,20,65,False,False
HELLS,go,20,2,False,False
SORBS1,go,0,0,True,False
CCNJ,go,20,12,False,False
ZNF518A,go,10,6,False,False
LCOR,go,20,22,False,False
RRP12,go,20,14,False,True
ZFYVE27,go,20,3,False,False
R3HCC1L,go,20,0,False,False
HPS1,go,20,10,False,False
GOT1,go,20,1,False,False
SCD,go,20,25,False,False
HIF1AN,go,20,1,False,False
SLF2,go,0,0,True,False
BTRC,go,0,0,True,False
POLL,go,20,26,False,False
OGA,go,20,0,False,False
LDB1,go,20,1,False,False
NOLC1,go,20,3,False,True
FBXL15,go,20,17,False,False
RPARP-AS1,go,0,0,True,False
ACTR1A,go,20,50,False,False
TRIM8,go,20,9,False,False
ARL3,go,20,14,False,False
WBP1L,go,20,2,False,False
BORCS7,go,0,0,True,False
NT5C2,go,16,2,False,False
ATP5MD,go,17,30,False,False
SLK,go,20,3,False,False
GSTO1,go,20,3,False,False
ADD3,go,20,12,False,False
MXI1,go,17,55,False,False
SMNDC1,go,20,66,False,False
SMC3,go,20,11,False,True
PDCD4,go,20,0,False,False
SHOC2,go,20,29,False,False
GPAM,go,0,0,True,False
TCF7L2,go,20,3,False,False
NHLRC2,go,20,50,False,False
CCDC186,go,0,0,True,False
TRUB1,go,20,9,False,False
SHTN1,go,0,0,True,False
RAB11FIP2,go,0,0,True,False
FAM204A,go,20,79,False,False
CACUL1,go,20,1,False,False
DENND10,go,20,8,False,False
RGS10,go,20,19,False,False
BAG3,go,20,1,False,False
INPP5F,go,4,2,False,False
SEC23IP,go,20,33,False,False
WDR11,go,20,3,False,False
ATE1,go,20,30,False,False
PLEKHA1,go,20,2,False,False
FAM24B,go,20,33,False,False
IKZF5,go,16,8,False,False
ACADSB,go,20,4,False,False
OAT,go,20,19,False,False
UROS,go,20,1,False,False
MKI67,go,20,29,False,False
PPP2R2D,go,20,8,False,False
BNIP3,go,9,4,False,False
STK32C,go,20,42,False,False
SYCE1,go,20,3,False,False
IFITM2,go,20,4,False,False
IFITM1,go,20,4,False,False
SIGIRR,go,20,7,False,False
TMEM80,go,20,2,False,False
TALDO1,go,20,13,False,False
POLR2L,go,20,28,False,True
AP2A2,go,20,6,False,False
MOB2,go,20,115,False,False
CTSD,go,20,19,False,False
H19,go,0,0,True,False
ASCL2,go,7,4,False,False
TSPAN32,go,3,1,False,False
CD81,go,11,4,False,False
KCNQ1OT1,go,0,0,True,False
CDKN1C,go,20,2,False,False
PHLDA2,go,20,0,False,False
CARS,go,20,83,False,False
ZNF195,go,20,14,False,False
RHOG,go,20,9,False,False
STIM1,go,20,3,False,False
RRM1,go,20,2,False,True
HBD,go,20,6,False,False
HBG1,go,20,5,False,False
HBG2,go,20,6,False,False
RRP8,go,20,1,False,False
ILK,go,20,2,False,False
TPP1,go,6,3,False,False
EIF3F,go,20,13,False,True
RPL27A,go,20,59,False,True
AKIP1,go,20,12,False,False
TMEM9B,go,20,23,False,False
NRIP3,go,20,7,False,False
DENND5A,go,20,40,False,False
TMEM41B,go,20,5,False,False
ZNF143,go,20,5,False,False
WEE1,go,20,16,False,False
SWAP70,go,0,0,True,False
MTRNR2L8,go,0,0,True,False
RNF141,go,20,13,False,False
CTR9,go,20,4,False,True
EIF4G2,go,20,7,False,True
ZBED5,go,14,14,False,False
USP47,go,20,18,False,False
MICAL2,go,20,2,False,False
TEAD1,go,19,5,False,False
LINC00958,go,0,0,True,False
BTBD10,go,20,6,False,False
FAR1,go,20,2,False,False
RRAS2,go,20,43,False,False
COPB1,go,20,57,False,True
PIK3C2A,go,20,8,False,False
NUCB2,go,20,25,False,False
HPS5,go,20,10,False,False
LDHA,go,20,31,False,False
TSG101,go,20,14,False,True
SPTY2D1,go,20,4,False,False
HTATIP2,go,20,10,False,False
SVIP,go,20,3,False,False
BBOX1-AS1,go,0,0,True,False
CCDC34,go,0,0,True,False
LGR4,go,3,0,False,False
KIF18A,go,20,16,False,False
ARL14EP,go,20,129,False,False
IMMP1L,go,20,6,False,False
ELP4,go,20,8,False,False
PAX6,go,19,2,False,False
RCN1,go,20,1,False,False
QSER1,go,16,1,False,False
HIPK3,go,20,68,False,False
CD59,go,20,24,False,False
LMO2,go,20,1,False,False
CAT,go,0,0,True,False
TRIM44,go,20,9,False,False
TRAF6,go,0,0,True,False
C11orf74,go,20,6,False,False
AC021723.2,go,0,0,True,False
API5,go,20,30,False,False
TTC17,go,20,74,False,False
AC068205.2,go,0,0,True,False
HSD17B12,go,20,3,False,True
TSPAN18,go,20,4,False,False
PHF21A,go,20,30,False,False
MDK,go,0,0,True,False
ATG13,go,20,8,False,False
ARHGAP1,go,20,27,False,False
ZNF408,go,20,6,False,False
CKAP5,go,20,10,False,True
C11orf49,go,20,139,False,False
ARFGAP2,go,20,37,False,False
ACP2,go,20,34,False,False
MADD,go,20,2,False,False
SPI1,go,20,2,False,False
CELF1,go,20,6,False,False
KBTBD4,go,0,0,True,False
FNBP4,go,20,8,False,False
PRG2,go,9,6,False,False
SLC43A3,go,20,1,False,False
TIMM10,go,20,11,False,False
UBE2L6,go,20,32,False,False
SERPING1,go,20,23,False,False
CLP1,go,1,1,False,True
ZDHHC5,go,20,9,False,False
MED19,go,20,22,False,True
CTNND1,go,20,23,False,False
ZFP91,go,19,6,False,False
PATL1,go,20,3,False,False
STX3,go,20,8,False,False
MRPL16,go,20,26,False,True
MS4A3,go,20,30,False,False
MS4A4A,go,20,111,False,False
CCDC86,go,20,220,False,True
VPS37C,go,20,7,False,False
TKFC,go,0,0,True,False
CYB561A3,go,20,27,False,False
MYRF,go,20,1,False,False
FEN1,go,20,14,False,False
FADS1,go,12,5,False,False
FADS3,go,20,3,False,False
BEST1,go,20,11,False,False
FTH1,go,20,13,False,False
ASRGL1,go,20,4,False,False
AHNAK,go,20,35,False,False
EEF1G,go,20,84,False,True
B3GAT3,go,20,14,False,False
CSKMT,go,20,4,False,False
UQCC3,go,0,0,True,False
HNRNPUL2,go,20,50,False,False
TTC9C,go,20,0,False,False
TMEM179B,go,20,14,False,False
NXF1,go,20,56,False,False
STX5,go,20,21,False,False
SNHG1,go,0,0,True,False
SLC3A2,go,20,11,False,False
RTN3,go,20,41,False,False
STIP1,go,20,9,False,False
TRPT1,go,2,0,False,False
DNAJC4,go,20,43,False,False
PPP1R14B,go,20,3,False,False
BAD,go,8,5,False,False
GPR137,go,20,4,False,False
TRMT112,go,20,1,False,True
PRDX5,go,20,23,False,False
CCDC88B,go,20,18,False,False
RASGRP2,go,20,7,False,False
EHD1,go,20,17,False,False
ATG2A,go,20,7,False,False
ARL2,go,20,12,False,True
CDCA5,go,20,32,False,False
VPS51,go,20,14,False,False
TM7SF2,go,20,14,False,False
SYVN1,go,20,17,False,False
SPDYC,go,20,31,False,False
CAPN1,go,20,31,False,False
FRMD8,go,20,43,False,False
NEAT1,go,0,0,True,False
MALAT1,go,0,0,True,False
FAM89B,go,20,0,False,False
EHBP1L1,go,20,3,False,False
MAP3K11,go,20,14,False,False
RELA,go,20,10,False,False
RNASEH2C,go,20,0,False,True
CCDC85B,go,20,15,False,False
C11orf68,go,20,42,False,False
DRAP1,go,20,7,False,True
PACS1,go,20,5,False,False
KLC2,go,20,6,False,False
RAB1B,go,20,36,False,False
CTSF,go,20,31,False,False
CCS,go,20,4,False,False
LRFN4,go,20,3,False,False
KDM2A,go,20,1,False,False
ANKRD13D,go,20,2,False,False
RAD9A,go,20,4,False,False
POLD4,go,20,3,False,False
CORO1B,go,20,29,False,False
TMEM134,go,20,40,False,False
AIP,go,20,0,False,False
PITPNM1,go,19,2,False,False
CDK2AP2,go,20,14,False,False
GSTP1,go,20,0,False,False
TCIRG1,go,12,6,False,False
CHKA,go,20,5,False,False
KMT5B,go,0,0,True,False
PPP6R3,go,20,58,False,False
GAL,go,6,2,False,False
IGHMBP2,go,20,22,False,False
LTO1,go,20,0,False,False
PPFIA1,go,20,16,False,False
CTTN,go,20,5,False,False
DHCR7,go,20,15,False,False
AP002387.2,go,0,0,True,False
NADSYN1,go,20,24,False,False
NUMA1,go,20,2,False,True
ARAP1,go,20,21,False,False
FCHSD2,go,0,0,True,False
RELT,go,20,32,False,False
RAB6A,go,20,38,False,False
MRPL48,go,20,43,False,False
UCP2,go,20,2,False,False
PGM2L1,go,20,4,False,False
POLD3,go,20,6,False,True
RNF169,go,20,36,False,False
XRRA1,go,20,23,False,False
SPCS2,go,20,17,False,False
RPS3,go,20,3,False,True
SERPINH1,go,20,11,False,False
UVRAG,go,11,2,False,False
GVQW3,go,0,0,True,False
AP002360.1,go,0,0,True,False
EMSY,go,0,0,True,False
ACER3,go,17,1,False,False
PAK1,go,20,5,False,False
RSF1,go,20,25,False,False
AAMDC,go,20,87,False,False
NDUFC2,go,18,24,False,False
GAB2,go,20,13,False,True
PRCP,go,20,3,False,False
RAB30,go,20,14,False,False
RAB30-DT,go,0,0,True,False
PCF11,go,20,4,False,True
AP000873.2,go,0,0,True,False
ANKRD42,go,0,0,True,False
TMEM126A,go,18,33,False,False
CREBZF,go,20,14,False,False
PICALM,go,20,3,False,False
TMEM135,go,18,2,False,False
CTSC,go,20,16,False,False
CHORDC1,go,20,1,False,False
CEP295,go,0,0,True,False
TAF1D,go,20,20,False,True
C11orf54,go,20,65,False,False
MED17,go,20,38,False,True
MRE11,go,20,13,False,False
ANKRD49,go,20,58,False,False
AMOTL1,go,20,14,False,False
SRSF8,go,20,141,False,False
ENDOD1,go,20,43,False,False
FAM76B,go,20,9,False,False
CEP57,go,20,12,False,False
CCDC82,go,20,17,False,False
BIRC2,go,20,3,False,False
TMEM123,go,20,0,False,False
MSANTD4,go,20,80,False,False
CWF19L2,go,20,4,False,True
NPAT,go,20,33,False,False
ATM,go,20,4,False,False
EXPH5,go,6,1,False,False
DDX10,go,20,24,False,True
RDX,go,11,2,False,False
ALG9,go,18,7,False,False
C11orf1,go,20,72,False,False
NKAPD1,go,20,31,False,False
C11orf71,go,20,46,False,False
RBM7,go,20,0,False,False
PCSK7,go,20,3,False,False
UBE4A,go,20,19,False,False
KMT2A,go,20,11,False,False
ARCN1,go,20,26,False,True
DDX6,go,20,25,False,True
CCDC84,go,20,22,False,True
HYOU1,go,20,22,False,False
HMBS,go,20,19,False,False
H2AFX,go,18,10,False,False
C2CD2L,go,20,6,False,False
HINFP,go,20,45,False,True
CBL,go,20,1,False,False
MCAM,go,20,14,False,False
TLCD5,go,20,46,False,False
ARHGEF12,go,20,73,False,False
SC5D,go,20,4,False,False
UBASH3B,go,20,2,False,False
HSPA8,go,20,9,False,True
TBRG1,go,20,16,False,False
NRGN,go,20,2,False,False
ESAM,go,20,18,False,False
MSANTD2,go,0,0,True,False
FEZ1,go,17,1,False,False
CHEK1,go,20,6,False,True
SRPRA,go,0,0,True,False
APLP2,go,20,21,False,False
ZBTB44,go,20,85,False,False
THYN1,go,20,15,False,False
ACAD8,go,13,4,False,False
KDM5A,go,20,13,False,False
ERC1,go,20,2,False,False
ADIPOR2,go,20,2,False,False
FKBP4,go,20,5,False,False
CCND2,go,20,34,False,False
C12orf4,go,20,79,False,False
RAD51AP1,go,20,23,False,False
DYRK4,go,20,51,False,False
CD9,go,20,13,False,False
TNFRSF1A,go,20,3,False,False
LTBR,go,20,15,False,False
NCAPD2,go,20,13,False,False
GAPDH,go,20,4,False,False
ZNF384,go,14,27,False,False
MLF2,go,20,112,False,False
PTMS,go,18,4,False,False
CDCA3,go,20,37,False,False
ENO2,go,20,6,False,False
C12orf57,go,20,1,False,False
SLC2A3,go,20,9,False,False
NECAP1,go,20,29,False,False
RIMKLB,go,18,8,False,False
CLEC2B,go,20,38,False,False
GABARAPL1,go,20,12,False,False
AC022075.1,go,0,0,True,False
PRH1,go,0,0,True,False
SMIM10L1,go,0,0,True,False
ETV6,go,15,20,False,False
LRP6,go,2,1,False,False
CDKN1B,go,17,3,False,False
ATF7IP,go,20,35,False,False
DERA,go,20,8,False,False
MGST1,go,20,25,False,False
PLEKHA5,go,20,11,False,False
AEBP2,go,20,11,False,False
RECQL,go,20,40,False,False
GOLT1B,go,20,70,False,True
C2CD5,go,0,0,True,False
ETNK1,go,20,69,False,False
BCAT1,go,20,1,False,False
LRMP,go,0,0,True,False
ETFRF1,go,20,31,False,False
ITPR2,go,20,3,False,False
INTS13,go,20,14,False,False
FGFR1OP2,go,19,33,False,False
TM7SF3,go,20,9,False,False
MED21,go,20,23,False,True
STK38L,go,20,87,False,False
ARNTL2,go,19,10,False,False
PPFIBP1,go,20,18,False,False
KLHL42,go,20,20,False,False
IPO8,go,20,47,False,False
DENND5B,go,0,0,True,False
AC023157.3,go,0,0,True,False
RESF1,go,20,8,False,False
BICD1,go,20,0,False,False
ALG10B,go,0,0,True,False
GXYLT1,go,20,1,False,False
YAF2,go,20,109,False,False
ZCRB1,go,20,47,False,True
TWF1,go,20,15,False,False
ANO6,go,16,4,False,False
AC008124.1,go,0,0,True,False
ARID2,go,19,9,False,False
SLC38A1,go,20,15,False,False
SLC38A2,go,14,10,False,False
RPAP3,go,20,5,False,False
SLC48A1,go,20,32,False,False
TMEM106C,go,20,99,False,False
COL2A1,go,2,2,False,False
SENP1,go,20,7,False,False
ASB8,go,20,72,False,False
KANSL2,go,20,11,False,True
CCNT1,go,20,11,False,False
DDX23,go,20,18,False,True
FKBP11,go,11,7,False,False
KMT2D,go,20,10,False,False
RHEBL1,go,20,33,False,False
LMBR1L,go,20,11,False,False
TUBA1B,go,20,14,False,False
TUBA1A,go,20,19,False,False
TUBA1C,go,20,14,False,False
TROAP,go,20,53,False,False
SPATS2,go,20,49,False,False
TMBIM6,go,20,5,False,False
NCKAP5L,go,20,17,False,False
BCDIN3D,go,0,0,True,False
RACGAP1,go,20,7,False,True
CERS5,go,18,47,False,False
LIMA1,go,20,18,False,False
ATF1,go,19,1,False,False
LETMD1,go,20,28,False,False
DAZAP2,go,20,3,False,False
SMAGP,go,20,36,False,False
GALNT6,go,20,32,False,False
ACVR1B,go,20,6,False,False
ATG101,go,0,0,True,False
KRT8,go,20,10,False,False
KRT18,go,20,9,False,False
EIF4B,go,20,12,False,False
CSAD,go,10,1,False,False
ZNF740,go,6,45,False,False
MFSD5,go,20,101,False,False
SP1,go,19,3,False,False
AMHR2,go,20,3,False,False
PCBP2,go,20,14,False,False
ATF7,go,20,46,False,False
HOXC6,go,8,16,False,False
HOXC9,go,13,6,False,False
HOXC8,go,10,17,False,False
CBX5,go,20,14,False,False
HNRNPA1,go,20,8,False,False
NFE2,go,20,21,False,False
ZNF385A,go,20,0,False,False
NCKAP1L,go,4,1,False,False
CD63,go,20,9,False,False
GDF11,go,20,1,False,False
RAB5B,go,20,31,False,False
IKZF4,go,19,19,False,False
RPS26,go,20,21,False,True
PA2G4,go,20,24,False,False
MYL6,go,20,6,False,False
SMARCC2,go,20,10,False,False
RNF41,go,20,1,False,False
COQ10A,go,20,15,False,False
BAZ2A,go,20,1,False,False
PRIM1,go,20,3,False,True
ZBTB39,go,17,33,False,False
TAC3,go,20,12,False,False
NAB2,go,20,3,False,False
STAT6,go,20,6,False,False
SHMT2,go,20,3,False,False
STAC3,go,20,4,False,False
R3HDM2,go,20,112,False,False
MARS,go,20,8,False,True
DDIT3,go,20,5,False,False
MBD6,go,20,44,False,False
PIP4K2C,go,20,7,False,False
OS9,go,20,8,False,False
TSPAN31,go,20,44,False,False
MARCH9,go,20,3,False,False
CTDSP2,go,20,8,False,False
GIHCG,go,0,0,True,False
TAFA2,go,20,9,False,False
USP15,go,20,21,False,False
MON2,go,20,41,False,False
XPOT,go,20,5,False,False
TBK1,go,20,7,False,False
RASSF3,go,20,46,False,False
GNS,go,20,15,False,False
TMBIM4,go,20,26,False,False
HELB,go,0,0,True,False
CAND1,go,20,55,False,False
RAP1B,go,20,19,False,False
SLC35E3,go,20,4,False,False
FRS2,go,0,0,True,False
AC025159.1,go,0,0,True,False
ZFC3H1,go,20,10,False,True
THAP2,go,19,27,False,False
RAB21,go,20,17,False,False
TBC1D15,go,20,25,False,False
AC090015.1,go,0,0,True,False
ATXN7L3B,go,20,93,False,False
ZDHHC17,go,20,3,False,False
PPP1R12A,go,20,7,False,False
CCDC59,go,20,115,False,True
CEP290,go,20,8,False,False
POC1B,go,20,36,False,False
GALNT4,go,0,0,True,False
ATP2B1,go,13,4,False,False
BTG1,go,20,3,False,False
NUDT4,go,20,0,False,False
SOCS2-AS1,go,0,0,True,False
SOCS2,go,20,5,False,False
CRADD,go,20,13,False,False
FGD6,go,20,4,False,False
VEZT,go,20,8,False,False
USP44,go,20,23,False,False
SNRPF,go,20,18,False,True
LTA4H,go,20,6,False,False
ELK3,go,12,85,False,False
CDK17,go,20,42,False,False
NEDD1,go,20,28,False,True
TMPO-AS1,go,0,0,True,False
TMPO,go,15,6,False,False
APAF1,go,20,4,False,False
UHRF1BP1L,go,20,14,False,False
SCYL2,go,11,0,False,False
GNPTAB,go,20,14,False,False
DRAM1,go,20,28,False,False
WASHC3,go,20,3,False,False
HELLPAR,go,0,0,True,False
HSP90B1,go,20,32,False,False
HCFC2,go,0,0,True,False
NFYB,go,18,43,False,False
TXNRD1,go,20,23,False,False
CHST11,go,14,3,False,False
TMEM263,go,0,0,True,False
MTERF2,go,0,0,True,False
CRY1,go,20,0,False,False
PRDM4,go,11,2,False,False
ISCU,go,20,20,False,True
CORO1C,go,8,0,False,False
SSH1,go,0,0,True,False
UNG,go,20,8,False,False
KCTD10,go,20,27,False,True
UBE3B,go,20,9,False,False
MVK,go,20,14,False,False
TCHP,go,20,14,False,False
GIT2,go,20,25,False,False
ANKRD13A,go,20,2,False,False
C12orf76,go,0,0,True,False
IFT81,go,20,21,False,False
ATP2A2,go,15,5,False,False
VPS29,go,19,25,False,True
TCTN1,go,20,0,False,False
SH2B3,go,20,1,False,False
BRAP,go,20,8,False,False
ALDH2,go,8,2,False,False
MAPKAPK5-AS1,go,0,0,True,False
TMEM116,go,14,19,False,False
ERP29,go,20,7,False,False
TRAFD1,go,16,17,False,False
HECTD4,go,20,10,False,False
SDSL,go,20,2,False,False
MED13L,go,20,1,False,False
RNFT2,go,20,13,False,False
TESC,go,20,9,False,False
WSB2,go,20,21,False,False
VSIG10,go,19,4,False,False
TAOK3,go,20,12,False,False
PRKAB1,go,20,20,False,False
RAB35,go,20,10,False,False
AC004812.2,go,0,0,True,False
PXN,go,18,7,False,False
DYNLL1,go,20,21,False,True
COQ5,go,20,4,False,False
RNF10,go,14,3,False,False
UNC119B,go,19,6,False,False
ACADS,go,17,7,False,False
SPPL3,go,20,3,False,False
ORAI1,go,20,8,False,False
LINC01089,go,0,0,True,False
SETD1B,go,20,12,False,False
MLXIP,go,8,7,False,False
CLIP1,go,20,23,False,False
ZCCHC8,go,20,10,False,False
RSRC2,go,20,37,False,False
KNTC1,go,20,21,False,False
MPHOSPH9,go,20,36,False,False
SBNO1,go,20,5,False,True
SBNO1-AS1,go,0,0,True,False
RILPL2,go,20,57,False,False
SNRNP35,go,20,5,False,True
RILPL1,go,0,0,True,False
TMED2,go,20,6,False,False
ATP6V0A2,go,20,18,False,False
CCDC92,go,20,43,False,False
ZNF664,go,15,33,False,False
SCARB1,go,2,1,False,False
UBC,go,20,16,False,False
BRI3BP,go,20,66,False,False
AACS,go,20,14,False,False
AC025160.1,go,0,0,True,False
SLC15A4,go,5,0,False,False
SFSWAP,go,20,9,False,True
ANKLE2,go,20,22,False,False
GOLGA3,go,20,53,False,False
CHFR,go,20,14,False,False
ZNF26,go,13,52,False,False
ZNF84,go,11,22,False,False
ZNF891,go,12,20,False,False
ZNF268,go,13,7,False,False
AL137001.2,go,0,0,True,False
MPHOSPH8,go,20,23,False,False
ZMYM5,go,20,38,False,False
ZMYM2,go,20,21,False,False
IFT88,go,20,23,False,False
SAP18,go,20,25,False,True
ZDHHC20,go,20,6,False,False
SACS,go,20,4,False,False
PARP4,go,20,14,False,False
MTMR6,go,0,0,True,False
RNF6,go,20,17,False,False
CDK8,go,20,21,False,False
USP12,go,20,58,False,False
GTF3A,go,19,9,False,False
MTIF3,go,20,4,False,False
PAN3,go,10,0,False,False
SLC46A3,go,0,0,True,False
SLC7A1,go,20,13,False,False
UBL3,go,20,57,False,False
KATNAL1,go,20,29,False,False
HMGB1,go,5,2,False,False
USPL1,go,20,0,False,True
HSPH1,go,20,39,False,False
BRCA2,go,20,2,False,False
N4BP2L2,go,20,11,False,False
PDS5B,go,20,38,False,False
CCDC169,go,0,0,True,False
SPART,go,20,5,False,False
RFXAP,go,15,7,False,False
EXOSC8,go,20,9,False,True
SUPT20H,go,20,14,False,False
UFM1,go,20,4,False,True
NHLRC3,go,20,9,False,False
FOXO1,go,20,14,False,False
MRPS31,go,20,30,False,False
ELF1,go,15,8,False,False
NAA16,go,20,16,False,False
RGCC,go,20,1,False,False
VWA8,go,19,51,False,False
DGKH,go,19,1,False,False
AKAP11,go,20,2,False,False
TSC22D1,go,20,54,False,False
TPT1,go,20,11,False,False
TPT1-AS1,go,0,0,True,False
COG3,go,20,33,False,True
ZC3H13,go,20,59,False,False
LCP1,go,11,2,False,False
LRCH1,go,0,0,True,False
ITM2B,go,20,58,False,False
RB1,go,20,0,False,False
RCBTB2,go,20,33,False,False
FNDC3A,go,20,11,False,False
CDADC1,go,20,2,False,False
CAB39L,go,20,15,False,False
SETDB2,go,20,15,False,False
RCBTB1,go,0,0,True,False
ARL11,go,20,59,False,False
EBPL,go,20,42,False,False
KPNA3,go,20,8,False,False
DLEU2,go,0,0,True,False
TRIM13,go,20,15,False,False
DLEU1,go,0,0,True,False
INTS6,go,20,9,False,True
WDFY2,go,19,8,False,False
ALG11,go,20,11,False,False
CKAP2,go,20,8,False,False
AL139089.1,go,0,0,True,False
DIAPH3,go,20,21,False,False
TDRD3,go,20,82,False,False
LINC00355,go,0,0,True,False
DIS3,go,20,15,False,True
PIBF1,go,20,2,False,False
TBC1D4,go,19,13,False,False
COMMD6,go,20,62,False,False
CLN5,go,20,11,False,False
FBXL3,go,20,11,False,False
POU4F1,go,17,3,False,False
OBI1,go,19,6,False,False
NDFIP2,go,20,5,False,False
SPRY2,go,15,6,False,False
MIR17HG,go,0,0,True,False
TGDS,go,20,0,False,False
GPR180,go,18,1,False,False
DNAJC3-DT,go,0,0,True,False
DNAJC3,go,20,9,False,False
UGGT2,go,20,11,False,False
MBNL2,go,20,13,False,False
RAP2A,go,20,8,False,False
IPO5,go,20,9,False,False
DOCK9,go,20,27,False,False
UBAC2,go,20,43,False,False
TM9SF2,go,20,3,False,False
ZIC2,go,11,6,False,False
TEX30,go,3,2,False,False
BIVM,go,20,181,False,False
ERCC5,go,20,11,False,False
ARGLU1,go,20,124,False,True
LIG4,go,20,2,False,False
ABHD13,go,14,9,False,False
NAXD,go,20,4,False,False
ING1,go,20,9,False,False
ANKRD10,go,20,73,False,False
ANKRD10-IT1,go,0,0,True,False
ARHGEF7,go,20,3,False,False
TUBGCP3,go,20,6,False,False
GRTP1,go,20,11,False,False
DCUN1D2,go,20,3,False,False
TMCO3,go,20,0,False,False
GAS6,go,1,1,False,False
RASA3,go,20,9,False,False
UPF3A,go,20,35,False,False
CCNB1IP1,go,20,6,False,False
PIP4P1,go,20,7,False,False
PNP,go,4,1,False,False
RNASE1,go,20,4,False,False
NDRG2,go,20,13,False,False
ZNF219,go,20,18,False,False
LINC00641,go,0,0,True,False
CHD8,go,20,23,False,False
RAB2B,go,20,32,False,False
TOX4,go,10,9,False,False
METTL3,go,20,2,False,True
DAD1,go,20,11,False,True
MRPL52,go,20,28,False,False
LRP10,go,9,0,False,False
RBM23,go,20,29,False,False
HAUS4,go,20,10,False,True
ACIN1,go,20,19,False,False
C14orf119,go,20,159,False,False
SLC7A8,go,13,11,False,False
HOMEZ,go,15,44,False,False
PPP1R3E,go,2,1,False,False
BCL2L2,go,20,3,False,False
NGDN,go,20,13,False,False
DHRS4-AS1,go,0,0,True,False
DHRS4,go,20,4,False,False
DHRS4L2,go,20,5,False,False
PCK2,go,20,0,False,False
PSME1,go,20,6,False,False
EMC9,go,20,9,False,False
PSME2,go,20,30,False,False
CHMP4A,go,20,11,False,False
GMPR2,go,19,14,False,False
DHRS1,go,20,13,False,False
LTB4R,go,20,5,False,False
STXBP6,go,14,2,False,False
AL110292.1,go,0,0,True,False
FOXG1,go,16,1,False,False
LINC02327,go,0,0,True,False
COCH,go,20,8,False,False
STRN3,go,20,7,False,False
AP4S1,go,13,1,False,False
HECTD1,go,20,1,False,False
HEATR5A,go,20,2,False,False
ARHGAP5,go,20,51,False,False
EGLN3,go,20,10,False,False
EAPP,go,20,32,False,False
SNX6,go,20,9,False,False
CFL2,go,20,4,False,False
BAZ1A,go,12,3,False,False
AL121603.2,go,0,0,True,False
FAM177A1,go,0,0,True,False
PPP2R3C,go,20,0,False,False
NFKBIA,go,20,4,False,False
RALGAPA1,go,20,12,False,False
MBIP,go,20,5,False,False
MIPOL1,go,20,79,False,False
SEC23A,go,20,14,False,False
TRAPPC6B,go,20,10,False,False
PNN,go,20,6,False,True
FBXO33,go,20,14,False,False
LINC02315,go,0,0,True,False
KLHL28,go,0,0,True,False
TOGARAM1,go,20,12,False,False
PRPF39,go,20,1,False,False
FANCM,go,20,1,False,False
MIS18BP1,go,19,27,False,False
RPS29,go,20,4,False,True
KLHDC2,go,20,18,False,False
NEMF,go,20,1,False,False
AL627171.2,go,0,0,True,False
ARF6,go,20,5,False,False
SOS2,go,0,0,True,False
SAV1,go,20,3,False,False
NIN,go,20,1,False,False
ERO1A,go,0,0,True,False
FERMT2,go,20,6,False,False
CDKN3,go,20,18,False,False
GMFB,go,7,1,False,False
SOCS4,go,20,3,False,False
MAPK1IP1L,go,20,0,False,False
DLGAP5,go,20,4,False,False
FBXO34,go,20,62,False,False
KTN1,go,20,66,False,False
AP5M1,go,20,13,False,False
NAA30,go,20,55,False,False
ACTR10,go,20,16,False,False
PSMA3-AS1,go,0,0,True,False
ARID4A,go,20,9,False,False
KIAA0586,go,20,45,False,False
DAAM1,go,20,43,False,False
PCNX4,go,20,110,False,False
DHRS7,go,19,12,False,False
PPM1A,go,20,7,False,False
SLC38A6,go,20,23,False,False
HIF1A,go,20,2,False,False
SNAPC1,go,20,6,False,True
PPP2R5E,go,20,35,False,False
ZBTB1,go,12,3,False,False
FUT8,go,20,10,False,False
MPP5,go,20,4,False,False
ATP6V1D,go,20,18,False,False
ARG2,go,11,0,False,False
RDH11,go,20,4,False,False
ZFP36L1,go,19,2,False,False
DCAF5,go,20,45,False,False
SLC39A9,go,20,12,False,True
COX16,go,20,9,False,False
SYNJ2BP,go,2,1,False,False
MED6,go,20,27,False,True
PCNX1,go,0,0,True,False
SIPA1L1,go,0,0,True,False
PSEN1,go,2,1,False,False
NUMB,go,20,5,False,False
PNMA1,go,20,76,False,False
ELMSAN1,go,20,6,False,False
PTGR2,go,20,0,False,False
ZNF410,go,13,11,False,False
COQ6,go,20,5,False,False
ENTPD5,go,0,0,True,False
ALDH6A1,go,0,0,True,False
ABCD4,go,20,7,False,False
NPC2,go,20,14,False,False
AREL1,go,20,53,False,False
FCF1,go,20,89,False,True
ACYP1,go,2,1,False,False
NEK9,go,20,109,False,False
TMED10,go,20,9,False,False
ERG28,go,20,80,False,False
IFT43,go,20,21,False,False
GPATCH2L,go,20,20,False,False
GSTZ1,go,20,25,False,False
SPTLC2,go,19,1,False,False
SLIRP,go,20,3,False,False
GTF2A1,go,20,20,False,True
STON2,go,20,5,False,False
SEL1L,go,20,16,False,False
GALC,go,9,2,False,False
FOXN3,go,16,2,False,False
NRDE2,go,20,9,False,True
CALM1,go,5,1,False,False
DGLUCY,go,20,8,False,False
PPP4R3A,go,0,0,True,False
TRIP11,go,20,3,False,False
ATXN3,go,20,8,False,False
NDUFB1,go,20,21,False,False
LGMN,go,10,4,False,False
GOLGA5,go,20,5,False,False
BTBD7,go,20,7,False,False
DDX24,go,20,23,False,True
SNHG10,go,0,0,True,False
GLRX5,go,20,8,False,False
GSKIP,go,20,3,False,False
PAPOLA,go,20,17,False,False
WARS,go,20,13,False,False
PPP2R5C,go,20,17,False,False
DYNC1H1,go,20,6,False,True
HSP90AA1,go,20,12,False,False
WDR20,go,20,49,False,False
ANKRD9,go,20,3,False,False
RCOR1,go,20,22,False,False
CDC42BPB,go,20,25,False,False
TNFAIP2,go,20,8,False,False
EIF5,go,20,29,False,True
MARK3,go,20,57,False,False
CKB,go,20,1,False,False
KLC1,go,20,8,False,False
COA8,go,7,1,False,False
ATP5MPL,go,16,8,False,False
SIVA1,go,20,2,False,False
NUDT14,go,19,11,False,False
NIPA1,go,20,37,False,False
UBE3A,go,20,1,False,False
HERC2,go,0,0,True,False
NSMCE3,go,0,0,True,False
TJP1,go,20,3,False,False
FAN1,go,20,2,False,False
KLF13,go,12,32,False,False
ARHGAP11A,go,20,31,False,False
EMC7,go,20,10,False,False
GOLGA8A,go,20,9,False,False
GOLGA8B,go,20,8,False,False
ZNF770,go,16,26,False,False
MEIS2,go,12,0,False,False
SPRED1,go,20,3,False,False
BUB1B,go,20,32,False,False
RPUSD2,go,20,5,False,False
KNL1,go,20,22,False,False
RAD51-AS1,go,0,0,True,False
GCHFR,go,20,3,False,False
CHP1,go,14,1,False,False
OIP5-AS1,go,0,0,True,False
NUSAP1,go,20,10,False,False
RTF1,go,20,4,False,True
ITPKA,go,20,4,False,False
TYRO3,go,18,7,False,False
EHD4,go,20,30,False,False
TMEM87A,go,20,57,False,False
SNAP23,go,20,16,False,False
LRRC57,go,20,13,False,False
HAUS2,go,20,13,False,False
TTBK2,go,20,9,False,False
UBR1,go,20,21,False,False
CCNDBP1,go,20,103,False,False
ADAL,go,20,3,False,False
ZSCAN29,go,12,0,False,False
TP53BP1,go,20,4,False,False
MAP1A,go,11,2,False,False
PDIA3,go,20,10,False,False
WDR76,go,18,3,False,False
CASC4,go,20,55,False,False
CTDSPL2,go,20,6,False,False
EIF3J-DT,go,0,0,True,False
B2M,go,11,2,False,False
SORD,go,14,0,False,False
BLOC1S6,go,20,4,False,False
DUT,go,20,6,False,True
SECISBP2L,go,20,1,False,False
DTWD1,go,20,7,False,False
SLC27A2,go,20,3,False,False
GABPB1-IT1,go,0,0,True,False
GABPB1-AS1,go,0,0,True,False
USP8,go,20,15,False,False
TRPM7,go,20,2,False,True
SPPL2A,go,20,17,False,False
DMXL2,go,4,2,False,False
TMOD3,go,8,2,False,False
ARPP19,go,20,4,False,False
RSL24D1,go,20,8,False,True
RAB27A,go,20,2,False,False
CCPG1,go,20,7,False,False
NEDD4,go,20,4,False,False
RFX7,go,2,35,False,False
ZNF280D,go,17,24,False,False
TCF12,go,15,29,False,False
POLR2M,go,1,0,False,False
ADAM10,go,20,6,False,False
MINDY2,go,14,0,False,False
RNF111,go,20,30,False,False
SLTM,go,20,25,False,False
CCNB2,go,20,19,False,False
BNIP2,go,20,30,False,False
ANXA2,go,20,8,False,False
VPS13C,go,20,1,False,False
TPM1,go,20,4,False,False
LACTB,go,20,11,False,False
RPS27L,go,20,0,False,False
RAB8B,go,20,10,False,False
APH1B,go,20,9,False,False
HERC1,go,20,9,False,False
CIAO2A,go,20,14,False,False
PPIB,go,20,29,False,False
CSNK1G1,go,20,93,False,False
PCLAF,go,20,13,False,False
TRIP4,go,20,14,False,False
ZNF609,go,18,3,False,False
OAZ2,go,20,5,False,False
PIF1,go,20,5,False,False
DPP8,go,20,21,False,False
HACD3,go,0,0,True,False
DENND4A,go,18,35,False,False
MAP2K1,go,19,5,False,False
SNAPC5,go,20,13,False,True
SMAD3,go,20,8,False,False
AAGAB,go,20,112,False,False
IQCH-AS1,go,0,0,True,False
C15orf61,go,20,11,False,False
PIAS1,go,20,12,False,False
CALML4,go,20,3,False,False
FEM1B,go,20,9,False,False
GLCE,go,20,11,False,False
KIF23,go,20,33,False,False
RPLP1,go,20,2,False,True
TLE3,go,20,13,False,False
PKM,go,20,16,False,True
PARP6,go,4,1,False,False
HEXA,go,20,9,False,False
ARIH1,go,20,89,False,True
NPTN,go,5,2,False,False
CD276,go,20,4,False,False
PML,go,20,0,False,False
UBL7,go,20,15,False,False
ARID3B,go,17,137,False,False
CLK3,go,20,68,False,False
FAM219B,go,20,75,False,False
RPP25,go,20,8,False,False
C15orf39,go,20,24,False,False
MAN2C1,go,20,9,False,False
SIN3A,go,20,6,False,True
PTPN9,go,20,18,False,False
UBE2Q2,go,20,28,False,False
PEAK1,go,20,4,False,False
CTSH,go,20,7,False,False
AC015871.1,go,0,0,True,False
FAH,go,20,1,False,False
AC104041.1,go,0,0,True,False
MEX3B,go,20,9,False,False
RPS17,go,20,16,False,True
SNHG21,go,0,0,True,False
RAMAC,go,20,1,False,False
C15orf40,go,20,28,False,False
WDR73,go,16,2,False,False
SEC11A,go,20,9,False,False
PDE8A,go,20,0,False,False
AKAP13,go,20,2,False,False
MRPS11,go,20,4,False,True
MFGE8,go,20,10,False,False
ABHD2,go,1,1,False,False
AP3S2,go,19,7,False,False
IDH2,go,20,9,False,False
CIB1,go,20,3,False,False
IQGAP1,go,20,8,False,False
CRTC3,go,20,5,False,False
BLM,go,20,15,False,False
FURIN,go,10,0,False,False
UNC45A,go,20,10,False,False
PRC1,go,20,39,False,False
LINC01578,go,0,0,True,False
CHD2,go,20,4,False,False
AC015574.1,go,0,0,True,False
NR2F2-AS1,go,0,0,True,False
NR2F2,go,18,1,False,False
LINC00923,go,0,0,True,False
ARRDC4,go,18,12,False,False
IGF1R,go,6,6,False,False
MEF2A,go,19,31,False,False
LINS1,go,0,0,True,False
LRRK1,go,0,0,True,False
CHSY1,go,20,3,False,False
SELENOS,go,11,1,False,False
SNRPA1,go,20,44,False,True
TM2D3,go,1,0,False,False
POLR3K,go,20,16,False,False
SNRNP25,go,20,35,False,True
HBZ,go,20,7,False,False
HBA1,go,0,0,True,False
HBQ1,go,10,6,False,False
TMEM8A,go,20,62,False,False
NME4,go,20,14,False,False
MCRIP2,go,20,111,False,False
METRN,go,20,6,False,False
ANTKMT,go,20,11,False,False
CIAO3,go,18,2,False,False
GNPTG,go,20,23,False,False
CLCN7,go,20,6,False,False
CRAMP1,go,0,0,True,False
NME3,go,20,15,False,False
MRPS34,go,20,29,False,True
SPSB3,go,20,30,False,False
HAGH,go,19,32,False,False
FAHD1,go,20,14,False,False
MEIOB,go,20,1,False,False
MSRB1,go,20,9,False,False
SNHG9,go,0,0,True,False
NPW,go,19,12,False,False
PKD1,go,0,0,True,False
SNHG19,go,0,0,True,False
PGP,go,16,0,False,False
ECI1,go,16,11,False,False
CCNF,go,20,21,False,False
ATP6V0C,go,20,20,False,True
AMDHD2,go,20,3,False,False
PDPK1,go,20,11,False,False
ERVK13-1,go,0,0,True,False
KCTD5,go,20,60,False,False
PAQR4,go,20,25,False,False
CLDN6,go,20,16,False,False
TNFRSF12A,go,19,16,False,False
ZNF213-AS1,go,0,0,True,False
ZNF205,go,20,8,False,False
AC108134.2,go,0,0,True,False
ZNF200,go,20,91,False,False
ZNF263,go,16,58,False,False
ZNF75A,go,11,23,False,False
ZSCAN32,go,13,12,False,False
CLUAP1,go,20,27,False,False
DNASE1,go,0,0,True,False
TRAP1,go,20,6,False,False
PAM16,go,20,8,False,True
CORO7,go,20,44,False,False
NMRAL1,go,20,111,False,False
UBALD1,go,20,0,False,False
NUDT16L1,go,20,22,False,False
ZNF500,go,13,50,False,False
ROGDI,go,20,2,False,False
METTL22,go,20,6,False,False
CARHSP1,go,20,10,False,False
C16orf72,go,20,0,False,False
ATF7IP2,go,20,5,False,False
EMP2,go,20,6,False,False
RMI2,go,20,30,False,False
SOCS1,go,20,4,False,False
LITAF,go,20,6,False,False
TXNDC11,go,20,76,False,False
SNX29,go,2,1,False,False
CPPED1,go,20,20,False,False
ERCC4,go,20,12,False,False
MRTFB,go,0,0,True,False
MIR193BHG,go,0,0,True,False
PDXDC1,go,20,2,False,False
RRN3,go,20,2,False,True
MARF1,go,0,0,True,False
NDE1,go,20,9,False,False
FOPNL,go,20,50,False,False
ARL6IP1,go,20,12,False,False
SMG1,go,20,47,False,False
COQ7,go,19,3,False,False
GDE1,go,20,1,False,False
CCP110,go,20,12,False,False
ACSM3,go,16,4,False,False
THUMPD1,go,20,33,False,False
REXO5,go,0,0,True,False
LYRM1,go,20,7,False,False
TMEM159,go,20,45,False,False
CRYM,go,20,14,False,False
METTL9,go,20,20,False,False
MOSMO,go,20,6,False,False
NPIPB5,go,0,0,True,False
COG7,go,20,13,False,False
UBFD1,go,20,7,False,False
DCTN5,go,20,19,False,False
PLK1,go,20,5,False,False
PRKCB,go,20,7,False,False
RBBP6,go,20,12,False,True
TNRC6A,go,20,14,False,False
ZKSCAN2-DT,go,0,0,True,False
APOBR,go,20,1,False,False
ATXN2L,go,20,21,False,False
SH2B1,go,20,23,False,False
RABEP2,go,20,33,False,False
SPNS1,go,20,23,False,False
SPN,go,17,0,False,False
QPRT,go,20,32,False,False
KIF22,go,20,20,False,False
SEZ6L2,go,20,49,False,False
KCTD13,go,20,12,False,False
TMEM219,go,20,91,False,False
TAOK2,go,20,6,False,False
YPEL3,go,17,5,False,False
ZNF764,go,12,25,False,False
ZNF785,go,12,22,False,False
FBRS,go,0,0,True,False
ZNF629,go,15,41,False,False
ORAI3,go,20,55,False,False
STX4,go,20,7,False,False
ZNF646,go,15,35,False,False
FUS,go,20,44,False,False
PYCARD,go,11,5,False,False
ARMC5,go,20,8,False,False
ZNF720,go,20,3,False,False
ZNF267,go,14,20,False,False
SHCBP1,go,20,2,False,False
ORC6,go,20,12,False,False
C16orf87,go,20,139,False,False
GPT2,go,6,0,False,False
NETO2,go,20,0,False,False
ITFG1,go,20,41,False,False
SIAH1,go,20,10,False,False
N4BP1,go,20,1,False,False
CHD9,go,20,23,False,False
RBL2,go,20,3,False,False
CRNDE,go,0,0,True,False
LPCAT2,go,20,10,False,False
MT2A,go,20,3,False,False
MT1F,go,20,4,False,False
MT1G,go,0,0,True,False
MT1X,go,20,2,False,False
HERPUD1,go,20,17,False,False
RSPRY1,go,20,11,False,False
ARL2BP,go,20,7,False,False
KIFC3,go,20,14,False,False
AC009107.2,go,0,0,True,False
CCDC113,go,0,0,True,False
SLC38A7,go,10,7,False,False
CKLF,go,16,0,False,False
CMTM3,go,20,8,False,False
CMTM4,go,20,137,False,False
DYNC1LI2,go,20,9,False,False
PDP2,go,17,14,False,False
CIAO2B,go,20,15,False,False
C16orf70,go,20,4,False,False
ATP6V0D1,go,20,15,False,False
GFOD2,go,20,4,False,False
RANBP10,go,20,65,False,False
NFATC3,go,15,48,False,False
SLC7A6OS,go,20,12,False,True
SNTB2,go,20,18,False,False
COG8,go,20,25,False,False
NIP7,go,20,56,False,True
TERF2,go,12,5,False,True
NFAT5,go,13,17,False,False
NQO1,go,5,1,False,False
WWP2,go,20,11,False,False
PDPR,go,17,13,False,False
ST3GAL2,go,20,6,False,False
COG4,go,20,15,False,False
CMTR2,go,20,2,False,False
AP1G1,go,20,14,False,False
ATXN1L,go,20,5,False,False
IST1,go,20,8,False,False
TXNL4B,go,20,10,False,False
ZFHX3,go,20,29,False,False
PSMD7,go,20,84,False,True
GLG1,go,20,14,False,False
BCAR1,go,20,8,False,False
TMEM170A,go,17,11,False,False
GABARAPL2,go,20,14,False,False
ADAT1,go,18,6,False,False
TERF2IP,go,20,5,False,False
MON1B,go,20,1,False,False
GCSH,go,16,14,False,False
CMIP,go,20,118,False,False
PLCG2,go,0,0,True,False
MLYCD,go,20,7,False,False
MBTPS1,go,20,3,False,False
HSDL1,go,20,31,False,False
TAF1C,go,20,5,False,True
KLHL36,go,20,14,False,False
GSE1,go,20,0,False,False
GINS2,go,20,8,False,True
C16orf95,go,0,0,True,False
MAP1LC3B,go,20,14,False,False
ZCCHC14,go,0,0,True,False
JPH3,go,20,0,False,False
SLC7A5,go,20,10,False,True
BANP,go,20,13,False,True
ZFPM1,go,20,4,False,False
CYBA,go,1,1,False,False
MVD,go,20,8,False,True
CDT1,go,20,4,False,False
APRT,go,20,0,False,False
CBFA2T3,go,20,11,False,False
ZNF778,go,12,22,False,False
ANKRD11,go,20,5,False,True
SPG7,go,20,4,False,False
RPL13,go,20,5,False,True
ZNF276,go,15,2,False,False
TCF25,go,20,17,False,False
DEF8,go,15,1,False,False
CENPBD1,go,0,0,True,False
ABR,go,20,22,False,False
MYO1C,go,20,3,False,False
RILP,go,20,0,False,False
SERPINF1,go,18,6,False,False
SGSM2,go,20,14,False,False
MNT,go,19,15,False,False
METTL16,go,20,0,False,True
PAFAH1B1,go,3,2,False,False
SPATA22,go,20,2,False,False
ATP2A3,go,20,6,False,False
ZZEF1,go,20,3,False,False
CYB5D2,go,20,14,False,False
ANKFY1,go,20,38,False,False
ARRB2,go,2,1,False,False
PSMB6,go,20,33,False,True
RNF167,go,20,31,False,False
AC012146.1,go,0,0,True,False
C1QBP,go,20,0,False,True
DERL2,go,20,11,False,True
NLRP1,go,20,7,False,False
MED31,go,20,24,False,True
ALOX12-AS1,go,0,0,True,False
C17orf49,go,20,34,False,False
ACADVL,go,20,5,False,False
GABARAP,go,20,8,False,False
EIF5A,go,20,1,False,True
TMEM256,go,20,9,False,False
POLR2A,go,20,6,False,True
AC016876.1,go,0,0,True,False
SAT2,go,9,6,False,False
KDM6B,go,0,0,True,False
NAA38,go,20,34,False,False
CHD3,go,20,44,False,False
VAMP2,go,20,8,False,False
TMEM107,go,20,4,False,False
AURKB,go,20,4,False,False
RPL26,go,20,3,False,True
NDEL1,go,16,2,False,False
MYH10,go,20,13,False,False
STX8,go,20,19,False,False
MAP2K4,go,20,8,False,False
PMP22,go,20,15,False,False
PIGL,go,20,14,False,False
TRPV2,go,20,2,False,False
SNHG29,go,0,0,True,False
LRRC75A,go,0,0,True,False
MPRIP,go,20,39,False,False
FLCN,go,13,3,False,False
ATPAF2,go,19,26,False,False
ALKBH5,go,20,2,False,False
SMCR8,go,0,0,True,False
PRPSAP2,go,18,3,False,False
EPN2,go,20,9,False,False
AKAP10,go,0,0,True,False
LINC02693,go,0,0,True,False
KSR1,go,20,25,False,False
NLK,go,20,3,False,False
TMEM97,go,20,12,False,False
IFT20,go,20,9,False,False
TNFAIP1,go,20,14,False,False
AC005726.1,go,0,0,True,False
UNC119,go,20,2,False,False
PIGS,go,20,18,False,False
RSKR,go,20,69,False,False
SDF2,go,20,3,False,False
SUPT6H,go,20,2,False,True
FAM222B,go,20,63,False,False
FLOT2,go,20,8,False,False
PHF12,go,20,38,False,False
MYO18A,go,20,2,False,False
NUFIP2,go,20,228,False,False
TAOK1,go,20,14,False,False
TP53I13,go,20,16,False,False
GIT1,go,20,3,False,False
SSH2,go,20,12,False,False
NSRP1,go,20,72,False,True
CPD,go,20,2,False,False
NF1,go,0,0,True,False
C17orf75,go,20,9,False,False
ZNF207,go,20,14,False,True
MYO1D,go,20,10,False,False
ZNF830,go,20,0,False,False
SNHG30,go,0,0,True,False
TAF15,go,20,70,False,False
GGNBP2,go,16,2,False,False
ACACA,go,17,3,False,False
DUSP14,go,20,9,False,False
SYNRG,go,20,16,False,False
SOCS7,go,0,0,True,False
AC006449.6,go,0,0,True,False
MLLT6,go,14,2,False,False
CWC25,go,20,34,False,False
RPL23,go,20,4,False,True
LASP1,go,20,10,False,False
FBXL20,go,20,9,False,False
MED1,go,20,1,False,True
PNMT,go,20,0,False,False
MIEN1,go,20,16,False,False
IKZF3,go,18,12,False,False
ORMDL3,go,20,0,False,False
THRA,go,20,3,False,False
MSL1,go,20,35,False,False
WIPF2,go,20,15,False,False
CDC6,go,20,4,False,True
TOP2A,go,20,6,False,False
KRT10,go,20,10,False,False
TMEM99,go,0,0,True,False
EIF1,go,20,27,False,False
JUP,go,20,10,False,False
NKIRAS2,go,20,2,False,False
STAT5B,go,19,4,False,False
STAT5A,go,18,5,False,False
STAT3,go,20,7,False,False
CAVIN1,go,20,31,False,False
ATP6V0A1,go,20,28,False,False
AC067852.3,go,0,0,True,False
NAGLU,go,11,4,False,False
PSMC3IP,go,20,0,False,False
RETREG3,go,20,8,False,False
PLEKHH3,go,20,13,False,False
CCR10,go,19,11,False,False
EZH1,go,20,5,False,False
VPS25,go,20,31,False,False
WNK4,go,20,3,False,False
RUNDC1,go,20,9,False,False
IFI35,go,20,16,False,False
VAT1,go,20,0,False,False
BRCA1,go,20,2,False,False
NBR2,go,0,0,True,False
AC060780.1,go,0,0,True,False
NBR1,go,20,9,False,False
ARL4D,go,20,42,False,False
DUSP3,go,20,6,False,False
TMEM101,go,20,32,False,False
G6PC3,go,19,17,False,False
HDAC5,go,18,11,False,False
ASB16-AS1,go,0,0,True,False
TMUB2,go,20,5,False,False
ATXN7L3,go,20,16,False,False
UBTF,go,20,7,False,False
SLC25A39,go,16,4,False,False
GRN,go,20,3,False,False
GPATCH8,go,20,111,False,False
GJC1,go,3,0,False,False
DCAKD,go,20,8,False,False
HEXIM1,go,20,4,False,False
FMNL1,go,20,33,False,False
KANSL1,go,20,12,False,True
ARL17A,go,20,23,False,False
NSF,go,20,5,False,False
AC005670.3,go,0,0,True,False
AC002558.3,go,0,0,True,False
MYL4,go,11,0,False,False
MRPL10,go,20,32,False,True
AC018521.5,go,0,0,True,False
SP2,go,17,20,False,False
NFE2L1,go,17,11,False,False
HOXB2,go,12,6,False,False
HOXB-AS1,go,0,0,True,False
HOXB3,go,15,3,False,False
HOXB4,go,18,2,False,False
HOXB7,go,12,44,False,False
HOXB9,go,12,19,False,False
CALCOCO2,go,20,18,False,False
ATP5MC1,go,20,19,False,False
UBE2Z,go,20,31,False,False
ZNF652,go,13,20,False,False
PHB,go,20,1,False,True
FAM117A,go,0,0,True,False
KAT7,go,20,2,False,False
DLX4,go,19,85,False,False
PPP1R9B,go,1,1,False,False
AC005921.2,go,0,0,True,False
TOB1,go,20,3,False,False
SPAG9,go,20,2,False,False
NME1,go,20,9,False,False
MBTD1,go,20,20,False,False
AC006141.1,go,0,0,True,False
VEZF1,go,18,8,False,False
AC015813.1,go,0,0,True,False
DYNLL2,go,20,20,False,False
AC004687.1,go,0,0,True,False
MTMR4,go,20,8,False,False
TRIM37,go,20,8,False,False
PRR11,go,20,35,False,False
GDPD1,go,0,0,True,False
DHX40,go,20,31,False,False
CLTC,go,20,8,False,True
VMP1,go,20,6,False,False
RNFT1,go,20,19,False,False
HEATR6,go,0,0,True,False
USP32,go,20,40,False,False
APPBP2,go,20,9,False,False
PPM1D,go,20,5,False,False
TBX2-AS1,go,0,0,True,False
BRIP1,go,20,5,False,False
MED13,go,20,14,False,False
TLK2,go,20,10,False,False
TANC2,go,0,0,True,False
DCAF7,go,20,100,False,False
MAP3K3,go,20,34,False,False
LIMD2,go,20,177,False,False
ICAM2,go,20,19,False,False
SNHG25,go,0,0,True,False
SMURF2,go,20,37,False,False
PRKCA,go,20,9,False,False
HELZ,go,20,44,False,False
BPTF,go,18,13,False,False
KPNA2,go,20,5,False,False
PRKAR1A,go,20,2,False,False
COG1,go,20,18,False,False
CDC42EP4,go,20,27,False,False
RPL38,go,20,0,False,True
GPRC5C,go,20,10,False,False
FDXR,go,20,8,False,False
KCTD2,go,19,2,False,False
JPT1,go,20,175,False,False
GALK1,go,20,14,False,False
H3F3B,go,19,4,False,False
WBP2,go,20,14,False,False
ACOX1,go,14,3,False,False
TEN1,go,20,4,False,False
RNF157,go,20,2,False,False
UBALD2,go,0,0,True,False
PRPSAP1,go,20,4,False,False
SPHK1,go,5,1,False,False
SNHG16,go,0,0,True,False
ST6GALNAC1,go,20,5,False,False
MXRA7,go,20,8,False,False
JMJD6,go,20,0,False,False
METTL23,go,20,2,False,False
SRSF2,go,20,33,False,True
MFSD11,go,20,121,False,False
SNHG20,go,0,0,True,False
SEC14L1,go,20,33,False,False
SEPTIN9,go,20,7,False,False
TNRC6C,go,20,10,False,False
TMC6,go,20,52,False,False
TK1,go,20,5,False,False
BIRC5,go,20,9,False,False
CYTH1,go,20,26,False,False
CBX2,go,20,29,False,False
CBX8,go,20,8,False,False
CBX4,go,20,19,False,False
GAA,go,20,3,False,False
RNF213,go,20,0,False,False
ENDOV,go,20,4,False,False
CHMP6,go,20,12,False,True
BAIAP2,go,20,2,False,False
ACTG1,go,20,6,False,False
NPLOC4,go,20,11,False,True
OXLD1,go,0,0,True,False
HGS,go,20,9,False,True
AC139530.1,go,0,0,True,False
MRPL12,go,0,0,True,False
MCRIP1,go,20,55,False,False
P4HB,go,20,10,False,False
ALYREF,go,20,27,False,True
ANAPC11,go,20,23,False,False
SIRT7,go,20,3,False,False
MAFG,go,15,23,False,False
CENPX,go,0,0,True,False
RAC3,go,20,9,False,False
FASN,go,20,0,False,False
CCDC57,go,20,30,False,False
CSNK1D,go,20,20,False,False
CD7,go,19,45,False,False
NARF,go,20,10,False,False
WDR45B,go,20,11,False,False
METRNL,go,15,3,False,False
THOC1,go,20,7,False,True
TYMSOS,go,0,0,True,False
TYMS,go,20,2,False,False
YES1,go,20,5,False,False
LINC00470,go,0,0,True,False
NDC80,go,20,19,False,True
SMCHD1,go,20,0,False,False
EMILIN2,go,20,2,False,False
LPIN2,go,20,2,False,False
TGIF1,go,16,55,False,False
AP001531.1,go,0,0,True,False
ANKRD12,go,20,48,False,False
TWSG1,go,6,0,False,False
RALBP1,go,20,13,False,False
RAB31,go,20,18,False,False
CHMP1B,go,20,11,False,False
TUBB6,go,20,32,False,False
CEP76,go,19,45,False,False
CEP192,go,20,15,False,True
RNMT,go,20,3,False,True
ZNF519,go,17,18,False,False
ESCO1,go,20,1,False,False
SNRPD1,go,20,15,False,True
ABHD3,go,19,2,False,False
MIB1,go,20,10,False,False
RIOK3,go,20,6,False,False
IMPACT,go,7,0,False,False
ZNF521,go,16,38,False,False
SS18,go,12,4,False,False
TAF4B,go,20,8,False,False
DSC2,go,20,9,False,False
DSG2,go,20,9,False,False
TRAPPC8,go,20,12,False,False
RNF125,go,20,7,False,False
ZNF397,go,12,9,False,False
ZSCAN30,go,14,0,False,False
ZNF24,go,18,52,False,False
SLC39A6,go,20,8,False,False
ELP2,go,20,4,False,False
TPGS2,go,20,23,False,False
MIR924HG,go,0,0,True,False
PIK3C3,go,20,12,False,False
PSTPIP2,go,20,25,False,False
C18orf25,go,20,37,False,False
PIAS2,go,20,15,False,False
SMAD2,go,17,6,False,False
C18orf32,go,20,17,False,False
RPL17,go,20,59,False,True
ELAC1,go,20,30,False,False
SMAD4,go,20,2,False,False
TCF4,go,20,14,False,False
ONECUT2,go,10,0,False,False
FECH,go,20,16,False,False
PMAIP1,go,20,10,False,False
PIGN,go,18,39,False,False
RELCH,go,0,0,True,False
KDSR,go,18,96,False,False
VPS4B,go,20,14,False,False
TMX3,go,20,46,False,False
CD226,go,20,12,False,False
RTTN,go,20,24,False,False
AC079062.1,go,0,0,True,False
TXNL4A,go,20,20,False,True
TPGS1,go,20,1,False,False
BSG,go,20,21,False,False
PRSS57,go,20,5,False,False
PALM,go,20,0,False,False
PTBP1,go,20,10,False,True
PLPPR3,go,0,0,True,False
CFD,go,20,1,False,False
KISS1R,go,20,38,False,False
ARID3A,go,20,106,False,False
TMEM259,go,20,21,False,False
CNN2,go,18,5,False,False
ABCA7,go,4,0,False,False
SBNO2,go,20,1,False,False
STK11,go,20,6,False,False
ATP5F1D,go,17,11,False,False
MIDN,go,20,55,False,False
CIRBP,go,20,8,False,False
FAM174C,go,20,29,False,False
PWWP3A,go,20,76,False,False
NDUFS7,go,20,20,False,False
GAMT,go,20,2,False,False
REEP6,go,20,12,False,False
REXO1,go,20,8,False,False
AC012615.1,go,0,0,True,False
SCAMP4,go,20,15,False,False
BTBD2,go,20,42,False,False
MKNK2,go,20,41,False,False
MOB3A,go,20,11,False,False
DOT1L,go,20,3,False,False
LSM7,go,20,17,False,True
TIMM13,go,15,12,False,True
SLC39A3,go,20,8,False,False
NFIC,go,15,45,False,False
HMG20B,go,20,11,False,False
GIPC3,go,20,53,False,False
TBXA2R,go,20,4,False,False
PIP5K1C,go,20,6,False,False
MRPL54,go,20,60,False,True
MATK,go,20,30,False,False
DAPK3,go,20,18,False,False
EEF2,go,20,60,False,True
ZBTB7A,go,20,3,False,False
SIRT6,go,20,2,False,False
SH3GL1,go,20,13,False,False
CHAF1A,go,20,8,False,True
UBXN6,go,20,26,False,False
LRG1,go,20,6,False,False
TNFAIP8L1,go,20,23,False,False
DPP9,go,20,11,False,False
AC005523.2,go,0,0,True,False
PLIN3,go,20,16,False,False
UHRF1,go,20,7,False,False
KDM4B,go,20,3,False,False
LONP1,go,20,3,False,True
RANBP3,go,20,21,False,False
RFX2,go,13,35,False,False
ALKBH7,go,16,18,False,False
GPR108,go,20,42,False,False
ZNF557,go,12,23,False,False
ARHGEF18,go,20,31,False,False
ZNF358,go,11,0,False,False
MCOLN1,go,20,11,False,False
PNPLA6,go,19,24,False,False
PET100,go,9,4,False,False
STXBP2,go,20,6,False,False
MAP2K7,go,20,4,False,False
SNAPC2,go,20,12,False,True
RPS28,go,20,11,False,True
RAB11B,go,20,6,False,False
ZNF317,go,13,47,False,False
ZNF266,go,12,33,False,False
ZNF426,go,13,43,False,False
ZNF121,go,13,61,False,False
ZNF561,go,12,25,False,False
ZNF562,go,17,18,False,False
UBL5,go,4,1,False,True
PIN1,go,18,2,False,False
SHFL,go,20,12,False,False
DNMT1,go,20,4,False,True
ICAM1,go,20,15,False,False
ICAM4,go,20,28,False,False
FDX2,go,20,19,False,False
TYK2,go,20,9,False,False
ATG4D,go,19,1,False,False
KRI1,go,20,10,False,True
CDKN2D,go,20,5,False,False
SLC44A2,go,20,15,False,False
ILF3-DT,go,0,0,True,False
TMED1,go,20,36,False,False
LDLR,go,7,4,False,False
KANK2,go,20,2,False,False
TMEM205,go,20,78,False,False
PLPPR2,go,0,0,True,False
SWSAP1,go,20,5,False,False
EPOR,go,20,22,False,False
PRKCSH,go,20,4,False,False
CNN1,go,20,4,False,False
ELOF1,go,19,6,False,False
ACP5,go,3,0,False,False
ZNF440,go,12,31,False,False
ZNF700,go,10,8,False,False
ZNF433-AS1,go,0,0,True,False
ZNF791,go,10,12,False,False
MAN2B1,go,20,28,False,False
WDR83OS,go,20,6,False,False
TRIR,go,20,1,False,False
JUNB,go,20,0,False,False
PRDX2,go,20,4,False,False
KLF1,go,20,27,False,False
CALR,go,20,5,False,False
RAD23A,go,20,10,False,False
LYL1,go,15,9,False,False
IER2,go,20,50,False,False
CCDC130,go,20,3,False,False
CC2D1A,go,13,19,False,False
RFX1,go,14,18,False,False
IL27RA,go,18,4,False,False
SAMD1,go,20,4,False,False
PRKACA,go,20,1,False,False
ASF1B,go,19,9,False,False
ADGRE5,go,0,0,True,False
DDX39A,go,20,88,False,False
GIPC1,go,20,7,False,False
DNAJB1,go,20,16,False,False
AKAP8L,go,20,3,False,False
UCA1,go,0,0,True,False
TPM4,go,20,16,False,False
FAM32A,go,20,68,False,True
CHERP,go,20,5,False,True
MED26,go,20,30,False,True
SMIM7,go,20,47,False,False
MYO9B,go,20,23,False,False
OCEL1,go,11,1,False,False
BST2,go,20,14,False,False
PGLS,go,20,38,False,False
RPL18A,go,20,51,False,True
ARRDC2,go,20,73,False,False
IFI30,go,20,14,False,False
JUND,go,20,8,False,False
PGPEP1,go,20,16,False,True
GDF15,go,20,15,False,False
ISYNA1,go,20,30,False,False
ELL,go,20,5,False,False
FKBP8,go,20,4,False,False
HOMER3,go,20,14,False,False
SUGP2,go,20,22,False,False
ZNF101,go,10,25,False,False
ZNF430,go,17,14,False,False
ZNF714,go,17,18,False,False
ZNF431,go,18,2,False,False
ZNF708,go,17,18,False,False
ZNF493,go,16,26,False,False
ZNF429,go,12,28,False,False
ZNF100,go,15,41,False,False
ZNF91,go,17,2,False,False
ZNF675,go,20,1,False,False
ZNF681,go,13,0,False,False
AC092279.1,go,0,0,True,False
ZNF254,go,12,4,False,False
LINC00662,go,0,0,True,False
AC006504.5,go,0,0,True,False
AC079466.1,go,0,0,True,False
CCNE1,go,20,22,False,False
PDCD5,go,20,9,False,False
ANKRD27,go,20,18,False,False
CEP89,go,20,14,False,False
CEBPG,go,17,13,False,False
KIAA0355,go,20,13,False,False
ZNF181,go,12,35,False,False
AC008555.4,go,0,0,True,False
ZNF30,go,12,32,False,False
FXYD5,go,20,0,False,False
LSR,go,20,2,False,False
RBM42,go,20,45,False,True
U2AF1L4,go,20,6,False,False
PSENEN,go,20,13,False,False
SDHAF1,go,20,64,False,False
ALKBH6,go,20,44,False,False
TBCB,go,20,52,False,True
ZNF260,go,12,98,False,False
ZNF529,go,12,23,False,False
ZNF529-AS1,go,0,0,True,False
ZNF567,go,8,8,False,False
PPP1R14A,go,20,3,False,False
FAM98C,go,20,1,False,False
ECH1,go,20,43,False,False
SIRT2,go,6,3,False,False
FBXO17,go,20,31,False,False
GMFG,go,20,3,False,False
SUPT5H,go,20,12,False,True
EID2B,go,20,34,False,False
FBL,go,20,5,False,True
PLD3,go,20,3,False,False
SERTAD1,go,20,28,False,False
SERTAD3,go,20,20,False,False
BLVRB,go,20,32,False,False
SHKBP1,go,20,7,False,False
LTBP4,go,20,10,False,False
COQ8B,go,20,5,False,False
C19orf54,go,0,0,True,False
SNRPA,go,20,9,False,False
TGFB1,go,3,2,False,False
CCDC97,go,0,0,True,False
RPS19,go,20,2,False,True
RABAC1,go,20,64,False,False
DEDD2,go,20,1,False,False
ZNF526,go,13,32,False,False
GSK3A,go,20,2,False,False
CIC,go,15,9,False,False
MEGF8,go,19,0,False,False
XRCC1,go,20,2,False,False
IRGQ,go,20,6,False,False
ZNF576,go,10,6,False,False
ZNF428,go,18,37,False,False
PLAUR,go,20,0,False,False
ZNF283,go,12,33,False,False
ZNF224,go,17,54,False,False
ZNF226,go,16,26,False,False
NECTIN2,go,20,6,False,False
TOMM40,go,20,15,False,True
APOE,go,2,2,False,False
APOC1,go,1,0,False,False
CLASRP,go,20,33,False,False
MARK4,go,20,12,False,False
PPP1R37,go,20,7,False,False
TRAPPC6A,go,20,11,False,False
BLOC1S3,go,13,3,False,False
EXOC3L2,go,0,0,True,False
CD3EAP,go,20,5,False,True
ERCC1,go,16,2,False,False
RTN2,go,20,0,False,False
PPM1N,go,20,3,False,False
VASP,go,20,26,False,False
OPA3,go,20,3,False,False
EML2,go,20,9,False,False
DMWD,go,20,8,False,False
IRF2BP1,go,15,64,False,False
IGFL2-AS1,go,0,0,True,False
SLC1A5,go,20,20,False,False
AP2S1,go,20,10,False,True
ARHGAP35,go,20,3,False,False
TMEM160,go,20,80,False,False
BBC3,go,20,6,False,False
CCDC9,go,20,39,False,False
INAFM1,go,0,0,True,False
NOP53,go,20,0,False,False
SELENOW,go,20,2,False,False
CARD8,go,20,4,False,False
CARD8-AS1,go,0,0,True,False
EMP3,go,20,68,False,False
KDELR1,go,20,30,False,False
CYTH2,go,20,42,False,False
SPHK2,go,20,1,False,False
PPP1R15A,go,20,5,False,False
NUCB1,go,20,26,False,False
BAX,go,10,6,False,False
FTL,go,20,16,False,False
SNRNP70,go,20,11,False,True
TRPM4,go,6,1,False,False
RPL13A,go,20,8,False,True
RPS11,go,20,56,False,True
FCGRT,go,20,7,False,False
PRMT1,go,20,1,False,True
AP2A1,go,20,8,False,False
PNKP,go,20,5,False,False
NUP62,go,20,3,False,True
ATF5,go,20,26,False,True
VRK3,go,20,11,False,False
ZNF473,go,16,43,False,False
NR1H2,go,19,1,False,False
EMC10,go,20,6,False,False
C19orf81,go,0,0,True,False
CLEC11A,go,20,36,False,False
C19orf48,go,0,0,True,False
CTU1,go,20,1,False,False
CD33,go,20,2,False,False
ZNF175,go,15,43,False,False
ZNF480,go,12,85,False,False
ZNF83,go,14,0,False,False
ZNF611,go,12,21,False,False
ZNF600,go,15,42,False,False
ZNF28,go,12,33,False,False
ZNF468,go,12,27,False,False
ZNF160,go,13,1,False,False
ZNF347,go,12,30,False,False
ZNF765,go,13,18,False,False
ZNF761,go,13,0,False,False
ZNF813,go,13,0,False,False
MYADM,go,0,0,True,False
NDUFA3,go,20,28,False,False
LENG1,go,20,0,False,False
MBOAT7,go,20,8,False,False
RPS9,go,20,26,False,True
LENG8,go,20,85,False,False
NLRP2,go,20,12,False,False
PPP1R12C,go,20,22,False,False
TNNT1,go,20,2,False,False
TNNI3,go,16,3,False,False
KMT5C,go,0,0,True,False
RPL28,go,20,37,False,False
UBE2S,go,20,16,False,False
ISOC2,go,20,118,False,False
NAT14,go,18,2,False,False
FIZ1,go,18,8,False,False
ZNF524,go,7,11,False,False
ZNF580,go,14,7,False,False
ZNF581,go,8,8,False,False
AC005261.1,go,0,0,True,False
TRAPPC2B,go,0,0,True,False
ZNF551,go,12,25,False,False
ZNF587,go,13,21,False,False
ZNF606,go,15,36,False,False
ZNF274,go,16,7,False,False
ZNF8,go,13,20,False,False
ERVK3-1,go,0,0,True,False
A1BG,go,20,37,False,False
RPS5,go,20,31,False,True
ZNF324,go,13,0,False,False
CHMP2A,go,20,11,False,True
UBE2M,go,20,20,False,False
MZF1,go,18,25,False,False
AC016629.2,go,0,0,True,False
TRIB3,go,20,5,False,False
RBCK1,go,20,5,False,False
TBC1D20,go,20,1,False,False
STK35,go,20,105,False,False
SNRPB,go,20,7,False,True
NOP56,go,20,17,False,False
CPXM1,go,20,3,False,False
PCED1A,go,20,2,False,False
VPS16,go,20,10,False,False
PTPRA,go,20,11,False,False
ATRN,go,0,0,True,False
RNF24,go,20,51,False,False
PCNA,go,16,0,False,True
GPCPD1,go,20,0,False,False
TMX4,go,20,1,False,False
PLCB1,go,10,1,False,False
PLCB4,go,20,6,False,False
SLX4IP,go,20,0,False,False
BTBD3,go,20,34,False,False
ESF1,go,20,40,False,True
SNRPB2,go,20,29,False,False
DSTN,go,19,10,False,False
RRBP1,go,20,4,False,False
SNX5,go,20,5,False,False
MGME1,go,20,1,False,False
SMIM26,go,0,0,True,False
DTD1,go,17,6,False,False
CRNKL1,go,20,57,False,True
RALGAPA2,go,0,0,True,False
GZF1,go,15,7,False,False
NAPB,go,0,0,True,False
CST3,go,20,9,False,False
PYGB,go,20,20,False,False
NANP,go,16,1,False,False
ID1,go,18,0,False,False
BCL2L1,go,12,8,False,False
TPX2,go,20,17,False,True
PDRG1,go,20,11,False,True
TM9SF4,go,19,3,False,False
NOL4L,go,0,0,True,False
C20orf203,go,20,28,False,False
COMMD7,go,20,4,False,False
AL035071.1,go,0,0,True,False
SNTA1,go,6,1,False,False
CBFA2T2,go,19,9,False,False
E2F1,go,20,17,False,False
CHMP4B,go,20,11,False,False
ITCH,go,20,7,False,False
DYNLRB1,go,20,23,False,True
ACSS2,go,20,5,False,False
MMP24OS,go,0,0,True,False
CPNE1,go,20,12,False,False
RBM12,go,20,30,False,False
ROMO1,go,20,7,False,True
RBM39,go,20,13,False,True
SCAND1,go,20,47,False,False
NORAD,go,0,0,True,False
TGIF2,go,17,7,False,False
DSN1,go,20,18,False,True
BLCAP,go,20,1,False,False
RPRD1B,go,20,5,False,False
SNHG17,go,0,0,True,False
SNHG11,go,0,0,True,False
TOP1,go,20,3,False,True
CHD6,go,20,26,False,False
SRSF6,go,20,2,False,False
IFT52,go,20,12,False,False
MYBL2,go,15,3,False,True
OSER1,go,2,0,False,False
TTPAL,go,20,7,False,False
SERINC3,go,20,8,False,False
PKIG,go,20,12,False,False
ADA,go,0,0,True,False
TOMM34,go,20,67,False,False
STK4,go,20,18,False,False
PIGT,go,20,14,False,False
ACOT8,go,4,1,False,False
CTSA,go,20,17,False,False
PCIF1,go,20,2,False,False
ZNF335,go,20,2,False,True
ZMYND8,go,20,25,False,False
NCOA3,go,20,5,False,False
ARFGEF2,go,20,9,False,False
CSE1L,go,20,129,False,True
ZNFX1,go,20,1,False,False
ZFAS1,go,0,0,True,False
B4GALT5,go,20,8,False,False
SPATA2,go,0,0,True,False
RNF114,go,20,56,False,False
CEBPB,go,20,8,False,False
PTPN1,go,16,1,False,False
RIPOR3,go,20,0,False,False
PARD6B,go,20,8,False,False
NFATC2,go,17,50,False,False
ZNF217,go,20,27,False,False
PFDN4,go,20,41,False,False
FAM210B,go,20,17,False,False
AURKA,go,20,5,False,False
CASS4,go,20,5,False,False
CTCFL,go,18,23,False,False
RAB22A,go,20,27,False,False
VAPB,go,20,7,False,False
STX16,go,20,33,False,False
CTSZ,go,20,20,False,False
SYCP2,go,19,2,False,False
PPP1R3D,go,20,2,False,False
TAF4,go,0,0,True,False
SS18L1,go,20,41,False,False
OSBPL2,go,20,7,False,False
DIDO1,go,20,12,False,False
ARFGAP1,go,20,21,False,False
PPDPF,go,14,2,False,False
GMEB2,go,12,120,False,False
MHENCR,go,0,0,True,False
STMN3,go,20,1,False,False
SLC2A4RG,go,15,7,False,False
TCEA2,go,20,11,False,False
PCMTD2,go,20,15,False,False
AC079801.1,go,0,0,True,False
CU638689.4,go,0,0,True,False
CR381653.1,go,0,0,True,False
AP003900.1,go,0,0,True,False
HSPA13,go,20,29,False,False
SAMSN1,go,20,3,False,False
NRIP1,go,20,13,False,False
USP25,go,20,23,False,False
BTG3,go,20,72,False,False
C21orf91,go,0,0,True,False
MIR548XHG,go,0,0,True,False
LINC02573,go,0,0,True,False
NCAM2,go,14,1,False,False
GABPA,go,13,86,False,False
LTN1,go,20,5,False,False
RWDD2B,go,20,0,False,False
BACH1,go,20,8,False,False
SOD1,go,2,1,False,False
URB1-AS1,go,0,0,True,False
SYNJ1,go,3,2,False,False
IFNAR2,go,20,15,False,False
IL10RB,go,20,20,False,False
IFNAR1,go,20,9,False,False
IFNGR2,go,20,12,False,False
TMEM50B,go,20,156,False,False
GART,go,14,1,False,False
SON,go,20,7,False,True
CRYZL1,go,20,4,False,False
ITSN1,go,20,14,False,False
LINC00649,go,0,0,True,False
MRPS6,go,20,12,False,False
SLC5A3,go,2,0,False,False
RUNX1,go,12,2,False,False
MORC3,go,20,3,False,False
HLCS,go,20,0,False,False
TTC3,go,20,80,False,False
DYRK1A,go,20,26,False,False
DSCR4-IT1,go,0,0,True,False
DSCR8,go,0,0,True,False
ETS2,go,17,54,False,False
PSMG1,go,20,24,False,False
BRWD1,go,20,20,False,False
GET1,go,20,38,False,False
C2CD2,go,18,44,False,False
ZBTB21,go,15,34,False,False
SLC37A1,go,20,6,False,False
PKNOX1,go,13,10,False,False
PDXK,go,20,7,False,False
CSTB,go,20,28,False,False
RRP1,go,20,4,False,True
AGPAT3,go,20,54,False,False
TRAPPC10,go,20,8,False,False
SUMO3,go,20,3,False,False
PTTG1IP,go,20,10,False,False
AP001505.1,go,0,0,True,False
ADARB1,go,20,2,False,False
POFUT2,go,6,0,False,False
LINC00205,go,0,0,True,False
COL18A1,go,20,18,False,False
LINC01694,go,0,0,True,False
SPATC1L,go,20,0,False,False
LSS,go,20,3,False,False
MCM3AP-AS1,go,0,0,True,False
YBEY,go,17,4,False,False
C21orf58,go,0,0,True,False
PCNT,go,20,27,False,False
DIP2A,go,20,7,False,False
DUXAP8,go,0,0,True,False
XKR3,go,0,0,True,False
IL17RA,go,20,4,False,False
BCL2L13,go,20,28,False,False
BID,go,20,9,False,False
PEX26,go,20,8,False,False
ESS2,go,20,13,False,False
LINC01311,go,0,0,True,False
SLC25A1,go,20,0,False,False
MRPL40,go,20,19,False,False
UFD1,go,20,6,False,False
CDC45,go,20,16,False,False
GP1BB,go,20,15,False,False
TBX1,go,6,0,False,False
GNB1L,go,0,0,True,False
TXNRD2,go,20,22,False,False
COMT,go,20,5,False,False
TANGO2,go,20,23,False,False
RANBP1,go,20,44,False,False
ZDHHC8,go,20,7,False,False
DGCR6L,go,20,90,False,False
KLHL22,go,20,12,False,False
MED15,go,20,29,False,False
SNAP29,go,20,17,False,False
CRKL,go,0,0,True,False
LZTR1,go,20,2,False,False
HIC2,go,14,74,False,False
YDJC,go,7,0,False,False
SDF2L1,go,20,15,False,False
PPM1F,go,20,1,False,False
AC245452.1,go,0,0,True,False
AC245060.5,go,0,0,True,False
ZNF280B,go,17,24,False,False
PCAT14,go,0,0,True,False
CHCHD10,go,20,0,False,False
SLC2A11,go,20,6,False,False
MIF,go,1,0,False,False
SPECC1L,go,20,10,False,False
GRK3,go,20,7,False,False
MYO18B,go,0,0,True,False
SRRD,go,20,0,False,False
TFIP11,go,20,0,False,True
TPST2,go,20,16,False,False
PITPNB,go,20,3,False,False
TTC28-AS1,go,0,0,True,False
CCDC117,go,20,42,False,False
XBP1,go,20,0,False,False
RHBDD3,go,6,1,False,False
NEFH,go,14,0,False,False
MTMR3,go,20,9,False,False
MORC2-AS1,go,0,0,True,False
MORC2,go,20,36,False,False
TUG1,go,0,0,True,False
RNF185,go,20,12,False,False
EIF4ENIF1,go,20,10,False,False
SFI1,go,20,24,False,False
PRR14L,go,0,0,True,False
DEPDC5,go,20,5,False,False
YWHAH,go,20,4,False,False
FBXO7,go,20,3,False,False
MCM5,go,20,21,False,False
MYH9,go,20,8,False,False
TXN2,go,20,4,False,False
IFT27,go,20,18,False,False
TST,go,20,2,False,False
MPST,go,20,5,False,False
RAC2,go,20,7,False,False
CDC42EP1,go,20,37,False,False
SH3BP1,go,20,4,False,False
LGALS1,go,20,17,False,False
TRIOBP,go,20,1,False,False
GCAT,go,20,6,False,False
EIF3L,go,20,21,False,False
AL022311.1,go,0,0,True,False
KDELR3,go,20,20,False,False
CBY1,go,20,5,False,False
JOSD1,go,20,86,False,False
APOBEC3C,go,20,6,False,False
RPL3,go,20,22,False,False
ATF4,go,20,9,False,True
RPS19BP1,go,20,91,False,True
TNRC6B,go,20,12,False,False
MRTFA,go,20,19,False,False
RBX1,go,20,16,False,True
EP300,go,7,1,False,False
TOB2,go,20,16,False,False
SMDT1,go,20,30,False,False
POLDIP3,go,20,83,False,False
ARFGAP3,go,20,65,False,False
PACSIN2,go,20,17,False,False
TSPO,go,4,1,False,False
NUP50,go,20,24,False,False
FAM118A,go,20,68,False,False
Z95331.1,go,0,0,True,False
PPARA,go,17,0,False,False
GTSE1,go,20,18,False,False
CERK,go,18,3,False,False
AL118516.1,go,0,0,True,False
AL117329.1,go,0,0,True,False
BRD1,go,13,3,False,False
CRELD2,go,20,41,False,False
PIM3,go,20,71,False,False
TRABD,go,0,0,True,False
SELENOO,go,17,4,False,False
TUBGCP6,go,20,6,False,False
HDAC10,go,20,11,False,False
PPP6R2,go,20,16,False,False
CHKB-DT,go,0,0,True,False
PLCXD1,go,20,10,False,False
SLC25A6,go,20,20,False,False
AKAP17A,go,20,25,False,False
CD99,go,20,46,False,False
PNPLA4,go,20,1,False,False
TBL1X,go,20,10,False,False
ARHGAP6,go,20,9,False,False
MSL3,go,20,19,False,False
TMSB4X,go,20,4,False,False
OFD1,go,20,40,False,False
MOSPD2,go,0,0,True,False
ZRSR2,go,20,10,False,False
AP1S2,go,20,27,False,False
SH3KBP1,go,20,27,False,False
EIF1AX,go,20,69,False,True
MBTPS2,go,20,1,False,False
PRDX4,go,20,8,False,False
SAT1,go,14,12,False,False
EIF2S3,go,20,28,False,True
ZFX,go,19,5,False,False
POLA1,go,20,9,False,True
TAB3,go,20,24,False,False
XK,go,20,3,False,False
DYNLT3,go,20,11,False,False
BCOR,go,20,4,False,False
ATP6AP2,go,20,13,False,False
CXorf38,go,20,93,False,False
MED14,go,20,34,False,True
USP9X,go,20,7,False,False
DDX3X,go,20,1,False,False
EFHC2,go,0,0,True,False
FUNDC1,go,20,3,False,False
KDM6A,go,20,7,False,False
UBA1,go,20,29,False,True
CDK16,go,20,21,False,False
USP11,go,20,35,False,False
TIMP1,go,20,6,False,False
ELK1,go,13,2,False,False
UXT,go,20,12,False,True
RBM3,go,20,14,False,False
WAS,go,20,6,False,False
HDAC6,go,5,1,False,False
SLC35A2,go,20,9,False,False
PIM2,go,20,24,False,False
OTUD5,go,20,11,False,False
GRIPAP1,go,20,2,False,False
WDR45,go,20,11,False,False
PLP2,go,20,71,False,False
CLCN5,go,0,0,True,False
KDM5C,go,20,12,False,False
SMC1A,go,20,8,False,True
HUWE1,go,20,18,False,True
MAGED2,go,20,34,False,False
ALAS2,go,20,8,False,False
USP51,go,20,1,False,False
UBQLN2,go,20,15,False,False
NBDY,go,0,0,True,False
LINC01278,go,0,0,True,False
SPIN4,go,20,7,False,False
MSN,go,20,9,False,False
AL034397.3,go,0,0,True,False
HEPH,go,20,1,False,False
YIPF6,go,20,20,False,False
IGBP1,go,20,3,False,True
PDZD11,go,20,4,False,False
KIF4A,go,20,18,False,False
TAF1,go,20,6,False,True
OGT,go,20,8,False,True
PIN4,go,20,16,False,False
RPS4X,go,20,12,False,True
HDAC8,go,20,9,False,False
XIST,go,0,0,True,False
FTX,go,0,0,True,False
Z83843.1,go,0,0,True,False
RLIM,go,20,34,False,False
ABCB7,go,20,3,False,True
PBDC1,go,0,0,True,False
ATRX,go,20,9,False,False
MAGT1,go,20,12,False,False
ATP7A,go,0,0,True,False
TAF9B,go,20,7,False,False
ITM2A,go,20,37,False,False
BRWD3,go,14,6,False,False
HMGN5,go,20,12,False,False
SH3BGRL,go,20,30,False,False
ZNF711,go,10,13,False,False
CHM,go,20,4,False,False
SYTL4,go,19,1,False,False
TIMM8A,go,20,20,False,False
BTK,go,20,14,False,False
RPL36A,go,20,16,False,True
GLA,go,20,1,False,False
HNRNPH2,go,20,94,False,False
ARMCX6,go,17,23,False,False
ARMCX3,go,20,7,False,False
BEX4,go,20,21,False,False
TCEAL8,go,20,34,False,False
BEX2,go,20,13,False,False
TCEAL9,go,20,10,False,False
MORF4L2,go,20,19,False,False
RBM41,go,20,2,False,False
ATG4A,go,20,4,False,False
COL4A5,go,0,0,True,False
NXT2,go,20,16,False,False
ACSL4,go,20,3,False,False
TMEM164,go,20,44,False,False
AMMECR1,go,20,182,False,False
XACT,go,0,0,True,False
WDR44,go,20,44,False,False
DOCK11,go,20,18,False,False
IL13RA1,go,20,7,False,False
PGRMC1,go,20,1,False,False
SLC25A5,go,20,4,False,False
UBE2A,go,20,9,False,False
SEPTIN6,go,20,3,False,False
RPL39,go,20,5,False,True
RNF113A,go,20,14,False,True
NDUFA1,go,20,23,False,False
NKAP,go,20,14,False,True
RHOXF2B,go,9,4,False,False
ZBTB33,go,18,44,False,False
LAMP2,go,20,10,False,False
CUL4B,go,20,5,False,False
THOC2,go,20,5,False,True
XIAP,go,20,3,False,False
STAG2,go,20,19,False,False
SMARCA1,go,20,18,False,False
UTP14A,go,20,111,False,False
BCORL1,go,20,25,False,False
STK26,go,0,0,True,False
RAP2C,go,20,23,False,False
PHF6,go,20,21,False,False
FAM122B,go,7,3,False,False
RTL8C,go,0,0,True,False
RTL8A,go,20,14,False,False
ARHGEF6,go,20,36,False,False
AL683813.1,go,0,0,True,False
FGF13,go,20,7,False,False
MAGEC1,go,20,58,False,False
FMR1,go,13,1,False,False
IDS,go,20,8,False,False
NSDHL,go,20,5,False,False
BCAP31,go,20,4,False,False
IDH3G,go,15,11,False,False
SSR4,go,20,12,False,False
NAA10,go,20,4,False,True
HCFC1,go,20,14,False,False
MECP2,go,19,0,False,False
FLNA,go,20,2,False,False
RPL10,go,20,10,False,True
ATP6AP1,go,20,20,False,True
GDI1,go,20,11,False,False
FAM50A,go,20,67,False,True
G6PD,go,20,0,False,False
CTAG2,go,20,19,False,False
DKC1,go,20,9,False,True
MPP1,go,20,14,False,False
FUNDC2,go,20,4,False,False
BRCC3,go,20,8,False,False
TMLHE,go,13,8,False,False
VAMP7,go,20,17,False,False
MT-ND1,go,0,0,True,False
MT-ND2,go,0,0,True,False
MT-CO2,go,0,0,True,False
MT-ATP8,go,0,0,True,False
MT-ATP6,go,0,0,True,False
MT-ND3,go,0,0,True,False
MT-ND4L,go,0,0,True,False
MT-ND5,go,0,0,True,False
MT-ND6,go,0,0,True,False
MT-CYB,go,0,0,True,False
BX004987.1,go,0,0,True,False
MAFIP,go,0,0,True,False
AL354822.1,go,0,0,True,False
AC240274.1,go,0,0,True,False
AAMP,go,20,8,False,True
AARS,go,20,4,False,True
AATF,go,20,4,False,True
ABCF1,go,20,41,False,True
ABT1,go,20,2,False,True
ACTL6A,go,20,25,False,True
ACTR6,go,20,10,False,True
ACTR8,go,20,9,False,True
AHCY,go,20,16,False,True
ALDOA,go,20,12,False,True
ALG13,go,20,2,False,True
ANAPC2,go,20,8,False,True
ANAPC4,go,20,14,False,True
AQR,go,20,57,False,True
ARMC7,go,20,141,False,True
ARPC4,go,20,10,False,True
ATP1A1,go,1,1,False,True
ATP6V0B,go,20,17,False,True
ATP6V1A,go,20,18,False,True
ATRIP,go,20,14,False,True
BAP1,go,20,0,False,True
BCAS2,go,20,38,False,True
BGLAP,go,4,2,False,True
BMS1,go,20,7,False,True
BNIP1,go,20,13,False,True
BTF3,go,20,17,False,True
BUB3,go,20,18,False,True
BUD13,go,20,51,False,True
BYSL,go,20,20,False,True
C12orf45,go,20,19,False,True
C14orf178,go,0,0,True,False
C7orf26,go,0,0,True,False
CACTIN,go,20,8,False,True
CAPZB,go,20,16,False,True
CCNH,go,20,9,False,True
CCNK,go,20,10,False,True
CCT2,go,20,10,False,True
CCT3,go,20,11,False,True
CCT4,go,20,12,False,True
CCT5,go,20,8,False,True
CCT6A,go,20,25,False,True
CCT7,go,20,19,False,True
CCT8,go,20,16,False,True
CDAN1,go,20,37,False,True
CDC123,go,20,3,False,True
CDC16,go,20,20,False,True
CDC23,go,20,14,False,True
CDC27,go,20,26,False,True
CDC5L,go,20,17,False,True
CDC73,go,20,4,False,True
CDK9,go,20,4,False,True
CEBPZ,go,20,3,False,True
CENPJ,go,20,4,False,True
CENPK,go,20,28,False,True
CHAF1B,go,20,31,False,True
CHCHD4,go,20,2,False,True
CHD4,go,20,44,False,True
CHMP1A,go,19,10,False,True
CHMP3,go,20,10,False,True
CIAPIN1,go,20,13,False,True
CINP,go,20,34,False,True
CLNS1A,go,20,6,False,True
CMTR1,go,20,7,False,True
CNIH4,go,20,55,False,True
CNOT1,go,20,6,False,True
CNOT2,go,20,10,False,True
CNOT3,go,20,5,False,True
COPS2,go,20,19,False,True
COPS3,go,20,21,False,True
COPS4,go,20,24,False,True
COPS6,go,20,63,False,True
COPZ1,go,20,13,False,True
COX11,go,20,6,False,True
COX15,go,19,7,False,True
COX7C,go,20,39,False,True
CPSF1,go,20,11,False,True
CPSF3,go,20,4,False,True
CPSF4,go,20,14,False,True
CPSF6,go,20,4,False,True
CSNK2B,go,20,11,False,True
CSTF1,go,20,24,False,True
CSTF3,go,20,31,False,True
CTDP1,go,20,3,False,True
CTNNBL1,go,20,22,False,True
CUL1,go,20,8,False,True
CUL2,go,20,9,False,True
CUL7,go,20,2,False,True
CWC15,go,20,54,False,True
CWC22,go,20,83,False,True
CXXC1,go,20,21,False,True
DAP3,go,20,0,False,True
DARS,go,20,34,False,True
DBR1,go,20,9,False,True
DCUN1D5,go,20,2,False,True
DDB1,go,20,7,False,True
DDOST,go,20,29,False,True
DDX18,go,20,48,False,True
DDX20,go,20,10,False,True
DDX27,go,20,41,False,True
DDX41,go,20,47,False,True
DDX47,go,20,70,False,True
DDX49,go,20,48,False,True
DDX5,go,20,1,False,True
DDX51,go,20,37,False,True
DDX52,go,20,36,False,True
DDX54,go,20,18,False,True
DDX55,go,20,132,False,True
DDX56,go,20,35,False,True
DENR,go,20,3,False,True
DHDDS,go,20,5,False,True
DHODH,go,20,13,False,True
DHX15,go,20,15,False,True
DHX16,go,20,51,False,True
DHX33,go,20,8,False,True
DHX37,go,20,11,False,True
DICER1,go,20,2,False,True
DIMT1,go,20,3,False,True
DLD,go,17,0,False,True
DMAP1,go,20,26,False,True
DNAJA3,go,20,2,False,True
DNAJC17,go,20,5,False,True
DNAJC19,go,20,9,False,True
DNAJC8,go,20,124,False,True
DNM1L,go,20,5,False,True
DNTTIP2,go,20,95,False,True
DOHH,go,20,6,False,True
DONSON,go,20,1,False,True
DPH2,go,20,25,False,True
DYNC1I2,go,20,18,False,True
E4F1,go,18,4,False,True
ECD,go,20,49,False,True
EFTUD2,go,20,30,False,True
EIF2B1,go,20,25,False,True
EIF2B2,go,20,6,False,True
EIF2B3,go,20,9,False,True
EIF2B5,go,20,5,False,True
EIF2S1,go,20,1,False,True
EIF2S2,go,20,17,False,True
EIF3A,go,20,11,False,True
EIF3B,go,20,21,False,True
EIF3CL,go,20,15,False,True
EIF3D,go,20,14,False,True
EIF3G,go,20,31,False,True
EIF3I,go,20,24,False,True
EIF3J,go,20,16,False,True
EIF3M,go,20,17,False,True
EIF4E,go,20,3,False,True
EIF6,go,20,2,False,True
ELP3,go,20,4,False,True
ELP5,go,20,19,False,True
EP400,go,20,23,False,True
ERCC2,go,20,3,False,True
ERCC3,go,20,6,False,True
ERH,go,20,0,False,True
EXOC7,go,20,7,False,True
EXOSC10,go,20,13,False,True
EXOSC2,go,20,12,False,True
EXOSC3,go,20,11,False,True
EXOSC4,go,20,11,False,True
EXOSC5,go,20,15,False,True
EXOSC6,go,20,9,False,True
FAM136A,go,20,135,False,True
FARSA,go,20,30,False,True
FARSB,go,20,17,False,True
FASTKD5,go,20,20,False,True
FAU,go,0,0,True,False
FNTA,go,20,1,False,True
FTSJ3,go,20,3,False,True
GATA1,go,19,7,False,True
GBF1,go,20,0,False,True
GEMIN5,go,20,2,False,True
GFER,go,20,1,False,True
GFM1,go,20,41,False,True
GINS1,go,20,4,False,True
GINS3,go,20,7,False,True
GLE1,go,20,13,False,True
GMPS,go,20,2,False,True
GNL3L,go,20,4,False,True
GPKOW,go,20,117,False,True
GPN1,go,20,86,False,True
GPN2,go,20,26,False,True
GPN3,go,20,25,False,True
GPS1,go,20,22,False,True
GRB2,go,20,10,False,True
GRPEL1,go,20,25,False,True
GRSF1,go,20,13,False,True
GSPT1,go,20,5,False,True
GTF2A2,go,20,21,False,True
GTF2E1,go,20,20,False,True
GTF2E2,go,20,19,False,True
GTF2F2,go,20,24,False,True
GTF2H1,go,20,4,False,True
GTF2H4,go,20,10,False,True
GTF3C3,go,20,9,False,True
GTPBP4,go,20,16,False,True
GUCD1,go,20,0,False,True
HARS,go,20,30,False,True
HARS2,go,20,11,False,True
HAUS5,go,20,20,False,True
HDAC7,go,20,7,False,True
HEATR1,go,20,20,False,True
HIRA,go,20,9,False,True
HNRNPC,go,20,11,False,True
HNRNPL,go,20,30,False,True
HNRNPM,go,20,26,False,True
HNRNPU,go,20,0,False,True
HSCB,go,20,54,False,True
HSF1,go,20,2,False,True
HSPA9,go,20,11,False,True
HYPK,go,20,50,False,True
IARS,go,20,22,False,True
ICE1,go,20,6,False,True
ILF2,go,20,38,False,True
ILF3,go,20,28,False,True
IMP4,go,20,2,False,True
INO80,go,20,8,False,True
INO80B,go,20,10,False,True
INTS1,go,20,9,False,True
INTS2,go,20,36,False,True
INTS3,go,20,30,False,True
INTS4,go,20,43,False,True
INTS5,go,20,82,False,True
INTS7,go,20,22,False,True
INTS9,go,20,92,False,True
IPO13,go,20,73,False,True
ISG20L2,go,20,10,False,True
JAZF1,go,20,64,False,True
KANSL3,go,20,9,False,True
KARS,go,20,9,False,True
KAT8,go,20,15,False,True
KPNB1,go,20,9,False,True
KRR1,go,20,76,False,True
LAMTOR4,go,20,13,False,True
LAS1L,go,20,12,False,True
LETM1,go,20,5,False,True
LSG1,go,20,5,False,True
LSM11,go,20,4,False,True
LSM2,go,20,21,False,True
LSM4,go,20,13,False,True
LSM5,go,20,14,False,True
LTV1,go,20,25,False,True
LUC7L3,go,20,45,False,True
MAGOH,go,20,12,False,True
MAK16,go,20,12,False,True
MARS2,go,19,6,False,True
MAU2,go,20,6,False,True
MAX,go,20,19,False,True
MCM3AP,go,20,9,False,True
MCMBP,go,20,54,False,True
MED11,go,20,22,False,True
MED12,go,20,6,False,True
MED22,go,20,21,False,True
MED28,go,20,20,False,True
MED29,go,20,27,False,True
MED4,go,20,37,False,True
MED9,go,20,21,False,True
METAP2,go,20,12,False,True
MEX3A,go,20,46,False,True
MFAP1,go,20,24,False,True
MIOS,go,20,17,False,True
MNAT1,go,20,6,False,True
MRGBP,go,20,17,False,True
MRPL13,go,20,18,False,True
MRPL14,go,20,50,False,True
MRPL17,go,20,19,False,True
MRPL18,go,20,9,False,True
MRPL19,go,20,53,False,True
MRPL2,go,20,40,False,True
MRPL24,go,20,49,False,True
MRPL27,go,20,19,False,True
MRPL32,go,20,50,False,True
MRPL33,go,20,39,False,True
MRPL35,go,20,33,False,True
MRPL36,go,20,20,False,True
MRPL37,go,20,38,False,True
MRPL38,go,20,77,False,True
MRPL39,go,20,11,False,True
MRPL4,go,20,67,False,True
MRPL43,go,20,45,False,True
MRPL49,go,20,44,False,True
MRPL51,go,20,41,False,True
MRPL53,go,20,72,False,True
MRPL55,go,20,38,False,True
MRPS14,go,20,16,False,True
MRPS18A,go,20,22,False,True
MRPS2,go,20,17,False,True
MRPS21,go,20,21,False,True
MRPS23,go,20,32,False,True
MRPS26,go,20,21,False,True
MRPS27,go,20,4,False,True
MRPS28,go,20,17,False,True
MRPS35,go,20,16,False,True
MRPS7,go,20,5,False,True
MRPS9,go,20,24,False,True
MTOR,go,20,2,False,True
MTPAP,go,20,9,False,True
MYBBP1A,go,20,4,False,True
MZT1,go,20,7,False,True
N6AMT1,go,20,1,False,True
NAA15,go,20,16,False,True
NAA20,go,20,57,False,True
NAA25,go,20,28,False,True
NACA,go,14,3,False,True
NAE1,go,20,16,False,True
NARS,go,20,16,False,True
NAT10,go,20,0,False,True
NCAPH,go,20,8,False,True
NCBP1,go,20,1,False,True
NCBP2,go,20,1,False,True
NDUFA6,go,20,18,False,True
NDUFAB1,go,20,23,False,True
NDUFB10,go,20,21,False,True
NDUFB8,go,20,22,False,True
NEDD8,go,20,18,False,True
NELFB,go,20,8,False,True
NELFCD,go,20,13,False,True
NELFE,go,20,17,False,True
NFRKB,go,20,12,False,True
NFS1,go,20,23,False,True
NIFK,go,20,12,False,True
NLE1,go,20,0,False,True
NMD3,go,20,4,False,True
NOB1,go,20,4,False,True
NOC3L,go,20,9,False,True
NOC4L,go,20,45,False,True
NOL11,go,20,17,False,True
NOL12,go,20,31,False,True
NOL6,go,20,21,False,True
NOM1,go,20,18,False,True
NOP10,go,20,4,False,True
NOP2,go,20,11,False,True
NOP58,go,20,14,False,True
NRF1,go,17,17,False,True
NSA2,go,20,7,False,True
NUBP1,go,20,1,False,True
NUDC,go,20,22,False,True
NUDCD3,go,20,12,False,True
NUDT21,go,20,1,False,True
NUFIP1,go,20,4,False,True
NUP107,go,20,16,False,True
NUP133,go,20,14,False,True
NUP160,go,20,18,False,True
NUP54,go,20,13,False,True
NUP85,go,20,19,False,True
NUP88,go,20,19,False,True
NUP98,go,20,15,False,True
NUTF2,go,20,18,False,True
NVL,go,20,27,False,True
OGFOD1,go,20,3,False,True
ORC5,go,20,22,False,True
OXA1L,go,19,5,False,True
PABPN1,go,20,10,False,True
PAF1,go,20,4,False,True
PAXBP1,go,16,3,False,True
PCBP1,go,20,40,False,True
PCID2,go,20,1,False,True
PDAP1,go,20,66,False,True
PDCD11,go,20,123,False,True
PDCD2,go,19,25,False,True
PDCD7,go,20,4,False,True
PELP1,go,20,31,False,True
PES1,go,20,19,False,True
PET117,go,20,9,False,True
PFN1,go,20,13,False,True
PGAM1,go,20,2,False,True
PHB2,go,5,1,False,True
PHF5A,go,20,21,False,True
PIAS4,go,20,5,False,True
PMF1,go,20,10,False,True
PMPCA,go,20,23,False,True
PMPCB,go,20,7,False,True
PNO1,go,20,200,False,True
PNPT1,go,20,1,False,True
POLA2,go,20,13,False,True
POLD1,go,20,18,False,True
POLD2,go,20,14,False,True
POLE,go,20,10,False,True
POLR1A,go,20,15,False,True
POLR1B,go,20,15,False,True
POLR1C,go,20,6,False,True
POLR1E,go,20,10,False,True
POLR2B,go,20,35,False,True
POLR2C,go,20,50,False,True
POLR2D,go,20,6,False,True
POLR2E,go,20,29,False,True
POLR2F,go,20,22,False,True
POLR2G,go,20,8,False,True
POLR2H,go,20,11,False,True
POLR2I,go,20,16,False,True
POLR3B,go,20,11,False,True
POLR3D,go,20,6,False,True
POLR3E,go,20,8,False,True
POLR3F,go,20,10,False,True
POLRMT,go,18,17,False,True
POP1,go,12,1,False,True
POP4,go,20,7,False,True
POP5,go,20,8,False,True
POP7,go,20,14,False,True
PPAN,go,20,10,False,True
PPARGC1B,go,20,2,False,True
PPIE,go,20,26,False,True
PPP1CA,go,20,9,False,True
PPP1R11,go,20,7,False,True
PPP1R8,go,20,17,False,True
PPP2R1A,go,20,0,False,True
PPP4C,go,20,8,False,True
PPRC1,go,20,6,False,True
PRELID1,go,20,1,False,True
PRELID3B,go,4,1,False,True
PRIM2,go,20,6,False,True
PRMT5,go,20,2,False,True
PRPF18,go,20,3,False,True
PRPF19,go,20,1,False,True
PRPF31,go,20,6,False,True
PRPF4,go,20,18,False,True
PRPF40A,go,20,2,False,True
PRPF6,go,20,31,False,True
PRPF8,go,20,12,False,True
PRRC2A,go,20,176,False,True
PSMA1,go,20,23,False,True
PSMA2,go,20,63,False,True
PSMA3,go,20,40,False,True
PSMA4,go,20,32,False,True
PSMA6,go,20,12,False,True
PSMA7,go,20,63,False,True
PSMB1,go,20,60,False,True
PSMB2,go,20,36,False,True
PSMB3,go,20,56,False,True
PSMB5,go,20,22,False,True
PSMB7,go,20,47,False,True
PSMC1,go,20,22,False,True
PSMC2,go,20,34,False,True
PSMC3,go,20,27,False,True
PSMC4,go,20,24,False,True
PSMC6,go,20,15,False,True
PSMD1,go,20,18,False,True
PSMD11,go,20,23,False,True
PSMD12,go,20,68,False,True
PSMD13,go,20,15,False,True
PSMD2,go,20,37,False,True
PSMD3,go,20,39,False,True
PSMD4,go,20,40,False,True
PSMD6,go,20,23,False,True
PSMG3,go,20,3,False,True
PTCD1,go,20,45,False,True
PUF60,go,20,2,False,True
PWP2,go,20,6,False,True
RABGGTA,go,20,26,False,True
RAD51,go,20,9,False,True
RAD51C,go,20,13,False,True
RAE1,go,20,1,False,True
RAN,go,20,4,False,True
RANGAP1,go,20,7,False,True
RBBP4,go,20,15,False,True
RBBP8,go,20,8,False,True
RBM14,go,20,12,False,True
RBM17,go,20,22,False,True
RBM19,go,20,25,False,True
RBM25,go,20,35,False,True
RBM28,go,20,7,False,True
RBM4,go,20,5,False,True
RBM8A,go,20,18,False,True
RBMX,go,20,7,False,True
RBMX2,go,20,15,False,True
RCC1,go,20,5,False,True
RCL1,go,20,3,False,True
REXO2,go,20,4,False,True
RFC1,go,4,1,False,True
RFC3,go,20,11,False,True
RFC5,go,20,33,False,True
RINT1,go,20,29,False,True
RIOK1,go,20,27,False,True
RIOK2,go,20,43,False,True
RNF40,go,20,3,False,True
RNPS1,go,20,40,False,True
RPA1,go,20,12,False,True
RPA2,go,20,5,False,True
RPAP1,go,18,8,False,True
RPF1,go,8,1,False,True
RPL11,go,20,4,False,True
RPL18,go,20,52,False,True
RPL19,go,20,52,False,True
RPL21,go,20,63,False,True
RPL23A,go,20,27,False,True
RPL27,go,20,61,False,True
RPL30,go,20,36,False,True
RPL35,go,20,15,False,True
RPL36,go,20,24,False,True
RPL4,go,20,78,False,True
RPL6,go,20,11,False,True
RPL7L1,go,20,2,False,True
RPL8,go,20,26,False,True
RPL9,go,20,56,False,True
RPLP0,go,20,28,False,True
RPLP2,go,20,40,False,True
RPP30,go,20,10,False,True
RPP38,go,20,10,False,True
RPP40,go,20,7,False,True
RPS10,go,20,61,False,True
RPS10-NUDT3,go,0,0,True,False
RPS13,go,20,49,False,True
RPS15,go,20,10,False,True
RPS15A,go,20,38,False,True
RPS16,go,20,31,False,True
RPS2,go,20,57,False,True
RPS21,go,20,7,False,True
RPS27A,go,20,22,False,True
RPS7,go,20,11,False,True
RPTOR,go,20,3,False,True
RPUSD4,go,20,13,False,True
RRP7A,go,20,7,False,True
RRS1,go,20,7,False,True
RSL1D1,go,20,1,False,True
RTCB,go,20,19,False,True
RUVBL1,go,20,15,False,True
SAE1,go,20,1,False,True
SAMM50,go,19,12,False,True
SAP130,go,20,14,False,True
SARS2,go,20,25,False,True
SART1,go,20,36,False,True
SART3,go,20,1,False,True
SCAF1,go,20,2,False,True
SCFD1,go,20,12,False,True
SDAD1,go,20,10,False,True
SDC1,go,20,5,False,True
SDHC,go,20,19,False,True
SEC13,go,20,23,False,True
SEH1L,go,20,16,False,True
SERBP1,go,20,79,False,True
SETD1A,go,20,11,False,True
SF1,go,16,0,False,True
SF3A1,go,20,37,False,True
SF3A2,go,20,28,False,True
SF3B2,go,20,79,False,True
SF3B3,go,20,10,False,True
SKA3,go,20,24,False,True
SKP1,go,20,10,False,True
SMARCB1,go,20,9,False,True
SMG5,go,20,6,False,True
SMN2,go,20,8,False,True
SNAPC3,go,20,8,False,True
SNRNP200,go,20,17,False,True
SNRNP27,go,20,27,False,True
SNRPC,go,20,1,False,True
SNRPD3,go,20,8,False,True
SNRPE,go,20,11,False,True
SNRPG,go,20,9,False,True
SNW1,go,20,2,False,True
SPC24,go,20,22,False,True
SRBD1,go,20,1,False,True
SRP54,go,20,4,False,True
SRP68,go,20,2,False,True
SRPRB,go,20,9,False,True
SRRM2,go,20,17,False,True
SRRT,go,20,3,False,True
SRSF1,go,20,40,False,True
SRSF10,go,20,8,False,True
SRSF11,go,20,119,False,True
SSRP1,go,20,31,False,True
STARD7,go,20,4,False,True
STRAP,go,20,1,False,True
SUGP1,go,20,48,False,True
SUGT1,go,20,6,False,True
SUPT16H,go,20,5,False,True
SUPT4H1,go,20,13,False,True
SUPV3L1,go,20,5,False,True
SYMPK,go,20,15,False,True
TAF10,go,20,19,False,True
TAF5,go,20,21,False,True
TANGO6,go,20,0,False,True
TARS,go,20,45,False,True
TBL3,go,20,23,False,True
TBP,go,20,13,False,True
TCERG1,go,20,20,False,True
TCOF1,go,20,4,False,True
TEFM,go,20,13,False,True
TELO2,go,20,6,False,True
TEX10,go,20,57,False,True
TFDP1,go,20,10,False,True
THAP11,go,20,39,False,True
THG1L,go,20,8,False,True
THOC3,go,20,8,False,True
THOC5,go,20,6,False,True
THOC6,go,20,7,False,True
THOC7,go,20,51,False,True
TICRR,go,20,32,False,True
TIMM44,go,20,32,False,True
TIMM9,go,18,9,False,True
TMA16,go,20,127,False,True
TMX2,go,19,12,False,True
TNPO3,go,20,13,False,True
TOMM22,go,19,20,False,True
TRA2B,go,20,8,False,True
TREX2,go,20,8,False,True
TRMT5,go,20,2,False,True
TSEN2,go,20,2,False,True
TSR1,go,20,18,False,True
TSR2,go,20,31,False,True
TTC27,go,20,0,False,True
TTI1,go,20,2,False,True
TUBGCP2,go,20,6,False,True
TUT1,go,20,6,False,True
TWISTNB,go,20,1,False,True
TXN,go,18,2,False,True
U2AF1,go,20,35,False,True
U2AF2,go,20,5,False,True
UBA2,go,20,1,False,True
UBA52,go,20,18,False,True
UBE2I,go,20,5,False,True
UBQLN4,go,20,15,False,True
UPF1,go,20,7,False,True
UQCC2,go,20,20,False,True
UQCRC2,go,20,17,False,True
UQCRFS1,go,20,11,False,True
URB2,go,20,1,False,True
URI1,go,20,5,False,True
USP36,go,20,24,False,True
USP39,go,20,15,False,True
USP5,go,20,30,False,True
UTP15,go,20,38,False,True
UTP18,go,20,30,False,True
UTP20,go,20,15,False,True
UTP6,go,20,18,False,True
VARS,go,20,10,False,True
VPS35,go,11,1,False,True
VPS72,go,20,25,False,True
WAC,go,20,4,False,True
WBP11,go,20,28,False,True
WDHD1,go,20,21,False,True
WDR12,go,20,7,False,True
WDR24,go,20,16,False,True
WDR3,go,20,12,False,True
WDR33,go,20,3,False,True
WDR36,go,20,20,False,True
WDR46,go,20,31,False,True
WDR5,go,20,17,False,True
WDR55,go,20,17,False,True
WDR61,go,20,9,False,True
WDR70,go,20,2,False,True
WDR74,go,20,18,False,True
WDR75,go,20,12,False,True
WDR82,go,20,3,False,True
XAB2,go,20,7,False,True
XPO1,go,20,15,False,True
XRCC5,go,20,8,False,True
XRCC6,go,20,11,False,True
XRN2,go,20,11,False,True
YEATS2,go,20,6,False,True
YEATS4,go,20,19,False,True
ZC3H18,go,20,3,False,True
ZCCHC9,go,20,35,False,True
ZMAT2,go,20,19,False,True
ZMAT5,go,20,25,False,True
ZNF236,go,14,0,False,True
ZNF574,go,16,26,False,True
ZNHIT6,go,19,2,False,True
ZNRD1,go,20,11,False,True
LINC01409,string,0,0,True,False
HES4,string,20,6,False,False
ISG15,string,0,0,True,False
SDF4,string,20,15,False,False
ACAP3,string,20,6,False,False
MXRA8,string,20,5,False,False
CCNL2,string,20,17,False,False
MRPL20-AS1,string,0,0,True,False
MRPL20,string,20,33,False,False
ATAD3A,string,20,12,False,False
SSU72,string,20,34,False,True
MIB2,string,20,11,False,False
SLC35E2B,string,20,9,False,False
CDK11A,string,20,8,False,False
SKI,string,20,11,False,False
SMIM1,string,20,4,False,False
C1orf174,string,20,6,False,False
ZBTB48,string,20,13,False,False
KLHL21,string,20,15,False,False
PHF13,string,20,7,False,False
THAP3,string,20,11,False,False
CAMTA1,string,20,9,False,False
VAMP3,string,20,32,False,False
PER3,string,20,14,False,False
RERE,string,20,14,False,False
PIK3CD,string,20,32,False,False
PIK3CD-AS2,string,0,0,True,False
CLSTN1,string,20,9,False,False
CTNNBIP1,string,20,10,False,False
UBE4B,string,20,27,False,False
KIF1B,string,20,32,False,False
PGD,string,20,19,False,True
SRM,string,20,10,False,False
MAD2L2,string,20,23,False,False
AGTRAP,string,20,13,False,False
MTHFR,string,20,25,False,False
CLCN6,string,20,14,False,False
MFN2,string,20,21,False,False
DHRS3,string,20,10,False,False
PRDM2,string,20,9,False,False
EFHD2,string,20,4,False,False
DDI2,string,20,7,False,False
PLEKHM2,string,20,4,False,False
AL450998.2,string,0,0,True,False
SPEN,string,20,9,False,False
ZBTB17,string,20,15,False,True
NECAP2,string,20,19,False,False
SDHB,string,20,39,False,False
UBR4,string,20,25,False,False
AKR7A2,string,20,8,False,False
MICOS10,string,20,19,False,True
OTUD3,string,20,10,False,False
CAMK2N1,string,20,15,False,False
MUL1,string,20,15,False,False
HP1BP3,string,20,10,False,False
EIF4G3,string,20,19,False,False
HSPG2,string,20,29,False,False
CDC42,string,20,160,False,False
ZBTB40,string,20,11,False,False
KDM1A,string,20,68,False,False
LUZP1,string,20,8,False,False
LINC01355,string,0,0,True,False
E2F2,string,20,19,False,False
PITHD1,string,20,4,False,False
LYPLA2,string,20,19,False,False
HMGCL,string,20,24,False,False
FUCA1,string,20,23,False,False
NIPAL3,string,20,3,False,False
SRRM1,string,20,27,False,True
CLIC4,string,20,11,False,False
SYF2,string,20,35,False,True
RSRP1,string,20,11,False,False
TMEM50A,string,20,7,False,False
MACO1,string,20,10,False,False
LDLRAP1,string,20,14,False,False
MTFR1L,string,20,7,False,False
STMN1,string,20,18,False,False
PDIK1L,string,20,8,False,False
SH3BGRL3,string,20,6,False,False
HMGN2,string,20,6,False,False
RPS6KA1,string,20,17,False,False
ARID1A,string,20,26,False,False
GPATCH3,string,20,11,False,False
SLC9A1,string,20,23,False,False
WDTC1,string,20,29,False,True
TMEM222,string,20,4,False,False
WASF2,string,20,35,False,False
AHDC1,string,20,5,False,False
FAM76A,string,20,2,False,False
STX12,string,20,40,False,False
EYA3,string,20,10,False,False
ATP5IF1,string,20,6,False,False
SESN2,string,20,22,False,False
SNHG3,string,0,0,True,False
SNHG12,string,0,0,True,False
TAF12,string,20,36,False,True
GMEB1,string,20,4,False,False
YTHDF2,string,20,20,False,False
LAPTM5,string,20,22,False,False
PUM1,string,20,28,False,False
TXLNA,string,20,9,False,False
CCDC28B,string,20,10,False,False
IQCC,string,20,7,False,False
TMEM234,string,20,13,False,False
MARCKSL1,string,20,4,False,False
BSDC1,string,20,15,False,False
ZBTB8A,string,20,9,False,False
SYNC,string,20,4,False,False
KIAA1522,string,20,7,False,False
YARS,string,0,0,True,False
TMEM54,string,20,11,False,False
RNF19B,string,20,11,False,False
AK2,string,20,17,False,False
PHC2,string,20,32,False,False
TMEM35B,string,5,1,False,False
ZMYM6,string,20,8,False,False
ZMYM1,string,20,8,False,False
SFPQ,string,20,25,False,True
ZMYM4,string,20,11,False,False
KIAA0319L,string,20,16,False,False
CLSPN,string,20,17,False,True
AGO4,string,20,27,False,False
AGO1,string,20,43,False,False
AGO3,string,20,30,False,False
TRAPPC3,string,20,21,False,False
THRAP3,string,20,20,False,False
SH3D21,string,20,4,False,False
EVA1B,string,20,10,False,False
STK40,string,20,15,False,False
LSM10,string,20,20,False,True
MRPS15,string,20,40,False,False
SNIP1,string,20,25,False,True
GNL2,string,20,35,False,True
C1orf109,string,20,13,False,False
CDCA8,string,20,46,False,False
YRDC,string,20,17,False,False
C1orf122,string,20,10,False,False
MTF1,string,20,17,False,False
FHL3,string,20,10,False,False
RRAGC,string,20,36,False,False
AKIRIN1,string,20,6,False,False
MACF1,string,20,18,False,False
PABPC4,string,20,10,False,False
CAP1,string,20,18,False,False
RLF,string,20,4,False,False
AL050341.2,string,0,0,True,False
SMAP2,string,20,3,False,False
EXO5,string,20,5,False,False
SCMH1,string,20,19,False,False
HIVEP3,string,20,10,False,False
FOXJ3,string,20,4,False,False
PPCS,string,20,4,False,False
PPIH,string,20,12,False,True
SVBP,string,20,12,False,False
ERMAP,string,20,7,False,False
SLC2A1,string,20,31,False,False
EBNA1BP2,string,20,56,False,True
CDC20,string,20,97,False,False
MED8,string,20,29,False,True
SZT2,string,20,8,False,False
HYI,string,0,0,True,False
PTPRF,string,20,17,False,False
KDM4A,string,20,18,False,False
KDM4A-AS1,string,0,0,True,False
ST3GAL3,string,20,22,False,False
KIF2C,string,20,39,False,False
RPS8,string,20,37,False,False
HECTD3,string,20,18,False,False
UROD,string,20,21,False,False
PRDX1,string,20,28,False,False
NASP,string,20,14,False,False
GPBP1L1,string,20,9,False,False
IPP,string,20,3,False,False
PIK3R3,string,20,37,False,False
LRRC41,string,20,5,False,False
MKNK1,string,20,11,False,False
ATPAF1,string,20,10,False,False
EFCAB14,string,20,8,False,False
TAL1,string,20,32,False,False
STIL,string,20,20,False,False
FAF1,string,20,26,False,False
CDKN2C,string,20,10,False,False
RNF11,string,20,15,False,False
EPS15,string,20,54,False,False
NRDC,string,20,6,False,False
TXNDC12,string,20,24,False,False
KTI12,string,20,13,False,False
CC2D1B,string,20,18,False,False
ORC1,string,20,25,False,True
TUT4,string,20,16,False,False
ZYG11B,string,20,14,False,False
CPT2,string,20,22,False,False
YIPF1,string,20,11,False,False
HSPB11,string,20,19,False,False
LRRC42,string,20,7,False,False
TMEM59,string,20,8,False,False
TCEANC2,string,20,4,False,False
DHCR24,string,20,23,False,False
MYSM1,string,20,25,False,False
JUN,string,20,103,False,False
NFIA,string,20,17,False,False
TM2D1,string,20,9,False,False
USP1,string,20,19,False,False
FOXD3-AS1,string,0,0,True,False
JAK1,string,20,54,False,False
LEPROT,string,20,5,False,False
LEPR,string,20,15,False,False
MIER1,string,20,13,False,False
SLC35D1,string,20,15,False,False
GADD45A,string,20,19,False,False
GNG12,string,20,24,False,False
DEPDC1,string,20,14,False,False
ANKRD13C,string,20,11,False,False
HHLA3,string,0,0,True,False
CTH,string,20,25,False,False
PTGER3,string,20,8,False,False
CRYZ,string,20,11,False,False
TYW3,string,20,14,False,False
RABGGTB,string,20,17,False,False
PIGK,string,20,15,False,False
USP33,string,20,21,False,False
MIGA1,string,20,6,False,False
NEXN,string,20,13,False,False
FUBP1,string,20,11,False,False
DNAJB4,string,20,15,False,False
AL359504.2,string,0,0,True,False
CTBS,string,20,8,False,False
SSX2IP,string,20,11,False,False
SYDE2,string,20,6,False,False
BCL10,string,0,0,True,False
ODF2L,string,20,7,False,False
CLCA1,string,20,5,False,False
SH3GLB1,string,20,14,False,False
LMO4,string,20,11,False,False
PKN2,string,20,8,False,False
GTF2B,string,20,70,False,True
LRRC8B,string,20,13,False,False
LRRC8C,string,20,8,False,False
LRRC8D,string,20,10,False,False
LINC02609,string,0,0,True,False
ZNF644,string,20,18,False,False
TGFBR3,string,20,14,False,False
RPAP2,string,20,44,False,True
EVI5,string,20,19,False,False
RPL5,string,20,41,False,True
CCDC18-AS1,string,0,0,True,False
DR1,string,20,20,False,True
FNBP1L,string,20,14,False,False
GCLM,string,20,22,False,False
ABCD3,string,20,15,False,False
RWDD3,string,20,6,False,False
PTBP2,string,20,17,False,False
FRRS1,string,20,13,False,False
SLC35A3,string,20,12,False,False
MFSD14A,string,20,18,False,False
TRMT13,string,20,13,False,False
DBT,string,20,19,False,False
EXTL2,string,20,13,False,False
SLC30A7,string,20,17,False,False
AC093157.1,string,0,0,True,False
RNPC3,string,20,22,False,True
FAM102B,string,20,8,False,False
STXBP3,string,20,24,False,False
GPSM2,string,20,13,False,False
TAF13,string,20,21,False,False
TMEM167B,string,20,5,False,False
SARS,string,0,0,True,True
PSRC1,string,20,10,False,False
SORT1,string,20,48,False,False
GNAI3,string,20,25,False,False
AMPD2,string,20,17,False,False
GSTM4,string,20,12,False,False
GSTM3,string,20,15,False,False
RBM15,string,20,17,False,False
SLC16A4,string,20,10,False,False
AL355488.1,string,0,0,True,False
CD53,string,20,18,False,False
LRIF1,string,20,11,False,False
DRAM2,string,20,4,False,False
CEPT1,string,20,21,False,False
DENND2D,string,20,15,False,False
CHI3L2,string,20,3,False,False
RAP1A,string,20,36,False,False
ST7L,string,20,4,False,False
RHOC,string,20,34,False,False
SLC16A1,string,20,10,False,False
SLC16A1-AS1,string,0,0,True,False
LRIG2,string,20,3,False,False
MAGI3,string,20,13,False,False
PHTF1,string,20,17,False,False
RSBN1,string,20,13,False,False
PTPN22,string,20,26,False,False
HIPK1,string,20,4,False,False
CD58,string,20,14,False,False
MAN1A2,string,20,22,False,False
GDAP2,string,20,5,False,False
PHGDH,string,20,27,False,False
SEC22B,string,20,70,False,False
LINC00623,string,0,0,True,False
SRGAP2C,string,20,4,False,False
LINC02802,string,0,0,True,False
POLR3C,string,20,29,False,True
PEX11B,string,20,19,False,False
LIX1L,string,20,5,False,False
POLR3GL,string,20,21,False,False
TXNIP,string,20,18,False,False
PRKAB2,string,20,30,False,False
LINC01138,string,0,0,True,False
PDE4DIP,string,20,17,False,False
AC245297.3,string,0,0,True,False
HIST2H2AA4,string,0,0,True,False
HIST2H2AC,string,0,0,True,False
SF3B4,string,20,38,False,True
OTUD7B,string,20,28,False,False
PLEKHO1,string,20,9,False,False
ANP32E,string,20,13,False,False
PRPF3,string,20,44,False,True
RPRD2,string,20,17,False,False
ADAMTSL4,string,20,4,False,False
MCL1,string,20,30,False,False
GOLPH3L,string,20,8,False,False
CTSS,string,20,21,False,False
ARNT,string,20,23,False,False
SETDB1,string,20,40,False,True
C1orf56,string,10,2,False,False
CDC42SE1,string,20,2,False,False
MLLT11,string,20,14,False,False
SCNM1,string,20,2,False,False
PIP5K1A,string,20,24,False,False
RFX5,string,20,11,False,False
POGZ,string,20,15,False,False
SNX27,string,20,19,False,False
S100A10,string,20,22,False,False
S100A11,string,20,16,False,False
S100A4,string,20,14,False,False
S100A13,string,0,0,True,False
CHTOP,string,20,15,False,False
GATAD2B,string,20,20,False,False
CRTC2,string,20,10,False,False
RPS27,string,0,0,True,True
HAX1,string,20,10,False,False
AQP10,string,20,1,False,False
UBE2Q1,string,20,16,False,False
ADAR,string,20,31,False,False
PMVK,string,20,14,False,False
PYGO2,string,20,6,False,False
SHC1,string,20,49,False,False
CKS1B,string,20,22,False,False
ZBTB7B,string,20,8,False,False
ADAM15,string,20,5,False,False
DPM3,string,20,15,False,False
KRTCAP2,string,20,15,False,False
FDPS,string,20,32,False,False
ASH1L,string,20,19,False,False
ASH1L-AS1,string,0,0,True,False
GON4L,string,20,8,False,False
RIT1,string,20,6,False,False
KHDC4,string,20,6,False,False
ARHGEF2,string,20,23,False,False
SSR2,string,20,23,False,False
LAMTOR2,string,20,29,False,True
LMNA,string,20,31,False,False
GLMP,string,20,7,False,False
GPATCH4,string,20,8,False,False
NES,string,20,20,False,False
RRNAD1,string,0,0,True,False
HDGF,string,20,6,False,False
NTRK1,string,20,40,False,False
ETV3,string,20,14,False,False
LINC02772,string,0,0,True,False
DUSP23,string,20,5,False,False
TAGLN2,string,20,19,False,False
PIGM,string,20,15,False,False
PEA15,string,20,6,False,False
DCAF8,string,20,11,False,False
PEX19,string,20,20,False,False
COPA,string,20,36,False,False
NCSTN,string,20,17,False,False
VANGL2,string,20,14,False,False
F11R,string,20,24,False,False
USF1,string,20,13,False,False
PFDN2,string,20,22,False,True
DEDD,string,20,16,False,False
PPOX,string,20,20,False,False
FCER1G,string,20,24,False,False
FCGR2A,string,20,24,False,False
ATF6,string,20,32,False,False
UHMK1,string,20,17,False,False
HSD17B7,string,20,25,False,False
NUF2,string,20,29,False,True
MGST3,string,20,17,False,False
ALDH9A1,string,20,17,False,False
TMCO1,string,20,19,False,False
POGK,string,20,13,False,False
POU2F1,string,20,23,False,False
CREG1,string,20,10,False,False
RCSD1,string,20,20,False,False
MPZL1,string,20,3,False,False
MPC2,string,20,9,False,False
DCAF6,string,20,32,False,False
SFT2D2,string,20,9,False,False
TBX19,string,20,5,False,False
BLZF1,string,20,20,False,False
SCYL3,string,20,1,False,False
KIFAP3,string,20,31,False,False
VAMP4,string,20,37,False,False
SUCO,string,20,7,False,False
KLHL20,string,20,20,False,False
CENPL,string,20,7,False,False
GAS5,string,0,0,True,False
ZBTB37,string,20,3,False,False
RC3H1,string,20,15,False,False
RABGAP1L,string,20,12,False,False
CACYBP,string,20,16,False,False
COP1,string,20,33,False,False
RALGPS2,string,20,8,False,False
FAM20B,string,20,11,False,False
TOR3A,string,20,10,False,False
ABL2,string,20,17,False,False
SOAT1,string,20,13,False,False
TOR1AIP2,string,20,10,False,False
TOR1AIP1,string,20,14,False,False
CEP350,string,20,29,False,False
XPR1,string,20,9,False,False
STX6,string,20,58,False,False
MR1,string,20,3,False,False
IER5,string,20,6,False,False
GLUL,string,20,22,False,False
RGS16,string,20,10,False,False
NPL,string,20,13,False,False
SMG7,string,20,14,False,False
ARPC5,string,20,30,False,False
COLGALT2,string,20,13,False,False
TSEN15,string,20,12,False,False
EDEM3,string,20,20,False,False
TRMT1L,string,20,20,False,False
TPR,string,20,43,False,True
ODR4,string,20,7,False,False
ERVMER61-1,string,0,0,True,False
RO60,string,20,10,False,False
ASPM,string,20,79,False,False
ZBTB41,string,20,5,False,False
DENND1B,string,20,16,False,False
NEK7,string,20,7,False,False
KIF14,string,20,22,False,False
DDX59,string,20,7,False,True
CAMSAP2,string,20,12,False,False
TMEM9,string,20,8,False,False
NAV1,string,20,12,False,False
IPO9,string,20,13,False,True
TIMM17A,string,20,30,False,False
ARL8A,string,20,11,False,False
PTPN7,string,20,10,False,False
UBE2T,string,0,0,True,False
PPP1R12B,string,20,11,False,False
KDM5B,string,20,22,False,False
CYB5R1,string,20,7,False,False
BTG2,string,20,15,False,False
PPP1R15B,string,20,20,False,False
MDM4,string,20,12,False,False
RBBP5,string,20,53,False,False
DSTYK,string,20,8,False,False
ELK4,string,20,12,False,False
NUCKS1,string,20,11,False,False
RAB29,string,20,12,False,False
SRGAP2,string,20,12,False,False
RASSF5,string,20,20,False,False
DYRK3,string,20,9,False,False
MAPKAPK2,string,20,12,False,False
YOD1,string,20,28,False,False
CD55,string,20,11,False,False
CR1L,string,20,3,False,False
CD46,string,20,13,False,False
UTP25,string,20,23,False,False
RCOR3,string,20,14,False,False
TRAF5,string,20,16,False,False
LINC00467,string,0,0,True,False
SLC30A1,string,20,21,False,False
NEK2,string,20,19,False,False
LPGAT1,string,20,14,False,False
DTL,string,20,28,False,True
PPP2R5A,string,20,35,False,False
NENF,string,20,12,False,False
NSL1,string,20,20,False,False
TATDN3,string,20,4,False,False
FLVCR1-DT,string,0,0,True,False
FLVCR1,string,20,18,False,False
RPS6KC1,string,20,7,False,False
CENPF,string,20,44,False,False
GPATCH2,string,20,11,False,False
RRP15,string,20,21,False,False
LYPLAL1,string,20,23,False,False
EPRS,string,0,0,True,True
IARS2,string,20,11,False,True
RAB3GAP2,string,20,27,False,False
DUSP10,string,20,11,False,False
MIA3,string,20,16,False,False
AIDA,string,20,6,False,False
BROX,string,20,6,False,False
CAPN2,string,20,13,False,False
TP53BP2,string,20,18,False,False
FBXO28,string,20,16,False,False
DEGS1,string,20,20,False,False
WDR26,string,20,19,False,False
LBR,string,20,32,False,False
EPHX1,string,20,18,False,False
TMEM63A,string,20,10,False,False
PYCR2,string,20,7,False,False
SDE2,string,20,11,False,True
ACBD3,string,20,21,False,False
CDC42BPA,string,20,16,False,False
ZNF678,string,20,2,False,False
SNAP47,string,20,16,False,False
C1orf35,string,20,5,False,False
IBA57,string,20,24,False,False
OBSCN,string,20,13,False,False
TRIM11,string,20,3,False,False
HIST3H2A,string,0,0,True,False
RNF187,string,20,8,False,False
AL162595.1,string,0,0,True,False
ABCB10,string,20,13,False,False
GALNT2,string,20,18,False,False
COG2,string,20,36,False,True
ARV1,string,20,7,False,False
FAM89A,string,20,1,False,False
EXOC8,string,20,24,False,False
SPRTN,string,20,11,False,False
EGLN1,string,20,23,False,False
AL445524.1,string,0,0,True,False
TARBP1,string,20,10,False,False
IRF2BP2,string,20,9,False,False
ARID4B,string,20,29,False,False
TBCE,string,20,14,False,False
TBCE-1,string,0,0,True,False
B3GALNT2,string,20,6,False,False
LGALS8,string,20,13,False,False
OPN3,string,20,11,False,False
CHML,string,20,48,False,False
EXO1,string,20,59,False,False
CEP170,string,20,20,False,False
SDCCAG8,string,20,19,False,False
DESI2,string,20,2,False,False
SMYD3,string,20,14,False,False
CNST,string,20,2,False,False
AHCTF1,string,20,14,False,True
ZNF669,string,20,1,False,False
ZNF124,string,20,1,False,False
AL390728.6,string,0,0,True,False
SH3BP5L,string,20,14,False,False
PGBD2,string,20,4,False,False
TMEM18,string,20,12,False,False
TRAPPC12,string,20,13,False,False
ADI1,string,20,10,False,False
AC108488.1,string,0,0,True,False
CMPK2,string,20,14,False,False
RNF144A-AS1,string,0,0,True,False
RNF144A,string,20,13,False,False
KIDINS220,string,20,11,False,False
ADAM17,string,20,23,False,False
KLF11,string,20,10,False,False
RRM2,string,20,33,False,False
HPCAL1,string,20,8,False,False
ODC1,string,20,15,False,False
PDIA6,string,20,36,False,False
SLC66A3,string,20,12,False,False
LPIN1,string,20,22,False,False
TRIB2,string,20,8,False,False
NBAS,string,20,10,False,True
TTC32,string,20,7,False,False
LAPTM4A,string,20,11,False,False
RHOB,string,20,32,False,False
ATAD2B,string,20,22,False,False
TP53I3,string,20,10,False,False
ITSN2,string,20,23,False,False
NCOA1,string,20,40,False,False
DNMT3A,string,20,46,False,False
ASXL2,string,20,10,False,False
CENPA,string,20,20,False,False
OST4,string,20,7,False,False
ATRAID,string,0,0,True,False
MPV17,string,20,19,False,False
EIF2B4,string,20,17,False,True
PPM1G,string,20,8,False,False
NRBP1,string,20,8,False,True
ZNF512,string,20,16,False,False
SUPT7L,string,20,18,False,False
SLC4A1AP,string,0,0,True,False
WDR43,string,20,40,False,True
YPEL5,string,20,15,False,False
LBH,string,20,1,False,False
LCLAT1,string,20,28,False,False
MEMO1,string,20,11,False,False
SPAST,string,0,0,True,False
YIPF4,string,20,7,False,False
BIRC6,string,20,19,False,False
LTBP1,string,20,6,False,False
CRIM1,string,20,8,False,False
FEZ2,string,20,17,False,False
STRN,string,20,34,False,False
HEATR5B,string,20,8,False,False
GPATCH11,string,0,0,True,False
EIF2AK2,string,20,25,False,False
CEBPZOS,string,20,4,False,False
GALM,string,20,11,False,False
SRSF7,string,20,41,False,True
SOS1,string,0,0,True,False
MAP4K3,string,20,11,False,False
MAP4K3-DT,string,0,0,True,False
THUMPD2,string,20,8,False,False
EML4,string,20,8,False,False
COX7A2L,string,20,5,False,False
ZFP36L2,string,20,8,False,False
DYNC2LI1,string,20,30,False,False
LRPPRC,string,20,30,False,True
PREPL,string,20,18,False,False
EPAS1,string,20,25,False,False
RHOQ,string,20,29,False,False
CRIPT,string,20,8,False,False
SOCS5,string,20,7,False,False
MCFD2,string,20,18,False,False
CALM2,string,20,17,False,False
EPCAM,string,20,12,False,False
MSH2,string,20,40,False,False
MSH6,string,20,36,False,False
FBXO11,string,20,15,False,False
FOXN2,string,20,9,False,False
PPP1R21,string,20,9,False,False
ERLEC1,string,20,34,False,False
PSME4,string,20,14,False,False
ACYP2,string,20,9,False,False
SPTBN1,string,20,21,False,False
RTN4,string,20,24,False,False
CLHC1,string,20,8,False,False
MTIF2,string,20,18,False,False
CCDC88A,string,20,9,False,False
FANCL,string,20,20,False,False
PAPOLG,string,20,20,False,False
REL,string,20,24,False,False
PUS10,string,20,19,False,False
PEX13,string,20,29,False,False
KIAA1841,string,0,0,True,False
USP34,string,20,20,False,False
FAM161A,string,20,17,False,False
COMMD1,string,20,41,False,False
UGP2,string,20,24,False,False
VPS54,string,20,33,False,True
LGALSL,string,20,6,False,False
AFTPH,string,0,0,True,False
SERTAD2,string,20,7,False,False
CEP68,string,20,8,False,False
ACTR2,string,20,59,False,False
SPRED2,string,20,10,False,False
ETAA1,string,20,3,False,False
GFPT1,string,20,17,False,False
NFU1,string,20,25,False,False
AAK1,string,20,16,False,False
ANXA4,string,20,5,False,False
MXD1,string,20,15,False,False
PCBP1-AS1,string,0,0,True,False
TIA1,string,20,23,False,False
PCYOX1,string,20,20,False,False
NAGK,string,20,19,False,False
MPHOSPH10,string,20,59,False,True
ZNF638,string,20,13,False,False
SFXN5,string,20,14,False,False
DUSP11,string,20,13,False,False
STAMBP,string,20,15,False,False
DGUOK,string,20,20,False,False
TET3,string,20,6,False,False
BOLA3,string,20,21,False,False
MOB1A,string,20,18,False,False
MTHFD2,string,20,18,False,False
WDR54,string,20,8,False,False
WBP1,string,20,5,False,False
CCDC142,string,2,0,False,False
AUP1,string,20,19,False,False
POLE4,string,20,31,False,False
TMSB10,string,20,5,False,True
TGOLN2,string,20,35,False,False
RETSAT,string,20,14,False,False
ELMOD3,string,20,3,False,False
CAPG,string,20,7,False,False
MAT2A,string,20,17,False,True
VAMP8,string,20,29,False,False
RNF181,string,20,6,False,False
C2orf68,string,20,4,False,False
KDM3A,string,20,13,False,False
CYTOR,string,0,0,True,False
KRCC1,string,20,3,False,False
ZNF514,string,20,7,False,False
LINC00342,string,0,0,True,False
ANKRD36C,string,20,7,False,False
TMEM127,string,20,13,False,False
ARID5A,string,20,10,False,False
FAM178B,string,19,9,False,False
ANKRD36,string,20,8,False,False
ACTR1B,string,20,21,False,False
TMEM131,string,20,10,False,False
INPP4A,string,20,19,False,False
MITD1,string,20,18,False,False
AFF3,string,20,12,False,False
LONRF2,string,20,14,False,False
RPL31,string,20,32,False,True
MFSD9,string,20,7,False,False
AC012360.3,string,0,0,True,False
C2orf49,string,20,4,False,False
GCC2,string,20,25,False,False
LIMS1,string,20,12,False,False
BUB1,string,20,91,False,False
MIR4435-2HG,string,0,0,True,False
BCL2L11,string,20,28,False,False
AC068491.3,string,0,0,True,False
TMEM87B,string,20,10,False,False
ZC3H8,string,20,19,False,False
TTL,string,20,14,False,False
SLC20A1,string,20,14,False,False
CKAP2L,string,20,12,False,False
PSD4,string,20,6,False,False
PAX8-AS1,string,0,0,True,False
CBWD2,string,20,1,False,False
ACTR3,string,20,40,False,False
AC009404.1,string,0,0,True,False
INSIG2,string,20,9,False,False
C2orf76,string,20,1,False,False
DBI,string,20,18,False,False
PTPN4,string,20,13,False,False
EPB41L5,string,20,11,False,False
RALB,string,20,22,False,False
NIFK-AS1,string,0,0,True,False
TSN,string,20,8,False,False
GYPC,string,20,20,False,False
MAP3K2,string,20,18,False,False
IWS1,string,20,21,False,False
SFT2D3,string,20,7,False,False
AMMECR1L,string,20,9,False,False
CCDC115,string,20,15,False,False
PLEKHB2,string,20,4,False,False
C2orf27A,string,0,0,True,False
MGAT5,string,20,19,False,False
CCNT2,string,20,27,False,False
UBXN4,string,20,16,False,False
MCM6,string,20,39,False,True
ZEB2,string,20,7,False,False
MBD5,string,20,8,False,False
EPC2,string,20,18,False,False
STAM2,string,20,16,False,False
ARL6IP6,string,20,6,False,False
GPD2,string,20,26,False,False
GALNT5,string,20,7,False,False
WDSUB1,string,20,11,False,False
BAZ2B,string,20,14,False,False
MARCH7,string,0,0,True,False
CD302,string,20,3,False,False
TANK,string,20,14,False,False
PSMD14,string,20,43,False,False
TTC21B,string,20,30,False,False
STK39,string,20,12,False,False
NOSTRIN,string,20,7,False,False
SPC25,string,20,11,False,True
PPIG,string,20,22,False,False
KLHL23,string,20,4,False,False
SSB,string,20,22,False,False
METTL5,string,20,9,False,False
AC007405.1,string,0,0,True,False
AC007405.3,string,0,0,True,False
GAD1,string,20,32,False,False
CYBRD1,string,20,11,False,False
PDK1,string,20,11,False,False
MAP3K20,string,20,4,False,False
CDCA7,string,20,15,False,False
SP3,string,20,8,False,False
CIR1,string,20,7,False,False
SCRN3,string,20,7,False,False
WIPF1,string,20,34,False,False
ATF2,string,20,29,False,False
LNPK,string,20,14,False,False
HNRNPA3,string,20,20,False,False
NFE2L2,string,20,31,False,False
OSBPL6,string,20,7,False,False
CHROMR,string,0,0,True,False
PLEKHA3,string,20,8,False,False
TTN-AS1,string,0,0,True,False
ITPRID2,string,20,6,False,False
DNAJC10,string,20,28,False,False
NCKAP1,string,20,30,False,True
ZC3H15,string,20,15,False,False
ITGAV,string,20,37,False,False
TFPI,string,20,7,False,False
GULP1,string,20,13,False,False
SLC40A1,string,20,22,False,False
C2orf88,string,20,5,False,False
HIBCH,string,20,16,False,False
INPP1,string,20,14,False,False
NAB1,string,20,10,False,False
GLS,string,20,16,False,False
STAT1,string,20,73,False,False
NABP1,string,20,17,False,False
SLC39A10,string,20,11,False,False
STK17B,string,20,8,False,False
CCDC150,string,20,4,False,False
SF3B1,string,20,83,False,False
COQ10B,string,20,8,False,False
HSPD1,string,20,56,False,False
HSPE1,string,20,28,False,True
MOB4,string,20,20,False,True
SATB2,string,20,13,False,False
SATB2-AS1,string,0,0,True,False
TYW5,string,20,11,False,False
SGO2,string,20,9,False,False
BZW1,string,20,12,False,False
CLK1,string,20,20,False,False
FAM126B,string,20,4,False,False
NDUFB3,string,20,37,False,False
CFLAR,string,20,14,False,False
CASP10,string,20,18,False,False
CASP8,string,20,59,False,False
STRADB,string,20,14,False,False
TMEM237,string,20,15,False,False
ALS2,string,20,17,False,False
BMPR2,string,20,20,False,False
FAM117B,string,20,15,False,False
ICA1L,string,20,15,False,False
NBEAL1,string,20,7,False,False
ABI2,string,20,26,False,False
INO80D,string,20,12,False,False
NDUFS1,string,20,42,False,False
EEF1B2,string,20,14,False,False
FASTKD2,string,20,17,False,False
CREB1,string,20,71,False,False
IDH1,string,20,38,False,False
PIKFYVE,string,20,32,False,False
LANCL1,string,20,10,False,False
RPL37A,string,20,9,False,True
IGFBP2,string,20,6,False,False
ARPC2,string,20,40,False,False
PNKD,string,20,16,False,False
USP37,string,20,5,False,False
RNF25,string,20,11,False,False
FEV,string,20,1,False,False
ATG9A,string,20,33,False,False
ANKZF1,string,20,17,False,False
STK16,string,20,9,False,False
TUBA4A,string,20,37,False,False
GMPPA,string,20,7,False,False
ASIC4,string,20,4,False,False
ACSL3,string,20,19,False,False
WDFY1,string,20,10,False,False
MRPL44,string,20,30,False,False
CUL3,string,20,71,False,False
IRS1,string,20,48,False,False
RHBDD1,string,20,12,False,False
MFF,string,20,15,False,False
TRIP12,string,20,45,False,False
SP110,string,20,6,False,False
SP100,string,20,17,False,False
CAB39,string,20,25,False,False
ITM2C,string,20,11,False,False
NCL,string,20,31,False,True
PTMA,string,20,22,False,False
EIF4E2,string,20,25,False,False
EFHD1,string,20,9,False,False
GIGYF2,string,20,12,False,False
ATG16L1,string,20,31,False,False
USP40,string,20,12,False,False
HJURP,string,20,18,False,False
AGAP1,string,20,4,False,False
COPS8,string,20,42,False,True
HES6,string,20,4,False,False
PER2,string,20,14,False,False
TRAF3IP1,string,20,26,False,False
COPS9,string,20,13,False,False
CAPN10-DT,string,0,0,True,False
CAPN10,string,20,10,False,False
FARP2,string,20,5,False,False
DTYMK,string,20,20,False,True
CRBN,string,20,34,False,False
AC024060.2,string,0,0,True,False
ITPR1,string,20,51,False,False
BHLHE40,string,20,17,False,False
ARL8B,string,20,15,False,False
EDEM1,string,20,28,False,False
AC069277.1,string,0,0,True,False
THUMPD3-AS1,string,0,0,True,False
SETD5,string,20,15,False,False
MTMR14,string,20,17,False,False
OGG1,string,20,14,False,False
TADA3,string,20,39,False,True
TTLL3,string,20,6,False,False
RPUSD3,string,20,14,False,False
CRELD1,string,20,10,False,False
EMC3,string,20,8,False,False
FANCD2,string,20,26,False,False
BRK1,string,20,25,False,False
VHL,string,20,28,False,False
ATG7,string,20,57,False,False
VGLL4,string,20,11,False,False
TAMM41,string,20,10,False,False
RAF1,string,20,63,False,False
RPL32,string,20,19,False,True
XPC,string,20,34,False,False
LSM3,string,20,49,False,True
SLC6A6,string,20,20,False,False
CCDC174,string,20,11,False,True
FGD5-AS1,string,0,0,True,False
NR2C2,string,20,17,False,False
MRPS25,string,20,23,False,False
RBSN,string,20,19,False,False
CAPN7,string,20,5,False,False
SH3BP5,string,20,12,False,False
EAF1,string,20,12,False,False
ANKRD28,string,20,19,False,False
DPH3,string,20,19,False,False
PLCL2,string,20,5,False,False
TBC1D5,string,20,26,False,False
RAB5A,string,20,65,False,False
KAT2B,string,20,85,False,False
SGO1,string,20,21,False,False
NKIRAS1,string,20,11,False,False
RPL15,string,20,94,False,True
NR1D2,string,20,8,False,False
THRB,string,20,20,False,False
TOP2B,string,20,11,False,False
AZI2,string,20,10,False,False
STT3B,string,20,27,False,False
CMTM7,string,20,8,False,False
CMTM6,string,20,12,False,False
CNOT10,string,20,21,False,False
GLB1,string,20,39,False,False
CRTAP,string,20,13,False,False
TRANK1,string,20,9,False,False
EPM2AIP1,string,20,5,False,False
GOLGA4,string,20,28,False,False
ACAA1,string,20,31,False,False
OXSR1,string,20,13,False,False
ACVR2B,string,20,18,False,False
EXOG,string,20,7,False,False
WDR48,string,20,16,False,False
GORASP1,string,20,31,False,False
RPSA,string,20,24,False,True
EIF1B,string,20,9,False,False
ENTPD3-AS1,string,0,0,True,False
RPL14,string,20,85,False,True
ZNF621,string,20,1,False,False
CTNNB1,string,20,205,False,False
TRAK1,string,20,12,False,False
SS18L2,string,20,9,False,True
NKTR,string,20,20,False,False
SNRK,string,20,10,False,False
ANO10,string,20,6,False,False
ABHD5,string,20,18,False,False
TCAIM,string,20,3,False,False
ZNF445,string,20,4,False,False
ZNF197,string,20,8,False,False
ZNF35,string,20,4,False,False
KIF15,string,20,28,False,False
EXOSC7,string,20,28,False,True
TMEM158,string,20,7,False,False
LIMD1,string,20,13,False,False
SACM1L,string,20,48,False,False
LZTFL1,string,20,8,False,False
CCDC12,string,20,5,False,False
NBEAL2,string,20,8,False,False
SETD2,string,20,49,False,False
KIF9,string,0,0,True,False
MAP4,string,20,11,False,False
ZNF589,string,20,5,False,False
TMA7,string,20,8,False,False
SHISA5,string,20,3,False,False
SLC26A6,string,20,13,False,False
IP6K2,string,20,24,False,False
PRKAR2A,string,20,20,False,False
WDR6,string,20,8,False,False
DALRD3,string,20,8,False,False
NDUFAF3,string,20,9,False,False
IMPDH2,string,20,13,False,True
QARS,string,0,0,True,True
KLHDC8B,string,20,6,False,False
TCTA,string,19,1,False,False
APEH,string,20,14,False,False
IP6K1,string,20,16,False,False
INKA1,string,13,4,False,False
RBM6,string,20,8,False,False
RBM5,string,20,8,False,False
GNAI2,string,20,32,False,False
HYAL3,string,20,3,False,False
RASSF1,string,20,20,False,False
HEMK1,string,20,5,False,False
CISH,string,20,19,False,False
MANF,string,20,32,False,False
RAD54L2,string,20,7,False,False
TEX264,string,20,7,False,False
RRP9,string,20,67,False,True
ABHD14B,string,20,13,False,False
ABHD14A,string,20,12,False,False
DUSP7,string,20,8,False,False
ALAS1,string,20,21,False,False
TWF2,string,20,9,False,False
SMIM4,string,20,4,False,False
PBRM1,string,20,19,False,False
GNL3,string,20,33,False,True
STIMATE,string,20,6,False,False
TKT,string,20,27,False,False
DCP1A,string,20,26,False,False
SELENOK,string,20,15,False,False
CCDC66,string,20,13,False,False
TASOR,string,20,7,False,False
APPL1,string,20,20,False,False
DENND6A,string,20,7,False,False
FLNB,string,20,17,False,False
RPP14,string,20,15,False,True
PXK,string,20,15,False,False
PTPRG,string,20,9,False,False
ATXN7,string,0,0,True,False
KBTBD8,string,20,25,False,False
TMF1,string,20,30,False,False
UBA3,string,20,33,False,True
ARL6IP5,string,20,14,False,False
MITF,string,20,12,False,False
FOXP1,string,0,0,True,False
RYBP,string,20,19,False,False
PPP4R2,string,20,31,False,True
CHMP2B,string,20,45,False,False
CGGBP1,string,20,11,False,False
ZNF654,string,0,0,True,False
C3orf38,string,20,6,False,False
PROS1,string,20,10,False,False
NSUN3,string,20,13,False,False
MTRNR2L12,string,13,2,False,False
CRYBG3,string,20,2,False,False
CLDND1,string,20,7,False,False
DCBLD2,string,20,11,False,False
SENP7,string,20,16,False,False
TRMT10C,string,20,18,False,True
ZBTB11,string,20,12,False,False
RPL24,string,20,84,False,True
CEP97,string,20,25,False,False
BBX,string,20,18,False,False
CD47,string,20,17,False,False
LINC01215,string,0,0,True,False
IFT57,string,20,35,False,False
NEPRO,string,20,4,False,True
SPICE1,string,20,13,False,False
USF3,string,20,12,False,False
NAA50,string,20,25,False,False
B4GALT4,string,20,10,False,False
TMEM39A,string,20,8,False,False
TIMMDC1,string,20,15,False,False
COX17,string,20,33,False,True
GSK3B,string,20,62,False,False
NDUFB4,string,20,29,False,True
POLQ,string,20,12,False,False
GOLGB1,string,20,36,False,False
FAM162A,string,20,11,False,False
PARP14,string,20,13,False,False
HACD2,string,20,17,False,False
MYLK-AS1,string,0,0,True,False
CCDC14,string,20,15,False,False
ZNF148,string,20,7,False,False
OSBPL11,string,20,11,False,False
CHCHD6,string,20,9,False,False
PLXNA1,string,20,11,False,False
TPRA1,string,20,6,False,False
MCM2,string,20,69,False,True
SEC61A1,string,20,43,False,True
GATA2,string,20,34,False,False
GATA2-AS1,string,0,0,True,False
ISY1,string,20,9,False,False
CNBP,string,20,20,False,False
COPG1,string,20,28,False,False
H1FX,string,0,0,True,False
MBD4,string,20,16,False,False
IFT122,string,20,34,False,False
PIK3R4,string,20,36,False,False
ATP2C1,string,20,13,False,False
MRPL3,string,20,51,False,True
DNAJC13,string,20,7,False,False
CDV3,string,20,4,False,False
TOPBP1,string,20,31,False,False
RYK,string,20,5,False,False
MSL2,string,20,17,False,False
STAG1,string,20,28,False,False
SLC35G2,string,20,9,False,False
CEP70,string,20,13,False,False
PIK3CB,string,20,41,False,False
FOXL2,string,0,0,True,False
MRPS22,string,20,30,False,True
COPB2,string,20,32,False,True
ZBTB38,string,20,16,False,False
RASA2,string,20,7,False,False
ATP1B3,string,20,17,False,False
TFDP2,string,20,8,False,False
XRN1,string,20,54,False,False
ATR,string,20,48,False,True
PLS1,string,20,10,False,False
U2SURP,string,20,12,False,True
CHST2,string,20,16,False,False
DIPK2A,string,20,11,False,False
PLOD2,string,20,24,False,False
PLSCR1,string,20,12,False,False
HLTF,string,20,23,False,False
HPS3,string,20,8,False,False
RNF13,string,20,7,False,False
TSC22D2,string,20,14,False,False
SELENOT,string,20,17,False,False
MBNL1,string,20,24,False,False
DHX36,string,20,9,False,True
SLC33A1,string,0,0,True,False
SSR3,string,20,25,False,False
TIPARP,string,20,9,False,False
CCNL1,string,20,6,False,False
SHOX2,string,20,8,False,False
MLF1,string,20,19,False,False
MFSD1,string,20,13,False,False
IFT80,string,20,28,False,False
SMC4,string,20,38,False,True
TRIM59,string,20,15,False,False
KPNA4,string,20,16,False,False
PDCD10,string,20,22,False,False
GOLIM4,string,20,16,False,False
SEC62,string,20,24,False,False
PHC3,string,20,32,False,False
SKIL,string,20,14,False,False
RPL22L1,string,20,5,False,False
EIF5A2,string,20,3,False,False
TNIK,string,20,8,False,False
FNDC3B,string,20,9,False,False
TNFSF10,string,20,12,False,False
ECT2,string,20,21,False,False
TBL1XR1,string,20,34,False,False
ZMAT3,string,20,10,False,False
PIK3CA,string,20,75,False,False
GNB4,string,20,17,False,False
MRPL47,string,20,52,False,False
NDUFB5,string,20,39,False,False
TTC14,string,20,12,False,False
FXR1,string,20,23,False,False
ATP11B,string,20,7,False,False
DCUN1D1,string,20,31,False,False
B3GNT5,string,20,13,False,False
KLHL24,string,20,29,False,False
ABCC5,string,20,6,False,False
ALG3,string,20,20,False,False
EIF4G1,string,20,64,False,True
MAGEF1,string,20,3,False,False
VPS8,string,20,14,False,False
TMEM41A,string,20,2,False,False
LIPH,string,20,7,False,False
IGF2BP2,string,20,13,False,False
ETV5,string,20,11,False,False
DNAJB11,string,20,20,False,False
EIF4A2,string,20,33,False,False
RFC4,string,20,52,False,True
ST6GAL1,string,20,18,False,False
RPL39L,string,20,5,False,False
CCDC50,string,20,9,False,False
OPA1,string,20,12,False,True
HES1,string,20,16,False,False
ATP13A3,string,20,9,False,False
TMEM44-AS1,string,0,0,True,False
ACAP2,string,20,15,False,False
PPP1R2,string,20,9,False,False
TFRC,string,20,49,False,False
TCTEX1D2,string,0,0,True,False
UBXN7,string,20,62,False,False
RNF168,string,20,18,False,False
WDR53,string,20,3,False,False
FBXO45,string,20,10,False,False
CEP19,string,20,17,False,False
PAK2,string,20,27,False,False
NCBP2AS2,string,0,0,True,False
DLG1,string,20,28,False,False
AC024560.4,string,0,0,True,False
RUBCN,string,20,11,False,False
FYTTD1,string,20,18,False,False
LRCH3,string,20,9,False,False
RPL35A,string,0,0,True,True
LMLN,string,20,4,False,False
ZNF595,string,20,3,False,False
ZNF721,string,20,2,False,False
PIGG,string,20,16,False,False
ATP5ME,string,20,26,False,False
AC139887.2,string,0,0,True,False
GAK,string,20,61,False,False
TMEM175,string,20,4,False,False
FGFRL1,string,20,8,False,False
CTBP1-DT,string,0,0,True,False
SLBP,string,20,20,False,True
TACC3,string,20,15,False,False
NSD2,string,20,16,False,False
NELFA,string,20,16,False,True
C4orf48,string,20,6,False,False
MXD4,string,20,10,False,False
RNF4,string,20,55,False,False
FAM193A,string,20,9,False,False
TNIP2,string,20,15,False,False
SH3BP2,string,20,13,False,False
ADD1,string,20,17,False,False
MFSD10,string,20,16,False,False
NOP14,string,20,66,False,True
HTT,string,20,47,False,False
LYAR,string,20,12,False,False
STX18-AS1,string,0,0,True,False
MSX1,string,20,8,False,False
AC093323.1,string,0,0,True,False
KIAA0232,string,20,3,False,False
TADA2B,string,20,21,False,False
WDR1,string,20,32,False,False
ZNF518B,string,20,11,False,False
BOD1L1,string,20,4,False,False
FBXL5,string,20,16,False,False
FAM200B,string,0,0,True,False
TAPT1,string,20,13,False,False
NCAPG,string,20,58,False,False
LCORL,string,20,18,False,False
PACRGL,string,20,5,False,False
SEPSECS,string,20,19,False,False
SMIM20,string,20,4,False,False
STIM2,string,20,15,False,False
LINC02506,string,0,0,True,False
LINC02616,string,0,0,True,False
RELL1,string,20,14,False,False
KLF3,string,20,8,False,False
KLHL5,string,20,11,False,False
UGDH,string,20,24,False,False
SMIM14,string,20,9,False,False
N4BP2,string,20,10,False,False
RHOH,string,20,11,False,False
TMEM33,string,20,17,False,False
GUF1,string,20,14,False,False
GNPDA2,string,20,16,False,False
COMMD8,string,20,26,False,False
TEC,string,20,7,False,False
SLAIN2,string,20,11,False,False
FRYL,string,20,16,False,False
OCIAD1,string,20,6,False,False
DANCR,string,0,0,True,False
CHIC2,string,20,5,False,False
KIT,string,20,46,False,False
SRD5A3,string,20,12,False,False
CLOCK,string,20,22,False,False
EXOC1,string,20,21,False,False
AASDH,string,20,19,False,False
SRP72,string,0,0,True,True
REST,string,20,16,False,False
NOA1,string,20,16,False,False
CENPC,string,20,17,False,True
UBA6-AS1,string,0,0,True,False
YTHDC1,string,20,21,False,True
UTP3,string,20,40,False,True
RUFY3,string,20,11,False,False
MOB1B,string,20,10,False,False
COX18,string,20,11,False,False
ANKRD17,string,20,17,False,False
MTHFD2L,string,20,16,False,False
AREG,string,20,15,False,False
RCHY1,string,20,7,False,False
THAP6,string,20,5,False,False
G3BP2,string,20,13,False,False
USO1,string,20,48,False,False
SCARB2,string,20,11,False,False
CCNI,string,20,10,False,False
CNOT6L,string,20,31,False,False
MRPL1,string,20,18,False,False
ANXA3,string,20,7,False,False
AC112253.1,string,0,0,True,False
BMP2K,string,0,0,True,False
ANTXR2,string,20,9,False,False
HNRNPDL,string,20,14,False,False
SEC31A,string,20,25,False,False
THAP9-AS1,string,0,0,True,False
LIN54,string,20,5,False,True
HELQ,string,20,3,False,False
MRPS18C,string,20,22,False,False
ABRAXAS1,string,20,11,False,False
ARHGAP24,string,20,11,False,False
AC093827.4,string,0,0,True,False
AFF1,string,20,16,False,False
HSD17B11,string,20,12,False,False
PPM1K,string,20,8,False,False
PYURF,string,20,7,False,False
FAM13A,string,20,16,False,False
SMARCAD1,string,20,10,False,False
PDLIM5,string,20,16,False,False
LAMTOR3,string,20,28,False,False
DNAJB14,string,20,9,False,False
H2AFZ,string,0,0,True,False
PPP3CA,string,20,53,False,False
SLC39A8,string,20,16,False,False
NFKB1,string,20,39,False,False
MANBA,string,0,0,True,False
UBE2D3-AS1,string,0,0,True,False
CISD2,string,20,9,False,False
CENPE,string,20,61,False,True
TET2,string,20,17,False,False
TBCK,string,20,13,False,False
PAPSS1,string,20,7,False,False
HADH,string,20,18,False,False
LEF1,string,20,32,False,False
RPL34,string,20,6,False,True
OSTC,string,20,18,False,False
MCUB,string,20,10,False,False
PLA2G12A,string,20,9,False,False
GAR1,string,20,26,False,True
ELOVL6,string,20,17,False,False
ZGRF1,string,20,5,False,False
UGT8,string,20,16,False,False
SNHG8,string,0,0,True,False
METTL14,string,20,18,False,True
USP53,string,20,10,False,False
C4orf3,string,12,0,False,False
MAD2L1,string,20,79,False,True
ANXA5,string,20,35,False,False
EXOSC9,string,20,30,False,True
CCNA2,string,20,118,False,False
KIAA1109,string,20,11,False,False
FGF2,string,20,36,False,False
NUDT6,string,20,13,False,False
SPATA5,string,20,12,False,False
SPRY1,string,20,15,False,False
ANKRD50,string,20,16,False,False
INTU,string,20,13,False,False
HSPA4L,string,20,22,False,False
LARP1B,string,20,13,False,False
PGRMC2,string,20,9,False,False
SCLT1,string,20,15,False,False
C4orf33,string,20,7,False,False
SLC7A11,string,20,18,False,False
ELF2,string,20,5,False,False
NDUFC1,string,20,22,False,False
AC097376.3,string,0,0,True,False
SETD7,string,20,17,False,False
MGST2,string,20,12,False,False
ELMOD2,string,20,8,False,False
ZNF330,string,20,4,False,False
USP38,string,20,17,False,False
SMARCA5,string,20,38,False,False
GYPE,string,20,3,False,False
GYPB,string,20,12,False,False
GYPA,string,20,20,False,False
ABCE1,string,20,37,False,True
ZNF827,string,20,12,False,False
LSM6,string,20,37,False,True
SLC10A7,string,20,8,False,False
TMEM184C,string,20,9,False,False
PRMT9,string,20,5,False,False
LRBA,string,20,11,False,False
RPS3A,string,20,34,False,True
FBXW7,string,20,28,False,False
ARFIP1,string,20,19,False,False
MND1,string,20,8,False,False
TMEM131L,string,20,5,False,False
PLRG1,string,20,40,False,True
ETFDH,string,20,31,False,False
PPID,string,20,18,False,False
FNIP2,string,20,19,False,False
RAPGEF2,string,20,21,False,False
NAF1,string,20,12,False,False
MSMO1,string,20,26,False,False
NEK1,string,20,14,False,False
CLCN3,string,20,19,False,False
GALNT7,string,20,11,False,False
HMGB2,string,20,8,False,False
SAP30,string,20,25,False,False
FBXO8,string,20,18,False,False
CEP44,string,20,6,False,False
SPCS3,string,20,12,False,True
CDKN2AIP,string,20,5,False,False
ING2,string,20,15,False,False
TRAPPC11,string,20,20,False,False
IRF2,string,20,20,False,False
CASP3,string,20,88,False,False
PRIMPOL,string,20,7,False,False
CENPU,string,20,22,False,False
SLC25A4,string,20,22,False,False
CFAP97,string,20,4,False,False
UFSP2,string,20,12,False,False
FRG1,string,20,10,False,False
CCDC127,string,20,10,False,False
EXOC3-AS1,string,0,0,True,False
EXOC3,string,20,23,False,False
SLC12A7,string,20,13,False,False
MED10,string,20,28,False,True
MIR4458HG,string,0,0,True,False
CMBL,string,20,7,False,False
MARCH6,string,0,0,True,False
ANKRD33B,string,20,4,False,False
DAP,string,20,5,False,False
TRIO,string,20,13,False,False
ANKH,string,20,10,False,False
ZNF622,string,20,22,False,False
C5orf22,string,20,9,False,False
GOLPH3,string,20,32,False,False
AC025181.2,string,0,0,True,False
RAI14,string,20,7,False,False
BRIX1,string,20,50,False,True
DNAJC21,string,20,14,False,False
LMBRD2,string,20,6,False,False
NIPBL-DT,string,0,0,True,False
NIPBL,string,20,57,False,False
RICTOR,string,20,19,False,False
DAB2,string,20,23,False,False
TTC33,string,20,5,False,False
PRKAA1,string,20,23,False,False
RPL37,string,20,8,False,True
C5orf51,string,14,3,False,False
FBXO4,string,20,9,False,False
SELENOP,string,20,14,False,False
AC008875.3,string,0,0,True,False
AC025171.1,string,0,0,True,False
ANXA2R,string,15,4,False,False
AC025171.2,string,0,0,True,False
HMGCS1,string,20,43,False,True
TMEM267,string,20,1,False,False
C5orf34,string,20,6,False,False
NNT-AS1,string,0,0,True,False
PELO,string,20,11,False,True
NDUFS4,string,20,39,False,False
ARL15,string,20,12,False,False
IL6ST,string,20,18,False,False
MAP3K1,string,20,35,False,False
MIER3,string,20,7,False,False
GPBP1,string,20,9,False,False
ZSWIM6,string,20,15,False,False
KIF2A,string,20,18,False,False
SREK1IP1,string,20,15,False,False
PPWD1,string,20,13,False,False
TRIM23,string,20,23,False,False
TRAPPC13,string,20,16,False,False
SGTB,string,20,6,False,False
ERBIN,string,20,13,False,False
SREK1,string,20,20,False,False
MAST4,string,20,7,False,False
PIK3R1,string,20,98,False,False
CCNB1,string,20,111,False,False
CCDC125,string,20,3,False,False
TAF9,string,20,30,False,False
SMN1,string,20,16,False,False
NAIP,string,20,8,False,False
BDP1,string,20,31,False,True
MAP1B,string,20,23,False,False
TNPO1,string,20,19,False,False
FCHO2,string,20,28,False,False
HEXB,string,20,23,False,False
GFM2,string,20,8,False,False
HMGCR,string,20,51,False,False
CERT1,string,20,38,False,False
POLK,string,20,11,False,False
IQGAP2,string,20,16,False,False
F2R,string,20,18,False,False
TBCA,string,20,10,False,False
AP3B1,string,20,52,False,False
SCAMP1-AS1,string,0,0,True,False
SCAMP1,string,20,8,False,False
JMY,string,20,7,False,False
TENT2,string,20,10,False,False
ZFYVE16,string,20,16,False,False
DHFR,string,20,23,False,False
CKMT2-AS1,string,0,0,True,False
SSBP2,string,20,15,False,False
RPS23,string,20,38,False,True
RASA1,string,20,31,False,False
TMEM161B,string,20,4,False,False
TMEM161B-AS1,string,0,0,True,False
MEF2C,string,20,36,False,False
LYSMD3,string,20,3,False,False
ARRDC3,string,20,15,False,False
TTC37,string,20,26,False,False
RFESD,string,20,6,False,False
RHOBTB3,string,20,17,False,False
GLRX,string,20,30,False,False
ELL2,string,20,15,False,False
CAST,string,20,7,False,False
LNPEP,string,20,24,False,False
PAM,string,20,8,False,False
GIN1,string,20,12,False,False
PPIP5K2,string,20,8,False,False
FER,string,20,7,False,False
PJA2,string,20,19,False,False
MAN2A1,string,20,29,False,False
SLC25A46,string,20,12,False,False
STARD4,string,20,11,False,False
EPB41L4A-AS1,string,0,0,True,False
APC,string,20,27,False,False
DCP2,string,20,33,False,False
YTHDC2,string,20,21,False,False
PGGT1B,string,20,3,False,False
TMED7,string,20,25,False,False
ATG12,string,20,43,False,False
COMMD10,string,20,21,False,False
DMXL1,string,20,18,False,False
TNFAIP8,string,20,9,False,False
HSD17B4,string,0,0,True,False
SRFBP1,string,20,6,False,True
SNX2,string,20,36,False,False
PPIC,string,20,7,False,False
CEP120,string,20,28,False,False
CSNK1G3,string,20,9,False,False
PHAX,string,20,20,False,True
LMNB1,string,20,28,False,False
LINC01184,string,0,0,True,False
CDC42SE2,string,20,6,False,False
RAPGEF6,string,20,14,False,False
FNIP1,string,20,19,False,False
IRF1,string,20,28,False,False
RAD50,string,20,29,False,False
UQCRQ,string,20,40,False,True
AFF4,string,20,23,False,False
ZCCHC10,string,20,14,False,False
HSPA4,string,20,85,False,False
C5orf15,string,20,3,False,False
VDAC1,string,20,41,False,False
TCF7,string,20,23,False,False
UBE2B,string,20,25,False,False
SAR1B,string,20,20,False,False
SEC24A,string,20,28,False,False
CAMLG,string,20,13,False,False
DDX46,string,20,20,False,True
PITX1,string,20,9,False,False
SMAD5,string,20,27,False,False
AC106791.1,string,0,0,True,False
FAM13B,string,20,7,False,False
BRD8,string,20,37,False,True
KIF20A,string,20,65,False,True
CDC25C,string,20,31,False,False
FAM53C,string,20,10,False,False
EGR1,string,20,35,False,False
ETF1,string,20,28,False,True
CTNNA1,string,20,54,False,False
SIL1,string,20,11,False,False
SNHG4,string,0,0,True,False
MATR3,string,0,0,True,False
PAIP2,string,20,12,False,False
PURA,string,20,14,False,False
CYSTM1,string,20,2,False,False
PFDN1,string,20,26,False,False
ANKHD1,string,20,14,False,False
SRA1,string,20,14,False,False
EIF4EBP3,string,20,8,False,False
NDUFA2,string,20,52,False,True
IK,string,20,7,False,True
TAF7,string,20,26,False,True
DIAPH1,string,0,0,True,False
RNF14,string,20,16,False,False
NDFIP1,string,20,11,False,False
NR3C1,string,20,70,False,False
YIPF5,string,20,12,False,False
LARS,string,0,0,True,True
FBXO38,string,20,8,False,False
CSNK1A1,string,20,25,False,True
RPS14,string,20,33,False,True
RBM22,string,20,34,False,False
DCTN4,string,20,20,False,False
TNIP1,string,20,11,False,False
ANXA6,string,20,11,False,False
CCDC69,string,20,11,False,False
GM2A,string,20,23,False,False
ATOX1,string,20,26,False,False
FAM114A2,string,20,9,False,False
GALNT10,string,20,9,False,False
CNOT8,string,20,29,False,False
MRPL22,string,20,30,False,True
MED7,string,20,31,False,True
RNF145,string,20,18,False,False
PWWP2A,string,20,10,False,False
SLU7,string,20,26,False,True
PTTG1,string,20,16,False,False
CCNG1,string,20,9,False,False
HMMR,string,20,14,False,False
RARS,string,0,0,True,True
PANK3,string,20,9,False,False
SPDL1,string,20,11,False,False
DOCK2,string,0,0,True,False
LCP2,string,20,44,False,False
NPM1,string,20,33,False,False
FBXW11,string,20,34,False,False
STK10,string,20,9,False,False
RPL26L1,string,20,18,False,False
ATP6V0E1,string,20,27,False,False
CREBRF,string,20,8,False,False
CPEB4,string,20,18,False,False
AC139493.2,string,0,0,True,False
KIAA1191,string,20,5,False,False
NOP16,string,20,11,False,True
RNF44,string,20,13,False,False
UIMC1,string,20,20,False,False
ZNF346,string,20,13,False,False
NSD1,string,20,9,False,False
PDLIM7,string,20,27,False,False
DOK3,string,20,13,False,False
FAM193B,string,20,3,False,False
TMED9,string,20,19,False,False
FAM153CP,string,0,0,True,False
NHP2,string,20,51,False,False
HNRNPAB,string,20,8,False,False
PHYKPL,string,20,8,False,False
CLK4,string,20,12,False,False
HNRNPH1,string,20,79,False,True
CANX,string,20,78,False,False
MAML1,string,20,9,False,False
SQSTM1,string,20,52,False,False
MRNIP,string,20,3,False,False
RNF130,string,20,6,False,False
MAPK9,string,20,28,False,False
CNOT6,string,20,27,False,False
MGAT1,string,20,21,False,False
HEIH,string,0,0,True,False
ZFP62,string,20,7,False,False
TRIM41,string,20,12,False,False
RACK1,string,20,126,False,False
AC008443.1,string,0,0,True,False
TRIM52,string,20,7,False,False
DUSP22,string,20,21,False,False
EXOC2,string,20,37,False,False
FOXC1,string,0,0,True,False
SERPINB1,string,20,6,False,False
SERPINB9,string,20,2,False,False
SERPINB6,string,20,2,False,False
NQO2,string,20,4,False,False
BPHL,string,20,15,False,False
TUBB2A,string,20,30,False,False
TUBB2B,string,20,26,False,False
PSMG4,string,20,3,False,True
SLC22A23,string,20,9,False,False
PRPF4B,string,20,22,False,True
ECI2,string,20,33,False,False
CDYL,string,20,35,False,False
SNRNP48,string,20,15,False,True
SLC35B3,string,20,15,False,False
TFAP2A,string,0,0,True,False
TFAP2A-AS2,string,0,0,True,False
C6orf52,string,12,2,False,False
PAK1IP1,string,20,20,False,False
TMEM14B,string,20,6,False,False
SYCP2L,string,20,5,False,False
HIVEP1,string,20,17,False,False
PHACTR1,string,20,16,False,False
TBC1D7,string,20,14,False,False
NOL7,string,20,14,False,False
RANBP9,string,20,15,False,False
JARID2,string,20,18,False,False
DTNBP1,string,20,21,False,False
MYLIP,string,20,4,False,False
GMPR,string,20,12,False,False
FAM8A1,string,20,14,False,False
NUP153,string,20,66,False,False
KIF13A,string,20,10,False,False
TPMT,string,20,9,False,False
KDM1B,string,20,21,False,False
MBOAT1,string,20,29,False,False
CDKAL1,string,20,23,False,False
SOX4,string,20,7,False,False
C6orf62,string,20,3,False,False
GMNN,string,20,18,False,False
CARMIL1,string,20,14,False,False
TRIM38,string,20,5,False,False
HIST1H3B,string,0,0,True,False
HIST1H1C,string,0,0,True,False
HIST1H4C,string,0,0,True,False
HIST1H2BC,string,0,0,True,False
HIST1H2AC,string,0,0,True,False
HIST1H1E,string,0,0,True,False
HIST1H2BD,string,0,0,True,False
HIST1H3D,string,0,0,True,False
HIST1H4E,string,0,0,True,False
HIST1H2BG,string,0,0,True,False
HIST1H2AE,string,0,0,True,False
HIST1H1D,string,0,0,True,False
HIST1H2BH,string,0,0,True,False
HIST1H4H,string,0,0,True,False
BTN3A2,string,20,0,False,False
BTN2A1,string,20,3,False,False
HCG11,string,0,0,True,False
HMGN4,string,20,8,False,False
AL590062.1,string,0,0,True,False
HIST1H2BJ,string,0,0,True,False
HIST1H2AG,string,0,0,True,False
HIST1H2BK,string,0,0,True,False
HIST1H2AH,string,0,0,True,False
HIST1H3H,string,0,0,True,False
HIST1H2BN,string,0,0,True,False
HIST1H1B,string,0,0,True,False
ZSCAN16-AS1,string,0,0,True,False
ZKSCAN8,string,20,13,False,False
ZSCAN9,string,20,2,False,False
ZKSCAN4,string,20,10,False,False
PGBD1,string,20,16,False,False
ZKSCAN3,string,20,6,False,False
ZSCAN12,string,20,7,False,False
TRIM26,string,20,11,False,False
HCG18,string,0,0,True,False
HLA-E,string,20,21,False,False
GNL1,string,20,15,False,False
PPP1R10,string,20,23,False,False
PPP1R18,string,20,14,False,False
MDC1,string,20,41,False,False
TUBB,string,20,18,False,False
FLOT1,string,20,10,False,False
IER3,string,20,6,False,False
TCF19,string,20,14,False,False
AL662844.4,string,0,0,True,False
HLA-C,string,20,25,False,False
MICA,string,20,11,False,False
MICB,string,20,6,False,False
LTB,string,20,5,False,False
LST1,string,20,6,False,False
AIF1,string,20,11,False,False
C6orf47,string,20,7,False,False
GPANK1,string,20,16,False,False
LY6G5B,string,20,5,False,False
ABHD16A,string,20,23,False,False
MPIG6B,string,0,0,True,False
DDAH2,string,20,14,False,False
CLIC1,string,20,15,False,False
HSPA1A,string,20,34,False,False
HSPA1B,string,20,20,False,False
SNHG32,string,0,0,True,False
NEU1,string,20,17,False,False
EHMT2,string,20,56,False,False
SKIV2L,string,20,26,False,False
DXO,string,20,19,False,False
STK19,string,20,8,False,False
ATF6B,string,20,16,False,False
EGFL8,string,20,8,False,False
RNF5,string,20,22,False,False
GPSM3,string,20,7,False,False
BRD2,string,0,0,True,False
RXRB,string,20,22,False,False
RING1,string,20,47,False,False
RPS18,string,20,20,False,True
RGL2,string,20,16,False,False
TAPBP,string,20,16,False,False
KIFC1,string,20,19,False,False
PHF1,string,20,14,False,False
HMGA1,string,20,12,False,False
SMIM29,string,14,4,False,False
ILRUN,string,20,13,False,False
UHRF1BP1,string,20,13,False,False
ZNF76,string,20,5,False,False
RPL10A,string,20,86,False,True
SRSF3,string,20,66,False,True
C6orf89,string,20,7,False,False
MTCH1,string,20,9,False,False
PIM1,string,20,16,False,False
TBC1D22B,string,20,13,False,False
ZFAND3,string,20,15,False,False
GLO1,string,20,17,False,False
KCNK5,string,20,6,False,False
OARD1,string,20,8,False,False
NFYA,string,20,29,False,False
FOXP4,string,0,0,True,False
USP49,string,20,15,False,False
MED20,string,20,13,False,True
CCND3,string,20,24,False,False
TAF8,string,20,21,False,True
MRPS10,string,20,38,False,True
TBCC,string,20,8,False,False
CNPY3,string,20,13,False,False
PEX6,string,20,16,False,False
PTK7,string,20,8,False,False
SRF,string,20,35,False,False
DNPH1,string,20,5,False,False
ZNF318,string,20,2,False,False
ABCC10,string,20,2,False,False
TJAP1,string,20,9,False,False
YIPF3,string,20,9,False,False
POLH,string,20,21,False,False
GTPBP2,string,20,6,False,False
MAD2L1BP,string,20,6,False,False
VEGFA,string,0,0,True,False
TMEM63B,string,20,6,False,False
SLC29A1,string,20,14,False,False
HSP90AB1,string,20,69,False,False
RUNX2,string,20,49,False,False
CD2AP,string,20,31,False,False
MMUT,string,20,11,False,False
CENPQ,string,20,6,False,False
RHAG,string,20,20,False,False
TFAP2B,string,20,16,False,False
MCM3,string,20,61,False,True
EFHC1,string,20,16,False,False
ICK,string,0,0,True,False
DST,string,20,12,False,False
BEND6,string,20,5,False,False
KIAA1586,string,20,3,False,False
ZNF451,string,20,18,False,False
RAB23,string,20,11,False,False
AL021368.2,string,0,0,True,False
PHF3,string,20,14,False,False
AL713998.1,string,0,0,True,False
LMBRD1,string,0,0,True,False
FAM135A,string,20,13,False,False
SMAP1,string,20,3,False,False
KHDC1,string,20,2,False,False
AC019205.1,string,0,0,True,False
MTO1,string,20,7,False,False
TMEM30A,string,20,15,False,False
SENP6,string,20,16,False,False
MYO6,string,20,33,False,False
HMGN3,string,20,9,False,False
TTK,string,20,50,False,True
IBTK,string,20,11,False,False
DOP1A,string,20,9,False,False
ME1,string,20,16,False,False
CYB5R4,string,20,11,False,False
MRAP2,string,20,10,False,False
CEP162,string,20,16,False,False
SNX14,string,20,8,False,False
SYNCRIP,string,20,26,False,False
SNHG5,string,0,0,True,False
ZNF292,string,20,18,False,False
RARS2,string,20,28,False,True
AKIRIN2,string,20,8,False,True
RNGTT,string,20,21,False,True
PNRC1,string,20,8,False,False
RRAGD,string,20,36,False,False
LYRM2,string,20,8,False,False
MDN1,string,20,10,False,True
CASP8AP2,string,20,11,False,True
MANEA,string,20,14,False,False
UFL1,string,20,9,False,True
MMS22L,string,20,6,False,True
POU3F2,string,20,9,False,False
FBXL4,string,20,11,False,False
PNISR,string,20,36,False,True
TSTD3,string,0,0,True,False
ASCC3,string,20,22,False,False
LIN28B,string,20,14,False,False
POPDC3,string,20,5,False,False
CRYBG1,string,0,0,True,False
SEC63,string,20,34,False,False
OSTM1,string,20,20,False,False
FOXO3,string,20,64,False,False
SESN1,string,20,22,False,False
CD164,string,20,9,False,False
WASF1,string,20,33,False,False
CDC40,string,20,55,False,True
CDK19,string,20,22,False,False
GTF3C6,string,20,10,False,False
RPF2,string,20,57,False,True
MFSD4B,string,20,15,False,False
REV3L,string,20,25,False,False
TRAF3IP2-AS1,string,0,0,True,False
FYN,string,20,72,False,False
FAM229B,string,8,2,False,False
HDAC2,string,20,123,False,False
TSPYL4,string,20,5,False,False
TSPYL1,string,20,9,False,False
KPNA5,string,20,9,False,False
GOPC,string,20,21,False,False
NUS1,string,20,18,False,False
CEP85L,string,20,3,False,False
MCM9,string,20,13,False,False
ASF1A,string,20,23,False,False
FAM184A,string,20,2,False,False
MAN1A1,string,20,20,False,False
SERINC1,string,20,13,False,False
PKIB,string,20,6,False,False
RNF217,string,20,5,False,False
TPD52L1,string,20,9,False,False
NCOA7,string,20,8,False,False
HINT3,string,20,2,False,False
RNF146,string,20,16,False,False
ARHGAP18,string,20,6,False,False
EPB41L2,string,20,12,False,False
MED23,string,20,21,False,False
STX7,string,20,42,False,False
RPS12,string,20,15,False,True
SGK1,string,20,17,False,False
HBS1L,string,20,28,False,True
MYB,string,20,31,False,False
BCLAF1,string,20,12,False,False
IFNGR1,string,20,14,False,False
CCDC28A,string,0,0,True,False
REPS1,string,20,11,False,False
ABRACL,string,20,11,False,False
CITED2,string,20,14,False,False
AL035446.1,string,0,0,True,False
PHACTR2,string,20,21,False,False
PLAGL1,string,20,9,False,False
SF3B5,string,20,34,False,True
FBXO30,string,20,2,False,False
SHPRH,string,20,11,False,False
RAB32,string,20,16,False,False
STXBP5,string,20,12,False,False
TAB2,string,20,29,False,False
PPIL4,string,20,7,False,True
KATNA1,string,20,15,False,False
LATS1,string,20,20,False,False
RMND1,string,0,0,True,False
ARMT1,string,20,9,False,False
LINC02840,string,0,0,True,False
FBXO5,string,20,15,False,True
MTRF1L,string,20,8,False,False
SCAF8,string,20,14,False,False
ARID1B,string,20,14,False,False
TMEM242,string,20,1,False,False
SYNJ2,string,20,31,False,False
TULP4,string,20,9,False,False
DYNLT1,string,20,26,False,False
EZR,string,20,41,False,False
SOD2,string,20,32,False,False
WTAP,string,20,17,False,False
ACAT2,string,20,31,False,False
TCP1,string,20,43,False,True
IGF2R,string,20,37,False,False
AGPAT4,string,20,23,False,False
SFT2D1,string,20,8,False,False
RNASET2,string,20,9,False,False
WDR27,string,20,11,False,False
C6orf120,string,20,6,False,False
PHF10,string,20,23,False,False
TCTE3,string,0,0,True,False
FAM120B,string,20,7,False,False
SUN1,string,20,13,False,False
COX19,string,20,22,False,False
C7orf50,string,20,4,False,False
ZFAND2A,string,20,6,False,False
MAD1L1,string,20,25,False,False
NUDT1,string,20,5,False,False
CHST12,string,20,12,False,False
IQCE,string,20,8,False,False
GNA12,string,20,25,False,False
FOXK1,string,20,18,False,False
AP5Z1,string,0,0,True,False
RBAK,string,20,8,False,False
WIPI2,string,20,33,False,False
TNRC18,string,20,8,False,False
FBXL18,string,20,8,False,False
ACTB,string,0,0,True,True
FSCN1,string,20,9,False,False
RNF216,string,20,18,False,False
CCZ1,string,20,13,False,False
EIF2AK1,string,20,18,False,False
ZDHHC4,string,20,8,False,False
ZNF316,string,20,3,False,False
ZNF12,string,20,4,False,False
RPA3,string,20,26,False,True
UMAD1,string,0,0,True,False
ICA1,string,20,12,False,False
TMEM106B,string,20,10,False,False
ARL4A,string,20,15,False,False
BZW2,string,20,10,False,False
TSPAN13,string,20,16,False,False
SNX13,string,20,13,False,False
TOMM7,string,20,22,False,False
SNHG26,string,0,0,True,False
FAM126A,string,20,5,False,False
TRA2A,string,20,12,False,False
OSBPL3,string,20,10,False,False
CYCS,string,20,92,False,True
NFE2L3,string,20,11,False,False
SNX10,string,20,12,False,False
SKAP2,string,20,17,False,False
HOTAIRM1,string,0,0,True,False
TAX1BP1,string,20,22,False,False
CPVL,string,20,21,False,False
WIPF3,string,20,13,False,False
PLEKHA8,string,20,14,False,False
GARS-DT,string,0,0,True,False
GARS,string,0,0,True,True
AVL9,string,20,21,False,False
KBTBD2,string,20,11,False,False
NT5C3A,string,0,0,True,False
RP9,string,20,10,False,False
HERPUD2,string,20,6,False,False
AC018647.2,string,0,0,True,False
SEPTIN7,string,20,18,False,False
ANLN,string,20,32,False,False
STARD3NL,string,20,12,False,False
VPS41,string,20,15,False,False
RALA,string,20,33,False,False
CDK13,string,20,17,False,False
STK17A,string,20,3,False,False
BLVRA,string,20,9,False,False
MRPS24,string,20,14,False,True
AC004951.1,string,0,0,True,False
DBNL,string,20,23,False,False
POLM,string,20,10,False,False
AEBP1,string,20,8,False,False
YKT6,string,20,62,False,False
H2AFV,string,0,0,True,False
PURB,string,20,4,False,False
SNHG15,string,0,0,True,False
CCM2,string,20,15,False,False
HUS1,string,20,14,False,False
IKZF1,string,20,30,False,False
COBL,string,20,11,False,False
SEC61G,string,20,26,False,True
PSPH,string,20,21,False,False
SUMF2,string,20,8,False,False
ZNF736,string,20,3,False,False
ZNF680,string,20,3,False,False
ZNF107,string,20,7,False,False
ZNF138,string,20,2,False,False
ZNF273,string,20,5,False,False
ZNF117,string,20,7,False,False
ERV3-1,string,20,7,False,False
ZNF92,string,20,5,False,False
CRCP,string,20,16,False,False
LINC00174,string,0,0,True,False
AC008267.5,string,0,0,True,False
RABGEF1,string,0,0,True,False
AC027644.3,string,0,0,True,False
SBDS,string,20,9,False,False
BAZ1B,string,20,17,False,False
RFC2,string,20,30,False,True
GTF2I,string,20,11,False,False
TRIM73,string,20,8,False,False
HIP1,string,20,9,False,False
RHBDD2,string,20,10,False,False
TMEM120A,string,20,8,False,False
STYXL1,string,20,6,False,False
MDH2,string,20,37,False,False
HSPB1,string,20,15,False,False
PTPN12,string,20,11,False,False
APTR,string,0,0,True,False
RSBN1L,string,20,6,False,False
TMEM60,string,20,17,False,False
PHTF2,string,20,10,False,False
KIAA1324L,string,0,0,True,False
DMTF1,string,20,14,False,False
TMEM243,string,20,6,False,False
SLC25A40,string,20,4,False,False
DBF4,string,20,17,False,False
AKAP9,string,20,41,False,False
CYP51A1,string,20,32,False,False
ANKIB1,string,20,15,False,False
GATAD1,string,20,8,False,False
PEX1,string,20,11,False,False
RBM48,string,20,7,False,True
CDK6,string,20,31,False,False
VPS50,string,20,11,False,False
BET1,string,20,35,False,False
CASD1,string,20,5,False,False
SEM1,string,20,11,False,False
SDHAF3,string,20,17,False,False
LMTK2,string,20,10,False,False
BRI3,string,20,3,False,False
TRRAP,string,20,67,False,True
SMURF1,string,20,34,False,False
ARPC1B,string,20,28,False,False
BUD31,string,20,43,False,True
ATP5MF,string,20,29,False,False
ZNF789,string,20,2,False,False
ZNF394,string,20,7,False,False
ZKSCAN5,string,20,12,False,False
FAM200A,string,12,3,False,False
ZNF655,string,20,6,False,False
ZSCAN25,string,20,5,False,False
CYP3A5,string,20,19,False,False
ZKSCAN1,string,20,7,False,False
MCM7,string,20,55,False,False
AP4M1,string,20,23,False,False
TAF6,string,20,37,False,True
PPP1R35,string,20,13,False,False
TSC22D4,string,20,12,False,False
LRCH4,string,20,13,False,False
GIGYF1,string,20,13,False,False
TRIM56,string,20,12,False,False
AP1S1,string,20,32,False,False
VGF,string,20,9,False,False
CLDN15,string,20,6,False,False
CUX1,string,20,28,False,False
ORAI2,string,20,15,False,False
POLR2J,string,20,45,False,False
POLR2J3,string,20,5,False,False
NAPEPLD,string,20,6,False,False
DNAJC2,string,20,21,False,False
RELN,string,20,16,False,False
KMT2E-AS1,string,0,0,True,False
KMT2E,string,20,23,False,False
SRPK2,string,20,30,False,False
PUS7,string,20,19,False,False
CCDC71L,string,20,8,False,False
PIK3CG,string,20,33,False,False
PRKAR2B,string,20,24,False,False
HBP1,string,20,6,False,False
AC002467.1,string,0,0,True,False
CBLL1,string,20,14,False,True
LAMB1,string,20,11,False,False
PNPLA8,string,20,9,False,False
THAP5,string,20,5,False,False
DNAJB9,string,20,10,False,False
ZNF277,string,20,11,False,False
IFRD1,string,20,10,False,False
TMEM168,string,20,7,False,False
SMIM30,string,0,0,True,False
TES,string,20,11,False,False
ST7,string,20,3,False,False
LINC02476,string,0,0,True,False
CPED1,string,20,6,False,False
FAM3C,string,20,10,False,False
WASL,string,20,60,False,False
AC006333.2,string,0,0,True,False
ZNF800,string,20,2,False,False
GCC1,string,20,20,False,False
SND1-IT1,string,0,0,True,False
CALU,string,20,17,False,False
CCDC136,string,20,4,False,False
FLNC,string,20,13,False,False
ATP6V1F,string,20,33,False,False
UBE2H,string,20,21,False,False
KLHDC10,string,20,13,False,False
TMEM209,string,20,15,False,False
MEST,string,20,9,False,False
MKLN1,string,20,17,False,False
CHCHD3,string,20,19,False,False
EXOC4,string,20,29,False,False
BPGM,string,20,19,False,False
CNOT4,string,20,28,False,False
MTPN,string,20,12,False,False
CREB3L2,string,20,14,False,False
TRIM24,string,20,21,False,False
ZC3HAV1,string,20,19,False,False
TTC26,string,20,25,False,False
UBN2,string,20,18,False,False
FMC1,string,20,13,False,False
CLEC2L,string,20,2,False,False
HIPK2,string,20,20,False,False
KDM7A,string,20,32,False,False
SLC37A3,string,20,12,False,False
MKRN1,string,20,21,False,False
NDUFB2,string,20,21,False,False
BRAF,string,20,32,False,False
MRPS33,string,20,31,False,False
DENND11,string,20,10,False,False
SSBP1,string,20,19,False,True
KEL,string,20,14,False,False
GSTK1,string,20,20,False,False
CASP2,string,20,30,False,False
ZYX,string,20,24,False,False
TCAF1,string,20,1,False,False
EZH2,string,20,81,False,False
PDIA4,string,20,36,False,False
ZNF212,string,20,10,False,False
KRBA1,string,20,3,False,False
ZNF467,string,20,5,False,False
ZBED6CL,string,0,0,True,False
LRRC61,string,20,9,False,False
KCNH2,string,20,9,False,False
CDK5,string,20,45,False,False
FASTK,string,20,11,False,False
TMUB1,string,20,10,False,False
NUB1,string,20,8,False,False
KMT2C,string,20,39,False,False
LINC01003,string,0,0,True,False
XRCC2,string,20,6,False,False
PAXIP1,string,20,23,False,False
PAXIP1-AS1,string,0,0,True,False
INSIG1,string,20,21,False,False
AC009403.1,string,0,0,True,False
RBM33,string,20,4,False,False
LINC01006,string,0,0,True,False
LMBR1,string,20,8,False,False
MNX1,string,20,6,False,False
DNAJB6,string,20,21,False,False
NCAPG2,string,20,12,False,False
WDR60,string,0,0,True,False
LINC00689,string,0,0,True,False
FBXO25,string,20,17,False,False
CLN8,string,20,10,False,False
AC100810.1,string,0,0,True,False
ARHGEF10,string,20,14,False,False
AC246817.2,string,0,0,True,False
AC246817.1,string,0,0,True,False
AC016065.1,string,0,0,True,False
MFHAS1,string,20,7,False,False
TNKS,string,20,27,False,False
MTMR9,string,20,8,False,False
FDFT1,string,20,46,False,False
CTSB,string,20,33,False,False
TUSC3,string,20,24,False,False
VPS37A,string,20,31,False,False
ASAH1,string,20,22,False,False
ATP6V1B2,string,20,29,False,True
DOK2,string,20,8,False,False
FAM160B2,string,0,0,True,False
SLC39A14,string,20,17,False,False
PDLIM2,string,20,16,False,False
BIN3,string,20,9,False,False
TNFRSF10B,string,20,22,False,False
ENTPD4,string,20,14,False,False
SLC25A37,string,20,28,False,False
CDCA2,string,20,2,False,False
PPP2R2A,string,20,39,False,False
BNIP3L,string,20,11,False,False
DPYSL2,string,20,16,False,False
EPHX2,string,20,28,False,False
CLU,string,20,32,False,False
ESCO2,string,20,19,False,False
PBK,string,20,23,False,False
EXTL3,string,20,17,False,False
HMBOX1,string,20,16,False,False
KIF13B,string,20,6,False,False
SARAF,string,20,18,False,False
WRN,string,20,44,False,False
FUT10,string,20,3,False,False
BRF2,string,20,15,False,False
RAB11FIP1,string,20,9,False,False
EIF4EBP1,string,20,24,False,False
ASH2L,string,20,42,False,False
STAR,string,20,13,False,False
DDHD2,string,20,13,False,False
FGFR1,string,20,33,False,False
TACC1,string,20,13,False,False
ADAM9,string,20,5,False,False
GOLGA7,string,20,18,False,False
GINS4,string,20,15,False,True
KAT6A,string,20,19,False,False
IKBKB,string,20,58,False,False
SMIM19,string,2,2,False,False
THAP1,string,20,21,False,True
RNF170,string,20,23,False,False
CEBPD,string,20,19,False,False
PRKDC,string,20,40,False,False
MCM4,string,20,57,False,True
PCMTD1,string,20,8,False,False
RB1CC1,string,20,37,False,False
ATP6V1H,string,20,35,False,False
RGS20,string,20,20,False,False
TCEA1,string,20,46,False,False
RPS20,string,20,37,False,True
IMPAD1,string,0,0,True,False
SDCBP,string,20,13,False,False
NSMAF,string,20,8,False,False
CA8,string,20,10,False,False
CHD7,string,20,11,False,False
YTHDF3,string,20,10,False,False
VCPIP1,string,20,19,False,False
SGK3,string,20,10,False,False
SNHG6,string,0,0,True,False
COPS5,string,20,81,False,True
CSPP1,string,20,23,False,False
NCOA2,string,20,42,False,False
TRAM1,string,20,11,False,False
TERF1,string,20,34,False,False
RPL7,string,20,12,False,True
RDH10,string,20,6,False,False
UBE2W,string,20,17,False,False
TMEM70,string,20,17,False,False
GDAP1,string,20,22,False,False
CRISPLD1,string,20,11,False,False
PEX2,string,20,24,False,False
ZBTB10,string,20,13,False,False
FABP5,string,20,13,False,False
IMPA1,string,20,13,False,False
ZFAND1,string,20,12,False,False
CHMP4C,string,20,29,False,False
LRRCC1,string,20,6,False,False
RBIS,string,20,3,False,False
CPNE3,string,20,8,False,False
AF117829.1,string,0,0,True,False
DECR1,string,20,20,False,False
PIP4P2,string,20,13,False,False
OTUD6B-AS1,string,0,0,True,False
RBM12B,string,20,4,False,False
VIRMA,string,20,71,False,False
INTS8,string,20,23,False,True
CCNE2,string,20,22,False,False
PLEKHF2,string,20,7,False,False
UQCRB,string,20,24,False,True
CPQ,string,20,4,False,False
TSPYL5,string,20,8,False,False
LAPTM4B,string,20,14,False,False
RIDA,string,20,17,False,False
VPS13B,string,20,17,False,False
COX6C,string,20,17,False,False
POLR2K,string,20,57,False,False
RNF19A,string,20,8,False,False
ANKRD46,string,20,14,False,False
RRM2B,string,20,24,False,False
UBR5,string,20,19,False,False
KLF10,string,20,6,False,False
AZIN1,string,20,15,False,False
LRP12,string,20,12,False,False
ZFPM2,string,20,8,False,False
OXR1,string,20,6,False,False
ANGPT1,string,20,12,False,False
EIF3E,string,20,25,False,True
EIF3H,string,20,15,False,True
UTP23,string,20,11,False,True
RAD21,string,20,35,False,True
MED30,string,20,27,False,True
TAF2,string,20,28,False,True
MTBP,string,20,3,False,True
FAM83A,string,20,6,False,False
ZHX1,string,20,8,False,False
ATAD2,string,20,9,False,False
FAM91A1,string,20,7,False,False
TMEM65,string,20,11,False,False
RNF139,string,20,23,False,False
TATDN1,string,20,14,False,False
SQLE,string,20,33,False,False
AC016074.2,string,0,0,True,False
MYC,string,0,0,True,False
PVT1,string,0,0,True,False
FAM49B,string,0,0,True,False
PHF20L1,string,20,22,False,False
TRAPPC9,string,0,0,True,False
PTP4A3,string,20,16,False,False
LY6E,string,20,5,False,False
GLI4,string,20,2,False,False
MINCR,string,0,0,True,False
ZNF696,string,20,2,False,False
ZC3H3,string,20,6,False,False
NAPRT,string,20,12,False,False
EEF1D,string,20,12,False,False
ZNF623,string,20,4,False,False
PLEC,string,20,18,False,False
GRINA,string,20,13,False,False
CYC1,string,20,46,False,False
SHARPIN,string,20,9,False,False
BOP1,string,20,77,False,True
VPS28,string,20,26,False,True
CYHR1,string,20,12,False,False
MFSD3,string,20,15,False,False
LRRC14,string,20,12,False,False
C8orf33,string,20,6,False,False
CBWD1,string,20,5,False,False
DOCK8,string,20,21,False,False
SMARCA2,string,20,38,False,False
RANBP6,string,20,12,False,False
UHRF2,string,20,11,False,False
PSIP1,string,20,16,False,False
RRAGA,string,20,33,False,False
PLIN2,string,20,15,False,False
DENND4C,string,20,9,False,False
RPS6,string,20,41,False,True
MLLT3,string,20,27,False,False
MOB3B,string,20,7,False,False
ACO1,string,20,30,False,False
TOPORS,string,20,14,False,False
SMIM27,string,3,2,False,False
NDUFB6,string,20,46,False,False
APTX,string,20,23,False,False
DNAJA1,string,20,23,False,False
SMU1,string,20,14,False,True
B4GALT1,string,20,24,False,False
BAG1,string,0,0,True,False
CHMP5,string,20,30,False,False
NFX1,string,20,13,False,False
UBAP2,string,20,12,False,False
DCAF12,string,20,20,False,False
UBAP1,string,20,32,False,True
RPP25L,string,20,11,False,False
DCTN3,string,20,16,False,False
VCP,string,20,74,False,False
STOML2,string,20,16,False,False
CCDC107,string,20,2,False,False
TLN1,string,20,44,False,False
CREB3,string,20,20,False,False
GBA2,string,20,23,False,False
RGP1,string,20,8,False,False
HINT2,string,20,5,False,False
CLTA,string,20,53,False,False
EBLN3P,string,0,0,True,False
ZCCHC7,string,20,13,False,False
GRHPR,string,20,18,False,False
TOMM5,string,20,15,False,False
TRMT10B,string,20,6,False,False
DCAF10,string,20,21,False,False
CBWD5,string,20,2,False,False
TJP2,string,20,18,False,False
PTAR1,string,20,16,False,False
SMC5,string,20,33,False,False
KLF9,string,20,8,False,False
CEMIP2,string,20,11,False,False
ABHD17B,string,20,9,False,False
C9orf85,string,20,5,False,False
ZFAND5,string,20,11,False,False
OSTF1,string,20,5,False,False
RFK,string,20,16,False,False
VPS13A,string,20,14,False,False
CEP78,string,20,7,False,False
PSAT1,string,20,28,False,False
TLE4,string,20,26,False,False
GKAP1,string,20,8,False,False
RMI1,string,20,22,False,True
AGTPBP1,string,20,12,False,False
GOLM1,string,20,7,False,False
TUT7,string,20,11,False,False
DAPK1,string,20,22,False,False
CTSL,string,20,21,False,False
CKS2,string,20,17,False,False
SECISBP2,string,20,15,False,False
NFIL3,string,20,13,False,False
NOL8,string,20,12,False,True
NINJ1,string,20,0,False,False
PHF2,string,20,5,False,False
PTPDC1,string,20,6,False,False
AL158152.1,string,0,0,True,False
ZNF169,string,20,3,False,False
AOPEP,string,20,10,False,False
ERCC6L2,string,20,1,False,False
SLC35D2,string,20,10,False,False
ZNF367,string,20,14,False,False
ZNF510,string,20,2,False,False
MFSD14C,string,0,0,True,False
CTSV,string,20,9,False,False
TMOD1,string,20,26,False,False
TSTD2,string,20,2,False,False
XPA,string,20,31,False,False
HEMGN,string,20,5,False,False
ANP32B,string,20,14,False,False
GALNT12,string,20,7,False,False
TGFBR1,string,20,46,False,False
ALG2,string,20,16,False,True
SEC61B,string,20,37,False,False
ERP44,string,20,17,False,False
INVS,string,20,18,False,False
TMEFF1,string,20,5,False,False
MRPL50,string,20,21,False,True
RNF20,string,20,19,False,True
SMC2,string,20,27,False,True
NIPSNAP3A,string,20,5,False,False
TMEM38B,string,20,14,False,False
RAD23B,string,20,40,False,False
ABITRAM,string,20,8,False,False
CTNNAL1,string,20,11,False,False
TMEM245,string,20,8,False,False
DNAJC25,string,20,1,False,False
UGCG,string,20,27,False,False
AL138756.1,string,0,0,True,False
PTBP3,string,20,15,False,False
HSDL2,string,20,22,False,False
KIAA1958,string,20,7,False,False
INIP,string,20,7,False,False
SLC31A1,string,20,14,False,False
POLE3,string,20,33,False,False
TMEM268,string,6,1,False,False
CDK5RAP2,string,20,29,False,False
FBXW2,string,20,13,False,False
PHF19,string,20,10,False,False
CNTRL,string,20,17,False,False
RAB14,string,20,26,False,False
NDUFA8,string,20,49,False,True
PDCL,string,20,13,False,False
RC3H2,string,20,15,False,False
ZBTB6,string,20,13,False,False
RABGAP1,string,20,10,False,False
ARPC5L,string,20,14,False,False
GOLGA1,string,20,31,False,False
SCAI,string,20,10,False,False
HSPA5,string,20,100,False,True
ZBTB43,string,20,3,False,False
RPL12,string,20,84,False,True
TOR2A,string,20,12,False,False
AK1,string,0,0,True,False
C9orf16,string,0,0,True,False
DNM1,string,20,36,False,False
GOLGA2,string,20,34,False,False
SWI5,string,0,0,True,False
ODF2,string,20,9,False,False
SPTAN1,string,20,20,False,False
WDR34,string,0,0,True,False
ZDHHC12,string,20,4,False,False
AL441992.1,string,0,0,True,False
ENDOG,string,20,8,False,False
LRRC8A,string,20,16,False,False
MIGA2,string,20,6,False,False
LINC00963,string,0,0,True,False
ASB6,string,20,11,False,False
TOR1B,string,20,9,False,False
TOR1A,string,20,19,False,False
USP20,string,20,9,False,False
FNBP1,string,20,20,False,False
GPR107,string,20,11,False,False
NUP214,string,20,54,False,False
AL157938.3,string,0,0,True,False
PRRC2B,string,0,0,True,False
POMT1,string,20,13,False,False
SETX,string,20,23,False,False
TTF1,string,20,8,False,False
GTF3C4,string,20,8,False,False
TSC1,string,20,32,False,False
GFI1B,string,20,18,False,False
RALGDS,string,20,14,False,False
ABO,string,20,4,False,False
SURF6,string,20,14,False,True
RPL7A,string,20,21,False,False
SURF1,string,20,23,False,False
SURF2,string,20,7,False,False
BRD3,string,20,4,False,False
UBAC1,string,20,7,False,False
QSOX2,string,20,13,False,False
INPP5E,string,20,11,False,False
SEC16A,string,20,19,False,False
EGFL7,string,20,7,False,False
AGPAT2,string,20,21,False,False
SNHG7,string,0,0,True,False
TMEM141,string,20,4,False,False
RABL6,string,20,11,False,False
PHPT1,string,20,12,False,False
EDF1,string,20,14,False,False
MAN1B1,string,20,30,False,False
DPP7,string,20,25,False,False
BX255925.3,string,0,0,True,False
RNF208,string,20,12,False,False
TUBB4B,string,20,20,False,False
TOR4A,string,20,5,False,False
NRARP,string,20,4,False,False
MRPL41,string,20,40,False,True
ZMYND19,string,20,6,False,False
ARRDC1-AS1,string,0,0,True,False
LARP4B,string,0,0,True,False
IDI1,string,20,28,False,False
KLF6,string,20,9,False,False
NET1,string,20,6,False,False
TASOR2,string,20,6,False,False
PRKCQ-AS1,string,0,0,True,False
SFMBT2,string,20,10,False,False
KIN,string,20,7,False,True
CELF2,string,20,11,False,False
USP6NL,string,20,10,False,False
ECHDC3,string,20,9,False,False
UPF2,string,20,16,False,True
MCM10,string,20,31,False,True
PHYH,string,20,11,False,False
HSPA14,string,20,31,False,False
HSPA14-1,string,0,0,True,False
DCLRE1C,string,20,18,False,False
NMT2,string,20,8,False,False
RSU1,string,20,9,False,False
TRDMT1,string,20,9,False,False
VIM,string,20,23,False,False
ST8SIA6,string,20,6,False,False
STAM,string,20,22,False,False
ARL5B,string,20,7,False,False
DNAJC1,string,20,3,False,False
COMMD3,string,20,24,False,False
BMI1,string,20,35,False,False
MSRB2,string,20,9,False,False
ARHGAP21,string,20,7,False,False
PRTFDC1,string,20,4,False,False
ABI1,string,20,33,False,False
ANKRD26,string,20,11,False,False
YME1L1,string,20,22,False,False
ACBD5,string,20,25,False,False
RAB18,string,20,23,False,False
WAC-AS1,string,0,0,True,False
BAMBI,string,20,15,False,False
MAP3K8,string,20,19,False,False
ZEB1,string,0,0,True,False
ARHGAP12,string,20,11,False,False
EPC1,string,20,23,False,False
ITGB1,string,20,89,False,False
PARD3,string,20,23,False,False
CREM,string,20,18,False,False
CCNY,string,20,17,False,False
ZNF248,string,20,4,False,False
ZNF37A,string,20,1,False,False
ZNF33B,string,20,1,False,False
MARCH8,string,0,0,True,False
NCOA4,string,20,8,False,False
MAPK8,string,20,56,False,False
TMEM273,string,9,1,False,False
ERCC6,string,20,6,False,False
PARG,string,20,15,False,False
TIMM23B,string,0,0,True,True
ZWINT,string,20,20,False,False
SLC16A9,string,20,8,False,False
CDK1,string,20,174,False,True
ARID5B,string,20,7,False,False
NRBF2,string,20,7,False,False
JMJD1C,string,20,10,False,False
REEP3,string,20,8,False,False
SIRT1,string,20,73,False,False
HERC4,string,20,12,False,False
HNRNPH3,string,20,13,False,False
RUFY2,string,20,9,False,False
DNA2,string,20,31,False,False
SLC25A16,string,20,6,False,False
TET1,string,20,9,False,False
DDX21,string,20,9,False,True
HK1,string,20,25,False,False
FAM241B,string,20,5,False,False
AIFM2,string,20,11,False,False
PPA1,string,20,16,False,False
EIF4EBP2,string,20,11,False,False
PSAP,string,20,21,False,False
ANAPC16,string,20,16,False,False
DDIT4,string,20,4,False,False
MICU1,string,20,14,False,False
P4HA1,string,20,15,False,False
PPP3CB,string,20,43,False,False
SEC24C,string,20,32,False,False
FUT11,string,20,18,False,False
ZSWIM8,string,20,3,False,False
VCL,string,20,61,False,False
KAT6B,string,20,10,False,False
SAMD8,string,20,8,False,False
LRMDA,string,20,17,False,False
RPS24,string,20,21,False,True
PPIF,string,20,35,False,False
NUTM2B-AS1,string,0,0,True,False
PRXL2A,string,20,3,False,False
TSPAN14,string,20,6,False,False
CCSER2,string,20,4,False,False
BMPR1A,string,20,24,False,False
ATAD1,string,20,13,False,False
PTEN,string,20,87,False,False
KIF20B,string,20,9,False,False
PCGF5,string,20,19,False,False
TNKS2,string,20,23,False,False
BTAF1,string,20,20,False,False
KIF11,string,20,88,False,False
HHEX,string,20,13,False,False
FRA10AC1,string,20,6,False,False
SLC35G1,string,20,14,False,False
HELLS,string,20,11,False,False
SORBS1,string,20,15,False,False
CCNJ,string,20,8,False,False
ZNF518A,string,20,10,False,False
LCOR,string,20,11,False,False
RRP12,string,20,18,False,True
ZFYVE27,string,20,16,False,False
R3HCC1L,string,20,4,False,False
HPS1,string,20,7,False,False
GOT1,string,20,29,False,False
SCD,string,20,36,False,False
HIF1AN,string,20,16,False,False
SLF2,string,20,7,False,False
BTRC,string,20,75,False,False
POLL,string,20,13,False,False
OGA,string,20,15,False,False
LDB1,string,20,28,False,False
NOLC1,string,20,24,False,True
FBXL15,string,0,0,True,False
RPARP-AS1,string,0,0,True,False
ACTR1A,string,20,20,False,False
TRIM8,string,20,10,False,False
ARL3,string,20,12,False,False
WBP1L,string,20,10,False,False
BORCS7,string,20,8,False,False
NT5C2,string,20,31,False,False
ATP5MD,string,0,0,True,False
SLK,string,20,10,False,False
GSTO1,string,20,19,False,False
ADD3,string,20,8,False,False
MXI1,string,20,10,False,False
SMNDC1,string,20,14,False,False
SMC3,string,20,37,False,True
PDCD4,string,20,5,False,False
SHOC2,string,20,20,False,False
GPAM,string,20,22,False,False
TCF7L2,string,20,31,False,False
NHLRC2,string,20,10,False,False
CCDC186,string,20,13,False,False
TRUB1,string,20,18,False,False
SHTN1,string,20,6,False,False
RAB11FIP2,string,20,14,False,False
FAM204A,string,20,3,False,False
CACUL1,string,20,8,False,False
DENND10,string,20,14,False,False
RGS10,string,20,12,False,False
BAG3,string,20,31,False,False
INPP5F,string,0,0,True,False
SEC23IP,string,20,18,False,False
WDR11,string,20,7,False,False
ATE1,string,20,10,False,False
PLEKHA1,string,20,8,False,False
FAM24B,string,12,2,False,False
IKZF5,string,20,7,False,False
ACADSB,string,20,15,False,False
OAT,string,20,18,False,False
UROS,string,20,15,False,False
MKI67,string,20,29,False,False
PPP2R2D,string,20,27,False,False
BNIP3,string,20,25,False,False
STK32C,string,20,5,False,False
SYCE1,string,20,3,False,False
IFITM2,string,20,14,False,False
IFITM1,string,20,21,False,False
SIGIRR,string,20,3,False,False
TMEM80,string,20,2,False,False
TALDO1,string,20,40,False,False
POLR2L,string,20,73,False,True
AP2A2,string,20,43,False,False
MOB2,string,20,13,False,False
CTSD,string,20,45,False,False
H19,string,0,0,True,False
ASCL2,string,20,7,False,False
TSPAN32,string,20,6,False,False
CD81,string,20,29,False,False
KCNQ1OT1,string,0,0,True,False
CDKN1C,string,20,20,False,False
PHLDA2,string,20,9,False,False
CARS,string,0,0,True,False
ZNF195,string,20,3,False,False
RHOG,string,20,15,False,False
STIM1,string,20,26,False,False
RRM1,string,20,38,False,True
HBD,string,0,0,True,False
HBG1,string,20,13,False,False
HBG2,string,0,0,True,False
RRP8,string,20,19,False,False
ILK,string,20,32,False,False
TPP1,string,20,15,False,False
EIF3F,string,20,22,False,True
RPL27A,string,20,87,False,True
AKIP1,string,20,1,False,False
TMEM9B,string,20,10,False,False
NRIP3,string,20,5,False,False
DENND5A,string,20,17,False,False
TMEM41B,string,20,8,False,False
ZNF143,string,20,11,False,False
WEE1,string,20,9,False,False
SWAP70,string,20,3,False,False
MTRNR2L8,string,13,2,False,False
RNF141,string,20,12,False,False
CTR9,string,20,23,False,True
EIF4G2,string,20,20,False,True
ZBED5,string,20,2,False,False
USP47,string,20,9,False,False
MICAL2,string,20,17,False,False
TEAD1,string,20,15,False,False
LINC00958,string,0,0,True,False
BTBD10,string,20,12,False,False
FAR1,string,20,10,False,False
RRAS2,string,20,29,False,False
COPB1,string,20,45,False,True
PIK3C2A,string,20,30,False,False
NUCB2,string,20,7,False,False
HPS5,string,20,11,False,False
LDHA,string,20,38,False,False
TSG101,string,20,55,False,True
SPTY2D1,string,20,5,False,False
HTATIP2,string,20,13,False,False
SVIP,string,20,7,False,False
BBOX1-AS1,string,0,0,True,False
CCDC34,string,20,16,False,False
LGR4,string,20,8,False,False
KIF18A,string,20,18,False,False
ARL14EP,string,20,11,False,False
IMMP1L,string,20,11,False,False
ELP4,string,20,22,False,False
PAX6,string,20,34,False,False
RCN1,string,20,13,False,False
QSER1,string,20,16,False,False
HIPK3,string,20,12,False,False
CD59,string,20,22,False,False
LMO2,string,20,25,False,False
CAT,string,20,75,False,False
TRIM44,string,20,15,False,False
TRAF6,string,20,73,False,False
C11orf74,string,0,0,True,False
AC021723.2,string,0,0,True,False
API5,string,20,12,False,False
TTC17,string,20,5,False,False
AC068205.2,string,0,0,True,False
HSD17B12,string,20,19,False,True
TSPAN18,string,20,6,False,False
PHF21A,string,20,16,False,False
MDK,string,20,8,False,False
ATG13,string,20,33,False,False
ARHGAP1,string,20,22,False,False
ZNF408,string,20,8,False,False
CKAP5,string,20,35,False,True
C11orf49,string,20,15,False,False
ARFGAP2,string,20,27,False,False
ACP2,string,20,11,False,False
MADD,string,20,29,False,False
SPI1,string,20,46,False,False
CELF1,string,20,20,False,False
KBTBD4,string,20,1,False,False
FNBP4,string,20,9,False,False
PRG2,string,20,5,False,False
SLC43A3,string,20,9,False,False
TIMM10,string,20,31,False,False
UBE2L6,string,20,31,False,False
SERPING1,string,20,10,False,False
CLP1,string,20,26,False,True
ZDHHC5,string,20,11,False,False
MED19,string,20,31,False,True
CTNND1,string,20,46,False,False
ZFP91,string,20,8,False,False
PATL1,string,20,21,False,False
STX3,string,20,25,False,False
MRPL16,string,20,46,False,True
MS4A3,string,20,4,False,False
MS4A4A,string,20,10,False,False
CCDC86,string,20,8,False,True
VPS37C,string,20,27,False,False
TKFC,string,20,9,False,False
CYB561A3,string,20,10,False,False
MYRF,string,20,7,False,False
FEN1,string,20,51,False,False
FADS1,string,20,12,False,False
FADS3,string,20,3,False,False
BEST1,string,20,20,False,False
FTH1,string,20,20,False,False
ASRGL1,string,20,15,False,False
AHNAK,string,20,17,False,False
EEF1G,string,20,24,False,True
B3GAT3,string,20,18,False,False
CSKMT,string,20,4,False,False
UQCC3,string,20,5,False,False
HNRNPUL2,string,20,7,False,False
TTC9C,string,20,5,False,False
TMEM179B,string,19,6,False,False
NXF1,string,20,50,False,False
STX5,string,20,62,False,False
SNHG1,string,0,0,True,False
SLC3A2,string,20,28,False,False
RTN3,string,20,17,False,False
STIP1,string,20,37,False,False
TRPT1,string,20,7,False,False
DNAJC4,string,20,3,False,False
PPP1R14B,string,20,8,False,False
BAD,string,20,19,False,False
GPR137,string,20,11,False,False
TRMT112,string,20,25,False,True
PRDX5,string,20,12,False,False
CCDC88B,string,20,2,False,False
RASGRP2,string,20,10,False,False
EHD1,string,20,21,False,False
ATG2A,string,20,13,False,False
ARL2,string,20,16,False,True
CDCA5,string,20,14,False,False
VPS51,string,20,31,False,False
TM7SF2,string,20,19,False,False
SYVN1,string,20,42,False,False
SPDYC,string,20,0,False,False
CAPN1,string,20,18,False,False
FRMD8,string,20,11,False,False
NEAT1,string,0,0,True,False
MALAT1,string,0,0,True,False
FAM89B,string,20,12,False,False
EHBP1L1,string,20,15,False,False
MAP3K11,string,20,24,False,False
RELA,string,20,68,False,False
RNASEH2C,string,20,3,False,True
CCDC85B,string,20,6,False,False
C11orf68,string,20,1,False,False
DRAP1,string,20,15,False,True
PACS1,string,20,6,False,False
KLC2,string,20,18,False,False
RAB1B,string,20,51,False,False
CTSF,string,20,8,False,False
CCS,string,20,9,False,False
LRFN4,string,20,8,False,False
KDM2A,string,20,11,False,False
ANKRD13D,string,20,6,False,False
RAD9A,string,20,22,False,False
POLD4,string,20,6,False,False
CORO1B,string,20,11,False,False
TMEM134,string,20,9,False,False
AIP,string,20,6,False,False
PITPNM1,string,20,16,False,False
CDK2AP2,string,20,2,False,False
GSTP1,string,20,29,False,False
TCIRG1,string,20,31,False,False
CHKA,string,20,9,False,False
KMT5B,string,20,17,False,False
PPP6R3,string,20,21,False,False
GAL,string,20,7,False,False
IGHMBP2,string,20,7,False,False
LTO1,string,20,13,False,False
PPFIA1,string,20,15,False,False
CTTN,string,20,42,False,False
DHCR7,string,20,27,False,False
AP002387.2,string,0,0,True,False
NADSYN1,string,20,14,False,False
NUMA1,string,20,17,False,True
ARAP1,string,20,18,False,False
FCHSD2,string,20,13,False,False
RELT,string,20,11,False,False
RAB6A,string,20,38,False,False
MRPL48,string,20,9,False,False
UCP2,string,20,11,False,False
PGM2L1,string,20,15,False,False
POLD3,string,20,30,False,True
RNF169,string,20,4,False,False
XRRA1,string,20,10,False,False
SPCS2,string,20,24,False,False
RPS3,string,20,43,False,True
SERPINH1,string,20,18,False,False
UVRAG,string,20,24,False,False
GVQW3,string,2,1,False,False
AP002360.1,string,0,0,True,False
EMSY,string,20,15,False,False
ACER3,string,20,25,False,False
PAK1,string,20,46,False,False
RSF1,string,20,19,False,False
AAMDC,string,20,6,False,False
NDUFC2,string,20,35,False,False
GAB2,string,20,27,False,True
PRCP,string,20,19,False,False
RAB30,string,20,7,False,False
RAB30-DT,string,0,0,True,False
PCF11,string,20,39,False,True
AP000873.2,string,0,0,True,False
ANKRD42,string,20,8,False,False
TMEM126A,string,20,13,False,False
CREBZF,string,20,9,False,False
PICALM,string,20,44,False,False
TMEM135,string,20,7,False,False
CTSC,string,20,17,False,False
CHORDC1,string,20,15,False,False
CEP295,string,20,18,False,False
TAF1D,string,20,14,False,True
C11orf54,string,20,8,False,False
MED17,string,20,39,False,True
MRE11,string,20,35,False,False
ANKRD49,string,20,15,False,False
AMOTL1,string,20,13,False,False
SRSF8,string,20,6,False,False
ENDOD1,string,20,14,False,False
FAM76B,string,20,3,False,False
CEP57,string,20,13,False,False
CCDC82,string,20,5,False,False
BIRC2,string,20,38,False,False
TMEM123,string,20,2,False,False
MSANTD4,string,20,10,False,False
CWF19L2,string,20,11,False,True
NPAT,string,20,9,False,False
ATM,string,20,94,False,False
EXPH5,string,20,12,False,False
DDX10,string,20,30,False,True
RDX,string,0,0,True,False
ALG9,string,20,16,False,False
C11orf1,string,20,8,False,False
NKAPD1,string,20,9,False,False
C11orf71,string,20,8,False,False
RBM7,string,20,16,False,False
PCSK7,string,20,8,False,False
UBE4A,string,20,19,False,False
KMT2A,string,20,50,False,False
ARCN1,string,20,36,False,True
DDX6,string,20,57,False,True
CCDC84,string,0,0,True,True
HYOU1,string,20,44,False,False
HMBS,string,0,0,True,False
H2AFX,string,0,0,True,False
C2CD2L,string,20,7,False,False
HINFP,string,20,18,False,True
CBL,string,20,54,False,False
MCAM,string,20,14,False,False
TLCD5,string,20,2,False,False
ARHGEF12,string,20,32,False,False
SC5D,string,20,22,False,False
UBASH3B,string,20,14,False,False
HSPA8,string,20,94,False,True
TBRG1,string,20,9,False,False
NRGN,string,20,8,False,False
ESAM,string,20,7,False,False
MSANTD2,string,8,1,False,False
FEZ1,string,20,3,False,False
CHEK1,string,20,46,False,True
SRPRA,string,20,13,False,False
APLP2,string,20,10,False,False
ZBTB44,string,20,7,False,False
THYN1,string,20,8,False,False
ACAD8,string,20,14,False,False
KDM5A,string,20,19,False,False
ERC1,string,20,22,False,False
ADIPOR2,string,20,7,False,False
FKBP4,string,20,35,False,False
CCND2,string,20,32,False,False
C12orf4,string,20,14,False,False
RAD51AP1,string,20,14,False,False
DYRK4,string,20,5,False,False
CD9,string,20,32,False,False
TNFRSF1A,string,20,49,False,False
LTBR,string,20,10,False,False
NCAPD2,string,20,19,False,False
GAPDH,string,20,83,False,False
ZNF384,string,20,10,False,False
MLF2,string,20,11,False,False
PTMS,string,0,0,True,False
CDCA3,string,20,12,False,False
ENO2,string,20,24,False,False
C12orf57,string,20,6,False,False
SLC2A3,string,20,8,False,False
NECAP1,string,20,19,False,False
RIMKLB,string,20,7,False,False
CLEC2B,string,20,4,False,False
GABARAPL1,string,20,43,False,False
AC022075.1,string,0,0,True,False
PRH1,string,20,4,False,False
SMIM10L1,string,0,0,True,False
ETV6,string,20,33,False,False
LRP6,string,20,22,False,False
CDKN1B,string,20,46,False,False
ATF7IP,string,20,17,False,False
DERA,string,20,22,False,False
MGST1,string,20,16,False,False
PLEKHA5,string,20,12,False,False
AEBP2,string,20,24,False,False
RECQL,string,20,13,False,False
GOLT1B,string,20,20,False,True
C2CD5,string,20,18,False,False
ETNK1,string,20,15,False,False
BCAT1,string,20,19,False,False
LRMP,string,0,0,True,False
ETFRF1,string,20,8,False,False
ITPR2,string,20,27,False,False
INTS13,string,20,24,False,False
FGFR1OP2,string,20,19,False,False
TM7SF3,string,20,17,False,False
MED21,string,20,31,False,True
STK38L,string,20,29,False,False
ARNTL2,string,20,8,False,False
PPFIBP1,string,20,15,False,False
KLHL42,string,20,26,False,False
IPO8,string,20,18,False,False
DENND5B,string,20,18,False,False
AC023157.3,string,0,0,True,False
RESF1,string,20,4,False,False
BICD1,string,0,0,True,False
ALG10B,string,20,18,False,False
GXYLT1,string,20,11,False,False
YAF2,string,20,12,False,False
ZCRB1,string,20,17,False,True
TWF1,string,20,16,False,False
ANO6,string,20,12,False,False
AC008124.1,string,0,0,True,False
ARID2,string,20,18,False,False
SLC38A1,string,20,13,False,False
SLC38A2,string,20,15,False,False
RPAP3,string,20,22,False,False
SLC48A1,string,20,8,False,False
TMEM106C,string,20,6,False,False
COL2A1,string,20,12,False,False
SENP1,string,20,15,False,False
ASB8,string,20,9,False,False
KANSL2,string,20,13,False,True
CCNT1,string,20,31,False,False
DDX23,string,20,21,False,True
FKBP11,string,20,10,False,False
KMT2D,string,20,40,False,False
RHEBL1,string,20,9,False,False
LMBR1L,string,20,13,False,False
TUBA1B,string,20,29,False,False
TUBA1A,string,20,30,False,False
TUBA1C,string,20,30,False,False
TROAP,string,20,6,False,False
SPATS2,string,20,7,False,False
TMBIM6,string,20,8,False,False
NCKAP5L,string,20,11,False,False
BCDIN3D,string,20,15,False,False
RACGAP1,string,20,29,False,True
CERS5,string,20,15,False,False
LIMA1,string,20,14,False,False
ATF1,string,20,6,False,False
LETMD1,string,20,4,False,False
DAZAP2,string,20,5,False,False
SMAGP,string,20,7,False,False
GALNT6,string,20,8,False,False
ACVR1B,string,20,15,False,False
ATG101,string,20,24,False,False
KRT8,string,20,10,False,False
KRT18,string,20,8,False,False
EIF4B,string,20,34,False,False
CSAD,string,20,14,False,False
ZNF740,string,20,12,False,False
MFSD5,string,20,10,False,False
SP1,string,20,58,False,False
AMHR2,string,20,9,False,False
PCBP2,string,20,27,False,False
ATF7,string,20,5,False,False
HOXC6,string,20,9,False,False
HOXC9,string,20,8,False,False
HOXC8,string,20,14,False,False
CBX5,string,20,38,False,False
HNRNPA1,string,20,47,False,False
NFE2,string,20,19,False,False
ZNF385A,string,20,17,False,False
NCKAP1L,string,20,26,False,False
CD63,string,20,27,False,False
GDF11,string,20,9,False,False
RAB5B,string,20,12,False,False
IKZF4,string,20,10,False,False
RPS26,string,20,16,False,True
PA2G4,string,20,22,False,False
MYL6,string,20,21,False,False
SMARCC2,string,20,30,False,False
RNF41,string,20,23,False,False
COQ10A,string,20,7,False,False
BAZ2A,string,20,17,False,False
PRIM1,string,20,33,False,True
ZBTB39,string,20,11,False,False
TAC3,string,0,0,True,False
NAB2,string,20,12,False,False
STAT6,string,20,24,False,False
SHMT2,string,20,31,False,False
STAC3,string,20,4,False,False
R3HDM2,string,20,12,False,False
MARS,string,0,0,True,True
DDIT3,string,20,32,False,False
MBD6,string,20,8,False,False
PIP4K2C,string,20,17,False,False
OS9,string,20,45,False,False
TSPAN31,string,20,15,False,False
MARCH9,string,0,0,True,False
CTDSP2,string,20,9,False,False
GIHCG,string,0,0,True,False
TAFA2,string,20,10,False,False
USP15,string,20,18,False,False
MON2,string,20,37,False,False
XPOT,string,20,30,False,False
TBK1,string,20,45,False,False
RASSF3,string,20,5,False,False
GNS,string,20,20,False,False
TMBIM4,string,20,10,False,False
HELB,string,20,2,False,False
CAND1,string,20,22,False,False
RAP1B,string,20,35,False,False
SLC35E3,string,20,14,False,False
FRS2,string,20,19,False,False
AC025159.1,string,0,0,True,False
ZFC3H1,string,20,40,False,True
THAP2,string,20,6,False,False
RAB21,string,20,15,False,False
TBC1D15,string,20,10,False,False
AC090015.1,string,0,0,True,False
ATXN7L3B,string,20,2,False,False
ZDHHC17,string,20,20,False,False
PPP1R12A,string,20,38,False,False
CCDC59,string,20,6,False,True
CEP290,string,20,36,False,False
POC1B,string,20,22,False,False
GALNT4,string,20,7,False,False
ATP2B1,string,20,20,False,False
BTG1,string,20,10,False,False
NUDT4,string,20,10,False,False
SOCS2-AS1,string,0,0,True,False
SOCS2,string,20,9,False,False
CRADD,string,20,16,False,False
FGD6,string,20,11,False,False
VEZT,string,20,10,False,False
USP44,string,20,9,False,False
SNRPF,string,20,110,False,True
LTA4H,string,20,6,False,False
ELK3,string,20,0,False,False
CDK17,string,20,6,False,False
NEDD1,string,20,22,False,True
TMPO-AS1,string,0,0,True,False
TMPO,string,20,14,False,False
APAF1,string,20,31,False,False
UHRF1BP1L,string,20,8,False,False
SCYL2,string,20,3,False,False
GNPTAB,string,20,17,False,False
DRAM1,string,20,6,False,False
WASHC3,string,20,13,False,False
HELLPAR,string,0,0,True,False
HSP90B1,string,20,49,False,False
HCFC2,string,20,12,False,False
NFYB,string,20,36,False,False
TXNRD1,string,20,63,False,False
CHST11,string,20,9,False,False
TMEM263,string,20,5,False,False
MTERF2,string,20,10,False,False
CRY1,string,20,15,False,False
PRDM4,string,20,4,False,False
ISCU,string,20,32,False,True
CORO1C,string,20,14,False,False
SSH1,string,20,6,False,False
UNG,string,20,12,False,False
KCTD10,string,20,20,False,True
UBE3B,string,20,12,False,False
MVK,string,20,31,False,False
TCHP,string,20,15,False,False
GIT2,string,20,15,False,False
ANKRD13A,string,20,9,False,False
C12orf76,string,0,0,True,False
IFT81,string,20,25,False,False
ATP2A2,string,20,21,False,False
VPS29,string,20,31,False,True
TCTN1,string,20,11,False,False
SH2B3,string,20,15,False,False
BRAP,string,20,9,False,False
ALDH2,string,20,17,False,False
MAPKAPK5-AS1,string,0,0,True,False
TMEM116,string,20,11,False,False
ERP29,string,20,8,False,False
TRAFD1,string,20,7,False,False
HECTD4,string,20,11,False,False
SDSL,string,20,16,False,False
MED13L,string,20,31,False,False
RNFT2,string,20,6,False,False
TESC,string,20,4,False,False
WSB2,string,20,15,False,False
VSIG10,string,14,2,False,False
TAOK3,string,20,15,False,False
PRKAB1,string,20,30,False,False
RAB35,string,20,15,False,False
AC004812.2,string,0,0,True,False
PXN,string,20,62,False,False
DYNLL1,string,20,45,False,True
COQ5,string,20,14,False,False
RNF10,string,20,14,False,False
UNC119B,string,20,4,False,False
ACADS,string,20,24,False,False
SPPL3,string,20,16,False,False
ORAI1,string,0,0,True,False
LINC01089,string,0,0,True,False
SETD1B,string,20,38,False,False
MLXIP,string,20,12,False,False
CLIP1,string,20,27,False,False
ZCCHC8,string,20,20,False,False
RSRC2,string,20,13,False,False
KNTC1,string,20,7,False,False
MPHOSPH9,string,20,14,False,False
SBNO1,string,20,18,False,True
SBNO1-AS1,string,0,0,True,False
RILPL2,string,20,9,False,False
SNRNP35,string,20,10,False,True
RILPL1,string,20,8,False,False
TMED2,string,20,36,False,False
ATP6V0A2,string,20,22,False,False
CCDC92,string,20,12,False,False
ZNF664,string,20,10,False,False
SCARB1,string,20,14,False,False
UBC,string,20,196,False,False
BRI3BP,string,20,11,False,False
AACS,string,20,16,False,False
AC025160.1,string,0,0,True,False
SLC15A4,string,20,14,False,False
SFSWAP,string,20,11,False,True
ANKLE2,string,20,13,False,False
GOLGA3,string,20,18,False,False
CHFR,string,20,14,False,False
ZNF26,string,20,3,False,False
ZNF84,string,20,1,False,False
ZNF891,string,20,1,False,False
ZNF268,string,20,1,False,False
AL137001.2,string,0,0,True,False
MPHOSPH8,string,20,20,False,False
ZMYM5,string,20,8,False,False
ZMYM2,string,20,24,False,False
IFT88,string,20,48,False,False
SAP18,string,20,23,False,True
ZDHHC20,string,20,10,False,False
SACS,string,0,0,True,False
PARP4,string,20,10,False,False
MTMR6,string,20,17,False,False
RNF6,string,20,5,False,False
CDK8,string,20,36,False,False
USP12,string,20,8,False,False
GTF3A,string,20,15,False,False
MTIF3,string,20,18,False,False
PAN3,string,20,13,False,False
SLC46A3,string,20,21,False,False
SLC7A1,string,20,12,False,False
UBL3,string,20,6,False,False
KATNAL1,string,20,4,False,False
HMGB1,string,20,15,False,False
USPL1,string,20,7,False,True
HSPH1,string,20,28,False,False
BRCA2,string,20,29,False,False
N4BP2L2,string,20,5,False,False
PDS5B,string,20,23,False,False
CCDC169,string,12,2,False,False
SPART,string,20,23,False,False
RFXAP,string,20,8,False,False
EXOSC8,string,20,29,False,True
SUPT20H,string,20,21,False,False
UFM1,string,20,16,False,True
NHLRC3,string,20,8,False,False
FOXO1,string,20,51,False,False
MRPS31,string,20,28,False,False
ELF1,string,20,8,False,False
NAA16,string,20,12,False,False
RGCC,string,20,4,False,False
VWA8,string,20,4,False,False
DGKH,string,20,17,False,False
AKAP11,string,20,13,False,False
TSC22D1,string,20,13,False,False
TPT1,string,20,19,False,False
TPT1-AS1,string,0,0,True,False
COG3,string,20,46,False,True
ZC3H13,string,20,22,False,False
LCP1,string,20,21,False,False
LRCH1,string,20,9,False,False
ITM2B,string,0,0,True,False
RB1,string,20,63,False,False
RCBTB2,string,20,6,False,False
FNDC3A,string,20,9,False,False
CDADC1,string,20,9,False,False
CAB39L,string,20,25,False,False
SETDB2,string,20,22,False,False
RCBTB1,string,20,14,False,False
ARL11,string,20,9,False,False
EBPL,string,20,8,False,False
KPNA3,string,20,18,False,False
DLEU2,string,0,0,True,False
TRIM13,string,20,10,False,False
DLEU1,string,0,0,True,False
INTS6,string,20,20,False,True
WDFY2,string,20,12,False,False
ALG11,string,20,23,False,False
CKAP2,string,20,5,False,False
AL139089.1,string,0,0,True,False
DIAPH3,string,20,16,False,False
TDRD3,string,0,0,True,False
LINC00355,string,0,0,True,False
DIS3,string,20,36,False,True
PIBF1,string,20,11,False,False
TBC1D4,string,20,8,False,False
COMMD6,string,20,24,False,False
CLN5,string,20,9,False,False
FBXL3,string,20,17,False,False
POU4F1,string,20,8,False,False
OBI1,string,20,8,False,False
NDFIP2,string,20,9,False,False
SPRY2,string,20,20,False,False
MIR17HG,string,0,0,True,False
TGDS,string,20,6,False,False
GPR180,string,20,9,False,False
DNAJC3-DT,string,0,0,True,False
DNAJC3,string,20,34,False,False
UGGT2,string,20,21,False,False
MBNL2,string,20,12,False,False
RAP2A,string,20,23,False,False
IPO5,string,20,20,False,False
DOCK9,string,20,6,False,False
UBAC2,string,20,20,False,False
TM9SF2,string,20,17,False,False
ZIC2,string,20,9,False,False
TEX30,string,20,6,False,False
BIVM,string,20,5,False,False
ERCC5,string,0,0,True,False
ARGLU1,string,20,10,False,True
LIG4,string,20,31,False,False
ABHD13,string,20,14,False,False
NAXD,string,20,12,False,False
ING1,string,20,16,False,False
ANKRD10,string,20,14,False,False
ANKRD10-IT1,string,0,0,True,False
ARHGEF7,string,20,32,False,False
TUBGCP3,string,20,14,False,False
GRTP1,string,20,10,False,False
DCUN1D2,string,20,17,False,False
TMCO3,string,20,12,False,False
GAS6,string,20,9,False,False
RASA3,string,20,8,False,False
UPF3A,string,20,15,False,False
CCNB1IP1,string,20,6,False,False
PIP4P1,string,20,20,False,False
PNP,string,20,23,False,False
RNASE1,string,20,8,False,False
NDRG2,string,20,6,False,False
ZNF219,string,20,14,False,False
LINC00641,string,0,0,True,False
CHD8,string,0,0,True,False
RAB2B,string,20,14,False,False
TOX4,string,20,26,False,False
METTL3,string,20,29,False,True
DAD1,string,20,27,False,True
MRPL52,string,20,8,False,False
LRP10,string,20,9,False,False
RBM23,string,20,11,False,False
HAUS4,string,20,7,False,True
ACIN1,string,20,13,False,False
C14orf119,string,20,4,False,False
SLC7A8,string,20,16,False,False
HOMEZ,string,20,8,False,False
PPP1R3E,string,20,7,False,False
BCL2L2,string,20,12,False,False
NGDN,string,20,24,False,False
DHRS4-AS1,string,0,0,True,False
DHRS4,string,20,19,False,False
DHRS4L2,string,20,5,False,False
PCK2,string,20,11,False,False
PSME1,string,20,7,False,False
EMC9,string,20,6,False,False
PSME2,string,20,11,False,False
CHMP4A,string,20,40,False,False
GMPR2,string,20,5,False,False
DHRS1,string,20,9,False,False
LTB4R,string,20,8,False,False
STXBP6,string,20,17,False,False
AL110292.1,string,0,0,True,False
FOXG1,string,20,19,False,False
LINC02327,string,0,0,True,False
COCH,string,20,6,False,False
STRN3,string,20,27,False,False
AP4S1,string,20,19,False,False
HECTD1,string,20,6,False,False
HEATR5A,string,20,4,False,False
ARHGAP5,string,20,17,False,False
EGLN3,string,20,15,False,False
EAPP,string,20,9,False,False
SNX6,string,20,23,False,False
CFL2,string,20,19,False,False
BAZ1A,string,20,13,False,False
AL121603.2,string,0,0,True,False
FAM177A1,string,20,11,False,False
PPP2R3C,string,20,16,False,False
NFKBIA,string,20,55,False,False
RALGAPA1,string,20,8,False,False
MBIP,string,20,18,False,False
MIPOL1,string,20,13,False,False
SEC23A,string,20,35,False,False
TRAPPC6B,string,20,26,False,False
PNN,string,20,27,False,True
FBXO33,string,20,7,False,False
LINC02315,string,0,0,True,False
KLHL28,string,20,12,False,False
TOGARAM1,string,20,8,False,False
PRPF39,string,20,18,False,False
FANCM,string,20,32,False,False
MIS18BP1,string,20,12,False,False
RPS29,string,20,23,False,True
KLHDC2,string,20,12,False,False
NEMF,string,20,12,False,False
AL627171.2,string,0,0,True,False
ARF6,string,20,67,False,False
SOS2,string,20,8,False,False
SAV1,string,20,19,False,False
NIN,string,20,23,False,False
ERO1A,string,20,13,False,False
FERMT2,string,20,17,False,False
CDKN3,string,20,8,False,False
GMFB,string,20,12,False,False
SOCS4,string,20,9,False,False
MAPK1IP1L,string,20,4,False,False
DLGAP5,string,20,49,False,False
FBXO34,string,20,10,False,False
KTN1,string,20,13,False,False
AP5M1,string,20,14,False,False
NAA30,string,20,11,False,False
ACTR10,string,20,32,False,False
PSMA3-AS1,string,0,0,True,False
ARID4A,string,20,25,False,False
KIAA0586,string,20,18,False,False
DAAM1,string,20,15,False,False
PCNX4,string,20,5,False,False
DHRS7,string,20,8,False,False
PPM1A,string,20,17,False,False
SLC38A6,string,20,5,False,False
HIF1A,string,20,81,False,False
SNAPC1,string,20,15,False,True
PPP2R5E,string,20,20,False,False
ZBTB1,string,20,13,False,False
FUT8,string,20,24,False,False
MPP5,string,0,0,True,False
ATP6V1D,string,20,41,False,False
ARG2,string,20,6,False,False
RDH11,string,20,9,False,False
ZFP36L1,string,20,11,False,False
DCAF5,string,20,14,False,False
SLC39A9,string,20,16,False,True
COX16,string,20,4,False,False
SYNJ2BP,string,20,11,False,False
MED6,string,20,34,False,True
PCNX1,string,20,7,False,False
SIPA1L1,string,20,11,False,False
PSEN1,string,20,41,False,False
NUMB,string,20,18,False,False
PNMA1,string,20,8,False,False
ELMSAN1,string,0,0,True,False
PTGR2,string,20,10,False,False
ZNF410,string,20,4,False,False
COQ6,string,20,13,False,False
ENTPD5,string,20,15,False,False
ALDH6A1,string,20,27,False,False
ABCD4,string,20,14,False,False
NPC2,string,20,15,False,False
AREL1,string,20,12,False,False
FCF1,string,20,25,False,True
ACYP1,string,20,17,False,False
NEK9,string,20,14,False,False
TMED10,string,20,55,False,False
ERG28,string,20,27,False,False
IFT43,string,20,25,False,False
GPATCH2L,string,20,5,False,False
GSTZ1,string,20,20,False,False
SPTLC2,string,20,23,False,False
SLIRP,string,20,16,False,False
GTF2A1,string,20,34,False,True
STON2,string,20,17,False,False
SEL1L,string,20,32,False,False
GALC,string,20,19,False,False
FOXN3,string,20,9,False,False
NRDE2,string,20,10,False,True
CALM1,string,20,35,False,False
DGLUCY,string,20,8,False,False
PPP4R3A,string,20,11,False,False
TRIP11,string,20,24,False,False
ATXN3,string,0,0,True,False
NDUFB1,string,20,15,False,False
LGMN,string,20,19,False,False
GOLGA5,string,20,26,False,False
BTBD7,string,20,5,False,False
DDX24,string,20,39,False,True
SNHG10,string,0,0,True,False
GLRX5,string,20,34,False,False
GSKIP,string,20,3,False,False
PAPOLA,string,20,25,False,False
WARS,string,0,0,True,False
PPP2R5C,string,20,38,False,False
DYNC1H1,string,20,43,False,True
HSP90AA1,string,20,139,False,False
WDR20,string,20,6,False,False
ANKRD9,string,20,8,False,False
RCOR1,string,20,23,False,False
CDC42BPB,string,20,11,False,False
TNFAIP2,string,20,15,False,False
EIF5,string,20,24,False,True
MARK3,string,20,28,False,False
CKB,string,20,9,False,False
KLC1,string,20,26,False,False
COA8,string,20,4,False,False
ATP5MPL,string,0,0,True,False
SIVA1,string,20,15,False,False
NUDT14,string,20,8,False,False
NIPA1,string,20,9,False,False
UBE3A,string,0,0,True,False
HERC2,string,20,26,False,False
NSMCE3,string,20,11,False,False
TJP1,string,20,42,False,False
FAN1,string,20,7,False,False
KLF13,string,20,4,False,False
ARHGAP11A,string,20,11,False,False
EMC7,string,20,13,False,False
GOLGA8A,string,20,3,False,False
GOLGA8B,string,20,2,False,False
ZNF770,string,20,7,False,False
MEIS2,string,20,17,False,False
SPRED1,string,20,15,False,False
BUB1B,string,20,75,False,False
RPUSD2,string,20,12,False,False
KNL1,string,20,35,False,False
RAD51-AS1,string,0,0,True,False
GCHFR,string,20,8,False,False
CHP1,string,20,8,False,False
OIP5-AS1,string,0,0,True,False
NUSAP1,string,20,42,False,False
RTF1,string,20,27,False,True
ITPKA,string,20,10,False,False
TYRO3,string,20,6,False,False
EHD4,string,20,11,False,False
TMEM87A,string,20,14,False,False
SNAP23,string,20,49,False,False
LRRC57,string,20,11,False,False
HAUS2,string,20,13,False,False
TTBK2,string,20,12,False,False
UBR1,string,20,40,False,False
CCNDBP1,string,20,9,False,False
ADAL,string,20,18,False,False
ZSCAN29,string,20,8,False,False
TP53BP1,string,20,62,False,False
MAP1A,string,20,4,False,False
PDIA3,string,20,37,False,False
WDR76,string,20,7,False,False
CASC4,string,0,0,True,False
CTDSPL2,string,20,13,False,False
EIF3J-DT,string,0,0,True,False
B2M,string,0,0,True,False
SORD,string,20,23,False,False
BLOC1S6,string,20,14,False,False
DUT,string,20,35,False,True
SECISBP2L,string,20,5,False,False
DTWD1,string,20,11,False,False
SLC27A2,string,20,23,False,False
GABPB1-IT1,string,0,0,True,False
GABPB1-AS1,string,0,0,True,False
USP8,string,20,24,False,False
TRPM7,string,0,0,True,True
SPPL2A,string,20,10,False,False
DMXL2,string,20,16,False,False
TMOD3,string,20,18,False,False
ARPP19,string,20,10,False,False
RSL24D1,string,20,35,False,True
RAB27A,string,20,18,False,False
CCPG1,string,20,9,False,False
NEDD4,string,20,39,False,False
RFX7,string,20,15,False,False
ZNF280D,string,20,9,False,False
TCF12,string,20,26,False,False
POLR2M,string,20,9,False,False
ADAM10,string,20,29,False,False
MINDY2,string,20,9,False,False
RNF111,string,20,10,False,False
SLTM,string,20,14,False,False
CCNB2,string,20,81,False,False
BNIP2,string,20,7,False,False
ANXA2,string,20,31,False,False
VPS13C,string,0,0,True,False
TPM1,string,20,22,False,False
LACTB,string,20,11,False,False
RPS27L,string,20,7,False,False
RAB8B,string,20,25,False,False
APH1B,string,20,10,False,False
HERC1,string,20,6,False,False
CIAO2A,string,20,12,False,False
PPIB,string,20,24,False,False
CSNK1G1,string,20,9,False,False
PCLAF,string,20,11,False,False
TRIP4,string,20,13,False,False
ZNF609,string,20,18,False,False
OAZ2,string,20,4,False,False
PIF1,string,20,17,False,False
DPP8,string,20,6,False,False
HACD3,string,20,15,False,False
DENND4A,string,20,7,False,False
MAP2K1,string,20,52,False,False
SNAPC5,string,20,11,False,True
SMAD3,string,20,101,False,False
AAGAB,string,20,6,False,False
IQCH-AS1,string,0,0,True,False
C15orf61,string,13,2,False,False
PIAS1,string,20,31,False,False
CALML4,string,20,8,False,False
FEM1B,string,20,13,False,False
GLCE,string,20,10,False,False
KIF23,string,20,39,False,False
RPLP1,string,20,10,False,True
TLE3,string,20,22,False,False
PKM,string,20,48,False,True
PARP6,string,20,16,False,False
HEXA,string,20,19,False,False
ARIH1,string,20,20,False,True
NPTN,string,20,12,False,False
CD276,string,20,7,False,False
PML,string,20,37,False,False
UBL7,string,20,17,False,False
ARID3B,string,20,16,False,False
CLK3,string,20,20,False,False
FAM219B,string,20,5,False,False
RPP25,string,20,20,False,False
C15orf39,string,20,8,False,False
MAN2C1,string,20,15,False,False
SIN3A,string,20,91,False,True
PTPN9,string,20,16,False,False
UBE2Q2,string,20,16,False,False
PEAK1,string,20,5,False,False
CTSH,string,20,11,False,False
AC015871.1,string,0,0,True,False
FAH,string,20,7,False,False
AC104041.1,string,0,0,True,False
MEX3B,string,20,6,False,False
RPS17,string,0,0,True,True
SNHG21,string,0,0,True,False
RAMAC,string,20,6,False,False
C15orf40,string,20,4,False,False
WDR73,string,20,10,False,False
SEC11A,string,20,9,False,False
PDE8A,string,20,9,False,False
AKAP13,string,20,22,False,False
MRPS11,string,20,34,False,True
MFGE8,string,20,18,False,False
ABHD2,string,20,16,False,False
AP3S2,string,20,17,False,False
IDH2,string,20,17,False,False
CIB1,string,20,11,False,False
IQGAP1,string,20,53,False,False
CRTC3,string,20,4,False,False
BLM,string,20,46,False,False
FURIN,string,20,24,False,False
UNC45A,string,20,13,False,False
PRC1,string,20,39,False,False
LINC01578,string,0,0,True,False
CHD2,string,20,11,False,False
AC015574.1,string,0,0,True,False
NR2F2-AS1,string,0,0,True,False
NR2F2,string,20,16,False,False
LINC00923,string,0,0,True,False
ARRDC4,string,20,5,False,False
IGF1R,string,0,0,True,False
MEF2A,string,20,19,False,False
LINS1,string,20,10,False,False
LRRK1,string,20,12,False,False
CHSY1,string,20,16,False,False
SELENOS,string,20,23,False,False
SNRPA1,string,20,70,False,True
TM2D3,string,20,7,False,False
POLR3K,string,20,31,False,False
SNRNP25,string,20,10,False,True
HBZ,string,20,10,False,False
HBA1,string,20,7,False,False
HBQ1,string,20,4,False,False
TMEM8A,string,0,0,True,False
NME4,string,20,17,False,False
MCRIP2,string,20,3,False,False
METRN,string,20,5,False,False
ANTKMT,string,20,3,False,False
CIAO3,string,20,24,False,False
GNPTG,string,20,15,False,False
CLCN7,string,20,17,False,False
CRAMP1,string,20,15,False,False
NME3,string,20,22,False,False
MRPS34,string,20,19,False,True
SPSB3,string,20,7,False,False
HAGH,string,20,7,False,False
FAHD1,string,20,10,False,False
MEIOB,string,0,0,True,False
MSRB1,string,20,14,False,False
SNHG9,string,0,0,True,False
NPW,string,0,0,True,False
PKD1,string,20,12,False,False
SNHG19,string,0,0,True,False
PGP,string,20,6,False,False
ECI1,string,20,24,False,False
CCNF,string,20,14,False,False
ATP6V0C,string,20,27,False,True
AMDHD2,string,20,12,False,False
PDPK1,string,20,21,False,False
ERVK13-1,string,0,0,True,False
KCTD5,string,20,17,False,False
PAQR4,string,20,10,False,False
CLDN6,string,20,6,False,False
TNFRSF12A,string,20,11,False,False
ZNF213-AS1,string,0,0,True,False
ZNF205,string,20,9,False,False
AC108134.2,string,0,0,True,False
ZNF200,string,20,6,False,False
ZNF263,string,20,10,False,False
ZNF75A,string,20,3,False,False
ZSCAN32,string,0,0,True,False
CLUAP1,string,20,30,False,False
DNASE1,string,20,3,False,False
TRAP1,string,20,17,False,False
PAM16,string,20,20,False,True
CORO7,string,20,4,False,False
NMRAL1,string,20,4,False,False
UBALD1,string,20,0,False,False
NUDT16L1,string,20,3,False,False
ZNF500,string,20,14,False,False
ROGDI,string,20,9,False,False
METTL22,string,20,8,False,False
CARHSP1,string,20,7,False,False
C16orf72,string,20,3,False,False
ATF7IP2,string,20,1,False,False
EMP2,string,20,8,False,False
RMI2,string,20,10,False,False
SOCS1,string,20,29,False,False
LITAF,string,20,13,False,False
TXNDC11,string,20,11,False,False
SNX29,string,20,6,False,False
CPPED1,string,20,13,False,False
ERCC4,string,20,35,False,False
MRTFB,string,20,9,False,False
MIR193BHG,string,0,0,True,False
PDXDC1,string,20,14,False,False
RRN3,string,20,18,False,True
MARF1,string,20,4,False,False
NDE1,string,20,19,False,False
FOPNL,string,0,0,True,False
ARL6IP1,string,20,14,False,False
SMG1,string,20,20,False,False
COQ7,string,20,16,False,False
GDE1,string,20,7,False,False
CCP110,string,20,32,False,False
ACSM3,string,20,10,False,False
THUMPD1,string,20,6,False,False
REXO5,string,20,3,False,False
LYRM1,string,20,9,False,False
TMEM159,string,0,0,True,False
CRYM,string,20,15,False,False
METTL9,string,20,3,False,False
MOSMO,string,20,9,False,False
NPIPB5,string,6,2,False,False
COG7,string,20,35,False,False
UBFD1,string,20,12,False,False
DCTN5,string,20,25,False,False
PLK1,string,20,100,False,False
PRKCB,string,0,0,True,False
RBBP6,string,20,26,False,True
TNRC6A,string,20,36,False,False
ZKSCAN2-DT,string,0,0,True,False
APOBR,string,20,8,False,False
ATXN2L,string,20,17,False,False
SH2B1,string,20,22,False,False
RABEP2,string,20,14,False,False
SPNS1,string,20,16,False,False
SPN,string,20,10,False,False
QPRT,string,20,11,False,False
KIF22,string,20,14,False,False
SEZ6L2,string,20,12,False,False
KCTD13,string,20,22,False,False
TMEM219,string,20,6,False,False
TAOK2,string,20,12,False,False
YPEL3,string,20,8,False,False
ZNF764,string,20,4,False,False
ZNF785,string,20,2,False,False
FBRS,string,20,4,False,False
ZNF629,string,20,7,False,False
ORAI3,string,20,12,False,False
STX4,string,20,35,False,False
ZNF646,string,20,9,False,False
FUS,string,20,37,False,False
PYCARD,string,20,8,False,False
ARMC5,string,20,3,False,False
ZNF720,string,0,0,True,False
ZNF267,string,20,4,False,False
SHCBP1,string,20,10,False,False
ORC6,string,20,15,False,False
C16orf87,string,20,6,False,False
GPT2,string,20,19,False,False
NETO2,string,20,7,False,False
ITFG1,string,20,13,False,False
SIAH1,string,20,19,False,False
N4BP1,string,20,13,False,False
CHD9,string,20,15,False,False
RBL2,string,20,31,False,False
CRNDE,string,0,0,True,False
LPCAT2,string,20,12,False,False
MT2A,string,20,12,False,False
MT1F,string,20,5,False,False
MT1G,string,20,8,False,False
MT1X,string,20,7,False,False
HERPUD1,string,20,13,False,False
RSPRY1,string,20,11,False,False
ARL2BP,string,20,12,False,False
KIFC3,string,20,6,False,False
AC009107.2,string,0,0,True,False
CCDC113,string,20,10,False,False
SLC38A7,string,20,19,False,False
CKLF,string,20,6,False,False
CMTM3,string,20,14,False,False
CMTM4,string,20,6,False,False
DYNC1LI2,string,20,25,False,False
PDP2,string,20,9,False,False
CIAO2B,string,20,18,False,False
C16orf70,string,0,0,True,False
ATP6V0D1,string,20,34,False,False
GFOD2,string,20,7,False,False
RANBP10,string,20,19,False,False
NFATC3,string,20,15,False,False
SLC7A6OS,string,20,9,False,True
SNTB2,string,20,6,False,False
COG8,string,20,23,False,False
NIP7,string,20,64,False,True
TERF2,string,20,27,False,True
NFAT5,string,20,9,False,False
NQO1,string,20,22,False,False
WWP2,string,20,32,False,False
PDPR,string,20,11,False,False
ST3GAL2,string,20,14,False,False
COG4,string,20,29,False,False
CMTR2,string,20,8,False,False
AP1G1,string,20,33,False,False
ATXN1L,string,20,10,False,False
IST1,string,20,29,False,False
TXNL4B,string,20,4,False,False
ZFHX3,string,20,10,False,False
PSMD7,string,20,22,False,True
GLG1,string,20,11,False,False
BCAR1,string,20,30,False,False
TMEM170A,string,20,3,False,False
GABARAPL2,string,20,47,False,False
ADAT1,string,20,8,False,False
TERF2IP,string,20,24,False,False
MON1B,string,20,10,False,False
GCSH,string,20,22,False,False
CMIP,string,20,13,False,False
PLCG2,string,20,39,False,False
MLYCD,string,20,19,False,False
MBTPS1,string,20,12,False,False
HSDL1,string,20,20,False,False
TAF1C,string,20,13,False,True
KLHL36,string,20,0,False,False
GSE1,string,20,13,False,False
GINS2,string,20,21,False,True
C16orf95,string,9,4,False,False
MAP1LC3B,string,20,31,False,False
ZCCHC14,string,20,13,False,False
JPH3,string,20,13,False,False
SLC7A5,string,20,31,False,True
BANP,string,20,9,False,True
ZFPM1,string,20,19,False,False
CYBA,string,20,6,False,False
MVD,string,20,33,False,True
CDT1,string,20,31,False,False
APRT,string,20,39,False,False
CBFA2T3,string,20,17,False,False
ZNF778,string,20,3,False,False
ANKRD11,string,20,7,False,True
SPG7,string,20,34,False,False
RPL13,string,20,86,False,True
ZNF276,string,20,17,False,False
TCF25,string,20,15,False,False
DEF8,string,20,6,False,False
CENPBD1,string,0,0,True,False
ABR,string,20,3,False,False
MYO1C,string,0,0,True,False
RILP,string,20,6,False,False
SERPINF1,string,20,14,False,False
SGSM2,string,20,22,False,False
MNT,string,20,5,False,False
METTL16,string,20,17,False,True
PAFAH1B1,string,20,40,False,False
SPATA22,string,20,7,False,False
ATP2A3,string,20,13,False,False
ZZEF1,string,20,8,False,False
CYB5D2,string,20,7,False,False
ANKFY1,string,20,26,False,False
ARRB2,string,20,46,False,False
PSMB6,string,20,37,False,True
RNF167,string,20,4,False,False
AC012146.1,string,0,0,True,False
C1QBP,string,20,23,False,True
DERL2,string,20,29,False,True
NLRP1,string,20,10,False,False
MED31,string,20,24,False,True
ALOX12-AS1,string,0,0,True,False
C17orf49,string,20,8,False,False
ACADVL,string,20,20,False,False
GABARAP,string,20,47,False,False
EIF5A,string,20,7,False,True
TMEM256,string,20,13,False,False
POLR2A,string,0,0,True,True
AC016876.1,string,0,0,True,False
SAT2,string,20,5,False,False
KDM6B,string,20,26,False,False
NAA38,string,20,13,False,False
CHD3,string,20,34,False,False
VAMP2,string,20,52,False,False
TMEM107,string,20,10,False,False
AURKB,string,20,87,False,False
RPL26,string,20,84,False,True
NDEL1,string,20,22,False,False
MYH10,string,20,36,False,False
STX8,string,20,22,False,False
MAP2K4,string,20,24,False,False
PMP22,string,20,8,False,False
PIGL,string,20,11,False,False
TRPV2,string,20,13,False,False
SNHG29,string,0,0,True,False
LRRC75A,string,18,2,False,False
MPRIP,string,20,13,False,False
FLCN,string,20,27,False,False
ATPAF2,string,20,14,False,False
ALKBH5,string,20,19,False,False
SMCR8,string,20,13,False,False
PRPSAP2,string,20,15,False,False
EPN2,string,20,15,False,False
AKAP10,string,20,11,False,False
LINC02693,string,0,0,True,False
KSR1,string,20,35,False,False
NLK,string,20,16,False,False
TMEM97,string,20,4,False,False
IFT20,string,20,30,False,False
TNFAIP1,string,20,18,False,False
AC005726.1,string,0,0,True,False
UNC119,string,20,14,False,False
PIGS,string,20,10,False,False
RSKR,string,20,42,False,False
SDF2,string,20,13,False,False
SUPT6H,string,20,42,False,True
FAM222B,string,14,0,False,False
FLOT2,string,20,7,False,False
PHF12,string,20,16,False,False
MYO18A,string,20,16,False,False
NUFIP2,string,20,19,False,False
TAOK1,string,20,20,False,False
TP53I13,string,20,4,False,False
GIT1,string,20,20,False,False
SSH2,string,20,10,False,False
NSRP1,string,20,9,False,True
CPD,string,20,24,False,False
NF1,string,20,24,False,False
C17orf75,string,20,6,False,False
ZNF207,string,20,19,False,True
MYO1D,string,20,13,False,False
ZNF830,string,20,11,False,False
SNHG30,string,0,0,True,False
TAF15,string,20,10,False,False
GGNBP2,string,20,6,False,False
ACACA,string,20,26,False,False
DUSP14,string,20,7,False,False
SYNRG,string,20,24,False,False
SOCS7,string,20,10,False,False
AC006449.6,string,0,0,True,False
MLLT6,string,20,18,False,False
CWC25,string,20,21,False,False
RPL23,string,20,93,False,True
LASP1,string,20,14,False,False
FBXL20,string,20,7,False,False
MED1,string,20,52,False,True
PNMT,string,20,7,False,False
MIEN1,string,20,11,False,False
IKZF3,string,20,15,False,False
ORMDL3,string,20,10,False,False
THRA,string,20,14,False,False
MSL1,string,20,11,False,False
WIPF2,string,20,16,False,False
CDC6,string,20,74,False,True
TOP2A,string,20,69,False,False
KRT10,string,20,1,False,False
TMEM99,string,0,0,True,False
EIF1,string,20,26,False,False
JUP,string,20,28,False,False
NKIRAS2,string,20,8,False,False
STAT5B,string,20,37,False,False
STAT5A,string,20,44,False,False
STAT3,string,20,112,False,False
CAVIN1,string,20,10,False,False
ATP6V0A1,string,20,18,False,False
AC067852.3,string,0,0,True,False
NAGLU,string,20,14,False,False
PSMC3IP,string,20,5,False,False
RETREG3,string,20,11,False,False
PLEKHH3,string,20,5,False,False
CCR10,string,20,1,False,False
EZH1,string,20,27,False,False
VPS25,string,20,22,False,False
WNK4,string,20,7,False,False
RUNDC1,string,20,14,False,False
IFI35,string,20,25,False,False
VAT1,string,20,2,False,False
BRCA1,string,20,128,False,False
NBR2,string,0,0,True,False
AC060780.1,string,0,0,True,False
NBR1,string,0,0,True,False
ARL4D,string,20,7,False,False
DUSP3,string,20,9,False,False
TMEM101,string,20,10,False,False
G6PC3,string,20,11,False,False
HDAC5,string,20,18,False,False
ASB16-AS1,string,0,0,True,False
TMUB2,string,20,17,False,False
ATXN7L3,string,20,22,False,False
UBTF,string,20,33,False,False
SLC25A39,string,20,8,False,False
GRN,string,20,25,False,False
GPATCH8,string,20,8,False,False
GJC1,string,0,0,True,False
DCAKD,string,20,10,False,False
HEXIM1,string,20,15,False,False
FMNL1,string,20,10,False,False
KANSL1,string,20,27,False,True
ARL17A,string,20,5,False,False
NSF,string,20,30,False,False
AC005670.3,string,0,0,True,False
AC002558.3,string,0,0,True,False
MYL4,string,20,14,False,False
MRPL10,string,20,15,False,True
AC018521.5,string,0,0,True,False
SP2,string,20,7,False,False
NFE2L1,string,20,12,False,False
HOXB2,string,20,10,False,False
HOXB-AS1,string,0,0,True,False
HOXB3,string,20,8,False,False
HOXB4,string,20,10,False,False
HOXB7,string,20,19,False,False
HOXB9,string,20,13,False,False
CALCOCO2,string,20,27,False,False
ATP5MC1,string,20,26,False,False
UBE2Z,string,20,18,False,False
ZNF652,string,20,13,False,False
PHB,string,20,40,False,True
FAM117A,string,20,3,False,False
KAT7,string,20,14,False,False
DLX4,string,20,2,False,False
PPP1R9B,string,20,29,False,False
AC005921.2,string,0,0,True,False
TOB1,string,20,15,False,False
SPAG9,string,20,16,False,False
NME1,string,20,25,False,False
MBTD1,string,20,20,False,False
AC006141.1,string,0,0,True,False
VEZF1,string,20,5,False,False
AC015813.1,string,0,0,True,False
DYNLL2,string,20,35,False,False
AC004687.1,string,0,0,True,False
MTMR4,string,20,14,False,False
TRIM37,string,20,13,False,False
PRR11,string,20,8,False,False
GDPD1,string,20,8,False,False
DHX40,string,20,7,False,False
CLTC,string,20,79,False,True
VMP1,string,20,13,False,False
RNFT1,string,20,9,False,False
HEATR6,string,20,9,False,False
USP32,string,20,6,False,False
APPBP2,string,20,13,False,False
PPM1D,string,20,9,False,False
TBX2-AS1,string,0,0,True,False
BRIP1,string,20,15,False,False
MED13,string,20,35,False,False
TLK2,string,20,19,False,False
TANC2,string,20,3,False,False
DCAF7,string,20,29,False,False
MAP3K3,string,20,21,False,False
LIMD2,string,20,6,False,False
ICAM2,string,20,12,False,False
SNHG25,string,0,0,True,False
SMURF2,string,20,31,False,False
PRKCA,string,20,55,False,False
HELZ,string,20,13,False,False
BPTF,string,20,98,False,False
KPNA2,string,20,43,False,False
PRKAR1A,string,20,26,False,False
COG1,string,20,31,False,False
CDC42EP4,string,20,15,False,False
RPL38,string,20,16,False,True
GPRC5C,string,20,9,False,False
FDXR,string,20,29,False,False
KCTD2,string,20,15,False,False
JPT1,string,20,2,False,False
GALK1,string,20,12,False,False
H3F3B,string,0,0,True,False
WBP2,string,20,15,False,False
ACOX1,string,20,57,False,False
TEN1,string,20,6,False,False
RNF157,string,20,25,False,False
UBALD2,string,20,8,False,False
PRPSAP1,string,20,8,False,False
SPHK1,string,20,21,False,False
SNHG16,string,0,0,True,False
ST6GALNAC1,string,20,12,False,False
MXRA7,string,20,12,False,False
JMJD6,string,20,11,False,False
METTL23,string,20,8,False,False
SRSF2,string,20,42,False,True
MFSD11,string,20,18,False,False
SNHG20,string,0,0,True,False
SEC14L1,string,20,5,False,False
SEPTIN9,string,20,16,False,False
TNRC6C,string,0,0,True,False
TMC6,string,20,7,False,False
TK1,string,20,20,False,False
BIRC5,string,20,32,False,False
CYTH1,string,20,16,False,False
CBX2,string,20,27,False,False
CBX8,string,20,31,False,False
CBX4,string,20,25,False,False
GAA,string,20,17,False,False
RNF213,string,20,7,False,False
ENDOV,string,20,4,False,False
CHMP6,string,20,37,False,True
BAIAP2,string,20,18,False,False
ACTG1,string,20,70,False,False
NPLOC4,string,20,41,False,True
OXLD1,string,20,3,False,False
HGS,string,20,38,False,True
AC139530.1,string,0,0,True,False
MRPL12,string,20,36,False,False
MCRIP1,string,20,6,False,False
P4HB,string,20,53,False,False
ALYREF,string,20,57,False,True
ANAPC11,string,20,21,False,False
SIRT7,string,20,19,False,False
MAFG,string,20,11,False,False
CENPX,string,20,14,False,False
RAC3,string,20,50,False,False
FASN,string,20,41,False,False
CCDC57,string,20,11,False,False
CSNK1D,string,20,28,False,False
CD7,string,20,5,False,False
NARF,string,20,8,False,False
WDR45B,string,20,8,False,False
METRNL,string,20,5,False,False
THOC1,string,20,26,False,True
TYMSOS,string,0,0,True,False
TYMS,string,20,34,False,False
YES1,string,20,24,False,False
LINC00470,string,0,0,True,False
NDC80,string,20,67,False,True
SMCHD1,string,20,14,False,False
EMILIN2,string,20,3,False,False
LPIN2,string,20,17,False,False
TGIF1,string,20,11,False,False
AP001531.1,string,0,0,True,False
ANKRD12,string,20,15,False,False
TWSG1,string,20,5,False,False
RALBP1,string,20,17,False,False
RAB31,string,20,15,False,False
CHMP1B,string,20,32,False,False
TUBB6,string,20,21,False,False
CEP76,string,20,14,False,False
CEP192,string,20,12,False,True
RNMT,string,20,18,False,True
ZNF519,string,20,1,False,False
ESCO1,string,20,13,False,False
SNRPD1,string,20,59,False,True
ABHD3,string,20,13,False,False
MIB1,string,20,14,False,False
RIOK3,string,20,20,False,False
IMPACT,string,20,2,False,False
ZNF521,string,20,7,False,False
SS18,string,20,12,False,False
TAF4B,string,20,12,False,False
DSC2,string,20,5,False,False
DSG2,string,20,13,False,False
TRAPPC8,string,20,23,False,False
RNF125,string,20,14,False,False
ZNF397,string,20,19,False,False
ZSCAN30,string,20,6,False,False
ZNF24,string,20,20,False,False
SLC39A6,string,20,7,False,False
ELP2,string,20,19,False,False
TPGS2,string,20,14,False,False
MIR924HG,string,0,0,True,False
PIK3C3,string,20,64,False,False
PSTPIP2,string,20,21,False,False
C18orf25,string,20,3,False,False
PIAS2,string,20,22,False,False
SMAD2,string,20,85,False,False
C18orf32,string,0,0,True,False
RPL17,string,0,0,True,True
ELAC1,string,20,13,False,False
SMAD4,string,20,82,False,False
TCF4,string,20,25,False,False
ONECUT2,string,20,9,False,False
FECH,string,20,38,False,False
PMAIP1,string,20,10,False,False
PIGN,string,20,12,False,False
RELCH,string,20,11,False,False
KDSR,string,0,0,True,False
VPS4B,string,20,24,False,False
TMX3,string,20,10,False,False
CD226,string,20,8,False,False
RTTN,string,20,13,False,False
AC079062.1,string,0,0,True,False
TXNL4A,string,20,13,False,True
TPGS1,string,20,12,False,False
BSG,string,20,29,False,False
PRSS57,string,20,6,False,False
PALM,string,20,6,False,False
PTBP1,string,20,52,False,True
PLPPR3,string,20,17,False,False
CFD,string,20,4,False,False
KISS1R,string,20,11,False,False
ARID3A,string,20,14,False,False
TMEM259,string,20,8,False,False
CNN2,string,20,14,False,False
ABCA7,string,20,22,False,False
SBNO2,string,20,11,False,False
STK11,string,20,24,False,False
ATP5F1D,string,20,41,False,False
MIDN,string,20,7,False,False
CIRBP,string,20,4,False,False
FAM174C,string,20,11,False,False
PWWP3A,string,20,1,False,False
NDUFS7,string,20,58,False,False
GAMT,string,20,7,False,False
REEP6,string,20,18,False,False
REXO1,string,20,12,False,False
AC012615.1,string,0,0,True,False
SCAMP4,string,20,5,False,False
BTBD2,string,20,12,False,False
MKNK2,string,20,7,False,False
MOB3A,string,20,8,False,False
DOT1L,string,20,26,False,False
LSM7,string,20,34,False,True
TIMM13,string,20,24,False,True
SLC39A3,string,20,12,False,False
NFIC,string,20,25,False,False
HMG20B,string,20,19,False,False
GIPC3,string,0,0,True,False
TBXA2R,string,20,14,False,False
PIP5K1C,string,20,29,False,False
MRPL54,string,20,11,False,True
MATK,string,20,6,False,False
DAPK3,string,20,2,False,False
EEF2,string,20,62,False,True
ZBTB7A,string,20,13,False,False
SIRT6,string,20,16,False,False
SH3GL1,string,20,9,False,False
CHAF1A,string,20,16,False,True
UBXN6,string,20,19,False,False
LRG1,string,20,4,False,False
TNFAIP8L1,string,20,6,False,False
DPP9,string,20,10,False,False
AC005523.2,string,0,0,True,False
PLIN3,string,20,20,False,False
UHRF1,string,20,18,False,False
KDM4B,string,20,18,False,False
LONP1,string,20,23,False,True
RANBP3,string,20,9,False,False
RFX2,string,20,9,False,False
ALKBH7,string,20,6,False,False
GPR108,string,20,10,False,False
ZNF557,string,20,2,False,False
ARHGEF18,string,20,16,False,False
ZNF358,string,20,5,False,False
MCOLN1,string,20,22,False,False
PNPLA6,string,20,27,False,False
PET100,string,20,9,False,False
STXBP2,string,20,27,False,False
MAP2K7,string,20,31,False,False
SNAPC2,string,20,3,False,True
RPS28,string,20,26,False,True
RAB11B,string,20,19,False,False
ZNF317,string,20,1,False,False
ZNF266,string,20,5,False,False
ZNF426,string,20,3,False,False
ZNF121,string,20,4,False,False
ZNF561,string,20,2,False,False
ZNF562,string,20,7,False,False
UBL5,string,20,6,False,True
PIN1,string,20,15,False,False
SHFL,string,20,3,False,False
DNMT1,string,20,49,False,True
ICAM1,string,20,31,False,False
ICAM4,string,20,8,False,False
FDX2,string,20,18,False,False
TYK2,string,20,30,False,False
ATG4D,string,20,17,False,False
KRI1,string,20,15,False,True
CDKN2D,string,20,10,False,False
SLC44A2,string,20,9,False,False
ILF3-DT,string,0,0,True,False
TMED1,string,20,8,False,False
LDLR,string,20,21,False,False
KANK2,string,20,8,False,False
TMEM205,string,20,10,False,False
PLPPR2,string,20,9,False,False
SWSAP1,string,20,12,False,False
EPOR,string,20,20,False,False
PRKCSH,string,20,14,False,False
CNN1,string,20,8,False,False
ELOF1,string,20,7,False,False
ACP5,string,20,12,False,False
ZNF440,string,20,1,False,False
ZNF700,string,20,2,False,False
ZNF433-AS1,string,0,0,True,False
ZNF791,string,20,5,False,False
MAN2B1,string,20,19,False,False
WDR83OS,string,20,4,False,False
TRIR,string,20,4,False,False
JUNB,string,20,22,False,False
PRDX2,string,20,22,False,False
KLF1,string,20,24,False,False
CALR,string,20,58,False,False
RAD23A,string,20,34,False,False
LYL1,string,20,13,False,False
IER2,string,20,9,False,False
CCDC130,string,0,0,True,False
CC2D1A,string,20,8,False,False
RFX1,string,20,6,False,False
IL27RA,string,20,4,False,False
SAMD1,string,20,2,False,False
PRKACA,string,20,84,False,False
ASF1B,string,20,19,False,False
ADGRE5,string,20,7,False,False
DDX39A,string,20,19,False,False
GIPC1,string,20,16,False,False
DNAJB1,string,20,31,False,False
AKAP8L,string,20,8,False,False
UCA1,string,0,0,True,False
TPM4,string,20,23,False,False
FAM32A,string,20,9,False,True
CHERP,string,20,21,False,True
MED26,string,20,27,False,True
SMIM7,string,5,0,False,False
MYO9B,string,20,12,False,False
OCEL1,string,20,3,False,False
BST2,string,20,18,False,False
PGLS,string,20,14,False,False
RPL18A,string,20,81,False,True
ARRDC2,string,20,7,False,False
IFI30,string,20,11,False,False
JUND,string,20,16,False,False
PGPEP1,string,20,12,False,True
GDF15,string,20,12,False,False
ISYNA1,string,20,16,False,False
ELL,string,20,20,False,False
FKBP8,string,20,25,False,False
HOMER3,string,20,8,False,False
SUGP2,string,20,7,False,False
ZNF101,string,20,0,False,False
ZNF430,string,20,7,False,False
ZNF714,string,20,7,False,False
ZNF431,string,20,0,False,False
ZNF708,string,20,6,False,False
ZNF493,string,20,4,False,False
ZNF429,string,20,8,False,False
ZNF100,string,20,1,False,False
ZNF91,string,20,4,False,False
ZNF675,string,20,6,False,False
ZNF681,string,20,6,False,False
AC092279.1,string,0,0,True,False
ZNF254,string,20,7,False,False
LINC00662,string,0,0,True,False
AC006504.5,string,0,0,True,False
AC079466.1,string,0,0,True,False
CCNE1,string,20,50,False,False
PDCD5,string,20,8,False,False
ANKRD27,string,20,20,False,False
CEP89,string,20,15,False,False
CEBPG,string,20,14,False,False
KIAA0355,string,0,0,True,False
ZNF181,string,20,0,False,False
AC008555.4,string,0,0,True,False
ZNF30,string,20,2,False,False
FXYD5,string,20,5,False,False
LSR,string,20,6,False,False
RBM42,string,20,9,False,True
U2AF1L4,string,20,12,False,False
PSENEN,string,20,18,False,False
SDHAF1,string,20,11,False,False
ALKBH6,string,20,5,False,False
TBCB,string,20,20,False,True
ZNF260,string,20,5,False,False
ZNF529,string,20,1,False,False
ZNF529-AS1,string,0,0,True,False
ZNF567,string,20,6,False,False
PPP1R14A,string,20,16,False,False
FAM98C,string,20,5,False,False
ECH1,string,20,28,False,False
SIRT2,string,20,20,False,False
FBXO17,string,20,4,False,False
GMFG,string,20,6,False,False
SUPT5H,string,20,55,False,True
EID2B,string,20,4,False,False
FBL,string,20,72,False,True
PLD3,string,20,25,False,False
SERTAD1,string,20,7,False,False
SERTAD3,string,20,8,False,False
BLVRB,string,20,17,False,False
SHKBP1,string,20,3,False,False
LTBP4,string,20,6,False,False
COQ8B,string,20,12,False,False
C19orf54,string,20,8,False,False
SNRPA,string,20,22,False,False
TGFB1,string,20,47,False,False
CCDC97,string,20,4,False,False
RPS19,string,20,29,False,True
RABAC1,string,20,16,False,False
DEDD2,string,20,15,False,False
ZNF526,string,20,10,False,False
GSK3A,string,20,16,False,False
CIC,string,20,6,False,False
MEGF8,string,20,13,False,False
XRCC1,string,20,21,False,False
IRGQ,string,20,6,False,False
ZNF576,string,20,1,False,False
ZNF428,string,20,6,False,False
PLAUR,string,20,13,False,False
ZNF283,string,20,0,False,False
ZNF224,string,20,2,False,False
ZNF226,string,20,9,False,False
NECTIN2,string,20,12,False,False
TOMM40,string,20,46,False,True
APOE,string,20,50,False,False
APOC1,string,20,19,False,False
CLASRP,string,20,14,False,False
MARK4,string,20,17,False,False
PPP1R37,string,20,8,False,False
TRAPPC6A,string,20,22,False,False
BLOC1S3,string,20,12,False,False
EXOC3L2,string,20,19,False,False
CD3EAP,string,0,0,True,True
ERCC1,string,20,39,False,False
RTN2,string,20,24,False,False
PPM1N,string,20,5,False,False
VASP,string,20,20,False,False
OPA3,string,20,11,False,False
EML2,string,20,10,False,False
DMWD,string,20,2,False,False
IRF2BP1,string,20,5,False,False
IGFL2-AS1,string,0,0,True,False
SLC1A5,string,20,19,False,False
AP2S1,string,20,28,False,True
ARHGAP35,string,20,19,False,False
TMEM160,string,20,14,False,False
BBC3,string,20,12,False,False
CCDC9,string,20,6,False,False
INAFM1,string,7,0,False,False
NOP53,string,20,15,False,False
SELENOW,string,20,16,False,False
CARD8,string,20,9,False,False
CARD8-AS1,string,0,0,True,False
EMP3,string,20,9,False,False
KDELR1,string,20,26,False,False
CYTH2,string,20,12,False,False
SPHK2,string,20,13,False,False
PPP1R15A,string,20,27,False,False
NUCB1,string,20,14,False,False
BAX,string,20,27,False,False
FTL,string,20,18,False,False
SNRNP70,string,20,49,False,True
TRPM4,string,20,11,False,False
RPL13A,string,20,88,False,True
RPS11,string,20,24,False,True
FCGRT,string,20,9,False,False
PRMT1,string,20,27,False,True
AP2A1,string,20,47,False,False
PNKP,string,20,15,False,False
NUP62,string,20,39,False,True
ATF5,string,20,15,False,True
VRK3,string,20,9,False,False
ZNF473,string,20,14,False,False
NR1H2,string,20,14,False,False
EMC10,string,20,6,False,False
C19orf81,string,4,0,False,False
CLEC11A,string,20,6,False,False
C19orf48,string,0,0,True,False
CTU1,string,20,19,False,False
CD33,string,20,12,False,False
ZNF175,string,20,1,False,False
ZNF480,string,20,0,False,False
ZNF83,string,20,6,False,False
ZNF611,string,20,4,False,False
ZNF600,string,20,1,False,False
ZNF28,string,20,2,False,False
ZNF468,string,20,1,False,False
ZNF160,string,20,1,False,False
ZNF347,string,20,4,False,False
ZNF765,string,20,1,False,False
ZNF761,string,20,8,False,False
ZNF813,string,20,6,False,False
MYADM,string,20,14,False,False
NDUFA3,string,20,28,False,False
LENG1,string,20,10,False,False
MBOAT7,string,20,15,False,False
RPS9,string,20,14,False,True
LENG8,string,20,11,False,False
NLRP2,string,20,4,False,False
PPP1R12C,string,20,10,False,False
TNNT1,string,20,15,False,False
TNNI3,string,20,19,False,False
KMT5C,string,20,6,False,False
RPL28,string,20,47,False,False
UBE2S,string,20,36,False,False
ISOC2,string,20,9,False,False
NAT14,string,20,6,False,False
FIZ1,string,20,4,False,False
ZNF524,string,20,7,False,False
ZNF580,string,20,3,False,False
ZNF581,string,20,0,False,False
AC005261.1,string,0,0,True,False
TRAPPC2B,string,20,9,False,False
ZNF551,string,20,4,False,False
ZNF587,string,20,1,False,False
ZNF606,string,20,12,False,False
ZNF274,string,20,15,False,False
ZNF8,string,20,19,False,False
ERVK3-1,string,0,0,True,False
A1BG,string,20,9,False,False
RPS5,string,20,29,False,True
ZNF324,string,20,7,False,False
CHMP2A,string,20,45,False,True
UBE2M,string,20,35,False,False
MZF1,string,20,7,False,False
AC016629.2,string,0,0,True,False
TRIB3,string,20,20,False,False
RBCK1,string,20,15,False,False
TBC1D20,string,20,17,False,False
STK35,string,20,7,False,False
SNRPB,string,20,73,False,True
NOP56,string,20,76,False,False
CPXM1,string,20,9,False,False
PCED1A,string,20,7,False,False
VPS16,string,20,23,False,False
PTPRA,string,0,0,True,False
ATRN,string,20,12,False,False
RNF24,string,20,12,False,False
PCNA,string,20,99,False,True
GPCPD1,string,20,12,False,False
TMX4,string,20,15,False,False
PLCB1,string,20,30,False,False
PLCB4,string,20,22,False,False
SLX4IP,string,20,7,False,False
BTBD3,string,20,6,False,False
ESF1,string,20,29,False,True
SNRPB2,string,20,23,False,False
DSTN,string,20,24,False,False
RRBP1,string,20,9,False,False
SNX5,string,20,27,False,False
MGME1,string,20,13,False,False
SMIM26,string,20,1,False,False
DTD1,string,20,8,False,False
CRNKL1,string,20,54,False,True
RALGAPA2,string,20,9,False,False
GZF1,string,20,9,False,False
NAPB,string,20,27,False,False
CST3,string,20,19,False,False
PYGB,string,20,10,False,False
NANP,string,20,6,False,False
ID1,string,20,10,False,False
BCL2L1,string,20,73,False,False
TPX2,string,20,33,False,True
PDRG1,string,20,9,False,True
TM9SF4,string,20,11,False,False
NOL4L,string,20,10,False,False
C20orf203,string,0,0,True,False
COMMD7,string,20,27,False,False
AL035071.1,string,0,0,True,False
SNTA1,string,20,11,False,False
CBFA2T2,string,20,14,False,False
E2F1,string,20,43,False,False
CHMP4B,string,20,57,False,False
ITCH,string,0,0,True,False
DYNLRB1,string,20,24,False,True
ACSS2,string,20,18,False,False
MMP24OS,string,0,0,True,False
CPNE1,string,20,11,False,False
RBM12,string,20,10,False,False
ROMO1,string,20,14,False,True
RBM39,string,20,33,False,True
SCAND1,string,20,10,False,False
NORAD,string,0,0,True,False
TGIF2,string,20,6,False,False
DSN1,string,20,20,False,True
BLCAP,string,20,10,False,False
RPRD1B,string,20,20,False,False
SNHG17,string,0,0,True,False
SNHG11,string,0,0,True,False
TOP1,string,20,16,False,True
CHD6,string,20,6,False,False
SRSF6,string,20,30,False,False
IFT52,string,20,21,False,False
MYBL2,string,20,10,False,True
OSER1,string,20,10,False,False
TTPAL,string,20,2,False,False
SERINC3,string,20,7,False,False
PKIG,string,20,6,False,False
ADA,string,20,21,False,False
TOMM34,string,20,5,False,False
STK4,string,20,23,False,False
PIGT,string,20,9,False,False
ACOT8,string,20,22,False,False
CTSA,string,20,21,False,False
PCIF1,string,20,10,False,False
ZNF335,string,20,6,False,True
ZMYND8,string,20,9,False,False
NCOA3,string,20,29,False,False
ARFGEF2,string,20,16,False,False
CSE1L,string,20,25,False,True
ZNFX1,string,20,16,False,False
ZFAS1,string,0,0,True,False
B4GALT5,string,20,19,False,False
SPATA2,string,20,7,False,False
RNF114,string,20,7,False,False
CEBPB,string,20,38,False,False
PTPN1,string,20,37,False,False
RIPOR3,string,20,3,False,False
PARD6B,string,20,7,False,False
NFATC2,string,20,26,False,False
ZNF217,string,20,17,False,False
PFDN4,string,20,13,False,False
FAM210B,string,20,4,False,False
AURKA,string,20,69,False,False
CASS4,string,20,9,False,False
CTCFL,string,20,20,False,False
RAB22A,string,20,13,False,False
VAPB,string,20,37,False,False
STX16,string,20,50,False,False
CTSZ,string,20,17,False,False
SYCP2,string,20,11,False,False
PPP1R3D,string,20,14,False,False
TAF4,string,20,37,False,False
SS18L1,string,20,14,False,False
OSBPL2,string,20,6,False,False
DIDO1,string,20,14,False,False
ARFGAP1,string,20,49,False,False
PPDPF,string,20,8,False,False
GMEB2,string,20,8,False,False
MHENCR,string,0,0,True,False
STMN3,string,20,11,False,False
SLC2A4RG,string,20,6,False,False
TCEA2,string,20,12,False,False
PCMTD2,string,20,6,False,False
AC079801.1,string,0,0,True,False
CU638689.4,string,0,0,True,False
CR381653.1,string,0,0,True,False
AP003900.1,string,0,0,True,False
HSPA13,string,20,26,False,False
SAMSN1,string,20,14,False,False
NRIP1,string,20,24,False,False
USP25,string,20,32,False,False
BTG3,string,20,7,False,False
C21orf91,string,20,12,False,False
MIR548XHG,string,0,0,True,False
LINC02573,string,0,0,True,False
NCAM2,string,20,5,False,False
GABPA,string,20,17,False,False
LTN1,string,20,26,False,False
RWDD2B,string,20,10,False,False
BACH1,string,20,6,False,False
SOD1,string,20,62,False,False
URB1-AS1,string,0,0,True,False
SYNJ1,string,20,42,False,False
IFNAR2,string,20,7,False,False
IL10RB,string,20,10,False,False
IFNAR1,string,20,14,False,False
IFNGR2,string,20,10,False,False
TMEM50B,string,20,15,False,False
GART,string,20,74,False,False
SON,string,20,14,False,True
CRYZL1,string,20,19,False,False
ITSN1,string,20,44,False,False
LINC00649,string,0,0,True,False
MRPS6,string,20,43,False,False
SLC5A3,string,20,15,False,False
RUNX1,string,20,30,False,False
MORC3,string,20,8,False,False
HLCS,string,20,10,False,False
TTC3,string,20,11,False,False
DYRK1A,string,20,29,False,False
DSCR4-IT1,string,0,0,True,False
DSCR8,string,0,0,True,False
ETS2,string,20,10,False,False
PSMG1,string,20,21,False,False
BRWD1,string,20,18,False,False
GET1,string,0,0,True,False
C2CD2,string,20,10,False,False
ZBTB21,string,20,15,False,False
SLC37A1,string,20,13,False,False
PKNOX1,string,20,9,False,False
PDXK,string,20,14,False,False
CSTB,string,20,10,False,False
RRP1,string,20,15,False,True
AGPAT3,string,20,31,False,False
TRAPPC10,string,20,25,False,False
SUMO3,string,20,32,False,False
PTTG1IP,string,20,7,False,False
AP001505.1,string,0,0,True,False
ADARB1,string,20,16,False,False
POFUT2,string,20,26,False,False
LINC00205,string,0,0,True,False
COL18A1,string,20,25,False,False
LINC01694,string,0,0,True,False
SPATC1L,string,20,5,False,False
LSS,string,20,29,False,False
MCM3AP-AS1,string,0,0,True,False
YBEY,string,20,15,False,False
C21orf58,string,20,7,False,False
PCNT,string,20,37,False,False
DIP2A,string,20,12,False,False
DUXAP8,string,0,0,True,False
XKR3,string,20,4,False,False
IL17RA,string,20,8,False,False
BCL2L13,string,20,9,False,False
BID,string,20,26,False,False
PEX26,string,20,17,False,False
ESS2,string,20,11,False,False
LINC01311,string,0,0,True,False
SLC25A1,string,20,14,False,False
MRPL40,string,20,43,False,False
UFD1,string,20,45,False,False
CDC45,string,20,54,False,False
GP1BB,string,20,3,False,False
TBX1,string,20,15,False,False
GNB1L,string,20,8,False,False
TXNRD2,string,20,27,False,False
COMT,string,20,25,False,False
TANGO2,string,20,5,False,False
RANBP1,string,20,23,False,False
ZDHHC8,string,20,13,False,False
DGCR6L,string,20,8,False,False
KLHL22,string,20,15,False,False
MED15,string,20,36,False,False
SNAP29,string,20,34,False,False
CRKL,string,20,42,False,False
LZTR1,string,0,0,True,False
HIC2,string,20,7,False,False
YDJC,string,20,8,False,False
SDF2L1,string,20,24,False,False
PPM1F,string,20,13,False,False
AC245452.1,string,0,0,True,False
AC245060.5,string,0,0,True,False
ZNF280B,string,20,7,False,False
PCAT14,string,0,0,True,False
CHCHD10,string,20,18,False,False
SLC2A11,string,20,4,False,False
MIF,string,20,6,False,False
SPECC1L,string,20,12,False,False
GRK3,string,20,12,False,False
MYO18B,string,20,14,False,False
SRRD,string,20,9,False,False
TFIP11,string,20,11,False,True
TPST2,string,20,12,False,False
PITPNB,string,20,9,False,False
TTC28-AS1,string,0,0,True,False
CCDC117,string,20,4,False,False
XBP1,string,20,48,False,False
RHBDD3,string,20,8,False,False
NEFH,string,20,14,False,False
MTMR3,string,20,13,False,False
MORC2-AS1,string,0,0,True,False
MORC2,string,20,7,False,False
TUG1,string,0,0,True,False
RNF185,string,20,11,False,False
EIF4ENIF1,string,20,24,False,False
SFI1,string,20,10,False,False
PRR14L,string,20,8,False,False
DEPDC5,string,20,18,False,False
YWHAH,string,20,44,False,False
FBXO7,string,20,15,False,False
MCM5,string,20,72,False,False
MYH9,string,20,40,False,False
TXN2,string,20,19,False,False
IFT27,string,20,22,False,False
TST,string,20,15,False,False
MPST,string,20,8,False,False
RAC2,string,20,63,False,False
CDC42EP1,string,20,6,False,False
SH3BP1,string,0,0,True,False
LGALS1,string,20,11,False,False
TRIOBP,string,0,0,True,False
GCAT,string,20,11,False,False
EIF3L,string,20,16,False,False
AL022311.1,string,0,0,True,False
KDELR3,string,20,21,False,False
CBY1,string,0,0,True,False
JOSD1,string,20,11,False,False
APOBEC3C,string,20,0,False,False
RPL3,string,20,30,False,False
ATF4,string,20,33,False,True
RPS19BP1,string,20,4,False,True
TNRC6B,string,20,21,False,False
MRTFA,string,20,13,False,False
RBX1,string,20,102,False,True
EP300,string,20,194,False,False
TOB2,string,20,8,False,False
SMDT1,string,20,10,False,False
POLDIP3,string,20,17,False,False
ARFGAP3,string,20,26,False,False
PACSIN2,string,20,19,False,False
TSPO,string,20,13,False,False
NUP50,string,20,32,False,False
FAM118A,string,20,12,False,False
Z95331.1,string,0,0,True,False
PPARA,string,20,62,False,False
GTSE1,string,20,9,False,False
CERK,string,20,14,False,False
AL118516.1,string,0,0,True,False
AL117329.1,string,0,0,True,False
BRD1,string,20,16,False,False
CRELD2,string,20,18,False,False
PIM3,string,20,5,False,False
TRABD,string,20,2,False,False
SELENOO,string,20,18,False,False
TUBGCP6,string,20,20,False,False
HDAC10,string,20,16,False,False
PPP6R2,string,20,14,False,False
CHKB-DT,string,0,0,True,False
PLCXD1,string,20,6,False,False
SLC25A6,string,20,18,False,False
AKAP17A,string,20,16,False,False
CD99,string,20,10,False,False
PNPLA4,string,20,14,False,False
TBL1X,string,0,0,True,False
ARHGAP6,string,20,16,False,False
MSL3,string,20,27,False,False
TMSB4X,string,20,10,False,False
OFD1,string,20,27,False,False
MOSPD2,string,20,12,False,False
ZRSR2,string,20,24,False,False
AP1S2,string,20,17,False,False
SH3KBP1,string,20,28,False,False
EIF1AX,string,20,26,False,True
MBTPS2,string,20,17,False,False
PRDX4,string,20,14,False,False
SAT1,string,20,16,False,False
EIF2S3,string,20,38,False,True
ZFX,string,20,7,False,False
POLA1,string,20,56,False,True
TAB3,string,20,13,False,False
XK,string,20,3,False,False
DYNLT3,string,20,14,False,False
BCOR,string,20,14,False,False
ATP6AP2,string,20,20,False,False
CXorf38,string,20,7,False,False
MED14,string,20,31,False,True
USP9X,string,20,28,False,False
DDX3X,string,20,34,False,False
EFHC2,string,20,9,False,False
FUNDC1,string,20,17,False,False
KDM6A,string,20,44,False,False
UBA1,string,20,41,False,True
CDK16,string,20,8,False,False
USP11,string,20,9,False,False
TIMP1,string,20,18,False,False
ELK1,string,0,0,True,False
UXT,string,20,15,False,True
RBM3,string,20,8,False,False
WAS,string,20,77,False,False
HDAC6,string,20,34,False,False
SLC35A2,string,20,13,False,False
PIM2,string,20,3,False,False
OTUD5,string,20,15,False,False
GRIPAP1,string,20,11,False,False
WDR45,string,20,5,False,False
PLP2,string,20,4,False,False
CLCN5,string,20,11,False,False
KDM5C,string,20,31,False,False
SMC1A,string,20,35,False,True
HUWE1,string,20,24,False,True
MAGED2,string,20,5,False,False
ALAS2,string,0,0,True,False
USP51,string,20,3,False,False
UBQLN2,string,20,31,False,False
NBDY,string,0,0,True,False
LINC01278,string,0,0,True,False
SPIN4,string,0,0,True,False
MSN,string,20,13,False,False
AL034397.3,string,0,0,True,False
HEPH,string,20,19,False,False
YIPF6,string,20,35,False,False
IGBP1,string,20,8,False,True
PDZD11,string,20,18,False,False
KIF4A,string,20,28,False,False
TAF1,string,20,39,False,True
OGT,string,20,37,False,True
PIN4,string,20,12,False,False
RPS4X,string,20,35,False,True
HDAC8,string,20,20,False,False
XIST,string,0,0,True,False
FTX,string,0,0,True,False
Z83843.1,string,0,0,True,False
RLIM,string,20,10,False,False
ABCB7,string,20,37,False,True
PBDC1,string,20,14,False,False
ATRX,string,20,30,False,False
MAGT1,string,20,21,False,False
ATP7A,string,20,29,False,False
TAF9B,string,20,22,False,False
ITM2A,string,20,8,False,False
BRWD3,string,20,13,False,False
HMGN5,string,20,11,False,False
SH3BGRL,string,20,6,False,False
ZNF711,string,20,9,False,False
CHM,string,20,49,False,False
SYTL4,string,20,10,False,False
TIMM8A,string,20,28,False,False
BTK,string,20,37,False,False
RPL36A,string,20,5,False,True
GLA,string,20,20,False,False
HNRNPH2,string,20,19,False,False
ARMCX6,string,20,2,False,False
ARMCX3,string,20,9,False,False
BEX4,string,20,2,False,False
TCEAL8,string,20,8,False,False
BEX2,string,20,7,False,False
TCEAL9,string,20,8,False,False
MORF4L2,string,0,0,True,False
RBM41,string,20,4,False,False
ATG4A,string,20,21,False,False
COL4A5,string,20,18,False,False
NXT2,string,20,23,False,False
ACSL4,string,20,21,False,False
TMEM164,string,20,5,False,False
AMMECR1,string,20,14,False,False
XACT,string,0,0,True,False
WDR44,string,20,11,False,False
DOCK11,string,20,8,False,False
IL13RA1,string,20,12,False,False
PGRMC1,string,20,13,False,False
SLC25A5,string,20,14,False,False
UBE2A,string,20,27,False,False
SEPTIN6,string,20,15,False,False
RPL39,string,20,17,False,True
RNF113A,string,20,15,False,True
NDUFA1,string,20,33,False,False
NKAP,string,20,19,False,True
RHOXF2B,string,20,0,False,False
ZBTB33,string,20,7,False,False
LAMP2,string,20,25,False,False
CUL4B,string,20,42,False,False
THOC2,string,20,23,False,True
XIAP,string,20,44,False,False
STAG2,string,20,35,False,False
SMARCA1,string,20,19,False,False
UTP14A,string,20,20,False,False
BCORL1,string,20,7,False,False
STK26,string,20,23,False,False
RAP2C,string,20,11,False,False
PHF6,string,20,17,False,False
FAM122B,string,0,0,True,False
RTL8C,string,20,2,False,False
RTL8A,string,20,5,False,False
ARHGEF6,string,20,28,False,False
AL683813.1,string,0,0,True,False
FGF13,string,20,18,False,False
MAGEC1,string,20,2,False,False
FMR1,string,20,34,False,False
IDS,string,20,9,False,False
NSDHL,string,20,32,False,False
BCAP31,string,20,27,False,False
IDH3G,string,20,22,False,False
SSR4,string,20,31,False,False
NAA10,string,20,14,False,True
HCFC1,string,20,52,False,False
MECP2,string,20,44,False,False
FLNA,string,20,51,False,False
RPL10,string,0,0,True,True
ATP6AP1,string,20,23,False,True
GDI1,string,20,56,False,False
FAM50A,string,20,4,False,True
G6PD,string,20,30,False,False
CTAG2,string,20,2,False,False
DKC1,string,20,45,False,True
MPP1,string,20,8,False,False
FUNDC2,string,20,10,False,False
BRCC3,string,20,23,False,False
TMLHE,string,20,15,False,False
VAMP7,string,20,45,False,False
MT-ND1,string,20,43,False,False
MT-ND2,string,20,26,False,False
MT-CO2,string,20,28,False,False
MT-ATP8,string,20,17,False,False
MT-ATP6,string,20,39,False,False
MT-ND3,string,20,20,False,False
MT-ND4L,string,20,11,False,False
MT-ND5,string,20,24,False,False
MT-ND6,string,20,15,False,False
MT-CYB,string,20,36,False,False
BX004987.1,string,0,0,True,False
MAFIP,string,16,0,False,False
AL354822.1,string,0,0,True,False
AC240274.1,string,0,0,True,False
AAMP,string,20,7,False,True
AARS,string,0,0,True,True
AATF,string,20,23,False,True
ABCF1,string,20,10,False,True
ABT1,string,20,20,False,True
ACTL6A,string,20,52,False,True
ACTR6,string,20,11,False,True
ACTR8,string,20,15,False,True
AHCY,string,20,16,False,True
ALDOA,string,0,0,True,True
ALG13,string,20,25,False,True
ANAPC2,string,20,29,False,True
ANAPC4,string,20,23,False,True
AQR,string,20,23,False,True
ARMC7,string,20,10,False,True
ARPC4,string,20,27,False,True
ATP1A1,string,20,17,False,True
ATP6V0B,string,20,25,False,True
ATP6V1A,string,20,42,False,True
ATRIP,string,20,18,False,True
BAP1,string,20,18,False,True
BCAS2,string,20,30,False,True
BGLAP,string,20,9,False,True
BMS1,string,20,58,False,True
BNIP1,string,20,11,False,True
BTF3,string,20,5,False,True
BUB3,string,20,27,False,True
BUD13,string,20,20,False,True
BYSL,string,20,74,False,True
C12orf45,string,0,0,True,True
C14orf178,string,0,0,True,False
C7orf26,string,20,6,False,False
CACTIN,string,20,11,False,True
CAPZB,string,20,56,False,True
CCNH,string,20,37,False,True
CCNK,string,20,18,False,True
CCT2,string,20,49,False,True
CCT3,string,20,35,False,True
CCT4,string,20,35,False,True
CCT5,string,20,46,False,True
CCT6A,string,20,30,False,True
CCT7,string,20,35,False,True
CCT8,string,20,31,False,True
CDAN1,string,20,8,False,True
CDC123,string,20,12,False,True
CDC16,string,20,39,False,True
CDC23,string,20,25,False,True
CDC27,string,20,33,False,True
CDC5L,string,20,102,False,True
CDC73,string,20,25,False,True
CDK9,string,20,34,False,True
CEBPZ,string,20,24,False,True
CENPJ,string,20,30,False,True
CENPK,string,20,13,False,True
CHAF1B,string,20,19,False,True
CHCHD4,string,20,29,False,True
CHD4,string,20,45,False,True
CHMP1A,string,20,28,False,True
CHMP3,string,0,0,True,True
CIAPIN1,string,20,28,False,True
CINP,string,20,9,False,True
CLNS1A,string,20,23,False,True
CMTR1,string,20,14,False,True
CNIH4,string,20,9,False,True
CNOT1,string,20,44,False,True
CNOT2,string,20,23,False,True
CNOT3,string,20,28,False,True
COPS2,string,20,52,False,True
COPS3,string,20,47,False,True
COPS4,string,20,48,False,True
COPS6,string,20,47,False,True
COPZ1,string,20,22,False,True
COX11,string,20,20,False,True
COX15,string,20,34,False,True
COX7C,string,20,24,False,True
CPSF1,string,20,41,False,True
CPSF3,string,20,38,False,True
CPSF4,string,20,28,False,True
CPSF6,string,20,24,False,True
CSNK2B,string,20,29,False,True
CSTF1,string,20,22,False,True
CSTF3,string,20,26,False,True
CTDP1,string,20,29,False,True
CTNNBL1,string,20,25,False,True
CUL1,string,20,69,False,True
CUL2,string,20,49,False,True
CUL7,string,0,0,True,True
CWC15,string,20,39,False,True
CWC22,string,20,58,False,True
CXXC1,string,20,16,False,True
DAP3,string,20,39,False,True
DARS,string,0,0,True,True
DBR1,string,20,9,False,True
DCUN1D5,string,20,21,False,True
DDB1,string,20,69,False,True
DDOST,string,20,49,False,True
DDX18,string,20,44,False,True
DDX20,string,20,18,False,True
DDX27,string,0,0,True,True
DDX41,string,20,8,False,True
DDX47,string,20,18,False,True
DDX49,string,20,36,False,True
DDX5,string,20,29,False,True
DDX51,string,20,11,False,True
DDX52,string,20,37,False,True
DDX54,string,20,17,False,True
DDX55,string,20,54,False,True
DDX56,string,20,26,False,True
DENR,string,20,10,False,True
DHDDS,string,20,24,False,True
DHODH,string,20,16,False,True
DHX15,string,20,48,False,True
DHX16,string,20,30,False,True
DHX33,string,20,23,False,True
DHX37,string,20,37,False,True
DICER1,string,20,51,False,True
DIMT1,string,20,15,False,True
DLD,string,20,24,False,True
DMAP1,string,20,40,False,True
DNAJA3,string,20,14,False,True
DNAJC17,string,20,6,False,True
DNAJC19,string,20,28,False,True
DNAJC8,string,20,6,False,True
DNM1L,string,20,27,False,True
DNTTIP2,string,20,4,False,True
DOHH,string,20,12,False,True
DONSON,string,20,14,False,True
DPH2,string,20,17,False,True
DYNC1I2,string,20,28,False,True
E4F1,string,20,8,False,True
ECD,string,20,6,False,True
EFTUD2,string,20,106,False,True
EIF2B1,string,20,14,False,True
EIF2B2,string,20,16,False,True
EIF2B3,string,20,18,False,True
EIF2B5,string,0,0,True,True
EIF2S1,string,20,55,False,True
EIF2S2,string,20,39,False,True
EIF3A,string,20,38,False,True
EIF3B,string,20,34,False,True
EIF3CL,string,20,14,False,True
EIF3D,string,20,22,False,True
EIF3G,string,20,23,False,True
EIF3I,string,20,40,False,True
EIF3J,string,20,23,False,True
EIF3M,string,20,24,False,True
EIF4E,string,20,69,False,True
EIF6,string,20,22,False,True
ELP3,string,20,18,False,True
ELP5,string,20,10,False,True
EP400,string,0,0,True,True
ERCC2,string,20,37,False,True
ERCC3,string,20,46,False,True
ERH,string,20,26,False,True
EXOC7,string,20,38,False,True
EXOSC10,string,20,51,False,True
EXOSC2,string,20,24,False,True
EXOSC3,string,20,31,False,True
EXOSC4,string,20,32,False,True
EXOSC5,string,20,37,False,True
EXOSC6,string,20,32,False,True
FAM136A,string,20,11,False,True
FARSA,string,20,5,False,True
FARSB,string,20,17,False,True
FASTKD5,string,20,10,False,True
FAU,string,20,95,False,False
FNTA,string,20,15,False,True
FTSJ3,string,20,61,False,True
GATA1,string,20,64,False,True
GBF1,string,20,30,False,True
GEMIN5,string,20,12,False,True
GFER,string,20,40,False,True
GFM1,string,20,15,False,True
GINS1,string,20,17,False,True
GINS3,string,20,17,False,True
GLE1,string,20,33,False,True
GMPS,string,20,44,False,True
GNL3L,string,20,27,False,True
GPKOW,string,20,3,False,True
GPN1,string,20,14,False,True
GPN2,string,20,9,False,True
GPN3,string,20,22,False,True
GPS1,string,20,41,False,True
GRB2,string,20,105,False,True
GRPEL1,string,20,44,False,True
GRSF1,string,20,21,False,True
GSPT1,string,20,21,False,True
GTF2A2,string,20,36,False,True
GTF2E1,string,20,41,False,True
GTF2E2,string,20,30,False,True
GTF2F2,string,20,36,False,True
GTF2H1,string,20,27,False,True
GTF2H4,string,20,30,False,True
GTF3C3,string,20,18,False,True
GTPBP4,string,20,81,False,True
GUCD1,string,20,2,False,True
HARS,string,0,0,True,True
HARS2,string,20,14,False,True
HAUS5,string,20,10,False,True
HDAC7,string,20,11,False,True
HEATR1,string,20,56,False,True
HIRA,string,20,15,False,True
HNRNPC,string,20,62,False,True
HNRNPL,string,20,81,False,True
HNRNPM,string,20,49,False,True
HNRNPU,string,20,27,False,True
HSCB,string,20,41,False,True
HSF1,string,20,23,False,True
HSPA9,string,20,81,False,True
HYPK,string,20,18,False,True
IARS,string,0,0,True,True
ICE1,string,20,11,False,True
ILF2,string,20,21,False,True
ILF3,string,20,26,False,True
IMP4,string,20,41,False,True
INO80,string,0,0,True,True
INO80B,string,20,13,False,True
INTS1,string,20,25,False,True
INTS2,string,20,21,False,True
INTS3,string,20,25,False,True
INTS4,string,20,23,False,True
INTS5,string,20,20,False,True
INTS7,string,20,19,False,True
INTS9,string,20,17,False,True
IPO13,string,20,11,False,True
ISG20L2,string,20,6,False,True
JAZF1,string,20,32,False,True
KANSL3,string,20,16,False,True
KARS,string,0,0,True,True
KAT8,string,20,27,False,True
KPNB1,string,20,34,False,True
KRR1,string,20,54,False,True
LAMTOR4,string,20,23,False,True
LAS1L,string,20,11,False,True
LETM1,string,20,18,False,True
LSG1,string,20,18,False,True
LSM11,string,20,10,False,True
LSM2,string,20,44,False,True
LSM4,string,20,41,False,True
LSM5,string,20,37,False,True
LTV1,string,20,26,False,True
LUC7L3,string,20,27,False,True
MAGOH,string,20,26,False,True
MAK16,string,20,32,False,True
MARS2,string,20,13,False,True
MAU2,string,20,11,False,True
MAX,string,20,31,False,True
MCM3AP,string,20,18,False,True
MCMBP,string,20,15,False,True
MED11,string,20,21,False,True
MED12,string,20,41,False,True
MED22,string,20,28,False,True
MED28,string,20,17,False,True
MED29,string,20,27,False,True
MED4,string,20,40,False,True
MED9,string,20,16,False,True
METAP2,string,20,17,False,True
MEX3A,string,20,1,False,True
MFAP1,string,20,28,False,True
MIOS,string,20,21,False,True
MNAT1,string,20,29,False,True
MRGBP,string,20,32,False,True
MRPL13,string,20,57,False,True
MRPL14,string,20,12,False,True
MRPL17,string,20,53,False,True
MRPL18,string,20,11,False,True
MRPL19,string,20,44,False,True
MRPL2,string,20,43,False,True
MRPL24,string,20,19,False,True
MRPL27,string,20,45,False,True
MRPL32,string,20,38,False,True
MRPL33,string,20,22,False,True
MRPL35,string,20,7,False,True
MRPL36,string,20,38,False,True
MRPL37,string,20,18,False,True
MRPL38,string,20,22,False,True
MRPL39,string,20,31,False,True
MRPL4,string,20,52,False,True
MRPL43,string,20,28,False,True
MRPL49,string,20,33,False,True
MRPL51,string,20,16,False,True
MRPL53,string,20,9,False,True
MRPL55,string,20,18,False,True
MRPS14,string,20,33,False,True
MRPS18A,string,20,20,False,True
MRPS2,string,20,32,False,True
MRPS21,string,20,18,False,True
MRPS23,string,20,26,False,True
MRPS26,string,20,18,False,True
MRPS27,string,20,31,False,True
MRPS28,string,20,11,False,True
MRPS35,string,20,26,False,True
MRPS7,string,20,38,False,True
MRPS9,string,20,46,False,True
MTOR,string,20,77,False,True
MTPAP,string,20,22,False,True
MYBBP1A,string,20,14,False,True
MZT1,string,20,14,False,True
N6AMT1,string,20,19,False,True
NAA15,string,20,12,False,True
NAA20,string,20,18,False,True
NAA25,string,20,26,False,True
NACA,string,20,3,False,True
NAE1,string,20,18,False,True
NARS,string,0,0,True,True
NAT10,string,20,37,False,True
NCAPH,string,20,22,False,True
NCBP1,string,20,67,False,True
NCBP2,string,20,65,False,True
NDUFA6,string,20,61,False,True
NDUFAB1,string,20,63,False,True
NDUFB10,string,20,46,False,True
NDUFB8,string,20,52,False,True
NEDD8,string,20,91,False,True
NELFB,string,20,15,False,True
NELFCD,string,20,9,False,True
NELFE,string,20,18,False,True
NFRKB,string,20,10,False,True
NFS1,string,20,33,False,True
NIFK,string,20,58,False,True
NLE1,string,20,17,False,True
NMD3,string,20,31,False,True
NOB1,string,20,25,False,True
NOC3L,string,20,32,False,True
NOC4L,string,20,51,False,True
NOL11,string,20,6,False,True
NOL12,string,20,6,False,True
NOL6,string,20,56,False,True
NOM1,string,20,11,False,True
NOP10,string,20,25,False,True
NOP2,string,20,46,False,True
NOP58,string,20,91,False,True
NRF1,string,20,10,False,True
NSA2,string,20,37,False,True
NUBP1,string,20,27,False,True
NUDC,string,20,12,False,True
NUDCD3,string,20,14,False,True
NUDT21,string,20,25,False,True
NUFIP1,string,20,12,False,True
NUP107,string,20,53,False,True
NUP133,string,20,32,False,True
NUP160,string,20,27,False,True
NUP54,string,20,28,False,True
NUP85,string,20,33,False,True
NUP88,string,20,39,False,True
NUP98,string,20,58,False,True
NUTF2,string,20,21,False,True
NVL,string,20,4,False,True
OGFOD1,string,20,7,False,True
ORC5,string,20,17,False,True
OXA1L,string,20,26,False,True
PABPN1,string,20,24,False,True
PAF1,string,20,15,False,True
PAXBP1,string,20,16,False,True
PCBP1,string,20,28,False,True
PCID2,string,20,12,False,True
PDAP1,string,20,12,False,True
PDCD11,string,20,65,False,True
PDCD2,string,20,10,False,True
PDCD7,string,20,11,False,True
PELP1,string,20,10,False,True
PES1,string,20,65,False,True
PET117,string,20,5,False,True
PFN1,string,20,17,False,True
PGAM1,string,20,15,False,True
PHB2,string,20,29,False,True
PHF5A,string,20,43,False,True
PIAS4,string,20,28,False,True
PMF1,string,20,12,False,True
PMPCA,string,20,21,False,True
PMPCB,string,20,33,False,True
PNO1,string,20,29,False,True
PNPT1,string,20,34,False,True
POLA2,string,20,45,False,True
POLD1,string,20,56,False,True
POLD2,string,20,38,False,True
POLE,string,20,54,False,True
POLR1A,string,20,36,False,True
POLR1B,string,20,43,False,True
POLR1C,string,0,0,True,True
POLR1E,string,20,19,False,True
POLR2B,string,20,78,False,True
POLR2C,string,20,66,False,True
POLR2D,string,20,54,False,True
POLR2E,string,20,88,False,True
POLR2F,string,20,75,False,True
POLR2G,string,20,65,False,True
POLR2H,string,20,52,False,True
POLR2I,string,20,56,False,True
POLR3B,string,20,36,False,True
POLR3D,string,20,34,False,True
POLR3E,string,20,26,False,True
POLR3F,string,20,25,False,True
POLRMT,string,20,22,False,True
POP1,string,20,19,False,True
POP4,string,20,22,False,True
POP5,string,20,16,False,True
POP7,string,20,16,False,True
PPAN,string,20,18,False,True
PPARGC1B,string,20,12,False,True
PPIE,string,20,16,False,True
PPP1CA,string,20,90,False,True
PPP1R11,string,20,17,False,True
PPP1R8,string,20,19,False,True
PPP2R1A,string,20,57,False,True
PPP4C,string,20,27,False,True
PPRC1,string,20,3,False,True
PRELID1,string,20,15,False,True
PRELID3B,string,20,12,False,True
PRIM2,string,20,21,False,True
PRMT5,string,20,38,False,True
PRPF18,string,20,9,False,True
PRPF19,string,20,72,False,True
PRPF31,string,20,58,False,True
PRPF4,string,20,32,False,True
PRPF40A,string,20,25,False,True
PRPF6,string,20,49,False,True
PRPF8,string,20,106,False,True
PRRC2A,string,20,19,False,True
PSMA1,string,20,50,False,True
PSMA2,string,20,55,False,True
PSMA3,string,20,59,False,True
PSMA4,string,20,51,False,True
PSMA6,string,20,46,False,True
PSMA7,string,20,50,False,True
PSMB1,string,20,59,False,True
PSMB2,string,20,50,False,True
PSMB3,string,20,57,False,True
PSMB5,string,20,40,False,True
PSMB7,string,20,40,False,True
PSMC1,string,20,54,False,True
PSMC2,string,20,45,False,True
PSMC3,string,20,59,False,True
PSMC4,string,20,47,False,True
PSMC6,string,20,50,False,True
PSMD1,string,20,48,False,True
PSMD11,string,20,42,False,True
PSMD12,string,20,45,False,True
PSMD13,string,20,27,False,True
PSMD2,string,20,30,False,True
PSMD3,string,20,29,False,True
PSMD4,string,20,37,False,True
PSMD6,string,20,21,False,True
PSMG3,string,20,4,False,True
PTCD1,string,20,16,False,True
PUF60,string,20,19,False,True
PWP2,string,20,17,False,True
RABGGTA,string,20,12,False,True
RAD51,string,20,66,False,True
RAD51C,string,20,17,False,True
RAE1,string,20,36,False,True
RAN,string,20,55,False,True
RANGAP1,string,20,34,False,True
RBBP4,string,20,100,False,True
RBBP8,string,20,38,False,True
RBM14,string,20,21,False,True
RBM17,string,20,23,False,True
RBM19,string,20,11,False,True
RBM25,string,20,63,False,True
RBM28,string,20,37,False,True
RBM4,string,20,9,False,True
RBM8A,string,20,39,False,True
RBMX,string,20,30,False,True
RBMX2,string,20,21,False,True
RCC1,string,20,30,False,True
RCL1,string,20,19,False,True
REXO2,string,20,11,False,True
RFC1,string,20,26,False,True
RFC3,string,20,36,False,True
RFC5,string,20,33,False,True
RINT1,string,20,17,False,True
RIOK1,string,20,11,False,True
RIOK2,string,20,23,False,True
RNF40,string,20,12,False,True
RNPS1,string,20,34,False,True
RPA1,string,20,66,False,True
RPA2,string,20,47,False,True
RPAP1,string,20,10,False,True
RPF1,string,20,18,False,True
RPL11,string,20,97,False,True
RPL18,string,20,80,False,True
RPL19,string,20,90,False,True
RPL21,string,20,85,False,True
RPL23A,string,20,103,False,True
RPL27,string,20,86,False,True
RPL30,string,20,26,False,True
RPL35,string,20,26,False,True
RPL36,string,20,23,False,True
RPL4,string,20,32,False,True
RPL6,string,20,23,False,True
RPL7L1,string,20,5,False,True
RPL8,string,20,35,False,True
RPL9,string,20,28,False,True
RPLP0,string,20,20,False,True
RPLP2,string,20,10,False,True
RPP30,string,20,22,False,True
RPP38,string,20,26,False,True
RPP40,string,20,18,False,True
RPS10,string,20,11,False,True
RPS10-NUDT3,string,20,5,False,False
RPS13,string,20,39,False,True
RPS15,string,20,34,False,True
RPS15A,string,20,11,False,True
RPS16,string,20,26,False,True
RPS2,string,20,44,False,True
RPS21,string,20,14,False,True
RPS27A,string,20,168,False,True
RPS7,string,0,0,True,True
RPTOR,string,20,53,False,True
RPUSD4,string,20,13,False,True
RRP7A,string,20,11,False,True
RRS1,string,20,38,False,True
RSL1D1,string,20,29,False,True
RTCB,string,20,9,False,True
RUVBL1,string,20,71,False,True
SAE1,string,20,19,False,True
SAMM50,string,20,25,False,True
SAP130,string,20,13,False,True
SARS2,string,20,15,False,True
SART1,string,20,53,False,True
SART3,string,20,17,False,True
SCAF1,string,20,7,False,True
SCFD1,string,20,34,False,True
SDAD1,string,20,37,False,True
SDC1,string,20,29,False,True
SDHC,string,20,27,False,True
SEC13,string,20,81,False,True
SEH1L,string,20,41,False,True
SERBP1,string,20,11,False,True
SETD1A,string,20,49,False,True
SF1,string,20,24,False,True
SF3A1,string,20,49,False,True
SF3A2,string,20,69,False,True
SF3B2,string,20,51,False,True
SF3B3,string,20,52,False,True
SKA3,string,20,10,False,True
SKP1,string,20,72,False,True
SMARCB1,string,20,39,False,True
SMG5,string,20,12,False,True
SMN2,string,20,15,False,True
SNAPC3,string,20,10,False,True
SNRNP200,string,20,84,False,True
SNRNP27,string,20,10,False,True
SNRPC,string,20,29,False,True
SNRPD3,string,20,106,False,True
SNRPE,string,20,106,False,True
SNRPG,string,20,99,False,True
SNW1,string,20,46,False,True
SPC24,string,20,15,False,True
SRBD1,string,20,19,False,True
SRP54,string,20,18,False,True
SRP68,string,20,13,False,True
SRPRB,string,20,23,False,True
SRRM2,string,20,39,False,True
SRRT,string,20,19,False,True
SRSF1,string,20,93,False,True
SRSF10,string,20,9,False,True
SRSF11,string,20,29,False,True
SSRP1,string,20,27,False,True
STARD7,string,20,16,False,True
STRAP,string,20,14,False,True
SUGP1,string,20,12,False,True
SUGT1,string,20,32,False,True
SUPT16H,string,20,49,False,True
SUPT4H1,string,20,38,False,True
SUPV3L1,string,20,26,False,True
SYMPK,string,20,32,False,True
TAF10,string,20,29,False,True
TAF5,string,20,27,False,True
TANGO6,string,20,9,False,True
TARS,string,0,0,True,True
TBL3,string,20,55,False,True
TBP,string,20,82,False,True
TCERG1,string,20,17,False,True
TCOF1,string,20,12,False,True
TEFM,string,20,12,False,True
TELO2,string,20,18,False,True
TEX10,string,20,17,False,True
TFDP1,string,20,25,False,True
THAP11,string,20,15,False,True
THG1L,string,20,9,False,True
THOC3,string,20,19,False,True
THOC5,string,20,25,False,True
THOC6,string,20,14,False,True
THOC7,string,20,17,False,True
TICRR,string,20,7,False,True
TIMM44,string,20,31,False,True
TIMM9,string,20,21,False,True
TMA16,string,20,6,False,True
TMX2,string,20,8,False,True
TNPO3,string,20,14,False,True
TOMM22,string,20,35,False,True
TRA2B,string,20,34,False,True
TREX2,string,20,3,False,True
TRMT5,string,20,22,False,True
TSEN2,string,20,22,False,True
TSR1,string,20,27,False,True
TSR2,string,20,2,False,True
TTC27,string,20,12,False,True
TTI1,string,20,13,False,True
TUBGCP2,string,20,16,False,True
TUT1,string,20,10,False,True
TWISTNB,string,0,0,True,True
TXN,string,20,57,False,True
U2AF1,string,20,21,False,True
U2AF2,string,20,78,False,True
UBA2,string,20,29,False,True
UBA52,string,20,139,False,True
UBE2I,string,20,104,False,True
UBQLN4,string,20,19,False,True
UPF1,string,20,38,False,True
UQCC2,string,20,5,False,True
UQCRC2,string,20,30,False,True
UQCRFS1,string,20,42,False,True
URB2,string,20,7,False,True
URI1,string,20,23,False,True
USP36,string,20,3,False,True
USP39,string,20,22,False,True
USP5,string,20,28,False,True
UTP15,string,20,36,False,True
UTP18,string,20,56,False,True
UTP20,string,20,28,False,True
UTP6,string,20,51,False,True
VARS,string,0,0,True,True
VPS35,string,20,42,False,True
VPS72,string,20,12,False,True
WAC,string,20,11,False,True
WBP11,string,20,8,False,True
WDHD1,string,20,28,False,True
WDR12,string,20,69,False,True
WDR24,string,20,23,False,True
WDR3,string,20,48,False,True
WDR33,string,20,24,False,True
WDR36,string,0,0,True,True
WDR46,string,20,51,False,True
WDR5,string,20,74,False,True
WDR55,string,20,11,False,True
WDR61,string,20,19,False,True
WDR70,string,20,10,False,True
WDR74,string,20,23,False,True
WDR75,string,20,28,False,True
WDR82,string,20,48,False,True
XAB2,string,20,39,False,True
XPO1,string,20,58,False,True
XRCC5,string,20,40,False,True
XRCC6,string,20,58,False,True
XRN2,string,20,32,False,True
YEATS2,string,20,29,False,True
YEATS4,string,20,42,False,True
ZC3H18,string,20,16,False,True
ZCCHC9,string,20,7,False,True
ZMAT2,string,20,15,False,True
ZMAT5,string,20,18,False,True
ZNF236,string,20,3,False,True
ZNF574,string,20,6,False,True
ZNHIT6,string,20,17,False,True
ZNRD1,string,0,0,True,True
