gene_id,source,incoming_nonself,outgoing_nonself,self_loop_only,candidate_target
RP11-34P13.8,go,0,0,True,False
RP11-54O7.3,go,0,0,True,False
SAMD11,go,0,0,True,False
PERM1,go,0,0,True,False
HES4,go,8,12,False,False
ISG15,go,9,1,False,False
RP11-54O7.18,go,0,0,True,False
RNF223,go,0,0,True,False
LINC01342,go,0,0,True,False
TTLL10-AS1,go,0,0,True,False
TNFRSF18,go,0,0,True,False
TNFRSF4,go,0,0,True,False
TAS1R3,go,0,0,True,False
ANKRD65,go,0,0,True,False
MMP23B,go,0,0,True,False
RP11-345P4.7,go,0,0,True,False
CALML6,go,0,0,True,False
RP5-892K4.1,go,0,0,True,False
RP11-181G12.4,go,0,0,True,False
PLCH2,go,0,0,True,False
RP3-395M20.12,go,0,0,True,False
RP3-395M20.8,go,0,0,True,False
TNFRSF14,go,0,0,True,False
TTC34,go,0,0,True,False
TP73,go,10,4,False,True
SMIM1,go,5,45,False,False
RP1-286D6.5,go,0,0,True,False
CHD5,go,0,0,True,False
LINC00337,go,0,0,True,False
GPR153,go,0,0,True,False
HES2,go,8,14,False,False
ESPN,go,4,0,False,False
TAS1R1,go,0,0,True,False
RP11-338N10.1,go,0,0,True,False
TNFRSF9,go,0,0,True,False
RP5-1115A15.1,go,0,0,True,False
RP4-633I8.4,go,0,0,True,False
ENO1,go,8,9,False,False
CA6,go,0,0,True,False
GPR157,go,0,0,True,False
MIR34AHG,go,0,0,True,False
RP3-510D11.2,go,0,0,True,False
H6PD,go,0,0,True,False
PIK3CD-AS1,go,0,0,True,False
AL357140.1,go,0,0,True,False
PGD,go,1,1,False,False
C1orf127,go,0,0,True,False
RP4-635E18.9,go,0,0,True,False
MASP2,go,0,0,True,False
RP4-635E18.8,go,0,0,True,False
SRM,go,6,9,False,False
DRAXIN,go,0,0,True,False
MTHFR,go,0,0,True,False
PDPN,go,0,0,True,False
TMEM51-AS1,go,0,0,True,False
RP3-467K16.2,go,0,0,True,False
RP3-467K16.4,go,0,0,True,False
EFHD2,go,4,1,False,False
CELA2A,go,0,0,True,False
CELA2B,go,0,0,True,False
RP4-680D5.9,go,0,0,True,False
RP11-276H7.3,go,0,0,True,False
RP4-798A10.7,go,0,0,True,False
RP5-1182A14.5,go,0,0,True,False
AC004824.2,go,0,0,True,False
RP1-43E13.2,go,0,0,True,False
PLA2G2A,go,0,0,True,False
PLA2G2D,go,0,0,True,False
PLA2G2C,go,0,0,True,False
PINK1-AS,go,0,0,True,False
RP3-329E20.2,go,0,0,True,False
CELA3A,go,0,0,True,False
CDC42,go,2,0,False,False
WNT4,go,0,0,True,False
C1QB,go,0,0,True,False
ZNF436-AS1,go,0,0,True,False
RP1-150O5.3,go,0,0,True,False
ID3,go,8,3,False,False
MDS2,go,0,0,True,False
HMGCL,go,6,2,False,False
FUCA1,go,12,20,False,False
CNR2,go,0,0,True,False
IL22RA1,go,0,0,True,False
RP11-10N16.2,go,0,0,True,False
RUNX3,go,10,6,False,False
RP4-799D16.1,go,0,0,True,False
RP4-706G24.1,go,0,0,True,False
SYF2,go,1,0,False,False
RSRP1,go,0,0,True,False
RP1-187B23.1,go,0,0,True,False
PAQR7,go,0,0,True,False
STMN1,go,3,0,False,False
EXTL1,go,0,0,True,False
TRIM63,go,0,0,True,False
SH3BGRL3,go,4,13,False,False
CD52,go,16,5,False,False
ZNF683,go,2,2,False,False
HMGN2,go,1,6,False,False
ARID1A,go,5,1,False,True
RP1-50O24.6,go,0,0,True,False
NUDC,go,5,9,False,False
SYTL1,go,0,0,True,False
FGR,go,0,0,True,False
IFI6,go,0,0,True,False
THEMIS2,go,4,2,False,False
RP11-460I13.2,go,0,0,True,False
PTAFR,go,0,0,True,False
RP5-1092A3.5,go,0,0,True,False
SESN2,go,5,0,False,False
OPRD1,go,0,0,True,False
RP1-212P9.3,go,0,0,True,False
LAPTM5,go,1,0,False,False
FABP3,go,0,0,True,False
LINC01226,go,0,0,True,False
RP11-73M7.6,go,0,0,True,False
SPOCD1,go,0,0,True,False
RP4-622L5.7,go,0,0,True,False
DCDC2B,go,0,0,True,False
FAM167B,go,0,0,True,False
LCK,go,0,0,True,False
MARCKSL1,go,8,26,False,False
TSSK3,go,3,11,False,False
BSDC1,go,0,33,False,False
RP11-114B7.6,go,0,0,True,False
TMEM54,go,3,14,False,False
RP1-34M23.5,go,0,0,True,False
RP11-244H3.4,go,0,0,True,False
PSMB2,go,6,7,False,False
CLSPN,go,2,0,False,False
RP11-435D7.3,go,0,0,True,False
MAP7D1,go,4,2,False,True
SH3D21,go,0,0,True,False
CSF3R,go,0,0,True,False
LINC01137,go,0,0,True,False
CDCA8,go,6,2,False,False
RHBDL2,go,0,0,True,False
MACF1,go,11,8,False,False
RP11-420K8.1,go,0,0,True,False
BMP8A,go,0,0,True,False
MFSD2A,go,0,0,True,False
CAP1,go,11,1,False,False
COL9A2,go,0,0,True,False
CITED4,go,0,0,True,False
RP5-1066H13.4,go,0,0,True,False
SLFNL1,go,0,0,True,False
GUCA2B,go,0,0,True,False
GUCA2A,go,0,0,True,False
ZMYND12,go,0,0,True,False
PPCS,go,2,2,False,False
CCDC30,go,0,0,True,False
YBX1,go,2,2,False,False
CLDN19,go,0,0,True,False
SLC2A1,go,10,5,False,False
SLC2A1-AS1,go,0,0,True,False
FAM183A,go,0,0,True,False
CFAP57,go,0,0,True,False
TMEM125,go,0,0,True,False
C1orf210,go,0,0,True,False
CDC20,go,6,1,False,False
RP11-184I16.4,go,0,0,True,False
ATP6V0B,go,10,4,False,False
SLC6A9,go,5,2,False,True
C1orf228,go,0,0,True,False
KIF2C,go,6,6,False,True
BTBD19,go,0,0,True,False
TESK2,go,0,0,True,False
PRDX1,go,8,5,False,False
RP4-533D7.4,go,0,0,True,False
FAAH,go,0,0,True,False
MKNK1-AS1,go,0,0,True,False
TEX38,go,0,0,True,False
PDZK1IP1,go,0,0,True,False
STIL,go,1,0,False,True
CDKN2C,go,6,10,False,False
LINC01562,go,0,0,True,False
TTC39A-AS1,go,0,0,True,False
RAB3B,go,0,0,True,False
RP11-91A18.4,go,0,0,True,False
TXNDC12-AS1,go,0,0,True,False
GPX7,go,0,0,True,False
FAM159A,go,0,0,True,False
RP5-1024G6.5,go,0,0,True,False
RP11-117D22.2,go,0,0,True,False
TMEM59,go,9,10,False,False
RP5-997D24.3,go,0,0,True,False
TMEM61,go,0,0,True,False
BSND,go,0,0,True,False
PLPP3,go,0,0,True,False
JUN,go,17,6,False,True
RP4-794H19.1,go,0,0,True,False
LINC01358,go,0,0,True,False
INADL,go,0,0,True,False
ANGPTL3,go,0,0,True,False
RP11-335E6.3,go,0,0,True,False
PGM1,go,0,0,True,False
SGIP1,go,0,0,True,False
C1orf141,go,0,0,True,False
GADD45A,go,4,0,False,False
RP11-181B18.1,go,0,0,True,False
RP5-952N6.1,go,0,0,True,False
RP3-333A15.1,go,0,0,True,False
FPGT-TNNI3K,go,0,0,True,False
SLC44A5,go,0,0,True,False
RP4-682C21.5,go,0,0,True,False
MSH4,go,0,0,True,False
RP11-375A5.1,go,0,0,True,False
NEXN-AS1,go,0,0,True,False
GIPC2,go,0,0,True,False
IFI44L,go,0,0,True,False
TTLL7,go,0,0,True,False
DNASE2B,go,0,0,True,False
COL24A1,go,0,0,True,False
CLCA1,go,10,3,False,False
LINC01140,go,0,0,True,False
LMO4,go,0,0,True,False
GBP3,go,0,0,True,False
GBP1,go,0,0,True,False
GBP2,go,0,0,True,False
FLJ27354,go,0,0,True,False
BTBD8,go,0,0,True,False
KIAA1107,go,0,0,True,False
ABCA4,go,0,0,True,False
F3,go,0,0,True,False
RP4-639F20.1,go,0,0,True,False
FRRS1,go,2,2,False,False
LRRC39,go,0,0,True,False
GPR88,go,0,0,True,False
S1PR1,go,0,0,True,False
RP11-483I13.5,go,0,0,True,False
RP11-483I13.2,go,0,0,True,False
FNDC7,go,0,0,True,False
SPATA42,go,0,0,True,False
RP5-1065J22.8,go,0,0,True,False
SCARNA2,go,0,0,True,False
C1orf194,go,0,0,True,False
MYBPHL,go,0,0,True,False
GPR61,go,8,9,False,False
GSTM2,go,0,0,True,False
GSTM3,go,7,6,False,False
EPS8L3,go,0,0,True,False
RP11-195M16.3,go,0,0,True,False
PROK1,go,0,0,True,False
CD53,go,14,28,False,False
RP11-96K19.2,go,0,0,True,False
CHI3L2,go,9,5,False,False
C1orf162,go,0,0,True,False
TMIGD3,go,0,0,True,False
ADORA3,go,0,0,True,False
FAM212B,go,0,0,True,False
CAPZA1,go,11,24,False,False
RHOC,go,10,6,False,False
LINC01356,go,0,0,True,False
PTPN22,go,0,0,True,False
HIPK1-AS1,go,0,0,True,False
OLFML3,go,9,9,False,False
RP4-655J12.4,go,0,0,True,False
RP5-1086K13.1,go,0,0,True,False
CD2,go,0,0,True,False
CD101,go,0,0,True,False
AL157902.3,go,0,0,True,False
FAM46C,go,0,0,True,False
SPAG17,go,0,0,True,False
PHGDH,go,1,1,False,False
FCGR1B,go,0,0,True,False
RP11-439A17.9,go,0,0,True,False
SRGAP2-AS1,go,0,0,True,False
RP11-403I13.7,go,0,0,True,False
RP5-998N21.4,go,0,0,True,False
CH17-125A10.2,go,0,0,True,False
RP11-89F3.2,go,0,0,True,False
PDZK1,go,0,0,True,False
CD160,go,0,0,True,False
ANKRD35,go,0,0,True,False
POLR3GL,go,3,16,False,False
TXNIP,go,4,0,False,False
HFE2,go,0,0,True,False
CH17-353B19.1,go,0,0,True,False
FMO5,go,0,0,True,False
RP4-565E6.1,go,0,0,True,False
RP11-495P10.6,go,0,0,True,False
RP11-495P10.1,go,0,0,True,False
AC245100.1,go,0,0,True,False
PPIAL4G,go,0,0,True,False
PDE4DIP,go,2,0,False,False
CH17-189H20.1,go,0,0,True,False
FCGR1A,go,0,0,True,False
RP11-196G18.3,go,0,0,True,False
HIST2H2AC,go,8,9,False,False
MTMR11,go,0,0,True,False
PLEKHO1,go,5,0,False,False
ANP32E,go,4,0,False,False
RP4-790G17.7,go,0,0,True,False
ECM1,go,20,9,False,False
ADAMTSL4,go,12,10,False,False
CTSS,go,8,5,False,False
CTSK,go,0,0,True,False
FAM63A,go,0,0,True,False
BNIPL,go,0,0,True,False
C1orf56,go,1,13,False,False
CDC42SE1,go,9,5,False,False
MLLT11,go,5,2,False,False
GABPB2,go,0,0,True,False
LYSMD1,go,0,0,True,False
RP11-126K1.8,go,0,0,True,False
RP11-404E16.1,go,0,0,True,False
CELF3,go,0,0,True,False
RIIAD1,go,0,0,True,False
C2CD4D,go,0,0,True,False
S100A10,go,20,8,False,False
S100A11,go,20,23,False,False
SPRR2D,go,0,0,True,False
SPRR2F,go,0,0,True,False
PRR9,go,0,0,True,False
LOR,go,0,0,True,False
PGLYRP4,go,0,0,True,False
S100A9,go,0,0,True,False
S100A8,go,0,0,True,False
S100A7A,go,0,0,True,False
S100A7,go,0,0,True,False
S100A6,go,15,26,False,False
S100A5,go,0,0,True,False
S100A4,go,17,31,False,False
S100A3,go,0,0,True,False
S100A13,go,10,15,False,False
S100A1,go,8,12,False,False
AL513523.2,go,0,0,True,False
RP11-422P24.12,go,0,0,True,False
IL6R,go,0,0,True,False
SHE,go,0,0,True,False
KCNN3,go,0,0,True,False
PBXIP1,go,6,0,False,False
CKS1B,go,4,4,False,True
DCST1,go,0,0,True,False
THBS3,go,0,0,True,False
RP11-263K19.6,go,0,0,True,False
SYT11,go,0,0,True,False
RIT1,go,5,1,False,False
ARHGEF2,go,7,1,False,False
RAB25,go,0,0,True,False
LMNA,go,1,0,False,False
IQGAP3,go,8,1,False,False
CRABP2,go,0,0,True,False
SH2D2A,go,4,13,False,False
NTRK1,go,8,6,False,False
INSRR,go,0,0,True,False
LRRC71,go,0,0,True,False
RP11-71G12.1,go,0,0,True,False
FCRL2,go,0,0,True,False
RP11-404O13.5,go,0,0,True,False
MNDA,go,0,0,True,False
IFI16,go,0,0,True,False
ACKR1,go,0,0,True,False
C1orf204,go,0,0,True,False
VSIG8,go,0,0,True,False
ATP1A4,go,0,0,True,False
CASQ1,go,0,0,True,False
RP11-574F21.3,go,0,0,True,False
SLAMF6,go,0,0,True,False
CD84,go,0,0,True,False
SLAMF1,go,0,0,True,False
RP11-404F10.2,go,0,0,True,False
CD48,go,0,0,True,False
LY9,go,0,0,True,False
CD244,go,0,0,True,False
ITLN1,go,0,0,True,False
RP11-312J18.6,go,0,0,True,False
ITLN2,go,0,0,True,False
ARHGAP30,go,0,0,True,False
PVRL4,go,0,0,True,False
RP11-544M22.8,go,0,0,True,False
KLHDC9,go,0,0,True,False
NIT1,go,4,5,False,True
ADAMTS4,go,0,0,True,False
FCER1G,go,14,3,False,False
CFAP126,go,0,0,True,False
FCGR2A,go,17,15,False,False
HSPA6,go,0,0,True,False
FCGR3A,go,0,0,True,False
FCGR2B,go,0,0,True,False
FCRLA,go,0,0,True,False
NOS1AP,go,5,0,False,False
RP11-565P22.2,go,0,0,True,False
CCDC190,go,0,0,True,False
PBX1,go,9,4,False,False
RP11-506O24.1,go,0,0,True,False
RP11-276E17.2,go,0,0,True,False
MAEL,go,0,0,True,False
CREG1,go,14,15,False,False
RCSD1,go,1,0,False,False
MPZL1,go,17,24,False,False
MPC2,go,0,0,True,False
XCL1,go,0,0,True,False
RP1-10C16.1,go,0,0,True,False
LINC00626,go,0,0,True,False
ATP1B1,go,0,0,True,False
FMO1,go,0,0,True,False
TNFSF4,go,0,0,True,False
RP11-160H22.3,go,0,0,True,False
RABGAP1L,go,1,1,False,False
GPR52,go,0,0,True,False
CACYBP,go,5,6,False,False
RP11-195C7.1,go,0,0,True,False
ANGPTL1,go,0,0,True,False
TOR3A,go,3,0,False,False
ABL2,go,3,2,False,False
RP11-12M5.3,go,0,0,True,False
TOR1AIP2,go,3,7,False,False
QSOX1,go,15,15,False,False
MR1,go,5,1,False,False
IER5,go,2,10,False,False
CACNA1E,go,0,0,True,False
RGSL1,go,0,0,True,False
RNASEL,go,0,0,True,False
RGS16,go,4,4,False,False
RGS8,go,0,0,True,False
NCF2,go,0,0,True,False
ARPC5,go,10,13,False,False
RGL1,go,3,6,False,False
COLGALT2,go,1,3,False,False
FAM129A,go,0,0,True,False
GS1-279B7.1,go,0,0,True,False
PDC,go,0,0,True,False
GS1-304P7.3,go,0,0,True,False
RGS18,go,0,0,True,False
RP5-1011O1.2,go,0,0,True,False
RGS1,go,0,0,True,False
RGS2,go,5,1,False,False
LINC01032,go,0,0,True,False
RP11-563D10.1,go,0,0,True,False
RP11-476B1.1,go,0,0,True,False
KCNT2,go,0,0,True,False
CFH,go,17,17,False,False
CFHR3,go,0,0,True,False
CFHR5,go,0,0,True,False
F13B,go,0,0,True,False
ASPM,go,1,0,False,False
CRB1,go,0,0,True,False
PTPRC,go,0,0,True,False
LINC00862,go,0,0,True,False
KIF14,go,6,3,False,False
CACNA1S,go,0,0,True,False
ASCL5,go,5,2,False,False
TNNT2,go,4,3,False,False
TNNI1,go,0,0,True,False
PHLDA3,go,0,0,True,False
LMOD1,go,0,0,True,False
RP11-465N4.4,go,0,0,True,False
ELF3,go,8,30,False,False
PTPN7,go,10,13,False,False
KDM5B,go,5,0,False,False
RP11-480I12.10,go,0,0,True,False
PPFIA4,go,0,0,True,False
MYOG,go,5,0,False,False
CHIT1,go,0,0,True,False
LINC01353,go,0,0,True,False
BTG2,go,11,1,False,False
FMOD,go,0,0,True,False
ATP2B4,go,0,0,True,False
LAX1,go,0,0,True,False
ZBED6,go,3,0,False,False
RP11-74C13.4,go,0,0,True,False
REN,go,0,0,True,False
KISS1,go,0,0,True,False
GOLT1A,go,0,0,True,False
RP11-739N20.2,go,0,0,True,False
MDM4,go,4,0,False,False
RP11-430C7.4,go,0,0,True,False
RP11-430C7.5,go,0,0,True,False
NFASC,go,0,0,True,False
CNTN2,go,0,0,True,False
LEMD1,go,0,0,True,False
CDK18,go,0,0,True,False
SLC45A3,go,0,0,True,False
NUCKS1,go,8,1,False,False
RAB7B,go,0,0,True,False
CTSE,go,0,0,True,False
C1orf186,go,0,0,True,False
RP11-38J22.3,go,0,0,True,False
RP11-534L20.5,go,0,0,True,False
MAPKAPK2,go,5,8,False,False
IL19,go,0,0,True,False
IL20,go,0,0,True,False
IL24,go,0,0,True,False
FCMR,go,0,0,True,False
CD55,go,20,8,False,False
CR1,go,0,0,True,False
RP11-78B10.2,go,0,0,True,False
CD46,go,17,9,False,False
C1orf132,go,0,0,True,False
PLXNA2,go,0,0,True,False
TRAF3IP3,go,0,0,True,False
KCNH1,go,0,0,True,False
LINC00467,go,0,0,True,False
RP11-552D8.1,go,0,0,True,False
RP11-15I11.3,go,0,0,True,False
NENF,go,6,9,False,False
ATF3,go,11,26,False,False
RP11-338C15.3,go,0,0,True,False
BATF3,go,8,26,False,False
VASH2,go,0,0,True,False
PROX1,go,19,1,False,False
PTPN14,go,0,0,True,False
CENPF,go,9,4,False,False
LYPLAL1-AS1,go,0,0,True,False
MARC2,go,0,0,True,False
MARC1,go,0,0,True,False
RP11-295M18.6,go,0,0,True,False
LINC01352,go,0,0,True,False
HLX,go,6,0,False,False
C1orf140,go,0,0,True,False
TAF1A,go,7,2,False,False
FAM177B,go,0,0,True,False
RP11-285F7.2,go,0,0,True,False
LEFTY1,go,0,0,True,False
LEFTY2,go,0,0,True,False
MIXL1,go,7,0,False,False
ITPKB,go,0,0,True,False
ITPKB-AS1,go,0,0,True,False
PRSS38,go,0,0,True,False
WNT9A,go,0,0,True,False
RP11-245P10.6,go,0,0,True,False
RP4-803J11.2,go,0,0,True,False
PGBD5,go,0,0,True,False
CAPN9,go,0,0,True,False
FAM89A,go,0,0,True,False
TRIM67,go,0,0,True,False
KIAA1804,go,0,0,True,False
SLC35F3,go,0,0,True,False
IRF2BP2,go,7,6,False,False
RP4-781K5.4,go,0,0,True,False
RP4-781K5.6,go,0,0,True,False
RP11-443B7.2,go,0,0,True,False
LINC01348,go,0,0,True,False
ARID4B,go,3,0,False,False
ERO1B,go,0,0,True,False
LINC01139,go,0,0,True,False
RP11-544D21.2,go,0,0,True,False
KMO,go,0,0,True,False
SDCCAG8,go,0,0,True,False
AKT3,go,0,0,True,False
ZBTB18,go,2,28,False,False
SMYD3,go,1,0,False,False
RP11-83A16.1,go,0,0,True,False
RP11-634B7.4,go,0,0,True,False
OR2L13,go,0,0,True,False
OR2L2,go,0,0,True,False
OR2T4,go,0,0,True,False
AC092159.2,go,0,0,True,False
RP13-539J13.1,go,0,0,True,False
AC142528.1,go,0,0,True,False
ALLC,go,0,0,True,False
LINC01249,go,0,0,True,False
LINC00487,go,0,0,True,False
RSAD2,go,0,0,True,False
AC011747.6,go,0,0,True,False
ID2-AS1,go,0,0,True,False
ID2,go,9,3,False,False
MBOAT2,go,3,2,False,False
ASAP2,go,0,0,True,False
IAH1,go,7,1,False,False
ADAM17,go,1,0,False,False
RP11-521D12.1,go,0,0,True,False
GRHL1,go,4,18,False,False
RRM2,go,1,0,False,False
ODC1,go,3,0,False,False
RN7SL832P,go,0,0,True,False
MIR3681HG,go,0,0,True,False
MYCNUT,go,0,0,True,False
FAM49A,go,0,0,True,False
LINC01376,go,0,0,True,False
FAM228B,go,0,0,True,False
DRC1,go,0,0,True,False
OTOF,go,0,0,True,False
KCNK3,go,0,0,True,False
CENPA,go,8,5,False,False
MAPRE3,go,5,0,False,False
AGBL5-AS1,go,0,0,True,False
ABHD1,go,0,0,True,False
TCF23,go,5,4,False,False
DNAJC5G,go,0,0,True,False
KRTCAP3,go,0,0,True,False
FOSL2,go,4,38,False,False
RP11-373D23.3,go,0,0,True,False
PLB1,go,0,0,True,False
PPP1CB,go,7,7,False,False
WDR43,go,1,0,False,False
AC016907.3,go,0,0,True,False
YPEL5,go,2,5,False,False
LBH,go,4,0,False,False
XDH,go,0,0,True,False
NLRC4,go,0,0,True,False
RASGRP3,go,0,0,True,False
AC020594.5,go,0,0,True,False
LINC01320,go,0,0,True,False
CRIM1,go,10,3,False,False
QPCT,go,0,0,True,False
CDC42EP3,go,8,17,False,False
RMDN2-AS1,go,0,0,True,False
CYP1B1,go,0,0,True,False
CYP1B1-AS1,go,0,0,True,False
ARHGEF33,go,0,0,True,False
MAP4K3,go,3,8,False,True
AC007246.3,go,0,0,True,False
TMEM178A,go,0,0,True,False
SLC8A1,go,0,0,True,False
AC104654.2,go,0,0,True,False
C2orf91,go,0,0,True,False
PKDCC,go,0,0,True,False
OXER1,go,0,0,True,False
HAAO,go,0,0,True,False
AC016735.2,go,0,0,True,False
AC093609.1,go,0,0,True,False
ZFP36L2,go,2,1,False,False
PLEKHH2,go,0,0,True,False
SLC3A1,go,0,0,True,False
SIX3-AS1,go,0,0,True,False
AC012354.6,go,0,0,True,False
EPAS1,go,9,1,False,False
TMEM247,go,0,0,True,False
RP11-333I13.1,go,0,0,True,False
LINC01118,go,0,0,True,False
RP11-761B3.1,go,0,0,True,False
CALM2,go,2,0,False,False
BCYRN1,go,0,0,True,False
AC079807.4,go,0,0,True,False
RP11-443F4.1,go,0,0,True,False
RP11-477N3.1,go,0,0,True,False
AC092839.4,go,0,0,True,False
EML6,go,0,0,True,False
RTN4,go,1,0,False,False
RP11-481J13.1,go,0,0,True,False
AC007131.1,go,0,0,True,False
RP11-355B11.2,go,0,0,True,False
AC092155.4,go,0,0,True,False
AC009501.4,go,0,0,True,False
UGP2,go,4,7,False,False
AC074289.1,go,0,0,True,False
LGALSL,go,0,4,False,False
RP11-568N6.1,go,0,0,True,False
AC007880.1,go,0,0,True,False
MEIS1,go,9,4,False,True
MEIS1-AS2,go,0,0,True,False
AC007392.3,go,0,0,True,False
AC078941.1,go,0,0,True,False
PLEK,go,0,0,True,False
ARHGAP25,go,3,1,False,False
BMP10,go,0,0,True,False
GKN2,go,0,0,True,False
AAK1,go,5,4,False,False
AC092431.3,go,0,0,True,False
MXD1,go,6,9,False,False
ATP6V1B1,go,0,0,True,False
NAGK,go,5,2,False,False
RP11-467P9.1,go,0,0,True,False
C2orf78,go,0,0,True,False
AC073046.25,go,0,0,True,False
DQX1,go,0,0,True,False
M1AP,go,0,0,True,False
HK2,go,2,0,False,True
RP11-355F16.1,go,0,0,True,False
EVA1A,go,0,0,True,False
LRRTM4,go,0,0,True,False
CTNNA2,go,0,0,True,False
TMSB10,go,5,6,False,False
CAPG,go,8,4,False,False
VAMP8,go,9,9,False,False
VAMP5,go,0,0,True,False
ST3GAL5,go,0,0,True,False
ST3GAL5-AS1,go,0,0,True,False
RP11-548P2.2,go,0,0,True,False
REEP1,go,0,0,True,False
RP11-1399P15.1,go,0,0,True,False
KRCC1,go,0,0,True,False
IGKC,go,0,0,True,False
AC092835.2,go,0,0,True,False
ADRA2B,go,0,0,True,False
CNNM4,go,7,2,False,True
RP11-353K11.1,go,0,0,True,False
FAM178B,go,0,0,True,False
VWA3B,go,0,0,True,False
KIAA1211L,go,0,0,True,False
LYG2,go,0,0,True,False
AC092667.2,go,0,0,True,False
RFX8,go,6,18,False,False
LINC01127,go,0,0,True,False
IL1R2,go,0,0,True,False
AC108051.3,go,0,0,True,False
AC010884.1,go,0,0,True,False
AC018878.3,go,0,0,True,False
AC108868.6,go,0,0,True,False
ST6GAL2,go,0,0,True,False
SULT1C2,go,0,0,True,False
SULT1C4,go,0,0,True,False
LIMS1,go,7,5,False,False
RP11-506F3.1,go,0,0,True,False
RGPD5,go,0,0,True,False
LIMS3,go,0,0,True,False
NPHP1,go,0,0,True,False
RP11-1223D19.1,go,0,0,True,False
BCL2L11,go,2,2,False,True
AC017002.4,go,0,0,True,False
ZC3H6,go,0,0,True,False
RGPD8,go,0,0,True,False
AC012442.6,go,0,0,True,False
SLC20A1,go,12,3,False,False
IL1B,go,0,0,True,False
IL1RN,go,0,0,True,False
AC016745.3,go,0,0,True,False
RP11-480C16.1,go,0,0,True,False
AC017074.2,go,0,0,True,False
AC024704.2,go,0,0,True,False
AC104653.1,go,0,0,True,False
RP11-77A13.1,go,0,0,True,False
STEAP3-AS1,go,0,0,True,False
DBI,go,1,0,False,False
SCTR,go,0,0,True,False
GLI2,go,13,0,False,False
RP11-204L24.2,go,0,0,True,False
AC018737.3,go,0,0,True,False
GYPC,go,11,40,False,False
CYP27C1,go,0,0,True,False
PROC,go,0,0,True,False
RP11-286H15.1,go,0,0,True,False
CCDC74B,go,0,0,True,False
AMER3,go,0,0,True,False
GPR39,go,0,0,True,False
AC011893.3,go,0,0,True,False
CXCR4,go,0,0,True,False
THSD7B,go,0,0,True,False
HNMT,go,0,0,True,False
KYNU,go,0,0,True,False
ZEB2,go,7,3,False,False
TEX41,go,0,0,True,False
KIF5C,go,0,0,True,False
AC144449.1,go,0,0,True,False
TNFAIP6,go,0,0,True,False
NEB,go,0,0,True,False
KCNJ3,go,0,0,True,False
AC093375.1,go,0,0,True,False
NR4A2,go,9,3,False,False
ERMN,go,0,0,True,False
CYTIP,go,0,0,True,False
RP11-1152H14.1,go,0,0,True,False
CCDC148,go,0,0,True,False
BAZ2B,go,3,14,False,False
AC009506.1,go,0,0,True,False
GCA,go,0,0,True,False
KCNH7,go,0,0,True,False
GALNT3,go,0,0,True,False
SCN9A,go,0,0,True,False
AC016723.4,go,0,0,True,False
SPC25,go,2,3,False,False
ABCB11,go,0,0,True,False
DHRS9,go,0,0,True,False
AC007556.3,go,0,0,True,False
CCDC173,go,0,0,True,False
AC012594.1,go,0,0,True,False
AC007277.3,go,0,0,True,False
LINC01124,go,0,0,True,False
GAD1,go,9,1,False,False
CYBRD1,go,15,9,False,False
DLX2,go,8,0,False,True
AC078883.3,go,0,0,True,False
AC106900.6,go,0,0,True,False
RP11-394I13.2,go,0,0,True,False
LINC01305,go,0,0,True,False
WIPF1,go,8,4,False,False
HOXD1,go,6,3,False,False
NFE2L2,go,18,3,False,False
AC073834.3,go,0,0,True,False
PDE11A,go,0,0,True,False
AC012499.1,go,0,0,True,False
RP11-171I2.5,go,0,0,True,False
CCDC141,go,0,0,True,False
ITGA4,go,0,0,True,False
NEUROD1,go,9,6,False,False
FRZB,go,0,0,True,False
FSIP2,go,0,0,True,False
FSIP2-AS1,go,0,0,True,False
LINC01473,go,0,0,True,False
FAM171B,go,0,0,True,False
TFPI,go,12,10,False,False
SLC40A1,go,10,3,False,False
AC005540.3,go,0,0,True,False
STAT4,go,11,5,False,False
MYO1B,go,0,0,True,False
NABP1,go,1,1,False,False
AC010983.1,go,0,0,True,False
AC064834.2,go,0,0,True,False
RP11-347P5.1,go,0,0,True,False
HECW2,go,0,0,True,False
AC020571.3,go,0,0,True,False
C2orf66,go,0,0,True,False
ANKRD44,go,0,0,True,False
AC010746.3,go,0,0,True,False
HSPD1,go,13,8,False,False
HSPE1-MOB4,go,0,0,True,False
PLCL1,go,0,0,True,False
SGOL2,go,0,0,True,False
RP11-13J8.1,go,0,0,True,False
CFLAR,go,0,0,True,False
CFLAR-AS1,go,0,0,True,False
ALS2CR12,go,0,0,True,False
ALS2CR11,go,0,0,True,False
CDK15,go,0,0,True,False
RP11-107N15.1,go,0,0,True,False
FZD7,go,0,0,True,False
KIAA2012,go,0,0,True,False
AC079354.3,go,0,0,True,False
RP11-686O6.1,go,0,0,True,False
CARF,go,7,0,False,False
CD28,go,0,0,True,False
ZDBF2,go,0,0,True,False
RP11-95H11.1,go,0,0,True,False
CPO,go,0,0,True,False
KLF7,go,7,4,False,False
AC007879.2,go,0,0,True,False
AC079767.4,go,0,0,True,False
PTH2R,go,0,0,True,False
UNC80,go,0,0,True,False
AC007038.7,go,0,0,True,False
IKZF2,go,1,10,False,False
SPAG16,go,0,0,True,False
FN1,go,14,6,False,False
TMEM169,go,0,0,True,False
AC098820.4,go,0,0,True,False
IGFBP2,go,20,4,False,False
IGFBP5,go,0,0,True,False
TNP1,go,0,0,True,False
RP11-574O16.1,go,0,0,True,False
TNS1,go,0,0,True,False
CXCR2,go,0,0,True,False
GPBAR1,go,0,0,True,False
VIL1,go,0,0,True,False
RQCD1,go,0,0,True,False
WNT6,go,0,0,True,False
WNT10A,go,0,0,True,False
CDK5R2,go,0,0,True,False
FEV,go,7,10,False,True
CRYBA2,go,0,0,True,False
DNAJB2,go,0,0,True,False
AC114803.3,go,0,0,True,False
GMPPA,go,5,10,False,False
ASIC4,go,8,3,False,False
SLC4A3,go,0,0,True,False
SGPP2,go,0,0,True,False
KCNE4,go,0,0,True,False
NYAP2,go,0,0,True,False
AC009410.1,go,0,0,True,False
AC098823.3,go,0,0,True,False
AC012507.3,go,0,0,True,False
NCL,go,4,1,False,True
PTMA,go,6,11,False,False
CHRNG,go,0,0,True,False
KCNJ13,go,0,0,True,False
SPP2,go,0,0,True,False
IQCA1-AS1,go,0,0,True,False
AC105760.3,go,0,0,True,False
COL6A3,go,0,0,True,False
AC104667.3,go,0,0,True,False
RAMP1,go,0,0,True,False
KLHL30,go,0,0,True,False
AC017028.10,go,0,0,True,False
GPC1,go,0,0,True,False
GPR35,go,0,0,True,False
AQP12B,go,0,0,True,False
AC011298.2,go,0,0,True,False
AGXT,go,0,0,True,False
IL5RA,go,0,0,True,False
AC026188.1,go,0,0,True,False
ITPR1-AS1,go,0,0,True,False
ITPR1,go,6,1,False,False
EGOT,go,0,0,True,False
AC018816.3,go,0,0,True,False
BHLHE40,go,8,14,False,False
AC026202.3,go,0,0,True,False
RP11-572B2.1,go,0,0,True,False
GRM7,go,0,0,True,False
LMCD1,go,0,0,True,False
SRGAP3,go,0,0,True,False
THUMPD3-AS1,go,0,0,True,False
RP11-266J6.2,go,0,0,True,False
CRELD1,go,4,3,False,False
AC022007.5,go,0,0,True,False
FANCD2OS,go,0,0,True,False
GHRL,go,0,0,True,False
SLC6A11,go,0,0,True,False
TIMP4,go,0,0,True,False
PPARG,go,10,2,False,False
FBLN2,go,0,0,True,False
LINC00620,go,0,0,True,False
LINC01267,go,0,0,True,False
GRIP2,go,0,0,True,False
FGD5,go,0,0,True,False
EAF1-AS1,go,0,0,True,False
COLQ,go,0,0,True,False
ANKRD28,go,5,37,False,False
UBE2E2-AS1,go,0,0,True,False
LINC00691,go,0,0,True,False
RARB,go,9,1,False,False
NEK10,go,0,0,True,False
AC098973.2,go,0,0,True,False
RBMS3,go,0,0,True,False
TGFBR2,go,1,1,False,True
OSBPL10,go,0,0,True,False
CMTM6,go,9,15,False,False
CCR4,go,0,0,True,False
AC123023.1,go,0,0,True,False
ARPP21,go,0,0,True,False
DCLK3,go,0,0,True,False
RP11-640L9.1,go,0,0,True,False
TRANK1,go,0,0,True,False
RP11-285J16.1,go,0,0,True,False
RP11-259K5.1,go,0,0,True,False
ACAA1,go,6,3,False,False
SLC22A13,go,0,0,True,False
SCN11A,go,0,0,True,False
CSRNP1,go,4,3,False,True
XIRP1,go,0,0,True,False
MOBP,go,0,0,True,False
EIF1B,go,3,3,False,False
ZNF620,go,1,7,False,False
CTNNB1,go,0,0,True,False
LYZL4,go,0,0,True,False
RP4-613B23.5,go,0,0,True,False
RP11-70C1.1,go,0,0,True,False
SNRK-AS1,go,0,0,True,False
LINC00694,go,0,0,True,False
CLEC3B,go,0,0,True,False
CDCP1,go,0,0,True,False
TMEM158,go,1,0,False,False
SLC6A20,go,0,0,True,False
CCR9,go,0,0,True,False
CCR1,go,0,0,True,False
RP11-24F11.2,go,0,0,True,False
CCRL2,go,0,0,True,False
ALS2CL,go,0,0,True,False
PTH1R,go,0,0,True,False
RP11-708J19.1,go,0,0,True,False
CAMP,go,0,0,True,False
UCN2,go,0,0,True,False
ARIH2OS,go,0,0,True,False
RP13-131K19.1,go,0,0,True,False
RP13-131K19.6,go,0,0,True,False
BSN-AS2,go,0,0,True,False
CDHR4,go,0,0,True,False
UBA7,go,0,0,True,False
CTD-2330K9.3,go,0,0,True,False
RBM5-AS1,go,0,0,True,False
SEMA3F-AS1,go,0,0,True,False
SEMA3F,go,0,0,True,False
GNAI2,go,3,1,False,False
U73166.2,go,0,0,True,False
SEMA3B,go,0,0,True,False
HYAL3,go,6,2,False,False
HEMK1,go,4,1,False,False
CISH,go,5,4,False,False
MANF,go,5,16,False,False
IQCF2,go,0,0,True,False
ALAS1,go,6,5,False,False
ITIH4,go,0,0,True,False
RP11-894J14.5,go,0,0,True,False
TKT,go,2,2,False,False
CACNA1D,go,0,0,True,False
SPATA12,go,0,0,True,False
HESX1,go,9,0,False,False
DNASE1L3,go,0,0,True,False
RP11-80H18.4,go,0,0,True,False
PXK,go,2,0,False,False
RP11-802O23.3,go,0,0,True,False
FAM107A,go,0,0,True,False
C3orf49,go,0,0,True,False
RP11-245J9.4,go,0,0,True,False
ARL6IP5,go,6,1,False,False
LMOD3,go,0,0,True,False
FRMD4B,go,0,0,True,False
RP11-154H23.3,go,0,0,True,False
LINC00877,go,0,0,True,False
FRG2C,go,0,0,True,False
ROBO1,go,0,0,True,False
CADM2,go,0,0,True,False
PROS1,go,14,24,False,False
ST3GAL6,go,0,0,True,False
COL8A1,go,0,0,True,False
FILIP1L,go,0,0,True,False
ABI3BP,go,0,0,True,False
IMPG2,go,0,0,True,False
NXPE3,go,0,0,True,False
NFKBIZ,go,0,0,True,False
ALCAM,go,0,0,True,False
CBLB,go,0,0,True,False
RP11-446H18.5,go,0,0,True,False
RP11-115H18.1,go,0,0,True,False
LINC00635,go,0,0,True,False
CD47,go,11,3,False,False
MYH15,go,0,0,True,False
LINC01205,go,0,0,True,False
RP11-553A10.1,go,0,0,True,False
RP11-90K6.1,go,0,0,True,False
RP11-231E6.1,go,0,0,True,False
BTLA,go,0,0,True,False
CCDC80,go,0,0,True,False
CD200R1L,go,0,0,True,False
RP11-255E6.6,go,0,0,True,False
RP11-553L6.2,go,0,0,True,False
RP11-553L6.5,go,0,0,True,False
ZBTB20,go,6,1,False,False
ZBTB20-AS4,go,0,0,True,False
LSAMP,go,0,0,True,False
LSAMP-AS1,go,0,0,True,False
RP11-384F7.1,go,0,0,True,False
PLA1A,go,0,0,True,False
POPDC2,go,0,0,True,False
COX17,go,3,0,False,False
RP11-174O3.6,go,0,0,True,False
FSTL1,go,0,0,True,False
ARGFX,go,8,20,False,False
HCLS1,go,8,0,False,False
SLC15A2,go,0,0,True,False
CD86,go,0,0,True,False
CSTA,go,0,0,True,False
MYLK,go,0,0,True,False
SLC12A8,go,0,0,True,False
RP11-666A20.4,go,0,0,True,False
ALDH1L1,go,0,0,True,False
UROC1,go,0,0,True,False
TPRA1,go,9,5,False,False
ABTB1,go,0,0,True,False
MGLL,go,0,0,True,False
GATA2,go,9,0,False,False
H1FX,go,4,2,False,False
EFCAB12,go,0,0,True,False
MBD4,go,5,2,False,False
COL6A5,go,0,0,True,False
ACPP,go,0,0,True,False
BFSP2,go,0,0,True,False
BFSP2-AS1,go,0,0,True,False
RP11-91K8.5,go,0,0,True,False
TF,go,0,0,True,False
SLCO2A1,go,0,0,True,False
RP11-202A13.1,go,0,0,True,False
EPHB1,go,0,0,True,False
RP11-102M11.2,go,0,0,True,False
RP11-731C17.2,go,0,0,True,False
CLDN18,go,0,0,True,False
RP11-461M2.2,go,0,0,True,False
FOXL2,go,14,9,False,True
C3orf72,go,1,0,False,True
RBP2,go,0,0,True,False
CLSTN2,go,0,0,True,False
ZBTB38,go,2,2,False,False
GRK7,go,0,0,True,False
RP11-80H8.3,go,0,0,True,False
ZIC4,go,4,1,False,False
RP11-501O2.5,go,0,0,True,False
CP,go,0,0,True,False
TM4SF1,go,0,0,True,False
TM4SF1-AS1,go,0,0,True,False
ANKUB1,go,0,0,True,False
PFN2,go,0,0,True,False
RP11-167H9.4,go,0,0,True,False
LINC01213,go,0,0,True,False
P2RY14,go,0,0,True,False
SUCNR1,go,0,0,True,False
RP11-246A10.1,go,0,0,True,False
TMEM14EP,go,0,0,True,False
RP11-292E2.1,go,0,0,True,False
ARHGEF26,go,0,0,True,False
MME,go,0,0,True,False
KCNAB1,go,0,0,True,False
LINC00886,go,0,0,True,False
RP11-6F2.5,go,0,0,True,False
CCNL1,go,3,0,False,False
PTX3,go,0,0,True,False
RP11-290K4.2,go,0,0,True,False
RP11-538P18.2,go,0,0,True,False
RP11-379F4.9,go,0,0,True,False
SMC4,go,3,3,False,False
LINC01322,go,0,0,True,False
WDR49,go,0,0,True,False
GOLIM4,go,1,3,False,False
RP11-816J6.3,go,0,0,True,False
RP11-362K14.5,go,0,0,True,False
RP11-362K14.7,go,0,0,True,False
SAMD7,go,0,0,True,False
SEC62-AS1,go,0,0,True,False
SKIL,go,7,0,False,False
RPL22L1,go,0,0,True,False
PLD1,go,2,0,False,False
FNDC3B,go,0,2,False,False
TNFSF10,go,17,14,False,False
LINC00578,go,0,0,True,False
ZMAT3,go,1,2,False,False
KLHL6-AS1,go,0,0,True,False
KLHL24,go,3,2,False,False
HTR3E-AS1,go,0,0,True,False
FAM131A,go,0,0,True,False
RP11-329B9.4,go,0,0,True,False
MAP3K13,go,0,0,True,False
LIPH,go,2,2,False,False
DGKG,go,0,0,True,False
RP11-573D15.9,go,0,0,True,False
EIF4A2,go,2,2,False,False
MASP1,go,0,0,True,False
RTP4,go,0,0,True,False
BCL6,go,7,0,False,False
OPA1-AS1,go,0,0,True,False
HES1,go,7,1,False,False
RP11-513G11.3,go,0,0,True,False
CPN2,go,0,0,True,False
LRRC15,go,0,0,True,False
FAM43A,go,0,0,True,False
AC090505.4,go,0,0,True,False
ACAP2,go,3,0,False,False
AC091633.3,go,0,0,True,False
APOD,go,0,0,True,False
MUC20,go,0,0,True,False
MUC4,go,0,0,True,False
AC124944.5,go,0,0,True,False
AC124944.3,go,0,0,True,False
TFRC,go,20,10,False,False
RNF168,go,2,0,False,False
LINC01063,go,0,0,True,False
NCBP2-AS1,go,0,0,True,False
BDH1,go,1,2,False,False
AC024560.2,go,0,0,True,False
PDE6B,go,0,0,True,False
RP11-1191J2.5,go,0,0,True,False
RP11-440L14.4,go,0,0,True,False
IDUA,go,3,0,False,False
CTBP1-AS,go,0,0,True,False
RP13-1016M1.2,go,0,0,True,False
RP11-1398P2.1,go,0,0,True,False
FGFR3,go,12,9,False,False
C4orf48,go,9,5,False,False
POLN,go,0,0,True,False
DOK7,go,0,0,True,False
LRPAP1,go,9,0,False,False
RP11-529E10.7,go,0,0,True,False
RP11-265O12.1,go,0,0,True,False
MSX1,go,9,1,False,False
CYTL1,go,0,0,True,False
EVC,go,0,0,True,False
PPP2R2C,go,0,0,True,False
RP11-539L10.2,go,0,0,True,False
S100P,go,8,14,False,False
RP11-367J11.3,go,0,0,True,False
PSAPL1,go,0,0,True,False
ABLIM2,go,0,0,True,False
SH3TC1,go,0,0,True,False
RP11-774O3.1,go,0,0,True,False
RP11-774O3.3,go,0,0,True,False
RP11-689P11.2,go,0,0,True,False
CPZ,go,0,0,True,False
CLNK,go,0,0,True,False
RP11-168E17.1,go,0,0,True,False
LINC00504,go,0,0,True,False
CPEB2-AS1,go,0,0,True,False
RP11-665G4.1,go,0,0,True,False
RP11-799M12.2,go,0,0,True,False
FGFBP1,go,0,0,True,False
FGFBP2,go,0,0,True,False
TAPT1-AS1,go,0,0,True,False
RP11-446J8.1,go,0,0,True,False
FAM184B,go,0,0,True,False
SLIT2,go,0,0,True,False
KCNIP4,go,0,0,True,False
RP11-362J17.1,go,0,0,True,False
ERVH-1,go,0,0,True,False
SOD3,go,0,0,True,False
CCDC149,go,0,0,True,False
LGI2,go,0,0,True,False
RP11-660M5.1,go,0,0,True,False
STIM2,go,7,7,False,False
ARAP2,go,0,0,True,False
C4orf19,go,0,0,True,False
RP11-83C7.1,go,0,0,True,False
TLR1,go,0,0,True,False
TMEM156,go,0,0,True,False
KLB,go,0,0,True,False
SMIM14,go,0,24,False,False
RHOH,go,14,5,False,False
AC195454.1,go,0,0,True,False
CHRNA9,go,0,0,True,False
ATP8A1,go,0,0,True,False
RP11-109E24.2,go,0,0,True,False
LVCAT1,go,0,0,True,False
GABRA2,go,0,0,True,False
ATP10D,go,0,0,True,False
LINC01618,go,0,0,True,False
RP11-752D24.2,go,0,0,True,False
LNX1,go,0,0,True,False
PDGFRA,go,0,0,True,False
RP11-545H22.1,go,0,0,True,False
KIT,go,5,5,False,False
RP11-646I6.6,go,0,0,True,False
IGFBP7,go,0,0,True,False
RP11-525J21.1,go,0,0,True,False
RP11-798L4.1,go,0,0,True,False
RP11-707A18.1,go,0,0,True,False
RP11-25H12.1,go,0,0,True,False
STAP1,go,0,0,True,False
TMPRSS11A,go,0,0,True,False
TMPRSS11F,go,0,0,True,False
TMPRSS11B,go,0,0,True,False
UGT2B11,go,0,0,True,False
RP11-704M14.1,go,0,0,True,False
AMBN,go,0,0,True,False
ENAM,go,0,0,True,False
JCHAIN,go,0,0,True,False
SLC4A4,go,0,0,True,False
CXCL8,go,0,0,True,False
AREG,go,5,1,False,False
RP11-44F21.5,go,0,0,True,False
RP11-567N4.3,go,0,0,True,False
C4orf26,go,0,0,True,False
RP11-556N4.1,go,0,0,True,False
CXCL10,go,0,0,True,False
CCNG2,go,0,0,True,False
ANXA3,go,8,0,False,False
LINC01094,go,0,0,True,False
BMP2K,go,4,3,False,False
RP11-452C8.1,go,0,0,True,False
ANTXR2,go,6,29,False,False
C4orf22,go,0,0,True,False
TMEM150C,go,0,0,True,False
PLAC8,go,0,0,True,False
HPSE,go,0,0,True,False
GPAT3,go,0,0,True,False
NKX6-1,go,10,1,False,False
RP13-514E23.2,go,0,0,True,False
PTPN13,go,10,25,False,True
SLC10A6,go,0,0,True,False
HSD17B11,go,1,2,False,False
SPARCL1,go,0,0,True,False
DSPP,go,0,0,True,False
ABCG2,go,0,0,True,False
HERC6,go,0,0,True,False
HERC5,go,0,0,True,False
SNCA,go,0,0,True,False
HPGDS,go,0,0,True,False
RP11-1299A16.3,go,0,0,True,False
ADH6,go,0,0,True,False
ADH1B,go,0,0,True,False
DAPP1,go,0,0,True,False
PPP3CA,go,0,0,True,False
MANBA,go,2,0,False,False
CENPE,go,9,9,False,False
CXXC4,go,8,0,False,False
RP11-556I14.2,go,0,0,True,False
RP11-556I14.1,go,0,0,True,False
NPNT,go,0,0,True,False
AC004051.2,go,0,0,True,False
ENPEP,go,0,0,True,False
ALPK1,go,0,0,True,False
ANK2,go,0,0,True,False
CAMK2D,go,0,0,True,False
RP11-55L3.1,go,0,0,True,False
LINC01378,go,0,0,True,False
SEC24D,go,0,0,True,False
SYNPO2,go,0,0,True,False
MYOZ2,go,0,0,True,False
USP53,go,1,1,False,False
FABP2,go,0,0,True,False
RP11-679C8.2,go,0,0,True,False
TNIP3,go,0,0,True,False
ANXA5,go,8,25,False,False
CCNA2,go,8,4,False,False
KIAA1109,go,6,0,False,False
IL21-AS1,go,0,0,True,False
BBS12,go,0,0,True,False
RP11-381N20.1,go,0,0,True,False
LINC01091,go,0,0,True,False
FAT4,go,0,0,True,False
RP11-810P8.1,go,0,0,True,False
PLK4,go,2,3,False,True
RP11-130C6.1,go,0,0,True,False
RP11-184M15.1,go,0,0,True,False
JADE1,go,0,0,True,False
PCDH10,go,0,0,True,False
SLC7A11,go,1,0,False,False
LINC00500,go,0,0,True,False
RP11-173E2.2,go,0,0,True,False
RP11-98O2.1,go,0,0,True,False
MGARP,go,0,0,True,False
RP11-83A24.2,go,0,0,True,False
RP11-308D13.3,go,0,0,True,False
GYPE,go,10,16,False,False
GYPB,go,7,32,False,False
GYPA,go,14,36,False,False
RP11-425A23.1,go,0,0,True,False
RP11-342A1.1,go,0,0,True,False
RP11-1336O20.2,go,0,0,True,False
MAB21L2,go,0,0,True,False
RPS3A,go,3,18,False,False
RP11-610P16.1,go,0,0,True,False
RP11-18H21.1,go,0,0,True,False
RP11-461L13.5,go,0,0,True,False
TMEM154,go,0,0,True,False
TRIM2,go,0,0,True,False
RNF175,go,0,0,True,False
CTSO,go,0,0,True,False
GLRB,go,0,0,True,False
RP11-597D13.9,go,0,0,True,False
FNIP2,go,2,2,False,False
C4orf45,go,0,0,True,False
RP11-497K21.1,go,0,0,True,False
AC005150.1,go,0,0,True,False
NPY1R,go,0,0,True,False
CPE,go,0,0,True,False
RP11-310I9.1,go,0,0,True,False
DDX60L,go,0,0,True,False
PALLD,go,0,0,True,False
CLCN3,go,8,2,False,False
RP11-789C1.2,go,0,0,True,False
GALNTL6,go,0,0,True,False
HMGB2,go,11,2,False,False
SCRG1,go,0,0,True,False
HPGD,go,0,0,True,False
RP11-440I14.3,go,0,0,True,False
ADAM29,go,0,0,True,False
SPATA4,go,0,0,True,False
RP11-487E13.1,go,0,0,True,False
LINC00290,go,0,0,True,False
AC108142.1,go,0,0,True,False
RP11-18D7.2,go,0,0,True,False
WWC2-AS1,go,0,0,True,False
STOX2,go,0,0,True,False
ENPP6,go,0,0,True,False
RP11-290F5.2,go,0,0,True,False
IRF2,go,7,74,False,False
RP11-326I11.3,go,0,0,True,False
RP11-326I11.4,go,0,0,True,False
CENPU,go,0,0,True,False
ACSL1,go,4,2,False,False
RP11-701P16.2,go,0,0,True,False
MIR3945HG,go,0,0,True,False
RP11-714G18.1,go,0,0,True,False
RP11-279O9.4,go,0,0,True,False
PDLIM3,go,0,0,True,False
TLR3,go,0,0,True,False
TRIML2,go,0,0,True,False
TRIML1,go,0,0,True,False
RP11-366H4.3,go,0,0,True,False
RP11-366H4.1,go,0,0,True,False
AF146191.4,go,0,0,True,False
FRG1,go,0,1,False,False
FRG2,go,4,3,False,False
CTD-2231H16.1,go,0,0,True,False
CTD-2083E4.6,go,0,0,True,False
TPPP,go,0,0,True,False
CTD-3080P12.3,go,0,0,True,False
SLC6A19,go,14,11,False,False
LINC01511,go,0,0,True,False
SLC6A3,go,0,0,True,False
RP11-445O3.3,go,0,0,True,False
UBE2QL1,go,0,0,True,False
RP11-332J15.2,go,0,0,True,False
CTD-2296D1.5,go,0,0,True,False
ADCY2,go,0,0,True,False
RP11-480D4.6,go,0,0,True,False
MIR4458HG,go,0,0,True,False
CTD-2256P15.5,go,0,0,True,False
RP11-1C1.6,go,0,0,True,False
RP11-1C1.4,go,0,0,True,False
CTD-2154B17.1,go,0,0,True,False
FAM134B,go,0,0,True,False
CTD-2228A4.1,go,0,0,True,False
RP11-454P21.1,go,0,0,True,False
RP11-774D14.1,go,0,0,True,False
RP11-184E9.1,go,0,0,True,False
C1QTNF3-AMACR,go,0,0,True,False
NADK2-AS1,go,0,0,True,False
SLC1A3,go,0,0,True,False
CTD-2653M23.3,go,0,0,True,False
GDNF,go,0,0,True,False
LIFR,go,0,0,True,False
OSMR-AS1,go,0,0,True,False
OSMR,go,0,0,True,False
RICTOR,go,0,0,True,False
FYB,go,0,0,True,False
DAB2,go,4,0,False,False
CCDC152,go,0,0,True,False
SEPP1,go,0,0,True,False
CTD-2325A15.5,go,0,0,True,False
CTD-2035E11.3,go,0,0,True,False
ANXA2R,go,0,2,False,False
CTD-2035E11.5,go,0,0,True,False
HCN1,go,0,0,True,False
PARP8,go,0,0,True,False
CTD-2089N3.2,go,0,0,True,False
ISL1,go,9,0,False,False
CTD-2288O8.1,go,0,0,True,False
FST,go,0,0,True,False
CTD-2081C10.1,go,0,0,True,False
CDC20B,go,0,0,True,False
PLPP1,go,0,0,True,False
DDX4,go,0,0,True,False
IL6ST,go,0,0,True,False
CTD-2031P19.5,go,0,0,True,False
ANKRD55,go,0,0,True,False
ACTBL2,go,0,0,True,False
PLK2,go,0,0,True,False
GAPT,go,0,0,True,False
CTD-2176I21.2,go,0,0,True,False
PDE4D,go,0,0,True,False
PART1,go,0,0,True,False
CD180,go,0,0,True,False
PIK3R1,go,3,1,False,False
CCNB1,go,8,7,False,False
CARTPT,go,0,0,True,False
MAP1B,go,2,2,False,False
ZNF366,go,4,5,False,False
CTD-2631K10.1,go,0,0,True,False
TMEM171,go,0,0,True,False
ARHGEF28,go,0,0,True,False
HEXB,go,8,1,False,False
FAM169A,go,0,0,True,False
CTD-2503O16.4,go,0,0,True,False
SV2C,go,0,0,True,False
RP11-466P24.6,go,0,0,True,False
IQGAP2,go,18,8,False,False
F2RL2,go,0,0,True,False
S100Z,go,0,0,True,False
CRHBP,go,0,0,True,False
ARSB,go,0,0,True,False
CMYA5,go,0,0,True,False
CTC-325J23.2,go,0,0,True,False
RASGRF2,go,0,0,True,False
CKMT2,go,0,0,True,False
ACOT12,go,4,0,False,False
LINC01338,go,0,0,True,False
CTC-480C2.1,go,0,0,True,False
CTD-2036A18.2,go,0,0,True,False
CTC-493L21.1,go,0,0,True,False
LINC00461,go,0,0,True,False
MEF2C,go,15,0,False,False
ARRDC3,go,8,3,False,True
CTD-2091N23.1,go,0,0,True,False
NR2F1-AS1,go,0,0,True,False
RHOBTB3,go,8,7,False,False
GLRX,go,4,2,False,False
CTD-2337A12.1,go,0,0,True,False
AC008592.7,go,0,0,True,False
CTD-2260A17.1,go,0,0,True,False
CTD-2260A17.3,go,0,0,True,False
ERAP2,go,0,0,True,False
LIX1,go,0,0,True,False
RGMB,go,0,0,True,False
ST8SIA4,go,0,0,True,False
SLCO6A1,go,0,0,True,False
RP11-58B2.1,go,0,0,True,False
PJA2,go,6,0,False,False
CTC-459M5.1,go,0,0,True,False
MCC,go,0,0,True,False
KCNN2,go,0,0,True,False
TRIM36,go,0,0,True,False
AC010226.4,go,0,0,True,False
SEMA6A,go,0,0,True,False
CTB-118N6.2,go,0,0,True,False
TNFAIP8,go,3,10,False,False
HSD17B4,go,2,1,False,False
FAM170A,go,5,2,False,False
PRR16,go,0,0,True,False
PPIC,go,7,9,False,False
LINC01170,go,0,0,True,False
GRAMD3,go,0,0,True,False
RP11-517I3.1,go,0,0,True,False
ALDH7A1,go,0,0,True,False
RP11-434D11.4,go,0,0,True,False
FBN2,go,0,0,True,False
KIAA1024L,go,0,0,True,False
FNIP1,go,6,1,False,False
AC034228.4,go,0,0,True,False
AC034228.2,go,0,0,True,False
CSF2,go,0,0,True,False
PDLIM4,go,8,1,False,False
IRF1,go,12,11,False,True
TH2LCRR,go,0,0,True,False
AFF4,go,2,1,False,False
FSTL4,go,0,0,True,False
CTB-49A3.5,go,0,0,True,False
RP11-215P8.3,go,0,0,True,False
PITX1,go,6,19,False,False
CTC-203F4.2,go,0,0,True,False
CTB-138E5.1,go,0,0,True,False
SPOCK1,go,0,0,True,False
PKD2L2,go,0,0,True,False
WNT8A,go,0,0,True,False
EGR1,go,10,5,False,True
TMEM173,go,9,0,False,False
CTB-35F21.5,go,0,0,True,False
CD14,go,0,0,True,False
PCDHA3,go,8,3,False,False
PCDHA12,go,0,0,True,False
AC005754.8,go,0,0,True,False
AC005618.6,go,0,0,True,False
PCDHGA1,go,0,0,True,False
PCDHGA3,go,0,0,True,False
PCDHGA5,go,0,0,True,False
PCDHGA6,go,0,0,True,False
PCDHGA7,go,0,0,True,False
PCDHGA8,go,0,0,True,False
PCDHGB5,go,0,0,True,False
PCDHGB6,go,0,0,True,False
PCDHGA10,go,0,0,True,False
PCDHGA12,go,0,0,True,False
ARAP3,go,0,0,True,False
PCDH12,go,0,0,True,False
AC005592.1,go,0,0,True,False
CTC-806A22.1,go,0,0,True,False
SH3RF2,go,0,0,True,False
POU4F3,go,4,4,False,False
JAKMIP2,go,0,0,True,False
SPINK1,go,0,0,True,False
SCGB3A2,go,0,0,True,False
SPINK5,go,0,0,True,False
SPINK6,go,0,0,True,False
RP11-373N22.3,go,0,0,True,False
ADRB2,go,0,0,True,False
ABLIM3,go,0,0,True,False
CARMN,go,0,0,True,False
PDE6A,go,0,0,True,False
SLC26A2,go,0,0,True,False
CSF1R,go,0,0,True,False
SLC6A7,go,0,0,True,False
CAMK2A,go,0,0,True,False
ARSI,go,0,0,True,False
CD74,go,0,0,True,False
CTC-367J11.1,go,0,0,True,False
SYNPO,go,0,0,True,False
MYOZ3,go,0,0,True,False
SMIM3,go,3,18,False,False
SLC36A2,go,0,0,True,False
SPARC,go,15,10,False,False
CTB-113P19.5,go,0,0,True,False
HAND1,go,12,9,False,False
FAXDC2,go,2,4,False,False
HAVCR2,go,0,0,True,False
ITK,go,0,0,True,False
FAM71B,go,0,0,True,False
CYFIP2,go,0,0,True,False
CTB-47B11.3,go,0,0,True,False
ADAM19,go,0,0,True,False
CTB-127C13.1,go,0,0,True,False
CCNJL,go,0,0,True,False
PTTG1,go,5,1,False,False
LINC01202,go,0,0,True,False
GABRG2,go,0,0,True,False
RP11-541P9.3,go,0,0,True,False
HMMR,go,4,16,False,False
CTC-340A15.2,go,0,0,True,False
CTC-286N12.1,go,0,0,True,False
CTB-178M22.2,go,0,0,True,False
LCP2,go,8,0,False,False
CTB-114C7.4,go,0,0,True,False
KCNMB1,go,0,0,True,False
GABRP,go,0,0,True,False
NPM1,go,8,2,False,False
NEURL1B,go,0,0,True,False
DUSP1,go,7,6,False,False
ATP6V0E1,go,6,4,False,False
CREBRF,go,0,0,True,False
LINC01484,go,0,0,True,False
CPEB4,go,5,2,False,False
HMP19,go,0,0,True,False
FAM153B,go,0,0,True,False
HK3,go,0,0,True,False
PFN3,go,0,0,True,False
DOK3,go,8,18,False,False
PHYKPL,go,5,5,False,False
ZNF454,go,3,5,False,False
GRM6,go,0,0,True,False
ZNF879,go,4,0,False,False
HNRNPH1,go,0,6,False,False
LTC4S,go,0,0,True,False
SQSTM1,go,6,1,False,False
RNF130,go,4,5,False,False
CTC-573N18.1,go,0,0,True,False
BTNL8,go,0,0,True,False
BTNL9,go,8,10,False,False
AC138035.2,go,0,0,True,False
DUSP22,go,12,1,False,False
RP11-532F6.4,go,0,0,True,False
RP11-284J1.1,go,0,0,True,False
RP1-136B1.1,go,0,0,True,False
SERPINB1,go,15,26,False,False
SERPINB9,go,10,26,False,False
RP1-40E16.11,go,0,0,True,False
TUBB2A,go,9,10,False,False
TUBB2B,go,11,8,False,False
RP3-406P24.3,go,0,0,True,False
FAM217A,go,0,0,True,False
RP11-274H24.1,go,0,0,True,False
RREB1,go,3,0,False,True
RP11-69L16.4,go,0,0,True,False
RP3-512B11.3,go,0,0,True,False
RP11-314C16.1,go,0,0,True,False
OFCC1,go,0,0,True,False
TFAP2A,go,10,16,False,False
TFAP2A-AS1,go,0,0,True,False
MIR5689HG,go,0,0,True,False
GCNT2,go,0,0,True,False
RP11-360O19.4,go,0,0,True,False
RP11-421M1.8,go,0,0,True,False
GCM2,go,4,19,False,False
ERVFRD-1,go,0,0,True,False
ADTRP,go,11,1,False,False
PHACTR1,go,5,2,False,False
RNF182,go,3,8,False,False
RP3-448I9.2,go,0,0,True,False
MYLIP,go,4,5,False,False
ATXN1,go,6,1,False,False
DEK,go,6,2,False,False
RP4-625H18.2,go,0,0,True,False
RP11-239H6.2,go,0,0,True,False
SOX4,go,9,0,False,False
CASC15,go,0,0,True,False
PRL,go,0,0,True,False
KIAA0319,go,0,0,True,False
FAM65B,go,0,0,True,False
RP11-367G6.3,go,0,0,True,False
LRRC16A,go,0,0,True,False
HIST1H2AA,go,9,10,False,False
TRIM38,go,3,2,False,False
HIST1H1C,go,5,1,False,False
HIST1H4C,go,10,9,False,False
HIST1H2AC,go,8,20,False,False
HIST1H2BD,go,8,33,False,False
HIST1H2BE,go,9,19,False,False
RP1-34B20.21,go,0,0,True,False
HIST1H4E,go,10,7,False,False
HIST1H2BG,go,9,19,False,False
HIST1H4H,go,10,7,False,False
RP11-457M11.7,go,0,0,True,False
RP11-239L20.6,go,0,0,True,False
HIST1H2BJ,go,12,8,False,False
RP1-153G14.4,go,0,0,True,False
HIST1H3H,go,9,12,False,False
GPX6,go,0,0,True,False
LINC01556,go,0,0,True,False
OR5V1,go,0,0,True,False
MOG,go,14,9,False,False
HLA-F,go,0,0,True,False
HLA-A,go,0,0,True,False
HCG9,go,0,0,True,False
TRIM31,go,0,0,True,False
HLA-E,go,5,3,False,False
XXbac-BPG249D20.9,go,0,0,True,False
PPP1R18,go,4,9,False,False
TUBB,go,13,9,False,False
IER3,go,5,11,False,False
DPCR1,go,0,0,True,False
MUC21,go,0,0,True,False
HCG22,go,0,0,True,False
CDSN,go,0,0,True,False
XXbac-BPG299F13.14,go,0,0,True,False
HLA-C,go,14,25,False,False
HLA-B,go,15,8,False,False
ATP6V1G2-DDX39B,go,0,0,True,False
LTA,go,0,0,True,False
TNF,go,0,0,True,False
LTB,go,13,8,False,False
LST1,go,6,0,False,False
AIF1,go,4,0,False,False
LY6G5C,go,0,0,True,False
DDAH2,go,7,1,False,False
CLIC1,go,8,12,False,False
VWA7,go,0,0,True,False
HSPA1A,go,0,0,True,False
HSPA1B,go,13,11,False,False
C6orf48,go,0,0,True,False
NEU1,go,18,7,False,False
SLC44A4,go,6,2,False,False
C2,go,0,0,True,False
ATF6B,go,7,8,False,False
GPSM3,go,5,5,False,False
HLA-DRA,go,0,0,True,False
HLA-DRB1,go,0,0,True,False
HLA-DQA1,go,0,0,True,False
PSMB8,go,0,0,True,False
PSMB8-AS1,go,0,0,True,False
PSMB9,go,0,0,True,False
TAP1,go,0,0,True,False
HLA-DMB,go,0,0,True,False
HLA-DOA,go,0,0,True,False
HLA-DPA1,go,0,0,True,False
HLA-DPB1,go,0,0,True,False
B3GALT4,go,0,0,True,False
TAPBP,go,3,1,False,False
BAK1,go,2,1,False,True
IP6K3,go,0,0,True,False
GRM4,go,0,0,True,False
C6orf1,go,0,0,True,False
SCUBE3,go,0,0,True,False
DEF6,go,7,15,False,False
PNPLA1,go,0,0,True,False
ETV7,go,4,19,False,False
SRSF3,go,0,1,False,False
CDKN1A,go,3,1,False,True
RAB44,go,0,0,True,False
CPNE5,go,0,0,True,False
PI16,go,0,0,True,False
FGD2,go,0,0,True,False
PIM1,go,4,1,False,False
TMEM217,go,0,0,True,False
MDGA1,go,0,0,True,False
KCNK17,go,0,0,True,False
KIF6,go,0,0,True,False
DAAM2,go,0,0,True,False
RP11-61I13.3,go,0,0,True,False
APOBEC2,go,0,0,True,False
MDFI,go,0,0,True,False
TFEB,go,10,4,False,False
PGC,go,0,0,True,False
PRICKLE4,go,0,0,True,False
CCND3,go,7,8,False,False
PTCRA,go,0,0,True,False
ZNF318,go,4,1,False,True
RP1-261G23.7,go,0,0,True,False
RP5-1120P11.1,go,0,0,True,False
C6orf223,go,0,0,True,False
RP1-302G2.5,go,0,0,True,False
HSP90AB1,go,12,8,False,False
RP11-444E17.6,go,0,0,True,False
TCTE1,go,0,0,True,False
RUNX2,go,12,2,False,False
ENPP5,go,0,0,True,False
RCAN2,go,0,0,True,False
CYP39A1,go,0,0,True,False
SLC25A27,go,0,0,True,False
RP11-268F1.3,go,0,0,True,False
MEP1A,go,0,0,True,False
ADGRF1,go,0,0,True,False
ADGRF4,go,0,0,True,False
OPN5,go,0,0,True,False
CRISP2,go,0,0,True,False
CRISP3,go,0,0,True,False
RP11-524K22.1,go,0,0,True,False
PKHD1,go,0,0,True,False
PAQR8,go,9,3,False,False
EFHC1,go,0,0,True,False
GSTA1,go,0,0,True,False
GCM1,go,9,16,False,False
RP3-483K16.4,go,0,0,True,False
RP11-411K7.1,go,0,0,True,False
COL21A1,go,0,0,True,False
DST,go,5,2,False,False
RP11-203B9.4,go,0,0,True,False
XXbac-BPGBPG55C20.1,go,0,0,True,False
XXbac-BPGBPG55C20.3,go,0,0,True,False
LGSN,go,0,0,True,False
EYS,go,0,0,True,False
RP11-301G19.1,go,0,0,True,False
RP3-525N10.2,go,0,0,True,False
RP11-462G2.1,go,0,0,True,False
LINC01626,go,0,0,True,False
RIMS1,go,0,0,True,False
OOEP,go,0,0,True,False
MB21D1,go,0,0,True,False
RP11-505P4.6,go,0,0,True,False
RP11-505P4.7,go,0,0,True,False
RP11-554D15.3,go,0,0,True,False
RP11-415D17.4,go,0,0,True,False
LCA5,go,0,0,True,False
FAM46A,go,0,0,True,False
PRSS35,go,0,0,True,False
TBX18-AS1,go,0,0,True,False
CGA,go,0,0,True,False
RP3-382I10.7,go,0,0,True,False
RP11-63L7.5,go,0,0,True,False
PNRC1,go,2,11,False,False
RP1-45N11.1,go,0,0,True,False
RP1-23E21.2,go,0,0,True,False
POU3F2,go,7,2,False,True
PNISR,go,2,0,False,False
MCHR2,go,0,0,True,False
LINC00577,go,0,0,True,False
RP3-355L5.4,go,0,0,True,False
PRDM1,go,11,0,False,True
AIM1,go,0,0,True,False
RP1-60O19.1,go,0,0,True,False
CD24,go,0,0,True,False
RP1-191J18.66,go,0,0,True,False
RP1-111B22.3,go,0,0,True,False
CD164,go,15,13,False,False
MICAL1,go,9,10,False,False
RP5-1112D6.8,go,0,0,True,False
WISP3,go,0,0,True,False
RP1-142L7.5,go,0,0,True,False
MARCKS,go,0,0,True,False
FRK,go,0,0,True,False
DSE,go,0,0,True,False
TSPYL1,go,2,3,False,False
FAM26F,go,0,0,True,False
RP11-259P20.1,go,0,0,True,False
TRAPPC3L,go,0,0,True,False
SLC35F1,go,0,0,True,False
PLN,go,0,0,True,False
FABP7,go,0,0,True,False
SMPDL3A,go,0,0,True,False
RNF217-AS1,go,0,0,True,False
RP11-624M8.1,go,0,0,True,False
RP1-293L8.2,go,0,0,True,False
HEY2,go,14,3,False,False
RP3-403A15.5,go,0,0,True,False
LAMA2,go,0,0,True,False
RP1-69D17.3,go,0,0,True,False
RP11-69I8.2,go,0,0,True,False
VNN1,go,0,0,True,False
VNN3,go,0,0,True,False
VNN2,go,0,0,True,False
EYA4,go,0,0,True,False
SLC2A12,go,0,0,True,False
SGK1,go,5,5,False,True
LINC01010,go,0,0,True,False
RP11-557H15.4,go,0,0,True,False
CTA-31J9.2,go,0,0,True,False
ALDH8A1,go,0,0,True,False
MYB,go,8,4,False,False
MYB-AS1,go,0,0,True,False
RP3-388E23.2,go,0,0,True,False
RP3-325F22.3,go,0,0,True,False
IL22RA2,go,0,0,True,False
IFNGR1,go,14,3,False,False
TXLNB,go,0,0,True,False
CITED2,go,10,1,False,False
LINC01625,go,0,0,True,False
HIVEP2,go,3,8,False,False
STX11,go,0,0,True,False
UTRN,go,13,6,False,False
ADGB,go,0,0,True,False
STXBP5-AS1,go,0,0,True,False
RP1-111D6.3,go,0,0,True,False
RP11-350J20.12,go,0,0,True,False
ULBP2,go,0,0,True,False
PPP1R14C,go,5,3,False,False
AKAP12,go,0,0,True,False
SYNE1,go,0,0,True,False
RP11-306O13.1,go,0,0,True,False
IPCEF1,go,0,0,True,False
SYTL3,go,0,0,True,False
TAGAP,go,0,0,True,False
SLC22A1,go,0,0,True,False
RPS6KA2,go,0,0,True,False
RNASET2,go,18,18,False,False
RP11-503C24.4,go,0,0,True,False
RP1-266L20.4,go,0,0,True,False
LINC00574,go,0,0,True,False
DLL1,go,0,0,True,False
RP5-894D12.4,go,0,0,True,False
PSMB1,go,7,22,False,False
PDGFA,go,4,3,False,False
RP11-449P15.2,go,0,0,True,False
ADAP1,go,0,0,True,False
CYP2W1,go,0,0,True,False
AC073957.15,go,0,0,True,False
AC102953.4,go,0,0,True,False
ELFN1,go,0,0,True,False
AC110781.3,go,0,0,True,False
AC092171.2,go,0,0,True,False
ACTB,go,2,2,False,False
CTB-161C1.1,go,0,0,True,False
ANKRD61,go,0,0,True,False
AC004895.4,go,0,0,True,False
RP5-1159O4.1,go,0,0,True,False
AC006042.7,go,0,0,True,False
AC005281.2,go,0,0,True,False
DGKB,go,0,0,True,False
AHR,go,10,9,False,True
HDAC9,go,7,1,False,False
ITGB8,go,0,0,True,False
IL6,go,0,0,True,False
DFNA5,go,0,0,True,False
SNX10,go,1,0,False,False
AC004540.4,go,0,0,True,False
AC004540.5,go,0,0,True,False
SKAP2,go,4,29,False,False
HOTAIRM1,go,0,0,True,False
RP1-170O19.14,go,0,0,True,False
HOXA13,go,8,0,False,True
HOTTIP,go,0,0,True,False
TAX1BP1,go,4,13,False,False
JAZF1-AS1,go,0,0,True,False
CREB5,go,6,13,False,False
CPVL,go,5,3,False,False
AC004593.3,go,0,0,True,False
PRR15,go,0,0,True,False
MTURN,go,0,0,True,False
RP4-777O23.3,go,0,0,True,False
RP4-777O23.1,go,0,0,True,False
CRHR2,go,0,0,True,False
INMT,go,0,0,True,False
AQP1,go,0,0,True,False
SEPT7-AS1,go,0,0,True,False
TRGC2,go,0,0,True,False
TRGC1,go,0,0,True,False
TRGV9,go,0,0,True,False
TRGVA,go,0,0,True,False
RP11-121A8.1,go,0,0,True,False
TRGV5,go,0,0,True,False
AMPH,go,0,0,True,False
POU6F2,go,5,4,False,False
AC011290.4,go,0,0,True,False
INHBA,go,0,0,True,False
C7orf25,go,0,0,True,False
HECW1,go,1,5,False,False
LINC00957,go,0,0,True,False
PGAM2,go,0,0,True,False
NPC1L1,go,0,0,True,False
MYO1G,go,0,0,True,False
UPP1,go,0,0,True,False
ABCA13,go,0,0,True,False
VWC2,go,0,0,True,False
AC020743.2,go,0,0,True,False
DDC,go,0,0,True,False
SUMF2,go,4,13,False,False
PHKG1,go,5,0,False,False
ZNF117,go,1,3,False,False
ERV3-1,go,0,0,True,False
TPST1,go,0,0,True,False
GS1-124K5.11,go,0,0,True,False
KCTD7,go,0,0,True,False
TRIM74,go,0,0,True,False
ABHD11-AS1,go,0,0,True,False
CLDN4,go,0,0,True,False
WBSCR28,go,0,0,True,False
RP11-731K22.1,go,0,0,True,False
CLIP2,go,0,0,True,False
NCF1,go,0,0,True,False
GTF2IRD2,go,3,22,False,False
AC004878.8,go,0,0,True,False
HIP1,go,0,0,True,False
CCDC146,go,0,0,True,False
PTPN12,go,7,9,False,True
GNAI1,go,0,0,True,False
CD36,go,0,0,True,False
PCLO,go,0,0,True,False
SEMA3E,go,0,0,True,False
SEMA3A,go,0,0,True,False
SEMA3D,go,0,0,True,False
GRM3,go,0,0,True,False
AC005009.1,go,0,0,True,False
ABCB1,go,0,0,True,False
RUNDC3B,go,0,0,True,False
CDK14,go,0,0,True,False
AC002456.2,go,0,0,True,False
SAMD9L,go,0,0,True,False
HEPACAM2,go,0,0,True,False
CALCR,go,0,0,True,False
TFPI2,go,0,0,True,False
AC006378.2,go,0,0,True,False
AC003092.1,go,0,0,True,False
PON3,go,0,0,True,False
ASB4,go,0,0,True,False
PDK4,go,0,0,True,False
AC002451.3,go,0,0,True,False
DYNC1I1,go,0,0,True,False
BRI3,go,12,16,False,False
RP11-307C18.1,go,0,0,True,False
ARPC1B,go,8,12,False,False
CYP3A5,go,2,1,False,False
CYP3A4,go,0,0,True,False
RP4-604G5.1,go,0,0,True,False
GATS,go,0,0,True,False
PILRA,go,0,0,True,False
C7orf61,go,0,0,True,False
TSC22D4,go,5,5,False,False
GIGYF1,go,3,4,False,False
MUC12,go,0,0,True,False
RP11-395B7.4,go,0,0,True,False
MUC17,go,0,0,True,False
TRIM56,go,3,6,False,False
SERPINE1,go,0,0,True,False
VGF,go,1,1,False,False
MYL10,go,0,0,True,False
CTA-305I2.1,go,0,0,True,False
RP11-514P8.2,go,0,0,True,False
ORAI2,go,4,8,False,False
POLR2J3,go,10,2,False,False
RASA4,go,0,0,True,False
RP11-514P8.6,go,0,0,True,False
AC105052.2,go,0,0,True,False
LRRC17,go,0,0,True,False
SLC26A5,go,0,0,True,False
RELN,go,0,0,True,False
KMT2E,go,4,2,False,False
PIK3CG,go,3,0,False,False
HBP1,go,8,8,False,False
SLC26A4-AS1,go,0,0,True,False
CTB-13F3.1,go,0,0,True,False
PNPLA8,go,6,4,False,False
AC003088.1,go,0,0,True,False
AC002463.3,go,0,0,True,False
C7orf60,go,0,0,True,False
GPR85,go,0,0,True,False
LINC01393,go,0,0,True,False
TES,go,2,17,False,False
CAV2,go,2,0,False,False
CAV1,go,0,0,True,False
CTTNBP2,go,0,0,True,False
ANKRD7,go,0,0,True,False
AASS,go,0,0,True,False
FEZF1-AS1,go,0,0,True,False
C7orf77,go,0,0,True,False
RP11-3B12.5,go,0,0,True,False
RP11-3B12.2,go,0,0,True,False
RP11-212P7.2,go,0,0,True,False
RP11-274B21.10,go,0,0,True,False
RP11-274B21.9,go,0,0,True,False
OPN1SW,go,0,0,True,False
CCDC136,go,1,0,False,False
UBE2H,go,3,3,False,False
RP11-306G20.1,go,0,0,True,False
SSMEM1,go,0,0,True,False
TSGA13,go,0,0,True,False
AC058791.1,go,0,0,True,False
RP11-138A9.1,go,0,0,True,False
RP11-138A9.2,go,0,0,True,False
LINC-PINT,go,0,0,True,False
PLXNA4,go,0,0,True,False
LRGUK,go,0,0,True,False
AKR1B1,go,0,0,True,False
BPGM,go,9,2,False,True
RP11-644N4.1,go,0,0,True,False
DGKI,go,0,0,True,False
CREB3L2,go,10,2,False,False
SVOPL,go,0,0,True,False
ZC3HAV1,go,3,9,False,True
HIPK2,go,2,1,False,False
DENND2A,go,0,0,True,False
WEE2-AS1,go,0,0,True,False
TRBC1,go,0,0,True,False
PRSS2,go,0,0,True,False
TRBC2,go,0,0,True,False
TRBV30,go,0,0,True,False
EPHB6,go,12,4,False,False
AC073342.12,go,0,0,True,False
TMEM139,go,0,0,True,False
FAM131B,go,0,0,True,False
AC093673.5,go,0,0,True,False
ZYX,go,5,13,False,False
TAS2R60,go,0,0,True,False
TCAF2,go,0,0,True,False
CNTNAP2,go,1,1,False,False
GHET1,go,0,0,True,False
ZNF425,go,2,23,False,False
ZNF467,go,0,4,False,False
SSPO,go,0,0,True,False
ZNF862,go,0,0,True,False
RP11-445N20.3,go,0,0,True,False
RP4-584D14.5,go,0,0,True,False
LINC00996,go,0,0,True,False
GIMAP8,go,0,0,True,False
GIMAP7,go,0,0,True,False
GIMAP2,go,0,0,True,False
TMEM176B,go,0,0,True,False
TMEM176A,go,0,0,True,False
KCNH2,go,3,1,False,False
RP4-548D19.3,go,0,0,True,False
WDR86,go,0,0,True,False
PRKAG2-AS1,go,0,0,True,False
LINC01003,go,0,0,True,False
DPP6,go,0,0,True,False
PAXIP1-AS2,go,0,0,True,False
RP11-5C23.2,go,0,0,True,False
AC008060.5,go,0,0,True,False
AC073133.2,go,0,0,True,False
MNX1-AS2,go,0,0,True,False
RP4-639J15.3,go,0,0,True,False
AC005481.5,go,0,0,True,False
AC011899.9,go,0,0,True,False
RP11-452C13.1,go,0,0,True,False
VIPR2,go,0,0,True,False
LINC00685,go,0,0,True,False
CRLF2,go,0,0,True,False
CSF2RA,go,0,0,True,False
IL3RA,go,0,0,True,False
P2RY8,go,0,0,True,False
CD99,go,9,25,False,False
ARSD,go,0,0,True,False
RP11-706O15.7,go,0,0,True,False
VCX3B,go,0,0,True,False
TLR7,go,0,0,True,False
TMSB4X,go,5,2,False,True
FAM9C,go,0,0,True,False
RP1-122K4.3,go,0,0,True,False
ASB9,go,0,0,True,False
BMX,go,0,0,True,False
TMEM27,go,0,0,True,False
AP1S2,go,1,0,False,False
RP11-431J24.2,go,0,0,True,False
RAI2,go,0,0,True,False
BEND2,go,0,0,True,False
CDKL5,go,0,0,True,False
ADGRG2,go,0,0,True,False
PHEX,go,0,0,True,False
PTCHD1,go,0,0,True,False
PRDX4,go,11,10,False,False
RP13-314C10.5,go,0,0,True,False
SAT1,go,6,6,False,False
EIF2S3,go,5,7,False,False
PCYT1B,go,0,0,True,False
ARX,go,8,0,False,False
MAGEB2,go,4,13,False,False
CXorf21,go,0,0,True,False
DMD,go,6,3,False,False
XK,go,8,0,False,False
CYBB,go,0,0,True,False
DYNLT3,go,2,3,False,False
SRPX,go,0,0,True,False
MID1IP1,go,3,3,False,False
LINC01281,go,0,0,True,False
RP11-320G24.1,go,0,0,True,False
RP5-1172N10.2,go,0,0,True,False
GPR34,go,0,0,True,False
GPR82,go,0,0,True,False
MAOB,go,0,0,True,False
CXorf36,go,0,0,True,False
TIMP1,go,20,10,False,False
CFP,go,0,0,True,False
UXT-AS1,go,0,0,True,False
AF196970.3,go,0,0,True,False
ERAS,go,0,0,True,False
PIM2,go,7,5,False,False
PLP2,go,4,16,False,False
SYP,go,1,0,False,False
GAGE12J,go,0,0,True,False
SHROOM4,go,0,0,True,False
RP11-348F1.2,go,0,0,True,False
MAGED1,go,5,4,False,False
SPANXN5,go,0,0,True,False
FAM156A,go,4,1,False,False
MAGED2,go,3,10,False,False
TRO,go,0,0,True,False
ALAS2,go,2,1,False,False
PAGE5,go,0,0,True,False
LINC01420,go,0,0,True,False
MSN,go,17,10,False,False
RP6-159A1.4,go,0,0,True,False
VSIG4,go,0,0,True,False
HEPH,go,13,1,False,False
AR,go,11,0,False,False
IGBP1,go,6,1,False,False
FOXO4,go,7,10,False,True
IL2RG,go,0,0,True,False
ACRC,go,0,0,True,False
LINC00891,go,0,0,True,False
RGAG4,go,0,0,True,False
RPS4X,go,3,6,False,False
CITED1,go,12,1,False,True
XIST,go,0,0,True,False
FTX,go,0,0,True,False
KIAA2022,go,0,0,True,False
PGAM4,go,0,0,True,False
CYSLTR1,go,0,0,True,False
LPAR4,go,0,0,True,False
SH3BGRL,go,7,14,False,False
RPS6KA6,go,0,0,True,False
SATL1,go,0,0,True,False
KLHL4,go,0,0,True,False
TGIF2LX,go,8,15,False,False
RPA4,go,0,0,True,False
NOX1,go,0,0,True,False
TMEM35,go,0,0,True,False
BTK,go,5,4,False,False
ARMCX3,go,2,2,False,False
ZMAT1,go,5,6,False,False
NXF3,go,0,0,True,False
TCEAL5,go,0,0,True,False
BEX2,go,4,4,False,False
WBP5,go,0,0,True,False
RAB40A,go,0,0,True,False
RAB9B,go,0,0,True,False
H2BFWT,go,0,0,True,False
RP11-722G7.1,go,0,0,True,False
PIH1D3,go,0,0,True,False
FRMPD3,go,0,0,True,False
TSC22D3,go,0,0,True,False
ACSL4,go,4,2,False,False
RGAG1,go,0,0,True,False
RP5-1139I1.1,go,0,0,True,False
RHOXF1-AS1,go,0,0,True,False
RHOXF2BB,go,0,0,True,False
LINC01402,go,0,0,True,False
TMEM255A,go,0,0,True,False
ATP1B4,go,0,0,True,False
LAMP2,go,12,9,False,False
TEX13D,go,0,0,True,False
TENM1,go,0,0,True,False
RP1-30E17.2,go,0,0,True,False
SASH3,go,0,0,True,False
BCORL1,go,7,4,False,True
RAB33A,go,0,0,True,False
FRMD7,go,0,0,True,False
RAP2C-AS1,go,0,0,True,False
TFDP3,go,10,1,False,False
LINC00629,go,0,0,True,False
RP11-265D19.6,go,0,0,True,False
SMIM10L2A,go,0,0,True,False
CT45A1,go,0,0,True,False
CT45A3,go,0,0,True,False
FHL1,go,0,0,True,False
ARHGEF6,go,2,3,False,False
RP11-1114A5.4,go,0,0,True,False
SOX3,go,8,1,False,False
SPANXD,go,0,0,True,False
MAGEC2,go,7,13,False,False
IDS,go,5,5,False,False
AF011889.2,go,0,0,True,False
LINC00893,go,0,0,True,False
MAGEA9B,go,4,7,False,False
MAGEA11,go,0,0,True,False
XX-FW81066F1.2,go,0,0,True,False
XX-FW80269A6.1,go,0,0,True,False
PASD1,go,10,1,False,False
RP11-366F6.2,go,0,0,True,False
GABRE,go,1,1,False,False
GABRQ,go,0,0,True,False
MAGEA2,go,5,1,False,False
PNMA5,go,0,0,True,False
RP11-635O16.2,go,0,0,True,False
U82695.5,go,0,0,True,False
DUSP9,go,6,10,False,True
ARHGAP4,go,4,6,False,False
RENBP,go,6,4,False,False
TKTL1,go,0,0,True,False
XX-FW83128A1.2,go,0,0,True,False
FLNA,go,5,1,False,False
RPL10,go,2,5,False,False
XX-FW83563B9.5,go,0,0,True,False
CH17-340M24.3,go,0,0,True,False
ATP6AP1,go,9,6,False,False
G6PD,go,9,0,False,False
GAB3,go,0,0,True,False
SMIM9,go,0,0,True,False
CLIC2,go,5,5,False,False
TMLHE-AS1,go,0,0,True,False
IL9R,go,0,0,True,False
AC144568.2,go,0,0,True,False
CTD-2336O2.3,go,0,0,True,False
MYOM2,go,0,0,True,False
AC133633.2,go,0,0,True,False
ANGPT2,go,0,0,True,False
PPP1R3B,go,3,2,False,False
C8orf74,go,0,0,True,False
RP11-177H2.2,go,0,0,True,False
FAM167A,go,0,0,True,False
C8orf49,go,0,0,True,False
RP11-297N6.4,go,0,0,True,False
CTSB,go,16,10,False,False
KIAA1456,go,0,0,True,False
SGCZ,go,0,0,True,False
TUSC3,go,5,2,False,False
SLC7A2,go,0,0,True,False
MTUS1,go,0,0,True,False
ASAH1,go,19,5,False,False
DOK2,go,7,12,False,False
DMTN,go,8,0,False,False
PHYHIP,go,0,0,True,False
EGR3,go,6,1,False,False
PEBP4,go,0,0,True,False
TNFRSF10D,go,0,0,True,False
LOXL2,go,0,0,True,False
SLC25A37,go,0,2,False,False
NKX3-1,go,11,4,False,False
STC1,go,0,0,True,False
ADAM28,go,0,0,True,False
NEFM,go,0,0,True,False
EBF2,go,5,5,False,False
BNIP3L,go,6,1,False,False
PNMA2,go,0,0,True,False
DPYSL2,go,5,9,False,False
STMN4,go,0,0,True,False
PTK2B,go,2,1,False,False
CHRNA2,go,0,0,True,False
CLU,go,14,9,False,False
PNOC,go,0,0,True,False
RP11-662B19.2,go,0,0,True,False
AC145110.1,go,0,0,True,False
RP11-51J9.5,go,0,0,True,False
RNF122,go,0,0,True,False
DUSP26,go,0,0,True,False
RP1-273G13.3,go,0,0,True,False
RP1-84O15.2,go,0,0,True,False
RP11-863K10.7,go,0,0,True,False
RAB11FIP1,go,0,0,True,False
ADRB3,go,0,0,True,False
C8orf86,go,0,0,True,False
TACC1,go,5,2,False,False
PLEKHA2,go,6,5,False,False
HTRA4,go,0,0,True,False
C8orf4,go,0,0,True,False
ZMAT4,go,6,12,False,False
SFRP1,go,0,0,True,False
PLAT,go,0,0,True,False
RP11-231D20.2,go,0,0,True,False
RP11-503E24.2,go,0,0,True,False
CHRNA6,go,0,0,True,False
CEBPD,go,10,27,False,False
C8orf22,go,0,0,True,False
RP11-10H3.1,go,0,0,True,False
RP11-11C20.3,go,0,0,True,False
PCMTD1,go,1,6,False,False
RP11-546K22.3,go,0,0,True,False
XKR4,go,0,0,True,False
RP11-513O17.3,go,0,0,True,False
RP11-44D19.1,go,0,0,True,False
SDCBP,go,16,7,False,False
TOX,go,0,0,True,False
RP11-91I20.3,go,0,0,True,False
RP11-33I11.2,go,0,0,True,False
AC022182.1,go,0,0,True,False
AC022182.3,go,0,0,True,False
ASPH,go,5,1,False,False
RRS1-AS1,go,0,0,True,False
ADHFE1,go,0,0,True,False
C8orf46,go,0,0,True,False
AC090154.1,go,0,0,True,False
KCNB2,go,0,0,True,False
C8orf89,go,0,0,True,False
RPL7,go,3,8,False,False
RDH10,go,5,0,False,False
UBE2W,go,3,2,False,False
LY96,go,0,0,True,False
RP11-6I2.3,go,0,0,True,False
CASC9,go,0,0,True,False
HNF4G,go,9,8,False,False
STMN2,go,0,0,True,False
HEY1,go,13,7,False,False
LINC01607,go,0,0,True,False
ZBTB10,go,3,4,False,True
PAG1,go,0,0,True,False
RP11-1149M10.2,go,0,0,True,False
FABP5,go,8,3,False,False
RP11-354A14.1,go,0,0,True,False
RALYL,go,0,0,True,False
RP11-219B4.7,go,0,0,True,False
CA2,go,0,0,True,False
CNGB3,go,0,0,True,False
CTB-118P15.2,go,0,0,True,False
RP11-642C5.1,go,0,0,True,False
CALB1,go,4,0,False,False
NECAB1,go,0,0,True,False
TMEM55A,go,10,12,False,False
RUNX1T1,go,6,10,False,True
RP11-10N23.5,go,0,0,True,False
RP3-388N13.5,go,0,0,True,False
RP11-22C11.2,go,0,0,True,False
TP53INP1,go,0,0,True,False
RP11-90D11.1,go,0,0,True,False
SDC2,go,0,0,True,False
CPQ,go,10,11,False,False
LAPTM4B,go,12,6,False,False
MATN2,go,0,0,True,False
OSR2,go,5,3,False,True
RP11-44N12.2,go,0,0,True,False
FBXO43,go,0,0,True,False
FLJ42969,go,0,0,True,False
KB-1410C5.5,go,0,0,True,False
NCALD,go,0,0,True,False
UBR5-AS1,go,0,0,True,False
KB-431C1.5,go,0,0,True,False
KLF10,go,3,10,False,False
KB-1732A1.1,go,0,0,True,False
KB-1507C5.4,go,0,0,True,False
BAALC,go,0,0,True,False
FZD6,go,0,0,True,False
DCAF13,go,0,2,False,False
DPYS,go,0,0,True,False
LRP12,go,7,3,False,False
RP11-649G15.2,go,0,0,True,False
EIF3E,go,4,4,False,False
TMEM74,go,0,0,True,False
CSMD3,go,0,0,True,False
AC023590.1,go,0,0,True,False
RP11-760H22.2,go,0,0,True,False
COL14A1,go,0,0,True,False
RP11-369K17.1,go,0,0,True,False
LINC01151,go,0,0,True,False
FAM83A,go,4,7,False,False
ATAD2,go,1,11,False,False
FBXO32,go,0,0,True,False
RP11-383J24.1,go,0,0,True,False
RP11-6D1.3,go,0,0,True,False
SQLE,go,3,2,False,False
TRIB1,go,0,0,True,False
RP11-136O12.2,go,0,0,True,False
RP11-65D17.1,go,0,0,True,False
FAM84B,go,0,0,True,False
CASC8,go,0,0,True,False
MYC,go,13,0,False,False
TMEM71,go,0,0,True,False
SLA,go,0,0,True,False
NDRG1,go,0,0,True,False
RP11-489O18.1,go,0,0,True,False
FAM135B,go,0,0,True,False
RP11-398H6.1,go,0,0,True,False
DENND3,go,0,0,True,False
RP11-10J21.6,go,0,0,True,False
GPR20,go,0,0,True,False
CTD-3064M3.7,go,0,0,True,False
RP13-467H17.1,go,0,0,True,False
ARC,go,0,0,True,False
LY6E,go,11,2,False,False
RP11-661A12.5,go,0,0,True,False
RP11-661A12.12,go,0,0,True,False
RP11-429J17.5,go,0,0,True,False
RP11-429J17.7,go,0,0,True,False
RP11-429J17.8,go,0,0,True,False
EPPK1,go,7,3,False,False
PARP10,go,0,0,True,False
CTD-2517M22.17,go,0,0,True,False
RP11-165F24.3,go,0,0,True,False
DMRT2,go,4,8,False,False
IGHEP2,go,0,0,True,False
RP11-390F4.3,go,0,0,True,False
RP11-77E14.2,go,0,0,True,False
RP11-29B9.2,go,0,0,True,False
CNTLN,go,0,0,True,False
RP11-513M16.8,go,0,0,True,False
RPS6,go,4,5,False,False
RP11-315I14.2,go,0,0,True,False
RP11-321L2.2,go,0,0,True,False
DDX58,go,0,0,True,False
DNAJA1,go,6,13,False,False
B4GALT1,go,5,1,False,False
SPINK4,go,0,0,True,False
RP11-384P7.7,go,0,0,True,False
PRSS3,go,0,0,True,False
RP11-537H15.3,go,0,0,True,False
PHF24,go,0,0,True,False
FAM214B,go,0,0,True,False
FAM166B,go,0,0,True,False
CD72,go,0,0,True,False
RP11-331F9.4,go,0,0,True,False
TLN1,go,16,16,False,False
SPAG8,go,0,0,True,False
FAM221B,go,0,0,True,False
RECK,go,0,0,True,False
CLTA,go,2,0,False,False
PAX5,go,12,0,False,False
BMS1P14,go,0,0,True,False
FAM74A7,go,0,0,True,False
RP11-475I24.8,go,0,0,True,False
FAM74A6,go,0,0,True,False
RP11-160N1.9,go,0,0,True,False
RP11-374M1.5,go,0,0,True,False
RP11-111F5.3,go,0,0,True,False
RP11-211N8.2,go,0,0,True,False
RP11-327I22.5,go,0,0,True,False
ZNF658,go,1,1,False,False
RP11-395E19.2,go,0,0,True,False
RP11-88I18.2,go,0,0,True,False
RP11-203L2.4,go,0,0,True,False
BANCR,go,0,0,True,False
MAMDC2,go,0,0,True,False
RP11-63P12.7,go,0,0,True,False
ALDH1A1,go,8,0,False,False
ANXA1,go,5,2,False,False
TRPM6,go,0,0,True,False
RFK,go,2,4,False,False
GNA14,go,0,0,True,False
TLE4,go,8,6,False,False
RP11-383M4.6,go,0,0,True,False
RP11-439K3.1,go,0,0,True,False
IDNK,go,0,0,True,False
RP11-158D2.2,go,0,0,True,False
SLC28A3,go,0,0,True,False
GAS1,go,0,0,True,False
CTSL,go,18,5,False,False
CDK20,go,0,0,True,False
NXNL2,go,0,0,True,False
CKS2,go,6,3,False,False
GADD45G,go,0,0,True,False
SYK,go,6,2,False,False
RP11-305L7.1,go,0,0,True,False
RP11-440G5.2,go,0,0,True,False
AL136097.1,go,0,0,True,False
OGN,go,0,0,True,False
FGD3,go,0,0,True,False
SUSD3,go,5,57,False,False
RP11-274J16.5,go,0,0,True,False
NINJ1,go,9,1,False,False
RP11-165J3.6,go,0,0,True,False
RP11-53B5.1,go,0,0,True,False
BARX1,go,4,0,False,False
BARX1-AS1,go,0,0,True,False
RP11-2B6.3,go,0,0,True,False
FBP1,go,0,0,True,False
RP11-435O5.7,go,0,0,True,False
NUTM2G,go,0,0,True,False
RP11-498P14.5,go,0,0,True,False
HEMGN,go,4,1,False,False
RP11-92C4.3,go,0,0,True,False
COL15A1,go,0,0,True,False
RP11-92C4.6,go,0,0,True,False
NAMA,go,0,0,True,False
GRIN3A,go,0,0,True,False
NIPSNAP3B,go,0,0,True,False
ABCA1,go,0,0,True,False
RP11-217B7.2,go,0,0,True,False
SLC44A1,go,0,0,True,False
RP11-235C23.5,go,0,0,True,False
TAL2,go,6,2,False,False
RP11-308N19.1,go,0,0,True,False
LINC01505,go,0,0,True,False
KLF4,go,12,2,False,False
FRRS1L,go,0,0,True,False
SVEP1,go,0,0,True,False
ZNF483,go,3,9,False,False
FAM225B,go,0,0,True,False
SLC31A2,go,0,0,True,False
RP11-18B16.2,go,0,0,True,False
COL27A1,go,0,0,True,False
ORM1,go,0,0,True,False
ORM2,go,0,0,True,False
AKNA,go,3,1,False,False
RP11-9M16.2,go,0,0,True,False
TNFSF15,go,0,0,True,False
TNC,go,0,0,True,False
PAPPA,go,0,0,True,False
TLR4,go,0,0,True,False
RP11-281A20.2,go,0,0,True,False
MEGF9,go,0,0,True,False
PSMD5-AS1,go,0,0,True,False
PHF19,go,2,5,False,False
TRAF1,go,0,0,True,False
CNTRL,go,3,2,False,False
GSN,go,13,3,False,False
GSN-AS1,go,0,0,True,False
STOM,go,17,24,False,False
MORN5,go,0,0,True,False
PTGS1,go,0,0,True,False
RP11-542K23.10,go,0,0,True,False
RP11-542K23.7,go,0,0,True,False
GPR21,go,0,0,True,False
HSPA5,go,13,9,False,False
TTC16,go,0,0,True,False
SH2D3C,go,0,0,True,False
ENG,go,0,0,True,False
PIP5KL1,go,0,0,True,False
SPTAN1,go,11,25,False,False
HMGA1P4,go,0,0,True,False
SET,go,2,5,False,True
ZDHHC12,go,2,0,False,False
CRAT,go,5,3,False,False
IER5L,go,0,0,True,False
RP11-247A12.8,go,0,0,True,False
C9orf106,go,0,0,True,False
RP11-65J3.3,go,0,0,True,False
RP11-65J3.14,go,0,0,True,False
RP11-492E3.51,go,0,0,True,False
RP11-492E3.2,go,0,0,True,False
C9orf50,go,0,0,True,False
PRRX2-AS1,go,0,0,True,False
PTGES,go,0,0,True,False
USP20,go,2,2,False,False
FNBP1,go,4,19,False,False
RP11-138E2.1,go,0,0,True,False
HMCN2,go,0,0,True,False
LAMC3,go,0,0,True,False
RP11-544A12.8,go,0,0,True,False
RP11-334J6.6,go,0,0,True,False
NTNG2,go,0,0,True,False
BARHL1,go,4,2,False,False
AK8,go,0,0,True,False
OBP2B,go,0,0,True,False
ADAMTS13,go,0,0,True,False
SLC2A6,go,0,0,True,False
SARDH,go,0,0,True,False
LL09NC01-139C3.1,go,0,0,True,False
RP11-473E2.4,go,0,0,True,False
FCN1,go,0,0,True,False
OBP2A,go,0,0,True,False
PAEP,go,0,0,True,False
NALT1,go,0,0,True,False
CCDC183,go,0,0,True,False
CLIC3,go,0,0,True,False
C9orf139,go,0,0,True,False
FUT7,go,0,0,True,False
RP11-229P13.15,go,0,0,True,False
SLC34A3,go,0,0,True,False
TUBB4B,go,12,15,False,False
C9orf173,go,0,0,True,False
NOXA1,go,0,0,True,False
ENTPD8,go,0,0,True,False
ODF3,go,0,0,True,False
RP11-304M2.5,go,0,0,True,False
IFITM2,go,11,2,False,False
IFITM3,go,17,9,False,False
RP13-317D12.3,go,0,0,True,False
IRF7,go,11,4,False,False
CDHR5,go,0,0,True,False
AP006621.8,go,0,0,True,False
RP13-870H17.3,go,0,0,True,False
DUSP8,go,0,0,True,False
KRTAP5-AS1,go,0,0,True,False
IFITM10,go,0,0,True,False
SYT8,go,0,0,True,False
TNNI2,go,0,0,True,False
LSP1,go,0,0,True,False
TNNT3,go,0,0,True,False
IGF2,go,0,0,True,False
C11orf21,go,0,0,True,False
TSPAN32,go,1,0,False,False
TRPM5,go,0,0,True,False
KCNQ1,go,0,0,True,False
KCNQ1OT1,go,0,0,True,False
KCNQ1-AS1,go,0,0,True,False
KCNQ1DN,go,0,0,True,False
CDKN1C,go,7,1,False,True
SLC22A18,go,0,0,True,False
PHLDA2,go,4,0,False,False
MRGPRG-AS1,go,0,0,True,False
RHOG,go,10,5,False,False
OR51E1,go,0,0,True,False
OR51E2,go,0,0,True,False
HBB,go,0,0,True,False
HBD,go,11,6,False,False
HBG1,go,9,6,False,False
HBG2,go,11,6,False,False
HBE1,go,10,6,False,False
OR51B4,go,9,4,False,False
UBQLNL,go,0,0,True,False
AC015691.13,go,0,0,True,False
TRIM6,go,0,0,True,False
TRIM5,go,2,4,False,False
TRIM22,go,0,0,True,False
SMPD1,go,0,0,True,False
RP11-732A19.8,go,0,0,True,False
TPP1,go,0,0,True,False
PPFIBP2,go,0,0,True,False
TMEM9B-AS1,go,0,0,True,False
SWAP70,go,0,0,True,False
RP11-351I24.1,go,0,0,True,False
ADM,go,0,0,True,False
MTRNR2L8,go,0,0,True,False
MRVI1-AS1,go,0,0,True,False
LYVE1,go,0,0,True,False
ZBED5-AS1,go,0,0,True,False
DKK3,go,0,0,True,False
RP13-631K18.2,go,0,0,True,False
SOX6,go,8,2,False,False
NUCB2,go,2,10,False,False
USH1C,go,0,0,True,False
OTOG,go,0,0,True,False
KCNC1,go,0,0,True,False
LDHA,go,4,20,False,False
LDHC,go,0,0,True,False
CSRP3,go,0,0,True,False
RP11-359E10.1,go,0,0,True,False
GAS2,go,0,0,True,False
SVIP,go,8,4,False,False
RP11-17A1.3,go,0,0,True,False
RP11-266A24.1,go,0,0,True,False
CTD-2507G9.1,go,0,0,True,False
SLC5A12,go,0,0,True,False
BDNF-AS,go,0,0,True,False
CTD-3012A18.1,go,0,0,True,False
MPPED2,go,0,0,True,False
Z83001.1,go,0,0,True,False
PRRG4,go,0,0,True,False
LINC00294,go,0,0,True,False
RP4-541C22.5,go,0,0,True,False
CD59,go,11,20,False,False
LMO2,go,1,0,False,False
CAT,go,1,0,False,False
EHF,go,9,16,False,False
CD44,go,0,0,True,False
SLC1A2,go,0,0,True,False
PAMR1,go,0,0,True,False
RAG2,go,0,0,True,False
C11orf96,go,0,0,True,False
CD82,go,0,0,True,False
RP11-58K22.4,go,0,0,True,False
SYT13,go,0,0,True,False
DKFZp779M0652,go,0,0,True,False
CTD-2210P24.6,go,0,0,True,False
CTD-2589M5.4,go,0,0,True,False
MDK,go,0,0,True,False
MYBPC3,go,0,0,True,False
SPI1,go,12,5,False,True
RAPSN,go,0,0,True,False
FAM180B,go,0,0,True,False
C1QTNF4,go,8,10,False,False
AGBL2,go,0,0,True,False
LRRC55,go,0,0,True,False
P2RX3,go,0,0,True,False
PRG3,go,0,0,True,False
PRG2,go,8,5,False,False
SMTNL1,go,0,0,True,False
SERPING1,go,20,27,False,False
YPEL4,go,0,0,True,False
LPXN,go,0,0,True,False
GLYAT,go,0,0,True,False
AP001258.4,go,0,0,True,False
FAM111A,go,0,2,False,False
TCN1,go,0,0,True,False
MS4A3,go,6,19,False,False
MS4A2,go,0,0,True,False
MS4A4E,go,0,0,True,False
MS4A4A,go,6,39,False,False
PTGDR2,go,0,0,True,False
SLC15A3,go,0,0,True,False
PGA3,go,0,0,True,False
PGA4,go,0,0,True,False
PGA5,go,0,0,True,False
TKFC,go,0,0,True,False
PPP1R32,go,0,0,True,False
FADS1,go,9,8,False,False
FTH1,go,10,15,False,False
SCGB1D2,go,0,0,True,False
RP11-703H8.7,go,0,0,True,False
RP11-727F15.9,go,0,0,True,False
SLC3A2,go,7,7,False,False
AP000438.2,go,0,0,True,False
SLC22A10,go,0,0,True,False
SLC22A25,go,0,0,True,False
HRASLS5,go,0,0,True,False
LGALS12,go,0,0,True,False
RARRES3,go,0,0,True,False
HRASLS2,go,0,0,True,False
PLA2G16,go,0,0,True,False
DNAJC4,go,2,8,False,False
KCNK4,go,0,0,True,False
PRDX5,go,11,11,False,False
AP003774.1,go,0,0,True,False
SLC22A11,go,0,0,True,False
ATG2A,go,4,1,False,False
PPP2R5B,go,0,0,True,False
GPHA2,go,0,0,True,False
NAALADL1,go,0,0,True,False
TM7SF2,go,2,2,False,False
AP003068.23,go,0,0,True,False
TIGD3,go,5,15,False,False
RP11-867O8.5,go,0,0,True,False
SLC25A45,go,0,0,True,False
NEAT1,go,0,0,True,False
CMB9-22P13.1,go,0,0,True,False
MALAT1,go,0,0,True,False
AP000769.1,go,0,0,True,False
OVOL1,go,1,2,False,False
OVOL1-AS1,go,0,0,True,False
RP11-770G2.5,go,0,0,True,False
EFEMP2,go,0,0,True,False
CTSW,go,0,0,True,False
CATSPER1,go,0,0,True,False
CD248,go,0,0,True,False
CCDC87,go,0,0,True,False
CCS,go,5,5,False,False
SYT12,go,0,0,True,False
POLD4,go,6,0,False,False
TBC1D10C,go,0,0,True,False
CORO1B,go,11,11,False,False
CABP4,go,0,0,True,False
GSTP1,go,13,0,False,False
ALDH3B2,go,0,0,True,False
ALDH3B1,go,0,0,True,False
RP5-901A4.1,go,0,0,True,False
CTD-2655K5.1,go,0,0,True,False
GAL,go,6,2,False,False
RP11-757G1.6,go,0,0,True,False
RP11-554A11.9,go,0,0,True,False
MYEOV,go,0,0,True,False
FGF19,go,0,0,True,False
SHANK2-AS1,go,0,0,True,False
KRTAP5-11,go,0,0,True,False
FOLR3,go,12,6,False,False
RP11-807H22.7,go,0,0,True,False
FOLR1,go,0,0,True,False
LINC01537,go,0,0,True,False
PDE2A,go,0,0,True,False
ARAP1-AS1,go,0,0,True,False
ATG16L2,go,0,0,True,False
RP11-800A3.3,go,0,0,True,False
P2RY2,go,0,0,True,False
P2RY6,go,0,0,True,False
RP11-800A3.7,go,0,0,True,False
ARHGEF17,go,0,0,True,False
PLEKHB1,go,0,0,True,False
UCP2,go,1,0,False,False
KCNE3,go,3,1,False,False
RP11-702H23.6,go,0,0,True,False
CHRDL2,go,0,0,True,False
SLCO2B1,go,0,0,True,False
TPBGL,go,0,0,True,False
RPS3,go,5,1,False,False
CTD-2530H12.4,go,0,0,True,False
MOGAT2,go,0,0,True,False
AP001189.4,go,0,0,True,False
AQP11,go,0,0,True,False
RP11-91P24.7,go,0,0,True,False
RP11-452H21.2,go,0,0,True,False
RP11-843A23.1,go,0,0,True,False
PRSS23,go,0,0,True,False
AP000654.4,go,0,0,True,False
RP11-736K20.6,go,0,0,True,False
CTSC,go,20,17,False,False
GRM5-AS1,go,0,0,True,False
NAALAD2,go,0,0,True,False
HEPHL1,go,0,0,True,False
PIWIL4,go,1,0,False,False
RP11-867G2.6,go,0,0,True,False
RP11-856F16.2,go,0,0,True,False
SESN3,go,0,0,True,False
MAML2,go,5,0,False,True
CNTN5,go,0,0,True,False
ARHGAP42,go,0,0,True,False
C11orf70,go,0,0,True,False
BIRC3,go,0,0,True,False
RP11-315O6.1,go,0,0,True,False
MMP3,go,0,0,True,False
PDGFD,go,0,0,True,False
CASP4,go,0,0,True,False
CASP1,go,0,0,True,False
CARD16,go,0,0,True,False
ELMOD1,go,0,0,True,False
COLCA1,go,0,0,True,False
CRYAB,go,12,5,False,False
IL18,go,0,0,True,False
RP11-356J5.13,go,0,0,True,False
RP11-65M17.3,go,0,0,True,False
ANKK1,go,0,0,True,False
ZBTB16,go,7,0,False,False
NNMT,go,0,0,True,False
APOC3,go,0,0,True,False
AP000936.4,go,0,0,True,False
FXYD6,go,0,0,True,False
TMPRSS13,go,0,0,True,False
IL10RA,go,0,0,True,False
SCN4B,go,0,0,True,False
JAML,go,0,0,True,False
MPZL3,go,0,0,True,False
MPZL2,go,0,0,True,False
CD3D,go,17,8,False,False
CD3G,go,0,0,True,False
KMT2A,go,5,0,False,True
UPK2,go,0,0,True,False
RP11-110I1.11,go,0,0,True,False
NLRX1,go,0,0,True,False
PDZD3,go,0,0,True,False
CBL,go,1,0,False,True
THY1,go,0,0,True,False
PVRL1,go,0,0,True,False
TRIM29,go,0,0,True,False
POU2F3,go,4,35,False,False
RP11-716H6.2,go,0,0,True,False
UBASH3B,go,7,0,False,True
C11orf63,go,0,0,True,False
HSPA8,go,12,9,False,False
VWA5A,go,0,0,True,False
OR8G1,go,0,0,True,False
OR8B8,go,0,0,True,False
ESAM,go,10,5,False,False
RP11-677M14.7,go,0,0,True,False
FEZ1,go,4,0,False,False
AP000708.1,go,0,0,True,False
PATE2,go,0,0,True,False
KIRREL3,go,0,0,True,False
ETS1,go,6,25,False,False
RP11-744N12.3,go,0,0,True,False
TP53AIP1,go,0,0,True,False
LINC01395,go,0,0,True,False
TMEM45B,go,0,0,True,False
APLP2,go,9,14,False,False
ADAMTS8,go,0,0,True,False
NTM,go,0,0,True,False
RP11-713P17.3,go,0,0,True,False
GLB1L2,go,4,6,False,True
B3GAT1,go,0,0,True,False
ADARB2,go,1,0,False,False
RP11-118K6.3,go,0,0,True,False
RP11-195B3.1,go,0,0,True,False
KLF6,go,5,49,False,False
AKR1C4,go,0,0,True,False
RP11-445P17.8,go,0,0,True,False
RP13-463N16.6,go,0,0,True,False
RP11-336A10.2,go,0,0,True,False
IL2RA,go,0,0,True,False
RP11-563J2.3,go,0,0,True,False
RP11-799O21.2,go,0,0,True,False
ITIH5,go,0,0,True,False
CELF2,go,1,0,False,True
RP3-323N1.2,go,0,0,True,False
RP11-186N15.3,go,0,0,True,False
CAMK1D,go,0,0,True,False
OPTN,go,0,1,False,False
UCMA,go,0,0,True,False
FAM107B,go,0,0,True,False
RP11-25G10.2,go,0,0,True,False
CUBN,go,0,0,True,False
VIM,go,13,7,False,False
STAM-AS1,go,0,0,True,False
RP11-354E11.2,go,0,0,True,False
MSRB2,go,4,5,False,False
OTUD1,go,0,0,True,False
APBB1IP,go,0,0,True,False
RP11-128B16.3,go,0,0,True,False
LINC00202-2,go,0,0,True,False
LINC00202-1,go,0,0,True,False
RP11-85G18.6,go,0,0,True,False
WAC-AS1,go,0,0,True,False
C10orf126,go,0,0,True,False
LYZL2,go,0,0,True,False
ZEB1,go,11,6,False,False
RP11-297A16.2,go,0,0,True,False
CREM,go,4,12,False,False
RP11-425A6.5,go,0,0,True,False
PCAT5,go,0,0,True,False
RP11-309N24.1,go,0,0,True,False
ANKRD30A,go,0,0,True,False
RP11-162G10.5,go,0,0,True,False
RP11-351D16.3,go,0,0,True,False
FXYD4,go,0,0,True,False
RP11-517P14.2,go,0,0,True,False
ZNF32-AS3,go,0,0,True,False
RASSF4,go,0,0,True,False
C10orf10,go,0,0,True,False
ALOX5,go,0,0,True,False
NCOA4,go,3,0,False,False
PTPN20,go,0,0,True,False
WDFY4,go,0,0,True,False
PGBD3,go,0,0,True,False
C10orf53,go,0,0,True,False
RP11-96B5.3,go,0,0,True,False
SLC16A9,go,3,5,False,False
CDK1,go,5,4,False,False
ARID5B,go,6,2,False,False
EGR2,go,7,1,False,False
JMJD1C,go,1,0,False,False
JMJD1C-AS1,go,0,0,True,False
RP11-179K3.2,go,0,0,True,False
RP11-153K11.3,go,0,0,True,False
DDX21,go,1,1,False,False
SRGN,go,9,1,False,False
NPFFR1,go,0,0,True,False
PRF1,go,0,0,True,False
UNC5B,go,0,0,True,False
UNC5B-AS1,go,0,0,True,False
C10orf54,go,0,0,True,False
PSAP,go,2,0,False,False
CHST3,go,0,0,True,False
SPOCK2,go,0,0,True,False
DDIT4,go,4,1,False,False
RP11-442H21.2,go,0,0,True,False
PLA2G12B,go,0,0,True,False
CFAP70,go,0,0,True,False
RP11-537A6.9,go,0,0,True,False
MYOZ1,go,0,0,True,False
RP11-464F9.21,go,0,0,True,False
ZSWIM8,go,1,0,False,False
PLAU,go,0,0,True,False
VCL,go,11,5,False,False
DUSP13,go,8,7,False,False
ZNF503-AS1,go,0,0,True,False
ZNF503,go,4,1,False,False
RP11-399K21.14,go,0,0,True,False
RP11-399K21.10,go,0,0,True,False
C10orf11,go,0,0,True,False
RP13-39P12.3,go,0,0,True,False
ZMIZ1-AS1,go,0,0,True,False
NUTM2B,go,0,0,True,False
SH2D4B,go,0,0,True,False
RP11-338I21.1,go,0,0,True,False
LINC00858,go,0,0,True,False
LDB3,go,0,0,True,False
MMRN2,go,0,0,True,False
SNCG,go,7,1,False,False
ADIRF,go,0,0,True,False
ANKRD22,go,0,0,True,False
ACTA2,go,0,0,True,False
FAS,go,0,0,True,False
IFIT2,go,0,0,True,False
IFIT3,go,0,0,True,False
IFIT1B,go,0,0,True,False
HTR7,go,0,0,True,False
HHEX,go,5,7,False,False
FFAR4,go,0,0,True,False
HELLS,go,5,0,False,False
CYP2C18,go,0,0,True,False
ENTPD1,go,0,0,True,False
BLNK,go,0,0,True,False
HOGA1,go,0,0,True,False
SFRP5,go,0,0,True,False
CRTAC1,go,0,0,True,False
PYROXD2,go,0,0,True,False
HPSE2,go,0,0,True,False
CNNM1,go,0,0,True,False
DNMBP-AS1,go,0,0,True,False
PKD2L1,go,0,0,True,False
SLF2,go,0,0,True,False
LINC01514,go,0,0,True,False
RP11-107I14.4,go,0,0,True,False
RP11-225H22.4,go,0,0,True,False
CALHM1,go,0,0,True,False
CALHM3,go,0,0,True,False
CFAP58-AS1,go,0,0,True,False
LINC01435,go,0,0,True,False
ADD3,go,11,5,False,False
DUSP5,go,0,0,True,False
RP11-313D6.3,go,0,0,True,False
SHOC2,go,5,9,False,False
ACSL5,go,0,0,True,False
RP11-324O2.3,go,0,0,True,False
ADRB1,go,0,0,True,False
ABLIM1,go,0,0,True,False
RP11-383C6.2,go,0,0,True,False
RP11-539I5.1,go,0,0,True,False
ENO4,go,0,0,True,False
EMX2OS,go,0,0,True,False
RP11-354M20.3,go,0,0,True,False
FAM45A,go,0,0,True,False
PLPP4,go,0,0,True,False
RP11-95I16.4,go,0,0,True,False
FGFR2,go,0,0,True,False
ATE1-AS1,go,0,0,True,False
RP11-500G22.4,go,0,0,True,False
TACC2,go,0,0,True,False
BTBD16,go,0,0,True,False
HMX3,go,8,0,False,False
RP11-282I1.1,go,0,0,True,False
CHST15,go,0,0,True,False
FAM53B-AS1,go,0,0,True,False
EDRF1-AS1,go,0,0,True,False
C10orf90,go,0,0,True,False
FOXI2,go,8,12,False,False
PTPRE,go,0,0,True,False
MKI67,go,0,2,False,False
LINC01163,go,0,0,True,False
TCERG1L,go,0,0,True,False
ABC11-4932300O16.1,go,0,0,True,False
RP11-432J24.5,go,0,0,True,False
CFAP46,go,0,0,True,False
KNDC1,go,0,0,True,False
MIR202HG,go,0,0,True,False
RP13-49I15.6,go,0,0,True,False
ADAM8,go,0,0,True,False
PRAP1,go,0,0,True,False
CALY,go,0,0,True,False
RP11-598F7.3,go,0,0,True,False
RP11-598F7.4,go,0,0,True,False
SLC6A13,go,0,0,True,False
FBXL14,go,2,12,False,False
CACNA2D4,go,0,0,True,False
RP5-1096D14.3,go,0,0,True,False
RP5-1096D14.6,go,0,0,True,False
CACNA1C-AS2,go,0,0,True,False
TSPAN9,go,0,0,True,False
FGF23,go,0,0,True,False
AKAP3,go,0,0,True,False
RP11-429A20.3,go,0,0,True,False
RP11-1038A11.3,go,0,0,True,False
RP11-319E16.2,go,0,0,True,False
VWF,go,0,0,True,False
CD9,go,16,6,False,False
SCNN1A,go,0,0,True,False
TAPBPL,go,0,0,True,False
RP1-102E24.10,go,0,0,True,False
GAPDH,go,9,3,False,False
IFFO1,go,0,0,True,False
RP5-940J5.8,go,0,0,True,False
LPAR5,go,0,0,True,False
ACRBP,go,0,0,True,False
RP4-761J14.10,go,0,0,True,False
CD4,go,0,0,True,False
U47924.32,go,0,0,True,False
PTPN6,go,0,0,True,False
U47924.27,go,0,0,True,False
C1RL,go,9,5,False,False
ABC12-49244600F4.4,go,0,0,True,False
NANOG,go,10,45,False,False
SLC2A3,go,13,6,False,False
C3AR1,go,0,0,True,False
CLEC4A,go,0,0,True,False
CLEC6A,go,0,0,True,False
CLEC4D,go,0,0,True,False
CLEC4E,go,0,0,True,False
RP11-20D14.6,go,0,0,True,False
A2ML1,go,0,0,True,False
A2M-AS1,go,0,0,True,False
A2M,go,0,0,True,False
KLRB1,go,0,0,True,False
CD69,go,12,12,False,False
CLEC2B,go,19,22,False,False
AC091814.3,go,0,0,True,False
OLR1,go,0,0,True,False
TMEM52B,go,0,0,True,False
GABARAPL1,go,7,4,False,False
KLRC3,go,0,0,True,False
KLRC1,go,0,0,True,False
TAS2R9,go,0,0,True,False
TAS2R46,go,0,0,True,False
LINC01252,go,0,0,True,False
RP11-180M15.6,go,0,0,True,False
CDKN1B,go,9,2,False,True
GSG1,go,0,0,True,False
EMP1,go,0,0,True,False
RP11-174G6.1,go,0,0,True,False
ART4,go,0,0,True,False
MGP,go,0,0,True,False
ERP27,go,0,0,True,False
ARHGDIB,go,5,13,False,False
PDE6H,go,0,0,True,False
EPS8,go,0,0,True,False
RERGL,go,0,0,True,False
PLCZ1,go,0,0,True,False
SLCO1A2,go,0,0,True,False
IAPP,go,0,0,True,False
LDHB,go,6,17,False,False
SOX5,go,7,1,False,False
C12orf77,go,0,0,True,False
LRMP,go,0,0,True,False
RP11-713N11.6,go,0,0,True,False
RP11-295I5.3,go,0,0,True,False
RP11-707G18.1,go,0,0,True,False
RASSF8-AS1,go,0,0,True,False
BHLHE41,go,7,13,False,False
SSPN,go,0,0,True,False
ITPR2,go,5,1,False,False
RP11-421F16.3,go,0,0,True,False
STK38L,go,4,22,False,False
RP11-709A23.1,go,0,0,True,False
RP11-860B13.1,go,0,0,True,False
PTHLH,go,0,0,True,False
RP11-946L16.1,go,0,0,True,False
RP11-946L16.2,go,0,0,True,False
RP11-996F15.4,go,0,0,True,False
RP11-771K4.1,go,0,0,True,False
RP11-467L13.7,go,0,0,True,False
KIAA1551,go,0,0,True,False
RP11-50I19.2,go,0,0,True,False
FGD4,go,10,7,False,False
SYT10,go,0,0,True,False
RP11-847H18.2,go,0,0,True,False
RP11-630C16.2,go,0,0,True,False
PRICKLE1,go,0,0,True,False
RP11-328C8.4,go,0,0,True,False
RP11-547C5.1,go,0,0,True,False
RP11-547C5.2,go,0,0,True,False
ADAMTS20,go,9,5,False,False
RP11-352M15.1,go,0,0,True,False
SLC38A2,go,6,5,False,True
RP11-96H19.1,go,0,0,True,False
RP11-474P2.4,go,0,0,True,False
RP11-474P2.6,go,0,0,True,False
AMIGO2,go,0,0,True,False
PCED1B,go,0,0,True,False
RP11-89H19.1,go,0,0,True,False
COL2A1,go,3,3,False,True
RP11-474C8.8,go,0,0,True,False
RP11-370I10.12,go,0,0,True,False
RP11-370I10.10,go,0,0,True,False
H1FNT,go,0,0,True,False
RP11-370I10.11,go,0,0,True,False
C12orf54,go,0,0,True,False
OR8S1,go,0,0,True,False
LALBA,go,0,0,True,False
RP11-579D7.4,go,0,0,True,False
RND1,go,0,0,True,False
TUBA1B,go,10,7,False,False
TUBA1A,go,13,10,False,False
TUBA1C,go,9,8,False,False
DNAJC22,go,0,0,True,False
KCNH3,go,0,0,True,False
RP11-133N21.10,go,0,0,True,False
FAIM2,go,0,0,True,False
RP11-70F11.8,go,0,0,True,False
AQP2,go,0,0,True,False
AQP6,go,0,0,True,False
LIMA1,go,13,7,False,False
METTL7A,go,3,7,False,False
RP11-407N8.5,go,0,0,True,False
DAZAP2,go,3,1,False,False
BIN2,go,0,0,True,False
CELA1,go,0,0,True,False
SLC4A8,go,0,0,True,False
RP11-923I11.3,go,0,0,True,False
ANKRD33,go,0,0,True,False
ACVRL1,go,0,0,True,False
NR4A1,go,11,2,False,False
RP11-1100L3.8,go,0,0,True,False
KRT7,go,0,0,True,False
KRT86,go,0,0,True,False
KRT81,go,0,0,True,False
KRT79,go,0,0,True,False
KRT8,go,7,11,False,False
KRT18,go,9,8,False,False
IGFBP6,go,0,0,True,False
SOAT2,go,0,0,True,False
CSAD,go,3,1,False,False
ITGB7,go,0,0,True,False
PFDN5,go,4,2,False,False
RP11-680A11.5,go,0,0,True,False
AMHR2,go,6,1,False,False
RP11-793H13.3,go,0,0,True,False
CALCOCO1,go,9,2,False,False
RP11-686F15.2,go,0,0,True,False
HOXC13,go,9,30,False,True
FLJ12825,go,0,0,True,False
RP11-834C11.5,go,0,0,True,False
RP11-834C11.15,go,0,0,True,False
RP11-834C11.11,go,0,0,True,False
RP11-968A15.2,go,0,0,True,False
RP11-753H16.3,go,0,0,True,False
GPR84,go,0,0,True,False
NCKAP1L,go,1,0,False,False
PDE1B,go,0,0,True,False
MUCL1,go,0,0,True,False
OR6C76,go,0,0,True,False
OR6C2,go,0,0,True,False
CD63,go,9,6,False,False
MMP19,go,0,0,True,False
RAB5B,go,2,2,False,False
MYL6,go,5,4,False,False
STAT2,go,14,3,False,False
APOF,go,0,0,True,False
TAC3,go,10,11,False,False
LRP1,go,0,0,True,False
STAC3,go,3,1,False,False
RP11-756H6.1,go,0,0,True,False
INHBE,go,8,4,False,False
ARHGAP9,go,0,0,True,False
DDIT3,go,18,3,False,False
DTX3,go,0,0,True,False
OS9,go,3,1,False,False
RP11-620J15.1,go,0,0,True,False
RP11-620J15.2,go,0,0,True,False
RP11-620J15.3,go,0,0,True,False
LRIG3,go,0,0,True,False
FAM19A2,go,0,0,True,False
RP11-415I12.3,go,0,0,True,False
C12orf56,go,0,0,True,False
RP11-338E21.1,go,0,0,True,False
GNS,go,9,11,False,False
RP11-629N8.3,go,0,0,True,False
MSRB3,go,0,0,True,False
RP11-230G5.2,go,0,0,True,False
HMGA2,go,5,0,False,False
RP11-123O10.4,go,0,0,True,False
RP11-81H14.2,go,0,0,True,False
RP11-637A17.2,go,0,0,True,False
RP11-1143G9.5,go,0,0,True,False
LYZ,go,16,5,False,False
RP11-1143G9.4,go,0,0,True,False
RP11-588G21.2,go,0,0,True,False
CTD-2021H9.2,go,0,0,True,False
TPH2,go,0,0,True,False
RP11-314D7.2,go,0,0,True,False
RP11-274M17.3,go,0,0,True,False
GLIPR1,go,0,0,True,False
PHLDA1,go,0,0,True,False
RP11-290L1.2,go,0,0,True,False
NAV3,go,0,0,True,False
RP11-754N21.1,go,0,0,True,False
RP11-359M6.1,go,0,0,True,False
PPP1R12A,go,6,3,False,False
RP11-263K4.3,go,0,0,True,False
TMTC2,go,0,0,True,False
NTS,go,0,0,True,False
POC1B-GALNT4,go,0,0,True,False
LINC00936,go,0,0,True,False
LUM,go,0,0,True,False
DCN,go,0,0,True,False
RP11-693J15.6,go,0,0,True,False
BTG1,go,3,2,False,False
RP11-796E2.4,go,0,0,True,False
CLLU1,go,0,0,True,False
RP11-693J15.5,go,0,0,True,False
PLEKHG7,go,0,0,True,False
RP11-511B23.1,go,0,0,True,False
RP11-511B23.2,go,0,0,True,False
RP11-202G11.2,go,0,0,True,False
RP11-486A14.2,go,0,0,True,False
SOCS2,go,7,4,False,False
RP11-887P2.5,go,0,0,True,False
AMDHD1,go,0,0,True,False
HAL,go,0,0,True,False
RP11-256L6.3,go,0,0,True,False
RP11-256L6.2,go,0,0,True,False
RP11-181C3.1,go,0,0,True,False
SLC17A8,go,0,0,True,False
RP11-285E23.2,go,0,0,True,False
PMCH,go,0,0,True,False
IGF1,go,1,1,False,False
ASCL1,go,13,0,False,False
HSP90B1,go,14,20,False,False
GLT8D2,go,0,0,True,False
RP11-818F20.5,go,0,0,True,False
RP11-61E11.1,go,0,0,True,False
CKAP4,go,0,0,True,False
RP11-651L5.3,go,0,0,True,False
TCP11L2,go,0,0,True,False
SELPLG,go,15,15,False,False
USP30-AS1,go,0,0,True,False
RP11-837J7.4,go,0,0,True,False
ARPC3,go,9,18,False,False
HVCN1,go,0,0,True,False
RP3-473L9.4,go,0,0,True,False
RASAL1,go,0,0,True,False
SDSL,go,4,1,False,False
LHX5-AS1,go,0,0,True,False
TBX3,go,12,2,False,True
RP11-497G19.7,go,0,0,True,False
RP11-240G22.5,go,0,0,True,False
TESC,go,9,6,False,False
RP11-136L23.2,go,0,0,True,False
TAOK3,go,6,5,False,False
RP11-131L12.2,go,0,0,True,False
SRRM4,go,0,0,True,False
HSPB8,go,0,0,True,False
CCDC60,go,0,0,True,False
TMEM233,go,0,0,True,False
RP1-127H14.3,go,0,0,True,False
PLA2G1B,go,0,0,True,False
GATC,go,0,0,True,False
DYNLL1,go,5,4,False,False
HNF1A,go,6,13,False,False
OASL,go,0,0,True,False
P2RX7,go,0,0,True,False
P2RX4,go,3,1,False,False
RP11-711D18.2,go,0,0,True,False
MORN3,go,0,0,True,False
RP11-347I19.8,go,0,0,True,False
LRRC43,go,0,0,True,False
HCAR2,go,0,0,True,False
RP11-197N18.7,go,0,0,True,False
RP11-338K17.8,go,0,0,True,False
RP11-380L11.4,go,0,0,True,False
DNAH10OS,go,0,0,True,False
UBC,go,3,15,False,False
THRIL,go,0,0,True,False
LINC00939,go,0,0,True,False
LINC00944,go,0,0,True,False
LINC00507,go,0,0,True,False
RP11-669N7.2,go,0,0,True,False
ADGRD1,go,0,0,True,False
RP11-243M5.1,go,0,0,True,False
RP13-507P19.2,go,0,0,True,False
RP11-417L19.2,go,0,0,True,False
RP13-977J11.9,go,0,0,True,False
RP13-977J11.2,go,0,0,True,False
GALNT9,go,0,0,True,False
RP13-895J2.6,go,0,0,True,False
RP13-714J12.1,go,0,0,True,False
RP13-672B3.2,go,0,0,True,False
RP11-46H11.3,go,0,0,True,False
RP11-442J17.3,go,0,0,True,False
TUBA3C,go,0,0,True,False
CRYL1,go,0,0,True,False
LINC00539,go,0,0,True,False
LINC00540,go,0,0,True,False
LINC00327,go,0,0,True,False
TNFRSF19,go,0,0,True,False
RP11-271M24.2,go,0,0,True,False
ATP8A2,go,0,0,True,False
GPR12,go,0,0,True,False
USP12-AS2,go,0,0,True,False
RP11-428O18.6,go,0,0,True,False
CDX2,go,8,5,False,False
FLT1,go,0,0,True,False
SLC46A3,go,0,0,True,False
LINC00427,go,0,0,True,False
ALOX5AP,go,0,0,True,False
TEX26-AS1,go,0,0,True,False
LINC00545,go,0,0,True,False
FRY,go,0,0,True,False
N4BP2L1,go,0,0,True,False
N4BP2L2,go,7,3,False,False
NBEA,go,0,0,True,False
SMAD9,go,8,2,False,False
TRPC4,go,0,0,True,False
RP11-93G5.1,go,0,0,True,False
LINC00571,go,0,0,True,False
LINC00437,go,0,0,True,False
NHLRC3,go,6,3,False,False
LINC00548,go,0,0,True,False
ELF1,go,2,4,False,False
RGCC,go,8,0,False,False
EPSTI1,go,0,0,True,False
DNAJC15,go,0,0,True,False
CCDC122,go,0,0,True,False
SMIM2-AS1,go,0,0,True,False
SERP2,go,0,0,True,False
TUSC8,go,0,0,True,False
TSC22D1,go,7,15,False,True
TSC22D1-AS1,go,0,0,True,False
TPT1-AS1,go,0,0,True,False
RP11-290D2.3,go,0,0,True,False
SLC25A30-AS1,go,0,0,True,False
KIAA0226L,go,0,0,True,False
RP11-279N8.1,go,0,0,True,False
ITM2B,go,5,45,False,False
LPAR6,go,0,0,True,False
LINC00462,go,0,0,True,False
CYSLTR2,go,0,0,True,False
FNDC3A,go,1,1,False,False
SETDB2,go,2,1,False,False
ARL11,go,2,18,False,False
DLEU7-AS1,go,0,0,True,False
FAM124A,go,0,0,True,False
SERPINE3,go,0,0,True,False
INTS6,go,3,0,False,False
INTS6-AS1,go,0,0,True,False
CCDC70,go,0,0,True,False
CKAP2,go,7,3,False,False
LECT1,go,0,0,True,False
PCDH8,go,0,0,True,False
PCDH17,go,0,0,True,False
PCDH9,go,0,0,True,False
COMMD6,go,3,16,False,False
LMO7DN,go,0,0,True,False
RP11-52L5.6,go,0,0,True,False
SLITRK6,go,0,0,True,False
SLITRK5,go,0,0,True,False
LINC00379,go,0,0,True,False
SOX21,go,8,16,False,False
DNAJC3-AS1,go,0,0,True,False
DNAJC3,go,9,8,False,False
HS6ST3,go,0,0,True,False
RP11-65L19.4,go,0,0,True,False
FARP1,go,5,3,False,False
FARP1-AS1,go,0,0,True,False
STK24-AS1,go,0,0,True,False
SLC15A1,go,0,0,True,False
GPR183,go,0,0,True,False
RP11-214F16.8,go,0,0,True,False
LINC00449,go,0,0,True,False
PCCA-AS1,go,0,0,True,False
RP11-29B2.6,go,0,0,True,False
TEX30,go,2,1,False,False
LINC00460,go,0,0,True,False
EFNB2,go,0,0,True,False
ARGLU1,go,5,28,False,False
MYO16,go,3,0,False,False
RP11-54H7.4,go,0,0,True,False
LINC00370,go,0,0,True,False
LINC00346,go,0,0,True,False
ANKRD10,go,1,11,False,False
LINC00431,go,0,0,True,False
MCF2L,go,0,0,True,False
F10-AS1,go,0,0,True,False
GRTP1-AS1,go,0,0,True,False
TMEM255B,go,0,0,True,False
LINC00565,go,0,0,True,False
CTD-2314B22.1,go,0,0,True,False
TEP1,go,0,0,True,False
RNASE6,go,0,0,True,False
RNASE3,go,0,0,True,False
RP11-219E7.4,go,0,0,True,False
RNASE2,go,0,0,True,False
SLC39A2,go,0,0,True,False
RNASE7,go,0,0,True,False
RPGRIP1,go,0,0,True,False
TRDV2,go,0,0,True,False
TRDC,go,0,0,True,False
TRAC,go,0,0,True,False
AE000662.92,go,0,0,True,False
ABHD4,go,0,0,True,False
LRP10,go,2,0,False,False
CEBPE,go,10,12,False,True
SLC7A8,go,7,6,False,False
PPP1R3E,go,2,1,False,False
CMTM5,go,0,0,True,False
MYH6,go,0,0,True,False
JPH4,go,0,0,True,False
DHRS2,go,5,2,False,False
PSME1,go,8,7,False,False
RP11-468E2.5,go,0,0,True,False
RP11-468E2.4,go,0,0,True,False
IRF9,go,6,30,False,False
REC8,go,0,0,True,False
RP11-468E2.10,go,0,0,True,False
TSSK4,go,0,0,True,False
CIDEB,go,0,0,True,False
ADCY4,go,0,0,True,False
RP11-80A15.1,go,0,0,True,False
GZMB,go,0,0,True,False
LINC00645,go,0,0,True,False
RP11-596D21.1,go,0,0,True,False
CTD-2213F21.3,go,0,0,True,False
NPAS3,go,5,2,False,False
NFKBIA,go,3,3,False,False
RP11-259K15.2,go,0,0,True,False
NKX2-8,go,6,5,False,False
FOXA1,go,12,1,False,True
TTC6,go,0,0,True,False
RP11-111A21.1,go,0,0,True,False
RP11-662J14.2,go,0,0,True,False
KLHL28,go,0,0,True,False
LINC00871,go,0,0,True,False
MDGA2,go,0,0,True,False
RP11-831F12.2,go,0,0,True,False
MAP4K5,go,4,14,False,True
ATL1,go,5,1,False,True
RP11-286O18.1,go,0,0,True,False
PYGL,go,8,2,False,False
ABHD12B,go,0,0,True,False
RP11-102G14.1,go,0,0,True,False
GNG2,go,0,0,True,False
RP11-841O20.2,go,0,0,True,False
RP11-589M4.3,go,0,0,True,False
SAMD4A,go,0,0,True,False
LGALS3,go,0,0,True,False
RP11-665C16.6,go,0,0,True,False
LINC00520,go,0,0,True,False
RP11-930O11.3,go,0,0,True,False
RP11-1085N6.3,go,0,0,True,False
OTX2-AS1,go,0,0,True,False
RP11-932A10.1,go,0,0,True,False
C14orf105,go,0,0,True,False
RP11-409I10.2,go,0,0,True,False
C14orf37,go,0,0,True,False
TOMM20L,go,0,0,True,False
RP11-16B13.1,go,0,0,True,False
CTD-2184C24.2,go,0,0,True,False
HIF1A-AS1,go,0,0,True,False
HIF1A-AS2,go,0,0,True,False
CTD-2302E22.4,go,0,0,True,False
CTD-2555O16.1,go,0,0,True,False
ZBTB25,go,3,6,False,True
ZBTB1,go,5,1,False,True
HSPA2,go,0,0,True,False
GPX2,go,0,0,True,False
RP11-840I19.5,go,0,0,True,False
MPP5,go,8,0,False,False
ATP6V1D,go,6,3,False,False
TMEM229B,go,0,0,True,False
CTD-2566J3.1,go,0,0,True,False
ZFP36L1,go,3,1,False,False
RP11-817G13.3,go,0,0,True,False
CCDC177,go,0,0,True,False
SLC10A1,go,0,0,True,False
SMOC1,go,0,0,True,False
RP11-486O13.2,go,0,0,True,False
ADAM20P1,go,0,0,True,False
ADAM20,go,0,0,True,False
LINC01269,go,0,0,True,False
RP6-65G23.5,go,0,0,True,False
RGS6,go,0,0,True,False
AC005477.1,go,0,0,True,False
RP4-647C14.2,go,0,0,True,False
NUMB,go,3,1,False,False
RP4-693M11.3,go,0,0,True,False
ELMSAN1,go,6,3,False,True
RP5-1021I20.1,go,0,0,True,False
RP5-1021I20.5,go,0,0,True,False
FAM161B,go,0,0,True,False
RP3-449M8.9,go,0,0,True,False
NPC2,go,11,9,False,False
CTD-3075F15.1,go,0,0,True,False
FOS,go,19,5,False,False
LINC01220,go,0,0,True,False
VASH1,go,0,0,True,False
LRRC74A,go,0,0,True,False
RP11-7F17.8,go,0,0,True,False
RP11-7F17.5,go,0,0,True,False
ADCK1,go,0,0,True,False
RP11-406A9.2,go,0,0,True,False
FLRT2,go,0,0,True,False
RP11-1152H15.1,go,0,0,True,False
GPR65,go,0,0,True,False
LINC01146,go,0,0,True,False
RP11-507K2.2,go,0,0,True,False
RP11-356K23.2,go,0,0,True,False
ITPK1-AS1,go,0,0,True,False
IFI27L2,go,1,1,False,False
PPP4R4,go,0,0,True,False
DICER1-AS1,go,0,0,True,False
TCL1A,go,0,0,True,False
RP11-164H13.1,go,0,0,True,False
RP11-433J8.1,go,0,0,True,False
RP11-433J8.2,go,0,0,True,False
LINC01550,go,0,0,True,False
RP11-688G15.3,go,0,0,True,False
RP11-543C4.1,go,0,0,True,False
HHIPL1,go,0,0,True,False
SLC25A47,go,0,0,True,False
RP11-638I2.9,go,0,0,True,False
DLK1,go,0,0,True,False
RP11-8L8.2,go,0,0,True,False
CTD-2017C7.2,go,0,0,True,False
RP11-1017G21.6,go,0,0,True,False
HSP90AA1,go,10,10,False,False
RP11-365N19.2,go,0,0,True,False
TNFAIP2,go,6,1,False,False
RP11-45P15.4,go,0,0,True,False
CKB,go,7,3,False,False
LINC00637,go,0,0,True,False
C14orf180,go,0,0,True,False
CTD-3051D23.1,go,0,0,True,False
PLD4,go,0,0,True,False
GPR132,go,0,0,True,False
IGHV4-34,go,0,0,True,False
RP11-854K16.3,go,0,0,True,False
RP11-32B5.7,go,0,0,True,False
GOLGA6L22,go,0,0,True,False
GOLGA6L1,go,0,0,True,False
NPAP1,go,0,0,True,False
GABRG3,go,3,1,False,False
RP11-578F21.6,go,0,0,True,False
FAM189A1,go,0,0,True,False
RP11-680F8.3,go,0,0,True,False
CHRFAM7A,go,0,0,True,False
AC026150.8,go,0,0,True,False
GOLGA8Q,go,0,0,True,False
RP11-932O9.7,go,0,0,True,False
RP11-16E12.1,go,0,0,True,False
RP11-1000B6.8,go,0,0,True,False
GOLGA8N,go,0,0,True,False
RP11-1000B6.5,go,0,0,True,False
SCG5,go,0,0,True,False
RP11-3D4.4,go,0,0,True,False
CHRM5,go,0,0,True,False
SLC12A6,go,0,0,True,False
RP11-1084A12.2,go,0,0,True,False
ACTC1,go,0,0,True,False
RP11-128A17.1,go,0,0,True,False
C15orf53,go,0,0,True,False
THBS1,go,0,0,True,False
RP11-521C20.5,go,0,0,True,False
BMF,go,0,0,True,False
PAK6,go,0,0,True,False
PLCB2,go,0,0,True,False
RP11-133K1.6,go,0,0,True,False
PPP1R14D,go,0,0,True,False
SPINT1,go,0,0,True,False
CHP1,go,6,0,False,False
NUSAP1,go,2,1,False,False
RP11-380D11.2,go,0,0,True,False
JMJD7-PLA2G4B,go,0,0,True,False
PLA2G4E-AS1,go,0,0,True,False
CAPN3,go,0,0,True,False
RP11-265N6.2,go,0,0,True,False
EPB42,go,0,0,True,False
TGM5,go,0,0,True,False
MAP1A,go,2,1,False,False
STRC,go,0,0,True,False
PATL2,go,0,0,True,False
B2M,go,12,3,False,False
C15orf43,go,0,0,True,False
DUOXA2,go,0,0,True,False
DUOXA1,go,0,0,True,False
RP11-519G16.2,go,0,0,True,False
SLC28A2,go,0,0,True,False
SHC4,go,0,0,True,False
RP11-138E16.1,go,0,0,True,False
SECISBP2L,go,0,0,True,False
ATP8B4,go,0,0,True,False
CTD-2647E9.3,go,0,0,True,False
HDC,go,0,0,True,False
GABPB1-AS1,go,0,0,True,False
CTD-2378E12.1,go,0,0,True,False
CYP19A1,go,0,0,True,False
RP11-108K3.2,go,0,0,True,False
RP11-707P17.2,go,0,0,True,False
SCG3,go,5,3,False,False
TMOD2,go,0,0,True,False
RP11-56B16.5,go,0,0,True,False
GNB5,go,0,0,True,False
CTD-2184D3.7,go,0,0,True,False
CCPG1,go,4,5,False,False
PRTG,go,14,13,False,True
MYZAP,go,0,0,True,False
LIPC,go,0,0,True,False
RP11-50C13.1,go,0,0,True,False
CCNB2,go,7,8,False,False
ANXA2,go,20,9,False,False
RP11-299H22.1,go,0,0,True,False
TPM1,go,18,6,False,False
RP11-244F12.2,go,0,0,True,False
RP11-69G7.1,go,0,0,True,False
LACTB,go,6,3,False,False
AC007950.1,go,0,0,True,False
DAPK2,go,0,0,True,False
PPIB,go,4,15,False,False
KIAA0101,go,0,0,True,False
OAZ2,go,4,4,False,False
PIF1,go,0,0,True,False
CTD-2017F17.1,go,0,0,True,False
RASL12,go,0,0,True,False
RP11-325L12.7,go,0,0,True,False
IGDCC3,go,7,3,False,True
RP11-798K3.2,go,0,0,True,False
RP11-34F13.2,go,0,0,True,False
NOX5,go,0,0,True,False
EWSAT1,go,0,0,True,False
PCAT29,go,0,0,True,False
LARP6,go,0,0,True,False
RP11-1006G14.1,go,0,0,True,False
HIGD2B,go,0,0,True,False
ADPGK-AS1,go,0,0,True,False
ISLR2,go,0,0,True,False
STRA6,go,0,0,True,False
CYP11A1,go,0,0,True,False
CTD-2311M21.3,go,0,0,True,False
SEMA7A,go,0,0,True,False
CTD-3154N5.2,go,0,0,True,False
CTD-3154N5.1,go,0,0,True,False
CYP1A1,go,0,0,True,False
PTPN9,go,8,10,False,True
CTD-2026K11.4,go,0,0,True,False
DNM1P35,go,0,0,True,False
NRG4,go,0,0,True,False
TMEM266,go,0,0,True,False
RP11-593F23.1,go,0,0,True,False
ISL2,go,6,1,False,True
LINGO1-AS1,go,0,0,True,False
RP11-114H24.6,go,0,0,True,False
SH2D7,go,0,0,True,False
RP11-650L12.1,go,0,0,True,False
PSMA4,go,8,11,False,False
CHRNA3,go,0,0,True,False
RP11-16K12.1,go,0,0,True,False
BCL2A1,go,0,0,True,False
RP11-210M15.1,go,0,0,True,False
ABHD17C,go,0,0,True,False
IL16,go,0,0,True,False
STARD5,go,0,0,True,False
LINC01583,go,0,0,True,False
CPEB1-AS1,go,0,0,True,False
RP11-752G15.8,go,0,0,True,False
TM6SF1,go,0,0,True,False
RP11-182J1.5,go,0,0,True,False
AKAP13,go,4,0,False,False
RP11-815J21.4,go,0,0,True,False
RP11-158M2.4,go,0,0,True,False
NTRK3,go,0,0,True,False
ISG20,go,0,0,True,False
ACAN,go,0,0,True,False
MFGE8,go,20,8,False,False
ARPIN,go,0,0,True,False
IDH2,go,4,2,False,False
NGRN,go,0,0,True,False
RP11-697E2.11,go,0,0,True,False
CTD-3065B20.3,go,0,0,True,False
FURIN,go,7,1,False,False
FES,go,7,8,False,False
AC068831.15,go,0,0,True,False
PRC1,go,6,22,False,False
SV2B,go,0,0,True,False
CRAT37,go,0,0,True,False
ST8SIA2,go,0,0,True,False
CHD2,go,5,2,False,False
RGMA,go,0,0,True,False
RP11-76E17.2,go,0,0,True,False
RP11-76E17.3,go,0,0,True,False
NR2F2-AS1,go,0,0,True,False
RP11-327J17.8,go,0,0,True,False
NR2F2,go,9,0,False,False
ARRDC4,go,5,3,False,False
RP11-6O2.2,go,0,0,True,False
CTD-3076O17.1,go,0,0,True,False
CERS3,go,0,0,True,False
RP11-505E24.3,go,0,0,True,False
RP11-505E24.2,go,0,0,True,False
RP11-424I19.2,go,0,0,True,False
AC140725.4,go,0,0,True,False
HBZ,go,15,7,False,False
HBA2,go,15,7,False,False
HBA1,go,0,0,True,False
FAM234A,go,0,0,True,False
AC004754.3,go,0,0,True,False
NHLRC4,go,0,0,True,False
LA16c-349E10.1,go,0,0,True,False
LA16c-306A4.1,go,0,0,True,False
RP11-616M22.7,go,0,0,True,False
LA16c-358B7.3,go,0,0,True,False
LA16c-390E6.4,go,0,0,True,False
HAGH,go,3,10,False,False
XX-DJ76P10__A.2,go,0,0,True,False
HS3ST6,go,0,0,True,False
MSRB1,go,6,3,False,False
RPL3L,go,0,0,True,False
SNHG9,go,0,0,True,False
NOXO1,go,0,0,True,False
NPW,go,4,4,False,False
RP11-715J22.3,go,0,0,True,False
CTD-3126B10.4,go,0,0,True,False
PRSS22,go,0,0,True,False
LA16c-321D4.2,go,0,0,True,False
LA16c-380H5.3,go,0,0,True,False
CLDN9,go,0,0,True,False
CLDN6,go,15,13,False,True
TNFRSF12A,go,9,10,False,False
CCDC64B,go,0,0,True,False
MMP25,go,0,0,True,False
IL32,go,0,0,True,False
RP11-473M20.16,go,0,0,True,False
AJ003147.8,go,0,0,True,False
OR1F1,go,0,0,True,False
LINC00921,go,0,0,True,False
LA16c-360H6.3,go,0,0,True,False
MTRNR2L4,go,0,0,True,False
RP11-461A8.1,go,0,0,True,False
DNASE1,go,0,0,True,False
RP11-461A8.5,go,0,0,True,False
VASN,go,0,0,True,False
RP11-127I20.5,go,0,0,True,False
ROGDI,go,6,1,False,False
RP11-165E7.1,go,0,0,True,False
C16orf89,go,0,0,True,False
RBFOX1,go,0,0,True,False
ABAT,go,0,0,True,False
CARHSP1,go,3,3,False,False
RP11-77H9.5,go,0,0,True,False
ATF7IP2,go,1,0,False,False
RP11-609N14.1,go,0,0,True,False
RP11-876N24.2,go,0,0,True,False
RP11-396B14.2,go,0,0,True,False
SOCS1,go,7,3,False,False
RP11-486I11.2,go,0,0,True,False
CTD-3037G24.4,go,0,0,True,False
CPPED1,go,5,9,False,False
SHISA9,go,0,0,True,False
CTD-2135D7.2,go,0,0,True,False
CTD-2135D7.5,go,0,0,True,False
PLA2G10,go,1,1,False,False
RP11-680G24.6,go,0,0,True,False
C16orf45,go,0,0,True,False
MYH11,go,0,0,True,False
ARL6IP1,go,4,2,False,False
ITPRIPL2,go,0,0,True,False
RP11-626G11.3,go,0,0,True,False
ACSM5,go,0,0,True,False
ACSM3,go,1,0,False,False
ACSM1,go,0,0,True,False
ANKS4B,go,0,0,True,False
CRYM,go,4,6,False,False
METTL9,go,5,5,False,False
IGSF6,go,0,0,True,False
RP11-21M24.2,go,0,0,True,False
PLK1,go,6,4,False,False
CTD-2196E14.5,go,0,0,True,False
ERN2,go,0,0,True,False
PRKCB,go,6,3,False,False
CACNG3,go,0,0,True,False
CTD-2540M10.1,go,0,0,True,False
RP11-266L9.5,go,0,0,True,False
LCMT1-AS2,go,0,0,True,False
AQP8,go,0,0,True,False
AC002331.1,go,0,0,True,False
IL21R,go,0,0,True,False
APOBR,go,7,1,False,False
IL27,go,0,0,True,False
NUPR1,go,0,0,True,False
NPIPB8,go,0,0,True,False
RP11-1348G14.5,go,0,0,True,False
RP11-426C22.5,go,0,0,True,False
QPRT,go,6,13,False,False
C16orf54,go,0,0,True,False
AC009133.17,go,0,0,True,False
PRRT2,go,0,0,True,False
MVP,go,0,0,True,False
ASPHD1,go,0,0,True,False
TMEM219,go,5,45,False,False
YPEL3,go,3,1,False,False
CORO1A,go,14,5,False,False
RP11-455F5.5,go,0,0,True,False
ITGAL,go,0,0,True,False
RP11-297C4.3,go,0,0,True,False
CCDC189,go,0,0,True,False
ORAI3,go,11,26,False,False
HSD3B7,go,1,2,False,False
RP11-196G11.2,go,0,0,True,False
RP11-388M20.2,go,0,0,True,False
PRSS8,go,0,0,True,False
PYCARD,go,0,0,True,False
TRIM72,go,0,0,True,False
PYDC1,go,0,0,True,False
ITGAM,go,0,0,True,False
ITGAX,go,0,0,True,False
COX6A2,go,0,0,True,False
ZNF843,go,0,4,False,False
RP11-452L6.1,go,0,0,True,False
AHSP,go,5,1,False,False
CTD-2358C21.5,go,0,0,True,False
IGHV2OR16-5,go,0,0,True,False
RP11-46D6.1,go,0,0,True,False
ORC6,go,8,2,False,False
ITFG1-AS1,go,0,0,True,False
RP11-42I10.1,go,0,0,True,False
SNX20,go,0,0,True,False
NOD2,go,0,0,True,False
RP11-327F22.2,go,0,0,True,False
CASC16,go,0,0,True,False
RP11-357N13.3,go,0,0,True,False
RP11-324D17.3,go,0,0,True,False
IRX6,go,3,26,False,False
MMP2,go,0,0,True,False
LPCAT2,go,7,7,False,False
RP11-212I21.4,go,0,0,True,False
SLC6A2,go,0,0,True,False
RP11-413H22.3,go,0,0,True,False
MT2A,go,5,1,False,False
MT1E,go,0,0,True,False
MT1M,go,0,0,True,False
MT1F,go,5,2,False,False
MT1G,go,0,0,True,False
HERPUD1,go,4,1,False,False
NLRC5,go,0,0,True,False
CCL22,go,0,0,True,False
ADGRG5,go,0,0,True,False
ADGRG1,go,0,0,True,False
ADGRG3,go,0,0,True,False
RP11-405F3.4,go,0,0,True,False
DRC7,go,0,0,True,False
CTD-2600O9.1,go,0,0,True,False
CNGB1,go,0,0,True,False
NDRG4,go,0,0,True,False
RP11-21L1.1,go,0,0,True,False
RP11-403P17.3,go,0,0,True,False
RP11-403P17.4,go,0,0,True,False
CMTM2,go,0,0,True,False
RRAD,go,0,0,True,False
CES4A,go,0,0,True,False
LRRC36,go,0,0,True,False
TPPP3,go,0,0,True,False
AGRP,go,0,0,True,False
CTD-2012K14.6,go,0,0,True,False
EDC4,go,3,47,False,False
DPEP2,go,0,0,True,False
CTC-479C5.6,go,0,0,True,False
PLA2G15,go,12,3,False,False
RP11-96D1.7,go,0,0,True,False
SMPD3,go,0,0,True,False
RP11-615I2.6,go,0,0,True,False
RP11-529K1.4,go,0,0,True,False
IL34,go,0,0,True,False
HYDIN,go,0,0,True,False
CMTR2,go,4,1,False,False
RP11-510M2.2,go,0,0,True,False
TAT,go,0,0,True,False
PHLPP2,go,0,0,True,False
PKD1L3,go,0,0,True,False
HP,go,0,0,True,False
RP11-328J14.1,go,0,0,True,False
AC004158.3,go,0,0,True,False
ZFHX3,go,6,23,False,False
RP11-346C20.3,go,0,0,True,False
RP11-252A24.5,go,0,0,True,False
RP11-58C22.2,go,0,0,True,False
RP11-538I12.2,go,0,0,True,False
MAF,go,6,16,False,False
RP11-70D24.2,go,0,0,True,False
DYNLRB2,go,0,0,True,False
LINC01227,go,0,0,True,False
RP11-303E16.3,go,0,0,True,False
RP11-55K13.1,go,0,0,True,False
RP11-960L18.1,go,0,0,True,False
PLCG2,go,0,0,True,False
HSD17B2,go,0,0,True,False
RP11-510J16.5,go,0,0,True,False
OSGIN1,go,0,0,True,False
DNAAF1,go,0,0,True,False
RP11-486L19.2,go,0,0,True,False
WFDC1,go,0,0,True,False
COTL1,go,7,37,False,False
CRISPLD2,go,0,0,True,False
KIAA0513,go,1,3,False,False
FAM92B,go,0,0,True,False
RP11-442O1.4,go,0,0,True,False
RP11-442O1.3,go,0,0,True,False
RP11-568J23.6,go,0,0,True,False
FENDRR,go,0,0,True,False
FOXF1,go,10,0,False,True
RP11-463O9.9,go,0,0,True,False
RP11-134D3.2,go,0,0,True,False
MAP1LC3B,go,6,4,False,False
IL17C,go,0,0,True,False
CYBA,go,0,0,True,False
RP5-1142A6.5,go,0,0,True,False
RP5-1142A6.2,go,0,0,True,False
CBFA2T3,go,4,3,False,True
LINC00304,go,0,0,True,False
CDH15,go,0,0,True,False
AC137932.4,go,0,0,True,False
RP11-104N10.1,go,0,0,True,False
VPS9D1,go,0,0,True,False
TUBB3,go,11,9,False,False
RP11-566K11.5,go,0,0,True,False
RP11-356C4.3,go,0,0,True,False
AC108004.3,go,0,0,True,False
FAM101B,go,0,0,True,False
RP11-818O24.3,go,0,0,True,False
SLC43A2,go,0,0,True,False
TLCD2,go,0,0,True,False
MIR22HG,go,0,0,True,False
SERPINF2,go,0,0,True,False
SERPINF1,go,13,4,False,False
CTD-2545H1.2,go,0,0,True,False
RP11-667K14.3,go,0,0,True,False
RP1-59D14.10,go,0,0,True,False
RP1-59D14.5,go,0,0,True,False
RP11-74E22.5,go,0,0,True,False
RP11-74E22.8,go,0,0,True,False
OR3A1,go,0,0,True,False
ASPA,go,0,0,True,False
RP11-235E17.2,go,0,0,True,False
TAX1BP3,go,8,3,False,False
CTD-3195I5.3,go,0,0,True,False
P2RX1,go,7,1,False,False
CYB5D2,go,7,14,False,False
RP11-810M2.2,go,0,0,True,False
SPNS3,go,0,0,True,False
SPNS2,go,0,0,True,False
GGT6,go,0,0,True,False
SMTNL2,go,0,0,True,False
ALOX15,go,0,0,True,False
ZMYND15,go,0,0,True,False
TM4SF5,go,0,0,True,False
RP11-81A22.5,go,0,0,True,False
CHRNE,go,0,0,True,False
RP5-1050D4.2,go,0,0,True,False
AC109333.10,go,0,0,True,False
SLC52A1,go,0,0,True,False
SCIMP,go,0,0,True,False
WSCD1,go,0,0,True,False
AIPL1,go,0,0,True,False
CTC-281F24.5,go,0,0,True,False
FBXO39,go,0,0,True,False
ALOX12,go,0,0,True,False
CLEC10A,go,0,0,True,False
ASGR2,go,0,0,True,False
CLDN7,go,15,16,False,False
ACAP1,go,0,0,True,False
CD68,go,12,12,False,False
SHBG,go,0,0,True,False
SAT2,go,5,3,False,False
ATP1B2,go,0,0,True,False
DNAH2,go,0,0,True,False
KDM6B,go,0,0,True,False
TMEM88,go,0,0,True,False
GUCY2D,go,0,0,True,False
ALOX15B,go,0,0,True,False
HES7,go,7,4,False,True
VAMP2,go,1,1,False,False
ODF4,go,0,0,True,False
RNF222,go,0,0,True,False
CFAP52,go,0,0,True,False
GAS7,go,0,0,True,False
DNAH9,go,0,0,True,False
RP11-131K5.2,go,0,0,True,False
PMP22,go,4,1,False,False
TEKT3,go,0,0,True,False
CDRT4,go,0,0,True,False
RP11-385D13.1,go,0,0,True,False
UBB,go,10,3,False,False
LRRC75A,go,0,0,True,False
CCDC144A,go,0,0,True,False
RP11-416I2.1,go,0,0,True,False
MPRIP-AS1,go,0,0,True,False
RASD1,go,0,0,True,False
RAI1-AS1,go,0,0,True,False
RP1-253P7.4,go,0,0,True,False
MYO15A,go,0,0,True,False
FBXW10,go,0,0,True,False
SLC5A10,go,0,0,True,False
GRAP,go,0,0,True,False
GRAPL,go,0,0,True,False
CTC-457L16.2,go,0,0,True,False
MFAP4,go,0,0,True,False
ALDH3A2,go,0,0,True,False
RP11-209D14.2,go,0,0,True,False
AC004702.2,go,0,0,True,False
MAP2K3,go,3,1,False,True
RP11-822E23.7,go,0,0,True,False
FLJ36000,go,0,0,True,False
RP11-744K17.1,go,0,0,True,False
WSB1,go,4,4,False,False
LGALS9,go,0,0,True,False
RP11-138P22.1,go,0,0,True,False
LYRM9,go,0,0,True,False
CTD-2008P7.8,go,0,0,True,False
CTD-2008P7.1,go,0,0,True,False
VTN,go,0,0,True,False
FOXN1,go,8,0,False,False
AC010761.14,go,0,0,True,False
AC010761.6,go,0,0,True,False
RP11-20B24.2,go,0,0,True,False
PIPOX,go,0,0,True,False
SEZ6,go,0,0,True,False
CORO6,go,0,0,True,False
RP11-82O19.1,go,0,0,True,False
RP11-338L22.2,go,0,0,True,False
RP11-354P11.4,go,0,0,True,False
RP11-354P11.2,go,0,0,True,False
CPD,go,5,1,False,False
ADAP2,go,0,0,True,False
RP11-848P1.3,go,0,0,True,False
OMG,go,0,0,True,False
EVI2B,go,0,0,True,False
EVI2A,go,0,0,True,False
AC003101.1,go,0,0,True,False
RP11-227G15.10,go,0,0,True,False
RP11-227G15.11,go,0,0,True,False
RP11-227G15.8,go,0,0,True,False
RP11-466A19.1,go,0,0,True,False
RP11-220C2.1,go,0,0,True,False
CCL2,go,0,0,True,False
SLFN5,go,0,0,True,False
SLFN13,go,0,0,True,False
MMP28,go,0,0,True,False
HEATR9,go,0,0,True,False
AC015849.2,go,0,0,True,False
CCL5,go,0,0,True,False
CCL16,go,0,0,True,False
CCL3,go,0,0,True,False
CCL4,go,0,0,True,False
AC131056.3,go,0,0,True,False
CCL3L3,go,0,0,True,False
CCL4L2,go,0,0,True,False
TBC1D3I,go,0,0,True,False
CTD-3194G12.2,go,0,0,True,False
RP11-445F12.1,go,0,0,True,False
LHX1,go,9,0,False,True
RP11-445F12.2,go,0,0,True,False
SYNRG,go,3,4,False,False
RP11-697E22.1,go,0,0,True,False
SRCIN1,go,0,0,True,False
CTB-58E17.9,go,0,0,True,False
AC006449.2,go,0,0,True,False
PSMB3,go,9,19,False,False
RP1-56K13.2,go,0,0,True,False
LINC00672,go,0,0,True,False
ARL5C,go,0,0,True,False
STAC2,go,0,0,True,False
FBXL20,go,2,0,False,False
NEUROD2,go,4,2,False,False
PPP1R1B,go,0,0,True,False
PNMT,go,2,2,False,False
IKZF3,go,3,8,False,True
GSDMB,go,0,0,True,False
RP11-387H17.4,go,0,0,True,False
RARA-AS1,go,0,0,True,False
TOP2A,go,4,1,False,False
IGFBP4,go,16,9,False,False
RP5-1028K7.2,go,0,0,True,False
CCR7,go,0,0,True,False
KRTAP9-9,go,0,0,True,False
KRT33B,go,0,0,True,False
KRT19,go,13,8,False,False
KRT14,go,0,0,True,False
KRT17,go,6,4,False,False
EIF1,go,4,5,False,False
GAST,go,0,0,True,False
HAP1,go,0,0,True,False
KLHL10,go,0,0,True,False
DHX58,go,0,0,True,False
RP11-358B23.5,go,0,0,True,False
PTRF,go,0,0,True,False
CCR10,go,8,1,False,False
CTD-3193K9.4,go,0,0,True,False
VAT1,go,5,2,False,False
NBR1,go,3,4,False,False
TMEM106A,go,0,0,True,False
LINC00910,go,0,0,True,False
SOST,go,0,0,True,False
CD300LG,go,0,0,True,False
CTB-175E5.7,go,0,0,True,False
RP5-882C2.2,go,0,0,True,False
SLC4A1,go,9,2,False,True
RUNDC3A-AS1,go,0,0,True,False
GRN,go,14,5,False,False
GFAP,go,0,0,True,False
KIF18B,go,5,6,False,True
AC142472.6,go,0,0,True,False
AC002117.1,go,0,0,True,False
RP13-890H12.2,go,0,0,True,False
CTD-2020K17.1,go,0,0,True,False
FMNL1,go,8,19,False,False
RP11-798G7.5,go,0,0,True,False
MAPT-AS1,go,0,0,True,False
MYL4,go,4,0,False,False
CTD-2026D20.2,go,0,0,True,False
SP6,go,2,16,False,False
RP11-6N17.2,go,0,0,True,False
SKAP1,go,0,0,True,False
RP11-433M22.2,go,0,0,True,False
HOXB2,go,7,6,False,False
HOXB-AS1,go,0,0,True,False
HOXB3,go,10,2,False,False
HOXB-AS3,go,0,0,True,False
HOXB4,go,9,2,False,False
HOXB5,go,6,41,False,False
HOXB6,go,9,11,False,False
HOXB9,go,6,20,False,True
HOXB-AS4,go,0,0,True,False
CTD-2377D24.6,go,0,0,True,False
TTLL6,go,0,0,True,False
GIP,go,0,0,True,False
B4GALNT2,go,0,0,True,False
GNGT2,go,0,0,True,False
PHOSPHO1,go,0,0,True,False
RP11-1079K10.3,go,0,0,True,False
NGFR,go,0,0,True,False
NXPH3,go,0,0,True,False
TAC4,go,0,0,True,False
RP11-304F15.4,go,0,0,True,False
DLX4,go,4,50,False,False
ITGA3,go,0,0,True,False
SGCA,go,0,0,True,False
COL1A1,go,3,3,False,True
RP11-893F2.5,go,0,0,True,False
EPN3,go,0,0,True,False
CACNA1G,go,0,0,True,False
RP11-294J22.6,go,0,0,True,False
WFIKKN2,go,0,0,True,False
RP11-700H6.2,go,0,0,True,False
NME1,go,3,1,False,False
RP11-1018N14.1,go,0,0,True,False
ANKFN1,go,0,0,True,False
RP11-670E13.6,go,0,0,True,False
SCPEP1,go,0,0,True,False
RP11-166P13.3,go,0,0,True,False
EPX,go,0,0,True,False
RP11-506H21.5,go,0,0,True,False
BZRAP1-AS1,go,0,0,True,False
RP5-1171I10.5,go,0,0,True,False
RNF43,go,0,0,True,False
SEPT4-AS1,go,0,0,True,False
AC099850.1,go,0,0,True,False
YPEL2,go,0,0,True,False
LINC01476,go,0,0,True,False
VMP1,go,3,2,False,False
CTD-2319I12.2,go,0,0,True,False
CA4,go,0,0,True,False
C17orf64,go,0,0,True,False
RP11-136H19.1,go,0,0,True,False
TBX2,go,10,3,False,True
CTD-3035K23.6,go,0,0,True,False
MRC2,go,7,2,False,False
RP11-269G24.6,go,0,0,True,False
ACE,go,0,0,True,False
CTD-2501B8.1,go,0,0,True,False
KCNH6,go,0,0,True,False
LIMD2,go,6,32,False,False
GH2,go,0,0,True,False
GH1,go,0,0,True,False
PRR29-AS1,go,0,0,True,False
PECAM1,go,0,0,True,False
MILR1,go,0,0,True,False
RP11-583F2.2,go,0,0,True,False
RP11-583F2.5,go,0,0,True,False
RP11-160O5.1,go,0,0,True,False
RP11-74H8.1,go,0,0,True,False
BPTF,go,3,3,False,False
KPNA2,go,2,1,False,False
AC145343.2,go,0,0,True,False
RP11-147L13.12,go,0,0,True,False
RP11-147L13.14,go,0,0,True,False
RP11-147L13.8,go,0,0,True,False
RP11-147L13.15,go,0,0,True,False
ARSG,go,0,0,True,False
WIPI1,go,4,2,False,False
FAM20A,go,0,0,True,False
ABCA9,go,0,0,True,False
ABCA6,go,0,0,True,False
ABCA5,go,0,0,True,False
MAP2K6,go,2,1,False,True
LINC01483,go,0,0,True,False
SSTR2,go,0,0,True,False
DNAI2,go,0,0,True,False
CD300A,go,0,0,True,False
RAB37,go,0,0,True,False
CD300LF,go,0,0,True,False
HID1,go,0,0,True,False
HN1,go,0,0,True,False
RP11-16C1.1,go,0,0,True,False
MYO15B,go,0,0,True,False
SMIM5,go,0,0,True,False
WBP2,go,6,5,False,False
CTD-2246P4.1,go,0,0,True,False
LINC00868,go,0,0,True,False
RP11-13K12.2,go,0,0,True,False
RP11-13K12.1,go,0,0,True,False
C17orf99,go,6,3,False,False
AFMID,go,5,11,False,False
BIRC5,go,9,8,False,False
AC061992.2,go,0,0,True,False
SOCS3,go,6,4,False,False
TIMP2,go,0,0,True,False
LGALS3BP,go,0,0,True,False
C1QTNF1-AS1,go,0,0,True,False
RBFOX3,go,0,0,True,False
HP09025,go,0,0,True,False
RP11-353N14.1,go,0,0,True,False
RP11-334C17.5,go,0,0,True,False
RNF213,go,3,1,False,False
BAIAP2-AS1,go,0,0,True,False
RP11-1055B8.3,go,0,0,True,False
ACTG1,go,18,6,False,False
TSPAN10,go,0,0,True,False
GCGR,go,0,0,True,False
PPP1R27,go,0,0,True,False
P4HB,go,15,5,False,False
RP11-498C9.16,go,0,0,True,False
SIRT7,go,5,1,False,False
SLC16A3,go,0,0,True,False
RP13-516M14.4,go,0,0,True,False
CD7,go,14,32,False,False
UTS2R,go,0,0,True,False
RP11-497H17.1,go,0,0,True,False
AC144831.3,go,0,0,True,False
AC144831.1,go,0,0,True,False
AC139099.6,go,0,0,True,False
RP11-806L2.2,go,0,0,True,False
CTD-2015H3.1,go,0,0,True,False
RP11-737O24.5,go,0,0,True,False
MYOM1,go,0,0,True,False
MYL12A,go,6,23,False,False
GAPLINC,go,0,0,True,False
DLGAP1-AS1,go,0,0,True,False
L3MBTL4-AS1,go,0,0,True,False
ANKRD12,go,5,7,False,False
LINC01254,go,0,0,True,False
APCDD1,go,0,0,True,False
RP11-820I16.4,go,0,0,True,False
ANKRD62,go,0,0,True,False
RP11-773H22.4,go,0,0,True,False
CYP4F35P,go,0,0,True,False
RP11-13N13.6,go,0,0,True,False
RP11-627G18.2,go,0,0,True,False
HRH4,go,0,0,True,False
RP11-178F10.2,go,0,0,True,False
DSC3,go,0,0,True,False
DSC2,go,8,6,False,False
DSCAS,go,0,0,True,False
DSC1,go,0,0,True,False
DSG1-AS1,go,0,0,True,False
RNF125,go,1,1,False,False
RP11-53I6.4,go,0,0,True,False
RP11-294N21.3,go,0,0,True,False
ZNF397,go,2,7,False,False
ZNF396,go,7,9,False,False
RP11-905K4.1,go,0,0,True,False
RP11-49I11.1,go,0,0,True,False
FHOD3,go,0,0,True,False
CELF4,go,0,0,True,False
KC6,go,0,0,True,False
SYT4,go,0,0,True,False
SETBP1,go,6,15,False,False
SIGLEC15,go,0,0,True,False
RNF165,go,3,1,False,False
RP11-49K24.8,go,0,0,True,False
RP11-484L8.1,go,0,0,True,False
RPL17-C18orf32,go,0,0,True,False
MIR1539,go,0,0,True,False
LIPG,go,0,0,True,False
SNHG22,go,0,0,True,False
CFAP53,go,0,0,True,False
RP11-729L2.2,go,0,0,True,False
DCC,go,0,0,True,False
TCF4,go,13,11,False,False
RP11-397A16.3,go,0,0,True,False
ALPK2,go,0,0,True,False
RP11-1151B14.4,go,0,0,True,False
PMAIP1,go,6,4,False,False
TNFRSF11A,go,0,0,True,False
RP11-635N19.1,go,0,0,True,False
SERPINB4,go,0,0,True,False
SERPINB8,go,0,0,True,False
CNDP1,go,0,0,True,False
RP11-162A12.2,go,0,0,True,False
RP11-862L9.3,go,0,0,True,False
MBP,go,0,0,True,False
RP11-248M19.1,go,0,0,True,False
AC139100.3,go,0,0,True,False
TRIB3,go,6,0,False,False
SLC52A3,go,0,0,True,False
RSPO4,go,0,0,True,False
C20orf202,go,0,0,True,False
SNPH,go,0,0,True,False
SIRPB2,go,0,0,True,False
SIRPD,go,0,0,True,False
SIRPB1,go,0,0,True,False
EBF4,go,4,15,False,False
CPXM1,go,8,3,False,False
C20orf141,go,0,0,True,False
GNRH2,go,0,0,True,False
AVP,go,0,0,True,False
RP4-794I6.4,go,0,0,True,False
C20orf194,go,0,0,True,False
RP11-352D3.2,go,0,0,True,False
SMOX,go,0,0,True,False
LINC01433,go,0,0,True,False
RP5-1164C1.2,go,0,0,True,False
RP5-1068H6.6,go,0,0,True,False
RASSF2,go,0,0,True,False
PCNA,go,2,0,False,False
RP5-1022P6.7,go,0,0,True,False
RP5-1022P6.5,go,0,0,True,False
CHGB,go,0,0,True,False
RP5-1069C8.2,go,0,0,True,False
SPTLC3,go,0,0,True,False
RP4-777L9.3,go,0,0,True,False
SLC24A3,go,0,0,True,False
RP1-122P22.4,go,0,0,True,False
KIZ-AS1,go,0,0,True,False
NKX2-4,go,6,19,False,False
CD93,go,0,0,True,False
LINC00656,go,0,0,True,False
CST9L,go,0,0,True,False
CST3,go,20,19,False,False
CST1,go,0,0,True,False
CST7,go,0,0,True,False
DEFB123,go,0,0,True,False
LINC00028,go,0,0,True,False
RP3-324O17.8,go,0,0,True,False
ID1,go,9,2,False,False
COX4I2,go,0,0,True,False
TPX2,go,7,11,False,False
DUSP15,go,0,0,True,False
CCM2L,go,0,0,True,False
RP1-310O13.7,go,0,0,True,False
HCK,go,0,0,True,False
RP11-410N8.3,go,0,0,True,False
RP11-410N8.4,go,0,0,True,False
BPIFB1,go,0,0,True,False
ACTL10,go,0,0,True,False
ASIP,go,0,0,True,False
TP53INP2,go,0,0,True,False
MYH7B,go,0,0,True,False
PROCR,go,0,0,True,False
MMP24-AS1,go,0,0,True,False
RP3-477O4.14,go,0,0,True,False
RP4-550H1.4,go,0,0,True,False
RP11-234K24.3,go,0,0,True,False
MYL9,go,0,0,True,False
SLA2,go,0,0,True,False
MROH8,go,0,0,True,False
RP4-640H8.2,go,0,0,True,False
VSTM2L,go,0,0,True,False
KIAA1755,go,0,0,True,False
BPI,go,0,0,True,False
SLC32A1,go,0,0,True,False
RP5-1031J8.1,go,0,0,True,False
MAFB,go,10,0,False,False
RP4-644L1.2,go,0,0,True,False
PLCG1-AS1,go,0,0,True,False
RP1-138B7.6,go,0,0,True,False
SGK2,go,0,0,True,False
GTSF1L,go,0,0,True,False
RP5-1030M6.3,go,0,0,True,False
R3HDML,go,0,0,True,False
HNF4A,go,10,11,False,True
PKIG,go,5,9,False,False
STK4,go,4,6,False,False
WFDC12,go,0,0,True,False
SLPI,go,0,0,True,False
SDC4,go,0,0,True,False
RP3-453C12.15,go,0,0,True,False
WFDC2,go,0,0,True,False
ZSWIM1,go,6,5,False,False
CTSA,go,15,15,False,False
MMP9,go,0,0,True,False
RP11-394O2.3,go,0,0,True,False
SLC2A10,go,0,0,True,False
RP4-569M23.5,go,0,0,True,False
SULF2,go,0,0,True,False
PTGIS,go,0,0,True,False
SNAI1,go,10,0,False,True
RP11-112L6.2,go,0,0,True,False
CEBPB,go,15,4,False,True
LINC01272,go,0,0,True,False
PTPN1,go,6,0,False,True
RP4-530I15.6,go,0,0,True,False
ATP9A,go,0,0,True,False
LINC01429,go,0,0,True,False
RP4-669H2.1,go,0,0,True,False
AC005808.3,go,0,0,True,False
LINC01441,go,0,0,True,False
FAM210B,go,0,2,False,False
AURKA,go,7,3,False,False
FAM209A,go,0,0,True,False
TFAP2C,go,7,56,False,False
BMP7,go,0,0,True,False
SPO11,go,0,0,True,False
PCK1,go,0,0,True,False
PMEPA1,go,0,0,True,False
NKILA,go,0,0,True,False
STX16-NPEPL1,go,0,0,True,False
CTSZ,go,16,20,False,False
TUBB1,go,0,0,True,False
C20orf197,go,0,0,True,False
MIR646HG,go,0,0,True,False
RP11-429E11.2,go,0,0,True,False
RP11-93B14.9,go,0,0,True,False
RP11-93B14.10,go,0,0,True,False
LINC00659,go,0,0,True,False
OGFR-AS1,go,0,0,True,False
COL9A3,go,0,0,True,False
BIRC7,go,0,0,True,False
EEF1A2,go,2,1,False,False
HELZ2,go,0,0,True,False
RP4-583P15.15,go,0,0,True,False
UCKL1-AS1,go,0,0,True,False
OPRL1,go,0,0,True,False
LINC00266-1,go,0,0,True,False
THEG,go,0,0,True,False
SHC2,go,0,0,True,False
ODF3L2,go,0,0,True,False
BSG,go,14,10,False,False
AC004156.3,go,0,0,True,False
PRSS57,go,10,6,False,False
AC006273.5,go,0,0,True,False
AZU1,go,0,0,True,False
PRTN3,go,0,0,True,False
ELANE,go,0,0,True,False
CFD,go,4,0,False,False
CNN2,go,10,6,False,False
POLR2E,go,5,2,False,False
C19orf26,go,7,0,False,True
AC004221.2,go,0,0,True,False
MIDN,go,3,10,False,True
AC005330.2,go,0,0,True,False
LLNLR-307A6.1,go,0,0,True,False
REEP6,go,2,3,False,False
CSNK1G2-AS1,go,0,0,True,False
MKNK2,go,4,11,False,False
IZUMO4,go,0,0,True,False
AC004490.1,go,0,0,True,False
C19orf35,go,0,0,True,False
GADD45B,go,0,0,True,False
ZNF556,go,1,5,False,False
TLE6,go,0,0,True,False
TLE2,go,0,0,True,False
AC005264.2,go,0,0,True,False
AC010649.1,go,0,0,True,False
SMIM24,go,0,0,True,False
AC005954.4,go,0,0,True,False
ATCAY,go,0,0,True,False
CREB3L3,go,11,17,False,False
EBI3,go,0,0,True,False
CTB-50L17.16,go,0,0,True,False
SEMA6B,go,0,0,True,False
MIR7-3HG,go,0,0,True,False
PTPRS,go,10,0,False,False
CATSPERD,go,0,0,True,False
AC024592.9,go,0,0,True,False
AC104532.2,go,0,0,True,False
DENND1C,go,0,0,True,False
TNFSF9,go,13,6,False,False
CD70,go,0,0,True,False
TNFSF14,go,0,0,True,False
C3,go,0,0,True,False
ADGRE1,go,0,0,True,False
INSR,go,5,5,False,False
CTB-133G6.1,go,0,0,True,False
CTB-133G6.2,go,0,0,True,False
PCP2,go,0,0,True,False
RETN,go,0,0,True,False
MCEMP1,go,0,0,True,False
FCER2,go,0,0,True,False
CLEC4G,go,0,0,True,False
CD209,go,0,0,True,False
CLEC4M,go,0,0,True,False
CTD-3193O13.11,go,0,0,True,False
CTD-3193O13.13,go,0,0,True,False
CTD-3193O13.1,go,0,0,True,False
FBN3,go,0,0,True,False
ANGPTL4,go,0,0,True,False
MARCH2,go,0,0,True,False
RP11-886P16.6,go,0,0,True,False
PRAM1,go,0,0,True,False
MYO1F,go,0,0,True,False
MUC16,go,0,0,True,False
CTD-2623N2.5,go,0,0,True,False
OLFM2,go,0,0,True,False
S1PR2,go,9,1,False,True
ICAM1,go,19,9,False,False
ICAM4,go,16,19,False,False
C19orf38,go,0,0,True,False
SPC24,go,2,3,False,False
CTC-510F12.2,go,0,0,True,False
ANGPTL8,go,0,0,True,False
TSPAN16,go,0,0,True,False
RAB3D,go,0,0,True,False
CCDC159,go,0,0,True,False
CNN1,go,8,2,False,True
ACP5,go,0,0,True,False
ZNF763,go,1,4,False,False
ZNF844,go,1,1,False,False
ZNF625,go,0,0,True,False
CTD-2666L21.1,go,0,0,True,False
JUNB,go,10,0,False,False
PRDX2,go,15,3,False,False
RTBDN,go,0,0,True,False
KLF1,go,2,15,False,True
CALR,go,20,6,False,False
CTC-425F1.4,go,0,0,True,False
AC007787.2,go,0,0,True,False
LYL1,go,10,4,False,True
IER2,go,5,9,False,False
CACNA1A,go,0,0,True,False
ZSWIM4,go,0,0,True,False
CTD-3252C9.4,go,0,0,True,False
PODNL1,go,0,0,True,False
RLN3,go,0,0,True,False
SAMD1,go,5,1,False,True
CTB-55O6.12,go,0,0,True,False
CTD-2189E23.1,go,0,0,True,False
CTC-548K16.1,go,0,0,True,False
ADGRE5,go,0,0,True,False
DNAJB1,go,4,6,False,False
ADGRE3,go,0,0,True,False
ADGRE2,go,0,0,True,False
LLNLR-246C6.1,go,0,0,True,False
PGLYRP2,go,0,0,True,False
CYP4F3,go,0,0,True,False
CYP4F12,go,0,0,True,False
AC004791.2,go,0,0,True,False
TPM4,go,12,16,False,False
CTD-2231E14.8,go,0,0,True,False
HSH2D,go,0,0,True,False
CIB3,go,0,0,True,False
CTD-2562J15.4,go,0,0,True,False
CTD-2562J15.6,go,0,0,True,False
KLF2,go,11,2,False,False
CTD-2013N17.4,go,0,0,True,False
CTD-3222D19.8,go,0,0,True,False
NWD1,go,0,0,True,False
CTD-2528A14.3,go,0,0,True,False
CTD-3032J10.3,go,0,0,True,False
BST2,go,14,14,False,False
BISPR,go,0,0,True,False
CTD-2521M24.8,go,0,0,True,False
CTD-3131K8.3,go,0,0,True,False
CTD-3149D2.4,go,0,0,True,False
INSL3,go,0,0,True,False
AC007192.6,go,0,0,True,False
IFI30,go,4,7,False,False
KIAA1683,go,0,0,True,False
JUND,go,11,7,False,False
GDF15,go,20,15,False,False
LRRC25,go,0,0,True,False
AC005197.2,go,0,0,True,False
AC005932.1,go,0,0,True,False
TM6SF2,go,0,0,True,False
LPAR2,go,0,0,True,False
GMIP,go,2,9,False,False
ZNF85,go,4,7,False,False
ZNF431,go,3,3,False,False
ZNF738,go,0,0,True,False
LINC00664,go,0,0,True,False
ZNF492,go,1,5,False,False
RP11-15H20.7,go,0,0,True,False
CTB-92J24.3,go,0,0,True,False
AC093074.1,go,0,0,True,False
AC005616.2,go,0,0,True,False
AC079466.1,go,0,0,True,False
ZNF536,go,3,2,False,False
TDRD12,go,0,0,True,False
WDR88,go,0,0,True,False
CEBPA,go,19,6,False,True
CTD-2540B15.11,go,0,0,True,False
CTD-2329C7.2,go,0,0,True,False
CHST8,go,0,0,True,False
ZNF30-AS1,go,0,0,True,False
CTD-2527I21.7,go,0,0,True,False
CTD-2527I21.14,go,0,0,True,False
HPN,go,0,0,True,False
LGI4,go,0,0,True,False
HAMP,go,0,0,True,False
AC002511.2,go,0,0,True,False
FFAR2,go,0,0,True,False
SBSN,go,0,0,True,False
UPK1A-AS1,go,0,0,True,False
AD000671.6,go,0,0,True,False
HCST,go,0,0,True,False
TYROBP,go,6,1,False,False
LINC00665,go,0,0,True,False
ZFP82,go,3,14,False,False
ZNF570,go,3,8,False,False
CTD-3064H18.4,go,0,0,True,False
PPP1R14A,go,4,1,False,False
C19orf33,go,0,0,True,False
KCNK6,go,0,0,True,False
CATSPERG,go,0,0,True,False
GGN,go,0,0,True,False
SPRED3,go,0,0,True,False
RASGRP4,go,0,0,True,False
CTB-186G2.1,go,0,0,True,False
AC104534.2,go,0,0,True,False
CTC-218B8.3,go,0,0,True,False
SYCN,go,0,0,True,False
IFNL1,go,0,0,True,False
GMFG,go,5,1,False,False
ZFP36,go,0,0,True,False
CTB-60E11.9,go,0,0,True,False
CLC,go,0,0,True,False
FCGBP,go,0,0,True,False
ZNF780B,go,0,2,False,False
TTC9B,go,0,0,True,False
CNTD2,go,0,0,True,False
PLD3,go,5,3,False,False
HIPK4,go,0,0,True,False
PRX,go,0,0,True,False
SERTAD1,go,5,10,False,False
CTC-492K19.4,go,0,0,True,False
BLVRB,go,8,5,False,False
MIA,go,0,0,True,False
RAB4B,go,10,3,False,False
CTC-490E21.14,go,0,0,True,False
CTC-490E21.12,go,0,0,True,False
CTC-490E21.10,go,0,0,True,False
AXL,go,7,6,False,False
TGFB1,go,0,0,True,False
B3GNT8,go,0,0,True,False
PCAT19,go,0,0,True,False
LINC01480,go,0,0,True,False
AC006129.2,go,0,0,True,False
RABAC1,go,10,29,False,False
ATP1A3,go,6,1,False,False
GRIK5,go,0,0,True,False
CEACAM1,go,0,0,True,False
PSG1,go,0,0,True,False
PSG11,go,0,0,True,False
PSG9,go,0,0,True,False
LYPD3,go,0,0,True,False
SRRM5,go,0,0,True,False
PLAUR,go,16,0,False,False
IRGC,go,0,0,True,False
CEACAM20,go,0,0,True,False
IGSF23,go,0,0,True,False
BCL3,go,0,0,True,False
APOE,go,1,1,False,False
APOC1,go,0,0,True,False
APOC4-APOC2,go,0,0,True,False
APOC4,go,0,0,True,False
RELB,go,10,3,False,False
CTB-179K24.3,go,0,0,True,False
TRAPPC6A,go,1,1,False,False
AC006126.3,go,0,0,True,False
CKM,go,0,0,True,False
FOSB,go,10,10,False,True
RTN2,go,6,0,False,False
GIPR,go,13,0,False,False
FOXA3,go,8,10,False,True
IGFL4,go,0,0,True,False
AC007193.6,go,0,0,True,False
IGFL2,go,0,0,True,False
AC006262.4,go,0,0,True,False
AC006262.5,go,0,0,True,False
HIF3A,go,11,2,False,False
AC007193.9,go,0,0,True,False
AC007193.8,go,0,0,True,False
PNMAL2,go,0,0,True,False
PTGIR,go,0,0,True,False
GNG8,go,0,0,True,False
DACT3,go,0,0,True,False
MEIS3,go,6,5,False,False
SLC8A2,go,0,0,True,False
ZNF541,go,4,7,False,False
SULT2A1,go,0,0,True,False
CARD8-AS1,go,0,0,True,False
EMP3,go,5,36,False,False
FAM83E,go,0,0,True,False
CA11,go,4,9,False,False
NTN5,go,0,0,True,False
FUT2,go,0,0,True,False
FUT1,go,3,1,False,False
HSD17B14,go,0,0,True,False
PLEKHA4,go,8,2,False,False
PPP1R15A,go,2,0,False,False
CTD-2639E6.9,go,0,0,True,False
FTL,go,6,21,False,False
HRC,go,1,0,False,False
TRPM4,go,1,0,False,False
SLC6A16,go,0,0,True,False
CD37,go,0,0,True,False
PTH2,go,0,0,True,False
FLT3LG,go,0,0,True,False
FCGRT,go,5,3,False,False
FUZ,go,0,0,True,False
AC006942.4,go,0,0,True,False
ATF5,go,12,16,False,False
MYH14,go,0,0,True,False
KCNC3,go,0,0,True,False
NAPSA,go,0,0,True,False
MYBPC2,go,0,0,True,False
CTD-2545M3.8,go,0,0,True,False
CTD-2568A17.8,go,0,0,True,False
KLK4,go,0,0,True,False
KLK11,go,0,0,True,False
SIGLEC7,go,0,0,True,False
IGLON5,go,0,0,True,False
CTD-2616J11.16,go,0,0,True,False
CTD-2616J11.9,go,0,0,True,False
NKG7,go,0,0,True,False
SIGLEC10,go,0,0,True,False
CTD-2616J11.3,go,0,0,True,False
CEACAM18,go,0,0,True,False
SIGLEC6,go,0,0,True,False
SIGLEC5,go,0,0,True,False
SIGLEC14,go,11,3,False,False
HAS1,go,0,0,True,False
FPR1,go,0,0,True,False
CTD-2525I3.3,go,0,0,True,False
CTD-2525I3.6,go,0,0,True,False
ZNF610,go,3,5,False,False
ZNF578,go,1,8,False,False
ZNF83,go,1,0,False,False
ZNF677,go,4,0,False,False
BIRC8,go,0,0,True,False
NLRP12,go,0,0,True,False
MYADM,go,0,0,True,False
PRKCG,go,0,0,True,False
CACNG8,go,0,0,True,False
TARM1,go,0,0,True,False
TMC4,go,0,0,True,False
MBOAT7,go,5,2,False,False
AC012314.20,go,0,0,True,False
LILRB2,go,0,0,True,False
CDC42EP5,go,0,0,True,False
LILRA2,go,0,0,True,False
LILRA1,go,0,0,True,False
LILRB1,go,0,0,True,False
CTB-61M7.2,go,0,0,True,False
GP6,go,15,14,False,False
TNNT1,go,6,2,False,False
TNNI3,go,9,3,False,False
PTPRH,go,8,5,False,False
TMEM150B,go,0,0,True,False
IL11,go,0,0,True,False
UBE2S,go,2,3,False,False
AC010525.4,go,0,0,True,False
CTD-2619J13.13,go,0,0,True,False
AC016629.3,go,0,0,True,False
PCDH11Y,go,0,0,True,False
RP11-65G9.1,go,0,0,True,False
LINC01297,go,0,0,True,False
AC007064.24,go,0,0,True,False
IL17RA,go,20,2,False,False
CECR5-AS1,go,0,0,True,False
CECR1,go,0,0,True,False
UFD1L,go,0,0,True,False
CDC45,go,1,1,False,False
LINC00895,go,0,0,True,False
COMT,go,3,1,False,False
TANGO2,go,4,3,False,False
AC006547.15,go,0,0,True,False
RANBP1,go,1,11,False,False
XXbac-B33L19.4,go,0,0,True,False
SERPIND1,go,0,0,True,False
P2RX6,go,0,0,True,False
LRRC74B,go,0,0,True,False
TMEM191C,go,0,0,True,False
RIMBP3C,go,0,0,True,False
SDF2L1,go,4,2,False,False
YPEL1,go,2,4,False,False
MAPK1,go,5,0,False,True
IGLC6,go,0,0,True,False
PCAT14,go,0,0,True,False
RGL4,go,0,0,True,False
C22orf15,go,0,0,True,False
KB-1125A3.12,go,0,0,True,False
GSTT2B,go,0,0,True,False
KB-226F1.2,go,0,0,True,False
GGT5,go,0,0,True,False
ADORA2A-AS1,go,0,0,True,False
UPB1,go,0,0,True,False
PIWIL3,go,0,0,True,False
SGSM1,go,0,0,True,False
CTA-243E7.4,go,0,0,True,False
CTA-221G9.12,go,0,0,True,False
CTA-390C10.9,go,0,0,True,False
ADRBK2,go,0,0,True,False
CTA-407F11.7,go,0,0,True,False
CTA-373H7.7,go,0,0,True,False
LINC01422,go,0,0,True,False
CTA-992D9.11,go,0,0,True,False
RP1-76B20.11,go,0,0,True,False
RP1-102K2.6,go,0,0,True,False
RP1-102K2.8,go,0,0,True,False
OSM,go,0,0,True,False
GATSL3,go,0,0,True,False
CCDC157,go,0,0,True,False
TCN2,go,0,0,True,False
DUSP18,go,0,0,True,False
SELM,go,0,0,True,False
PIK3IP1,go,0,0,True,False
PIK3IP1-AS1,go,0,0,True,False
RP11-247I13.11,go,0,0,True,False
RFPL3S,go,0,0,True,False
BPIFC,go,0,0,True,False
SYN3,go,0,0,True,False
LL22NC03-104C7.1,go,0,0,True,False
ISX,go,4,11,False,False
RP3-510H16.3,go,0,0,True,False
HMOX1,go,0,0,True,False
RASD2,go,0,0,True,False
MB,go,0,0,True,False
APOL6,go,0,0,True,False
CTA-212A2.4,go,0,0,True,False
APOL3,go,0,0,True,False
APOL4,go,0,0,True,False
APOL1,go,0,0,True,False
MYH9,go,13,2,False,False
RP4-633O19__A.1,go,0,0,True,False
PVALB,go,0,0,True,False
NCF4,go,0,0,True,False
TMPRSS6,go,0,0,True,False
SSTR3,go,0,0,True,False
RAC2,go,12,5,False,False
CYTH4,go,0,0,True,False
LGALS2,go,0,0,True,False
LGALS1,go,16,21,False,False
H1F0,go,0,0,True,False
RP5-1039K5.18,go,0,0,True,False
CTA-228A9.3,go,0,0,True,False
CTA-228A9.4,go,0,0,True,False
RP3-508I15.14,go,0,0,True,False
APOBEC3A,go,0,0,True,False
APOBEC3C,go,3,1,False,False
APOBEC3D,go,0,0,True,False
APOBEC3H,go,0,0,True,False
RP4-742C19.13,go,0,0,True,False
RP3-333H23.8,go,0,0,True,False
RPL3,go,3,13,False,False
ATF4,go,17,4,False,False
GRAP2,go,3,54,False,False
FAM83F,go,0,0,True,False
TNRC6B,go,4,0,False,False
RP5-1042K10.13,go,0,0,True,False
MEI1,go,0,0,True,False
RP5-821D11.7,go,0,0,True,False
SHISA8,go,0,0,True,False
NFAM1,go,0,0,True,False
PARVG,go,0,0,True,False
RP4-671O14.7,go,0,0,True,False
PHF21B,go,0,0,True,False
KIAA0930,go,0,0,True,False
CTA-268H5.14,go,0,0,True,False
UPK3A,go,0,0,True,False
FAM118A,go,3,22,False,False
FBLN1,go,0,0,True,False
WNT7B,go,0,0,True,False
PPARA,go,8,1,False,False
GTSE1,go,8,9,False,False
RP3-439F8.1,go,0,0,True,False
LINC00898,go,0,0,True,False
RP3-522J7.6,go,0,0,True,False
RP11-494O16.4,go,0,0,True,False
CITF22-49E9.3,go,0,0,True,False
MLC1,go,0,0,True,False
RP3-402G11.25,go,0,0,True,False
ODF3B,go,0,0,True,False
CTA-384D8.35,go,0,0,True,False
CTA-384D8.34,go,0,0,True,False
KLHDC7B,go,0,0,True,False
SYCE3,go,0,0,True,False
ARSA,go,0,0,True,False
RP11-717F1.1,go,0,0,True,False
CH507-42P11.5,go,0,0,True,False
CH507-513H4.1,go,0,0,True,False
CH507-528H12.1,go,0,0,True,False
CH507-216K13.2,go,0,0,True,False
SAMSN1,go,2,0,False,False
AF127936.3,go,0,0,True,False
AF127936.5,go,0,0,True,False
AF127936.7,go,0,0,True,False
AF127577.8,go,0,0,True,False
MIR99AHG,go,0,0,True,False
AF240627.2,go,0,0,True,False
AP001171.1,go,0,0,True,False
APP,go,0,0,True,False
AL035610.2,go,0,0,True,False
MAP3K7CL,go,0,0,True,False
AF124730.4,go,0,0,True,False
GRIK1,go,0,0,True,False
GRIK1-AS1,go,0,0,True,False
TIAM1,go,0,0,True,False
MRAP,go,0,0,True,False
PAXBP1-AS1,go,0,0,True,False
C21orf62-AS1,go,0,0,True,False
IL10RB-AS1,go,0,0,True,False
IL10RB,go,18,10,False,False
AP000295.10,go,0,0,True,False
AP000302.58,go,0,0,True,False
DNAJC28,go,0,0,True,False
SON,go,2,0,False,False
LINC00649,go,0,0,True,False
RUNX1,go,12,3,False,False
LINC01436,go,0,0,True,False
AP000688.29,go,0,0,True,False
CBR3,go,0,0,True,False
DOPEY2,go,0,0,True,False
AP000695.6,go,0,0,True,False
AP000695.4,go,0,0,True,False
CLDN14,go,0,0,True,False
KCNJ6,go,0,0,True,False
DSCR8,go,0,0,True,False
KCNJ15,go,0,0,True,False
ETS2,go,11,37,False,True
AF064858.6,go,0,0,True,False
DSCAM,go,0,0,True,False
TMPRSS2,go,0,0,True,False
LINC00479,go,0,0,True,False
ABCG1,go,1,1,False,False
TFF3,go,0,0,True,False
TFF1,go,0,0,True,False
UBASH3A,go,7,31,False,True
AP001626.1,go,0,0,True,False
AP001626.2,go,0,0,True,False
KB-51A8.1,go,0,0,True,False
AP001046.5,go,0,0,True,False
AP001046.6,go,0,0,True,False
LINC00319,go,0,0,True,False
CSTB,go,11,26,False,False
AATBC,go,0,0,True,False
AP001055.6,go,0,0,True,False
ICOSLG,go,0,0,True,False
AP001059.7,go,0,0,True,False
DNMT3L,go,0,0,True,False
AP001059.5,go,0,0,True,False
TRPM2,go,0,0,True,False
KRTAP10-2,go,0,0,True,False
ITGB2,go,0,0,True,False
ITGB2-AS1,go,0,0,True,False
LINC00334,go,0,0,True,False
LINC00315,go,0,0,True,False
COL18A1,go,20,16,False,False
COL18A1-AS2,go,0,0,True,False
COL18A1-AS1,go,0,0,True,False
PCBP3,go,0,0,True,False
AJ011932.1,go,0,0,True,False
COL6A1,go,0,0,True,False
FTCD-AS1,go,0,0,True,False
C21orf58,go,0,0,True,False
S100B,go,0,0,True,False
MT-ND1,go,0,0,True,False
MT-ND2,go,0,0,True,False
MT-CO1,go,0,0,True,False
MT-CO2,go,0,0,True,False
MT-ATP6,go,0,0,True,False
MT-CO3,go,0,0,True,False
MT-ND3,go,0,0,True,False
MT-ND4L,go,0,0,True,False
MT-ND4,go,0,0,True,False
MT-ND5,go,0,0,True,False
MT-ND6,go,0,0,True,False
MT-CYB,go,0,0,True,False
AC136616.1,go,0,0,True,False
AC023491.2,go,0,0,True,False
RP11-34P13.8,string,0,0,True,False
RP11-54O7.3,string,0,0,True,False
SAMD11,string,20,11,False,False
PERM1,string,20,17,False,False
HES4,string,20,10,False,False
ISG15,string,0,0,True,False
RP11-54O7.18,string,0,0,True,False
RNF223,string,8,0,False,False
LINC01342,string,0,0,True,False
TTLL10-AS1,string,0,0,True,False
TNFRSF18,string,20,13,False,False
TNFRSF4,string,20,14,False,False
TAS1R3,string,20,23,False,False
ANKRD65,string,20,2,False,False
MMP23B,string,20,10,False,False
RP11-345P4.7,string,0,0,True,False
CALML6,string,20,19,False,False
RP5-892K4.1,string,0,0,True,False
RP11-181G12.4,string,0,0,True,False
PLCH2,string,20,13,False,False
RP3-395M20.12,string,0,0,True,False
RP3-395M20.8,string,0,0,True,False
TNFRSF14,string,20,24,False,False
TTC34,string,11,5,False,False
TP73,string,20,31,False,True
SMIM1,string,15,2,False,False
RP1-286D6.5,string,0,0,True,False
CHD5,string,20,14,False,False
LINC00337,string,0,0,True,False
GPR153,string,20,23,False,False
HES2,string,18,0,False,False
ESPN,string,0,0,True,False
TAS1R1,string,20,20,False,False
RP11-338N10.1,string,0,0,True,False
TNFRSF9,string,20,19,False,False
RP5-1115A15.1,string,0,0,True,False
RP4-633I8.4,string,0,0,True,False
ENO1,string,20,55,False,False
CA6,string,20,10,False,False
GPR157,string,20,8,False,False
MIR34AHG,string,0,0,True,False
RP3-510D11.2,string,0,0,True,False
H6PD,string,20,55,False,False
PIK3CD-AS1,string,0,0,True,False
AL357140.1,string,0,0,True,False
PGD,string,20,17,False,False
C1orf127,string,19,8,False,False
RP4-635E18.9,string,0,0,True,False
MASP2,string,20,16,False,False
RP4-635E18.8,string,0,0,True,False
SRM,string,20,17,False,False
DRAXIN,string,20,10,False,False
MTHFR,string,20,26,False,False
PDPN,string,20,14,False,False
TMEM51-AS1,string,0,0,True,False
RP3-467K16.2,string,0,0,True,False
RP3-467K16.4,string,0,0,True,False
EFHD2,string,20,6,False,False
CELA2A,string,20,11,False,False
CELA2B,string,20,4,False,False
RP4-680D5.9,string,0,0,True,False
RP11-276H7.3,string,0,0,True,False
RP4-798A10.7,string,0,0,True,False
RP5-1182A14.5,string,0,0,True,False
AC004824.2,string,0,0,True,False
RP1-43E13.2,string,0,0,True,False
PLA2G2A,string,20,36,False,False
PLA2G2D,string,20,22,False,False
PLA2G2C,string,20,15,False,False
PINK1-AS,string,0,0,True,False
RP3-329E20.2,string,0,0,True,False
CELA3A,string,20,16,False,False
CDC42,string,20,138,False,False
WNT4,string,20,35,False,False
C1QB,string,0,0,True,False
ZNF436-AS1,string,0,0,True,False
RP1-150O5.3,string,0,0,True,False
ID3,string,20,12,False,False
MDS2,string,0,0,True,False
HMGCL,string,20,21,False,False
FUCA1,string,20,18,False,False
CNR2,string,20,11,False,False
IL22RA1,string,20,14,False,False
RP11-10N16.2,string,0,0,True,False
RUNX3,string,20,37,False,False
RP4-799D16.1,string,0,0,True,False
RP4-706G24.1,string,0,0,True,False
SYF2,string,20,12,False,False
RSRP1,string,20,6,False,False
RP1-187B23.1,string,0,0,True,False
PAQR7,string,20,8,False,False
STMN1,string,20,16,False,False
EXTL1,string,20,7,False,False
TRIM63,string,20,22,False,False
SH3BGRL3,string,20,9,False,False
CD52,string,20,28,False,False
ZNF683,string,20,8,False,False
HMGN2,string,20,6,False,False
ARID1A,string,20,24,False,True
RP1-50O24.6,string,0,0,True,False
NUDC,string,20,16,False,False
SYTL1,string,20,17,False,False
FGR,string,20,52,False,False
IFI6,string,20,32,False,False
THEMIS2,string,20,12,False,False
RP11-460I13.2,string,0,0,True,False
PTAFR,string,20,12,False,False
RP5-1092A3.5,string,0,0,True,False
SESN2,string,20,18,False,False
OPRD1,string,20,17,False,False
RP1-212P9.3,string,0,0,True,False
LAPTM5,string,20,52,False,False
FABP3,string,20,15,False,False
LINC01226,string,0,0,True,False
RP11-73M7.6,string,0,0,True,False
SPOCD1,string,20,7,False,False
RP4-622L5.7,string,0,0,True,False
DCDC2B,string,20,4,False,False
FAM167B,string,20,4,False,False
LCK,string,20,94,False,False
MARCKSL1,string,20,5,False,False
TSSK3,string,20,13,False,False
BSDC1,string,12,3,False,False
RP11-114B7.6,string,0,0,True,False
TMEM54,string,20,6,False,False
RP1-34M23.5,string,0,0,True,False
RP11-244H3.4,string,0,0,True,False
PSMB2,string,20,23,False,False
CLSPN,string,20,11,False,False
RP11-435D7.3,string,0,0,True,False
MAP7D1,string,20,11,False,True
SH3D21,string,20,23,False,False
CSF3R,string,20,29,False,False
LINC01137,string,0,0,True,False
CDCA8,string,20,36,False,False
RHBDL2,string,20,7,False,False
MACF1,string,20,30,False,False
RP11-420K8.1,string,0,0,True,False
BMP8A,string,20,5,False,False
MFSD2A,string,20,10,False,False
CAP1,string,20,23,False,False
COL9A2,string,20,20,False,False
CITED4,string,20,10,False,False
RP5-1066H13.4,string,0,0,True,False
SLFNL1,string,13,6,False,False
GUCA2B,string,20,21,False,False
GUCA2A,string,20,26,False,False
ZMYND12,string,11,5,False,False
PPCS,string,20,5,False,False
CCDC30,string,9,3,False,False
YBX1,string,20,30,False,False
CLDN19,string,20,17,False,False
SLC2A1,string,20,40,False,False
SLC2A1-AS1,string,0,0,True,False
FAM183A,string,5,3,False,False
CFAP57,string,20,13,False,False
TMEM125,string,20,8,False,False
C1orf210,string,7,2,False,False
CDC20,string,20,67,False,False
RP11-184I16.4,string,0,0,True,False
ATP6V0B,string,20,17,False,False
SLC6A9,string,20,12,False,True
C1orf228,string,0,0,True,False
KIF2C,string,20,48,False,True
BTBD19,string,20,8,False,False
TESK2,string,20,7,False,False
PRDX1,string,20,28,False,False
RP4-533D7.4,string,0,0,True,False
FAAH,string,20,15,False,False
MKNK1-AS1,string,0,0,True,False
TEX38,string,20,12,False,False
PDZK1IP1,string,20,17,False,False
STIL,string,20,14,False,True
CDKN2C,string,20,16,False,False
LINC01562,string,0,0,True,False
TTC39A-AS1,string,0,0,True,False
RAB3B,string,20,13,False,False
RP11-91A18.4,string,0,0,True,False
TXNDC12-AS1,string,0,0,True,False
GPX7,string,20,29,False,False
FAM159A,string,0,0,True,False
RP5-1024G6.5,string,0,0,True,False
RP11-117D22.2,string,0,0,True,False
TMEM59,string,20,10,False,False
RP5-997D24.3,string,0,0,True,False
TMEM61,string,9,4,False,False
BSND,string,0,0,True,False
PLPP3,string,20,25,False,False
JUN,string,20,133,False,True
RP4-794H19.1,string,0,0,True,False
LINC01358,string,0,0,True,False
INADL,string,0,0,True,False
ANGPTL3,string,20,22,False,False
RP11-335E6.3,string,0,0,True,False
PGM1,string,20,36,False,False
SGIP1,string,20,25,False,False
C1orf141,string,20,14,False,False
GADD45A,string,20,34,False,False
RP11-181B18.1,string,0,0,True,False
RP5-952N6.1,string,0,0,True,False
RP3-333A15.1,string,0,0,True,False
FPGT-TNNI3K,string,20,1,False,False
SLC44A5,string,20,14,False,False
RP4-682C21.5,string,0,0,True,False
MSH4,string,20,11,False,False
RP11-375A5.1,string,0,0,True,False
NEXN-AS1,string,0,0,True,False
GIPC2,string,20,13,False,False
IFI44L,string,20,25,False,False
TTLL7,string,20,11,False,False
DNASE2B,string,20,8,False,False
COL24A1,string,20,16,False,False
CLCA1,string,20,32,False,False
LINC01140,string,0,0,True,False
LMO4,string,20,12,False,False
GBP3,string,20,3,False,False
GBP1,string,20,25,False,False
GBP2,string,20,32,False,False
FLJ27354,string,0,0,True,False
BTBD8,string,20,7,False,False
KIAA1107,string,0,0,True,False
ABCA4,string,20,34,False,False
F3,string,20,17,False,False
RP4-639F20.1,string,0,0,True,False
FRRS1,string,20,13,False,False
LRRC39,string,20,8,False,False
GPR88,string,20,20,False,False
S1PR1,string,20,22,False,False
RP11-483I13.5,string,0,0,True,False
RP11-483I13.2,string,0,0,True,False
FNDC7,string,13,1,False,False
SPATA42,string,0,0,True,False
RP5-1065J22.8,string,0,0,True,False
SCARNA2,string,0,0,True,False
C1orf194,string,0,0,True,False
MYBPHL,string,20,5,False,False
GPR61,string,20,13,False,False
GSTM2,string,20,19,False,False
GSTM3,string,20,20,False,False
EPS8L3,string,20,13,False,False
RP11-195M16.3,string,0,0,True,False
PROK1,string,20,14,False,False
CD53,string,20,47,False,False
RP11-96K19.2,string,0,0,True,False
CHI3L2,string,20,2,False,False
C1orf162,string,20,12,False,False
TMIGD3,string,20,21,False,False
ADORA3,string,0,0,True,False
FAM212B,string,0,0,True,False
CAPZA1,string,20,33,False,False
RHOC,string,20,34,False,False
LINC01356,string,0,0,True,False
PTPN22,string,20,45,False,False
HIPK1-AS1,string,0,0,True,False
OLFML3,string,20,9,False,False
RP4-655J12.4,string,0,0,True,False
RP5-1086K13.1,string,0,0,True,False
CD2,string,20,49,False,False
CD101,string,20,4,False,False
AL157902.3,string,0,0,True,False
FAM46C,string,0,0,True,False
SPAG17,string,20,27,False,False
PHGDH,string,20,36,False,False
FCGR1B,string,20,5,False,False
RP11-439A17.9,string,0,0,True,False
SRGAP2-AS1,string,0,0,True,False
RP11-403I13.7,string,0,0,True,False
RP5-998N21.4,string,0,0,True,False
CH17-125A10.2,string,0,0,True,False
RP11-89F3.2,string,0,0,True,False
PDZK1,string,20,41,False,False
CD160,string,20,9,False,False
ANKRD35,string,20,15,False,False
POLR3GL,string,20,14,False,False
TXNIP,string,20,22,False,False
HFE2,string,0,0,True,False
CH17-353B19.1,string,0,0,True,False
FMO5,string,20,12,False,False
RP4-565E6.1,string,0,0,True,False
RP11-495P10.6,string,0,0,True,False
RP11-495P10.1,string,0,0,True,False
AC245100.1,string,0,0,True,False
PPIAL4G,string,20,8,False,False
PDE4DIP,string,20,21,False,False
CH17-189H20.1,string,0,0,True,False
FCGR1A,string,20,29,False,False
RP11-196G18.3,string,0,0,True,False
HIST2H2AC,string,0,0,True,False
MTMR11,string,20,1,False,False
PLEKHO1,string,20,4,False,False
ANP32E,string,20,7,False,False
RP4-790G17.7,string,0,0,True,False
ECM1,string,20,13,False,False
ADAMTSL4,string,20,21,False,False
CTSS,string,20,41,False,False
CTSK,string,20,24,False,False
FAM63A,string,0,0,True,False
BNIPL,string,20,6,False,False
C1orf56,string,7,0,False,False
CDC42SE1,string,20,3,False,False
MLLT11,string,20,19,False,False
GABPB2,string,20,9,False,False
LYSMD1,string,2,1,False,False
RP11-126K1.8,string,0,0,True,False
RP11-404E16.1,string,0,0,True,False
CELF3,string,20,30,False,False
RIIAD1,string,20,5,False,False
C2CD4D,string,20,3,False,False
S100A10,string,20,34,False,False
S100A11,string,20,18,False,False
SPRR2D,string,20,12,False,False
SPRR2F,string,17,5,False,False
PRR9,string,20,9,False,False
LOR,string,0,0,True,False
PGLYRP4,string,20,3,False,False
S100A9,string,20,31,False,False
S100A8,string,20,38,False,False
S100A7A,string,20,10,False,False
S100A7,string,20,27,False,False
S100A6,string,20,23,False,False
S100A5,string,20,7,False,False
S100A4,string,20,19,False,False
S100A3,string,20,10,False,False
S100A13,string,0,0,True,False
S100A1,string,20,18,False,False
AL513523.2,string,0,0,True,False
RP11-422P24.12,string,0,0,True,False
IL6R,string,20,30,False,False
SHE,string,20,5,False,False
KCNN3,string,20,15,False,False
PBXIP1,string,20,10,False,False
CKS1B,string,20,29,False,True
DCST1,string,20,13,False,False
THBS3,string,20,22,False,False
RP11-263K19.6,string,0,0,True,False
SYT11,string,20,21,False,False
RIT1,string,20,10,False,False
ARHGEF2,string,20,29,False,False
RAB25,string,20,29,False,False
LMNA,string,20,41,False,False
IQGAP3,string,20,22,False,False
CRABP2,string,20,11,False,False
SH2D2A,string,20,10,False,False
NTRK1,string,20,52,False,False
INSRR,string,20,16,False,False
LRRC71,string,20,13,False,False
RP11-71G12.1,string,0,0,True,False
FCRL2,string,20,15,False,False
RP11-404O13.5,string,0,0,True,False
MNDA,string,20,42,False,False
IFI16,string,20,21,False,False
ACKR1,string,20,22,False,False
C1orf204,string,0,0,True,False
VSIG8,string,20,14,False,False
ATP1A4,string,20,20,False,False
CASQ1,string,20,15,False,False
RP11-574F21.3,string,0,0,True,False
SLAMF6,string,20,7,False,False
CD84,string,20,8,False,False
SLAMF1,string,20,13,False,False
RP11-404F10.2,string,0,0,True,False
CD48,string,20,26,False,False
LY9,string,20,15,False,False
CD244,string,20,25,False,False
ITLN1,string,20,10,False,False
RP11-312J18.6,string,0,0,True,False
ITLN2,string,20,11,False,False
ARHGAP30,string,20,25,False,False
PVRL4,string,0,0,True,False
RP11-544M22.8,string,0,0,True,False
KLHDC9,string,20,4,False,False
NIT1,string,20,10,False,True
ADAMTS4,string,20,23,False,False
FCER1G,string,20,45,False,False
CFAP126,string,20,7,False,False
FCGR2A,string,20,42,False,False
HSPA6,string,20,25,False,False
FCGR3A,string,0,0,True,False
FCGR2B,string,20,37,False,False
FCRLA,string,20,19,False,False
NOS1AP,string,20,25,False,False
RP11-565P22.2,string,0,0,True,False
CCDC190,string,20,4,False,False
PBX1,string,20,42,False,False
RP11-506O24.1,string,0,0,True,False
RP11-276E17.2,string,0,0,True,False
MAEL,string,20,15,False,False
CREG1,string,20,12,False,False
RCSD1,string,20,11,False,False
MPZL1,string,20,10,False,False
MPC2,string,20,9,False,False
XCL1,string,20,15,False,False
RP1-10C16.1,string,0,0,True,False
LINC00626,string,0,0,True,False
ATP1B1,string,20,24,False,False
FMO1,string,20,6,False,False
TNFSF4,string,20,16,False,False
RP11-160H22.3,string,0,0,True,False
RABGAP1L,string,20,13,False,False
GPR52,string,20,13,False,False
CACYBP,string,20,16,False,False
RP11-195C7.1,string,0,0,True,False
ANGPTL1,string,20,9,False,False
TOR3A,string,20,7,False,False
ABL2,string,20,27,False,False
RP11-12M5.3,string,0,0,True,False
TOR1AIP2,string,20,4,False,False
QSOX1,string,20,18,False,False
MR1,string,20,2,False,False
IER5,string,20,18,False,False
CACNA1E,string,20,37,False,False
RGSL1,string,20,7,False,False
RNASEL,string,20,55,False,False
RGS16,string,20,17,False,False
RGS8,string,20,16,False,False
NCF2,string,20,44,False,False
ARPC5,string,20,25,False,False
RGL1,string,20,13,False,False
COLGALT2,string,20,31,False,False
FAM129A,string,0,0,True,False
GS1-279B7.1,string,0,0,True,False
PDC,string,20,10,False,False
GS1-304P7.3,string,0,0,True,False
RGS18,string,20,29,False,False
RP5-1011O1.2,string,0,0,True,False
RGS1,string,20,24,False,False
RGS2,string,20,14,False,False
LINC01032,string,0,0,True,False
RP11-563D10.1,string,0,0,True,False
RP11-476B1.1,string,0,0,True,False
KCNT2,string,20,19,False,False
CFH,string,20,31,False,False
CFHR3,string,20,11,False,False
CFHR5,string,20,10,False,False
F13B,string,20,31,False,False
ASPM,string,20,65,False,False
CRB1,string,20,25,False,False
PTPRC,string,20,164,False,False
LINC00862,string,0,0,True,False
KIF14,string,20,50,False,False
CACNA1S,string,20,45,False,False
ASCL5,string,16,1,False,False
TNNT2,string,20,45,False,False
TNNI1,string,20,26,False,False
PHLDA3,string,20,12,False,False
LMOD1,string,20,10,False,False
RP11-465N4.4,string,0,0,True,False
ELF3,string,20,16,False,False
PTPN7,string,20,16,False,False
KDM5B,string,20,24,False,False
RP11-480I12.10,string,0,0,True,False
PPFIA4,string,20,17,False,False
MYOG,string,20,28,False,False
CHIT1,string,20,19,False,False
LINC01353,string,0,0,True,False
BTG2,string,20,35,False,False
FMOD,string,20,23,False,False
ATP2B4,string,20,28,False,False
LAX1,string,20,7,False,False
ZBED6,string,20,8,False,False
RP11-74C13.4,string,0,0,True,False
REN,string,20,41,False,False
KISS1,string,20,16,False,False
GOLT1A,string,20,11,False,False
RP11-739N20.2,string,0,0,True,False
MDM4,string,20,15,False,False
RP11-430C7.4,string,0,0,True,False
RP11-430C7.5,string,0,0,True,False
NFASC,string,20,25,False,False
CNTN2,string,20,72,False,False
LEMD1,string,19,5,False,False
CDK18,string,20,20,False,False
SLC45A3,string,20,22,False,False
NUCKS1,string,20,9,False,False
RAB7B,string,20,33,False,False
CTSE,string,20,26,False,False
C1orf186,string,0,0,True,False
RP11-38J22.3,string,0,0,True,False
RP11-534L20.5,string,0,0,True,False
MAPKAPK2,string,20,14,False,False
IL19,string,20,26,False,False
IL20,string,20,13,False,False
IL24,string,20,25,False,False
FCMR,string,20,8,False,False
CD55,string,20,25,False,False
CR1,string,20,16,False,False
RP11-78B10.2,string,0,0,True,False
CD46,string,20,29,False,False
C1orf132,string,0,0,True,False
PLXNA2,string,20,28,False,False
TRAF3IP3,string,20,25,False,False
KCNH1,string,20,20,False,False
LINC00467,string,0,0,True,False
RP11-552D8.1,string,0,0,True,False
RP11-15I11.3,string,0,0,True,False
NENF,string,20,12,False,False
ATF3,string,20,48,False,False
RP11-338C15.3,string,0,0,True,False
BATF3,string,20,12,False,False
VASH2,string,20,12,False,False
PROX1,string,20,23,False,False
PTPN14,string,20,14,False,False
CENPF,string,20,33,False,False
LYPLAL1-AS1,string,0,0,True,False
MARC2,string,0,0,True,False
MARC1,string,0,0,True,False
RP11-295M18.6,string,0,0,True,False
LINC01352,string,0,0,True,False
HLX,string,20,10,False,False
C1orf140,string,0,0,True,False
TAF1A,string,20,7,False,False
FAM177B,string,14,1,False,False
RP11-285F7.2,string,0,0,True,False
LEFTY1,string,20,13,False,False
LEFTY2,string,20,15,False,False
MIXL1,string,20,13,False,False
ITPKB,string,20,5,False,False
ITPKB-AS1,string,0,0,True,False
PRSS38,string,20,0,False,False
WNT9A,string,20,16,False,False
RP11-245P10.6,string,0,0,True,False
RP4-803J11.2,string,0,0,True,False
PGBD5,string,20,13,False,False
CAPN9,string,20,9,False,False
FAM89A,string,20,3,False,False
TRIM67,string,20,15,False,False
KIAA1804,string,0,0,True,False
SLC35F3,string,20,18,False,False
IRF2BP2,string,20,12,False,False
RP4-781K5.4,string,0,0,True,False
RP4-781K5.6,string,0,0,True,False
RP11-443B7.2,string,0,0,True,False
LINC01348,string,0,0,True,False
ARID4B,string,20,33,False,False
ERO1B,string,20,13,False,False
LINC01139,string,0,0,True,False
RP11-544D21.2,string,0,0,True,False
KMO,string,20,24,False,False
SDCCAG8,string,20,9,False,False
AKT3,string,20,31,False,False
ZBTB18,string,20,15,False,False
SMYD3,string,20,14,False,False
RP11-83A16.1,string,0,0,True,False
RP11-634B7.4,string,0,0,True,False
OR2L13,string,0,0,True,False
OR2L2,string,2,0,False,False
OR2T4,string,4,2,False,False
AC092159.2,string,0,0,True,False
RP13-539J13.1,string,0,0,True,False
AC142528.1,string,0,0,True,False
ALLC,string,20,12,False,False
LINC01249,string,0,0,True,False
LINC00487,string,0,0,True,False
RSAD2,string,20,53,False,False
AC011747.6,string,0,0,True,False
ID2-AS1,string,0,0,True,False
ID2,string,20,20,False,False
MBOAT2,string,20,31,False,False
ASAP2,string,20,17,False,False
IAH1,string,20,14,False,False
ADAM17,string,20,18,False,False
RP11-521D12.1,string,0,0,True,False
GRHL1,string,20,17,False,False
RRM2,string,20,50,False,False
ODC1,string,20,25,False,False
RN7SL832P,string,0,0,True,False
MIR3681HG,string,0,0,True,False
MYCNUT,string,0,0,True,False
FAM49A,string,0,0,True,False
LINC01376,string,0,0,True,False
FAM228B,string,15,7,False,False
DRC1,string,20,16,False,False
OTOF,string,20,27,False,False
KCNK3,string,20,16,False,False
CENPA,string,20,23,False,False
MAPRE3,string,20,26,False,False
AGBL5-AS1,string,0,0,True,False
ABHD1,string,20,14,False,False
TCF23,string,20,10,False,False
DNAJC5G,string,20,13,False,False
KRTCAP3,string,20,14,False,False
FOSL2,string,20,23,False,False
RP11-373D23.3,string,0,0,True,False
PLB1,string,20,28,False,False
PPP1CB,string,20,71,False,False
WDR43,string,20,14,False,False
AC016907.3,string,0,0,True,False
YPEL5,string,20,13,False,False
LBH,string,20,4,False,False
XDH,string,20,23,False,False
NLRC4,string,20,14,False,False
RASGRP3,string,20,17,False,False
AC020594.5,string,0,0,True,False
LINC01320,string,0,0,True,False
CRIM1,string,20,16,False,False
QPCT,string,20,20,False,False
CDC42EP3,string,20,8,False,False
RMDN2-AS1,string,0,0,True,False
CYP1B1,string,20,24,False,False
CYP1B1-AS1,string,0,0,True,False
ARHGEF33,string,17,4,False,False
MAP4K3,string,20,8,False,True
AC007246.3,string,0,0,True,False
TMEM178A,string,20,16,False,False
SLC8A1,string,20,25,False,False
AC104654.2,string,0,0,True,False
C2orf91,string,0,0,True,False
PKDCC,string,20,9,False,False
OXER1,string,20,2,False,False
HAAO,string,20,29,False,False
AC016735.2,string,0,0,True,False
AC093609.1,string,0,0,True,False
ZFP36L2,string,20,14,False,False
PLEKHH2,string,20,7,False,False
SLC3A1,string,20,24,False,False
SIX3-AS1,string,0,0,True,False
AC012354.6,string,0,0,True,False
EPAS1,string,20,19,False,False
TMEM247,string,11,2,False,False
RP11-333I13.1,string,0,0,True,False
LINC01118,string,0,0,True,False
RP11-761B3.1,string,0,0,True,False
CALM2,string,20,53,False,False
BCYRN1,string,0,0,True,False
AC079807.4,string,0,0,True,False
RP11-443F4.1,string,0,0,True,False
RP11-477N3.1,string,0,0,True,False
AC092839.4,string,0,0,True,False
EML6,string,20,14,False,False
RTN4,string,20,31,False,False
RP11-481J13.1,string,0,0,True,False
AC007131.1,string,0,0,True,False
RP11-355B11.2,string,0,0,True,False
AC092155.4,string,0,0,True,False
AC009501.4,string,0,0,True,False
UGP2,string,20,26,False,False
AC074289.1,string,0,0,True,False
LGALSL,string,20,9,False,False
RP11-568N6.1,string,0,0,True,False
AC007880.1,string,0,0,True,False
MEIS1,string,20,30,False,True
MEIS1-AS2,string,0,0,True,False
AC007392.3,string,0,0,True,False
AC078941.1,string,0,0,True,False
PLEK,string,20,106,False,False
ARHGAP25,string,20,11,False,False
BMP10,string,20,16,False,False
GKN2,string,20,11,False,False
AAK1,string,20,16,False,False
AC092431.3,string,0,0,True,False
MXD1,string,20,8,False,False
ATP6V1B1,string,20,24,False,False
NAGK,string,20,13,False,False
RP11-467P9.1,string,0,0,True,False
C2orf78,string,6,1,False,False
AC073046.25,string,0,0,True,False
DQX1,string,20,18,False,False
M1AP,string,20,14,False,False
HK2,string,20,26,False,True
RP11-355F16.1,string,0,0,True,False
EVA1A,string,20,12,False,False
LRRTM4,string,20,13,False,False
CTNNA2,string,20,45,False,False
TMSB10,string,20,5,False,False
CAPG,string,20,6,False,False
VAMP8,string,20,36,False,False
VAMP5,string,20,17,False,False
ST3GAL5,string,20,18,False,False
ST3GAL5-AS1,string,0,0,True,False
RP11-548P2.2,string,0,0,True,False
REEP1,string,20,25,False,False
RP11-1399P15.1,string,0,0,True,False
KRCC1,string,9,5,False,False
IGKC,string,0,0,True,False
AC092835.2,string,0,0,True,False
ADRA2B,string,20,11,False,False
CNNM4,string,20,25,False,True
RP11-353K11.1,string,0,0,True,False
FAM178B,string,10,8,False,False
VWA3B,string,16,5,False,False
KIAA1211L,string,0,0,True,False
LYG2,string,20,18,False,False
AC092667.2,string,0,0,True,False
RFX8,string,20,4,False,False
LINC01127,string,0,0,True,False
IL1R2,string,20,12,False,False
AC108051.3,string,0,0,True,False
AC010884.1,string,0,0,True,False
AC018878.3,string,0,0,True,False
AC108868.6,string,0,0,True,False
ST6GAL2,string,20,16,False,False
SULT1C2,string,20,21,False,False
SULT1C4,string,20,10,False,False
LIMS1,string,20,11,False,False
RP11-506F3.1,string,0,0,True,False
RGPD5,string,20,11,False,False
LIMS3,string,20,11,False,False
NPHP1,string,20,18,False,False
RP11-1223D19.1,string,0,0,True,False
BCL2L11,string,20,33,False,True
AC017002.4,string,0,0,True,False
ZC3H6,string,20,8,False,False
RGPD8,string,20,11,False,False
AC012442.6,string,0,0,True,False
SLC20A1,string,20,12,False,False
IL1B,string,20,129,False,False
IL1RN,string,20,15,False,False
AC016745.3,string,0,0,True,False
RP11-480C16.1,string,0,0,True,False
AC017074.2,string,0,0,True,False
AC024704.2,string,0,0,True,False
AC104653.1,string,0,0,True,False
RP11-77A13.1,string,0,0,True,False
STEAP3-AS1,string,0,0,True,False
DBI,string,20,24,False,False
SCTR,string,20,16,False,False
GLI2,string,20,36,False,False
RP11-204L24.2,string,0,0,True,False
AC018737.3,string,0,0,True,False
GYPC,string,20,21,False,False
CYP27C1,string,20,8,False,False
PROC,string,20,25,False,False
RP11-286H15.1,string,0,0,True,False
CCDC74B,string,8,6,False,False
AMER3,string,20,13,False,False
GPR39,string,20,21,False,False
AC011893.3,string,0,0,True,False
CXCR4,string,20,47,False,False
THSD7B,string,0,0,True,False
HNMT,string,20,17,False,False
KYNU,string,20,23,False,False
ZEB2,string,20,11,False,False
TEX41,string,0,0,True,False
KIF5C,string,20,32,False,False
AC144449.1,string,0,0,True,False
TNFAIP6,string,20,15,False,False
NEB,string,0,0,True,False
KCNJ3,string,20,27,False,False
AC093375.1,string,0,0,True,False
NR4A2,string,20,26,False,False
ERMN,string,20,13,False,False
CYTIP,string,20,20,False,False
RP11-1152H14.1,string,0,0,True,False
CCDC148,string,15,5,False,False
BAZ2B,string,20,24,False,False
AC009506.1,string,0,0,True,False
GCA,string,20,7,False,False
KCNH7,string,20,24,False,False
GALNT3,string,20,20,False,False
SCN9A,string,20,22,False,False
AC016723.4,string,0,0,True,False
SPC25,string,20,4,False,False
ABCB11,string,0,0,True,False
DHRS9,string,20,13,False,False
AC007556.3,string,0,0,True,False
CCDC173,string,0,0,True,False
AC012594.1,string,0,0,True,False
AC007277.3,string,0,0,True,False
LINC01124,string,0,0,True,False
GAD1,string,20,59,False,False
CYBRD1,string,20,22,False,False
DLX2,string,20,15,False,True
AC078883.3,string,0,0,True,False
AC106900.6,string,0,0,True,False
RP11-394I13.2,string,0,0,True,False
LINC01305,string,0,0,True,False
WIPF1,string,20,28,False,False
HOXD1,string,20,8,False,False
NFE2L2,string,20,25,False,False
AC073834.3,string,0,0,True,False
PDE11A,string,20,21,False,False
AC012499.1,string,0,0,True,False
RP11-171I2.5,string,0,0,True,False
CCDC141,string,0,0,True,False
ITGA4,string,20,40,False,False
NEUROD1,string,20,43,False,False
FRZB,string,20,19,False,False
FSIP2,string,0,0,True,False
FSIP2-AS1,string,0,0,True,False
LINC01473,string,0,0,True,False
FAM171B,string,20,10,False,False
TFPI,string,20,14,False,False
SLC40A1,string,20,24,False,False
AC005540.3,string,0,0,True,False
STAT4,string,20,25,False,False
MYO1B,string,20,19,False,False
NABP1,string,20,9,False,False
AC010983.1,string,0,0,True,False
AC064834.2,string,0,0,True,False
RP11-347P5.1,string,0,0,True,False
HECW2,string,20,25,False,False
AC020571.3,string,0,0,True,False
C2orf66,string,11,2,False,False
ANKRD44,string,20,7,False,False
AC010746.3,string,0,0,True,False
HSPD1,string,20,57,False,False
HSPE1-MOB4,string,20,16,False,False
PLCL1,string,20,13,False,False
SGOL2,string,0,0,True,False
RP11-13J8.1,string,0,0,True,False
CFLAR,string,20,21,False,False
CFLAR-AS1,string,0,0,True,False
ALS2CR12,string,0,0,True,False
ALS2CR11,string,0,0,True,False
CDK15,string,20,19,False,False
RP11-107N15.1,string,0,0,True,False
FZD7,string,20,26,False,False
KIAA2012,string,0,0,True,False
AC079354.3,string,0,0,True,False
RP11-686O6.1,string,0,0,True,False
CARF,string,20,6,False,False
CD28,string,20,51,False,False
ZDBF2,string,20,8,False,False
RP11-95H11.1,string,0,0,True,False
CPO,string,20,3,False,False
KLF7,string,20,13,False,False
AC007879.2,string,0,0,True,False
AC079767.4,string,0,0,True,False
PTH2R,string,20,17,False,False
UNC80,string,20,12,False,False
AC007038.7,string,0,0,True,False
IKZF2,string,20,8,False,False
SPAG16,string,20,22,False,False
FN1,string,20,167,False,False
TMEM169,string,20,9,False,False
AC098820.4,string,0,0,True,False
IGFBP2,string,20,13,False,False
IGFBP5,string,20,15,False,False
TNP1,string,20,24,False,False
RP11-574O16.1,string,0,0,True,False
TNS1,string,20,24,False,False
CXCR2,string,20,25,False,False
GPBAR1,string,20,12,False,False
VIL1,string,20,14,False,False
RQCD1,string,0,0,True,False
WNT6,string,20,16,False,False
WNT10A,string,20,21,False,False
CDK5R2,string,20,27,False,False
FEV,string,20,9,False,True
CRYBA2,string,20,14,False,False
DNAJB2,string,20,15,False,False
AC114803.3,string,0,0,True,False
GMPPA,string,20,5,False,False
ASIC4,string,20,12,False,False
SLC4A3,string,20,16,False,False
SGPP2,string,20,12,False,False
KCNE4,string,20,6,False,False
NYAP2,string,20,10,False,False
AC009410.1,string,0,0,True,False
AC098823.3,string,0,0,True,False
AC012507.3,string,0,0,True,False
NCL,string,20,49,False,True
PTMA,string,20,18,False,False
CHRNG,string,0,0,True,False
KCNJ13,string,20,12,False,False
SPP2,string,20,23,False,False
IQCA1-AS1,string,0,0,True,False
AC105760.3,string,0,0,True,False
COL6A3,string,20,35,False,False
AC104667.3,string,0,0,True,False
RAMP1,string,20,13,False,False
KLHL30,string,20,10,False,False
AC017028.10,string,0,0,True,False
GPC1,string,20,37,False,False
GPR35,string,20,13,False,False
AQP12B,string,13,6,False,False
AC011298.2,string,0,0,True,False
AGXT,string,20,55,False,False
IL5RA,string,20,17,False,False
AC026188.1,string,0,0,True,False
ITPR1-AS1,string,0,0,True,False
ITPR1,string,20,44,False,False
EGOT,string,0,0,True,False
AC018816.3,string,0,0,True,False
BHLHE40,string,20,19,False,False
AC026202.3,string,0,0,True,False
RP11-572B2.1,string,0,0,True,False
GRM7,string,20,29,False,False
LMCD1,string,20,20,False,False
SRGAP3,string,20,21,False,False
THUMPD3-AS1,string,0,0,True,False
RP11-266J6.2,string,0,0,True,False
CRELD1,string,20,11,False,False
AC022007.5,string,0,0,True,False
FANCD2OS,string,15,5,False,False
GHRL,string,20,45,False,False
SLC6A11,string,20,14,False,False
TIMP4,string,20,10,False,False
PPARG,string,20,93,False,False
FBLN2,string,20,22,False,False
LINC00620,string,0,0,True,False
LINC01267,string,0,0,True,False
GRIP2,string,20,10,False,False
FGD5,string,20,13,False,False
EAF1-AS1,string,0,0,True,False
COLQ,string,20,6,False,False
ANKRD28,string,20,13,False,False
UBE2E2-AS1,string,0,0,True,False
LINC00691,string,0,0,True,False
RARB,string,20,13,False,False
NEK10,string,20,9,False,False
AC098973.2,string,0,0,True,False
RBMS3,string,20,13,False,False
TGFBR2,string,20,30,False,True
OSBPL10,string,20,15,False,False
CMTM6,string,20,5,False,False
CCR4,string,20,9,False,False
AC123023.1,string,0,0,True,False
ARPP21,string,20,16,False,False
DCLK3,string,20,15,False,False
RP11-640L9.1,string,0,0,True,False
TRANK1,string,20,14,False,False
RP11-285J16.1,string,0,0,True,False
RP11-259K5.1,string,0,0,True,False
ACAA1,string,20,21,False,False
SLC22A13,string,20,18,False,False
SCN11A,string,20,15,False,False
CSRNP1,string,20,15,False,True
XIRP1,string,20,15,False,False
MOBP,string,20,18,False,False
EIF1B,string,20,20,False,False
ZNF620,string,14,0,False,False
CTNNB1,string,20,221,False,False
LYZL4,string,20,5,False,False
RP4-613B23.5,string,0,0,True,False
RP11-70C1.1,string,0,0,True,False
SNRK-AS1,string,0,0,True,False
LINC00694,string,0,0,True,False
CLEC3B,string,20,19,False,False
CDCP1,string,20,8,False,False
TMEM158,string,20,12,False,False
SLC6A20,string,20,8,False,False
CCR9,string,20,6,False,False
CCR1,string,20,25,False,False
RP11-24F11.2,string,0,0,True,False
CCRL2,string,20,9,False,False
ALS2CL,string,20,20,False,False
PTH1R,string,20,20,False,False
RP11-708J19.1,string,0,0,True,False
CAMP,string,20,16,False,False
UCN2,string,20,6,False,False
ARIH2OS,string,0,0,True,False
RP13-131K19.1,string,0,0,True,False
RP13-131K19.6,string,0,0,True,False
BSN-AS2,string,0,0,True,False
CDHR4,string,20,7,False,False
UBA7,string,20,21,False,False
CTD-2330K9.3,string,0,0,True,False
RBM5-AS1,string,0,0,True,False
SEMA3F-AS1,string,0,0,True,False
SEMA3F,string,20,13,False,False
GNAI2,string,20,70,False,False
U73166.2,string,0,0,True,False
SEMA3B,string,20,11,False,False
HYAL3,string,20,3,False,False
HEMK1,string,20,2,False,False
CISH,string,20,17,False,False
MANF,string,20,22,False,False
IQCF2,string,3,0,False,False
ALAS1,string,20,18,False,False
ITIH4,string,20,32,False,False
RP11-894J14.5,string,0,0,True,False
TKT,string,20,42,False,False
CACNA1D,string,20,49,False,False
SPATA12,string,9,2,False,False
HESX1,string,20,17,False,False
DNASE1L3,string,20,10,False,False
RP11-80H18.4,string,0,0,True,False
PXK,string,20,13,False,False
RP11-802O23.3,string,0,0,True,False
FAM107A,string,20,19,False,False
C3orf49,string,2,1,False,False
RP11-245J9.4,string,0,0,True,False
ARL6IP5,string,20,12,False,False
LMOD3,string,20,19,False,False
FRMD4B,string,20,11,False,False
RP11-154H23.3,string,0,0,True,False
LINC00877,string,0,0,True,False
FRG2C,string,10,4,False,False
ROBO1,string,20,48,False,False
CADM2,string,20,28,False,False
PROS1,string,20,10,False,False
ST3GAL6,string,20,20,False,False
COL8A1,string,20,29,False,False
FILIP1L,string,20,9,False,False
ABI3BP,string,20,11,False,False
IMPG2,string,20,15,False,False
NXPE3,string,0,0,True,False
NFKBIZ,string,20,6,False,False
ALCAM,string,20,20,False,False
CBLB,string,0,0,True,False
RP11-446H18.5,string,0,0,True,False
RP11-115H18.1,string,0,0,True,False
LINC00635,string,0,0,True,False
CD47,string,20,25,False,False
MYH15,string,20,14,False,False
LINC01205,string,0,0,True,False
RP11-553A10.1,string,0,0,True,False
RP11-90K6.1,string,0,0,True,False
RP11-231E6.1,string,0,0,True,False
BTLA,string,20,18,False,False
CCDC80,string,20,17,False,False
CD200R1L,string,20,2,False,False
RP11-255E6.6,string,0,0,True,False
RP11-553L6.2,string,0,0,True,False
RP11-553L6.5,string,0,0,True,False
ZBTB20,string,20,16,False,False
ZBTB20-AS4,string,0,0,True,False
LSAMP,string,20,17,False,False
LSAMP-AS1,string,0,0,True,False
RP11-384F7.1,string,0,0,True,False
PLA1A,string,20,11,False,False
POPDC2,string,20,9,False,False
COX17,string,20,19,False,False
RP11-174O3.6,string,0,0,True,False
FSTL1,string,20,27,False,False
ARGFX,string,20,8,False,False
HCLS1,string,20,35,False,False
SLC15A2,string,20,27,False,False
CD86,string,20,74,False,False
CSTA,string,20,23,False,False
MYLK,string,20,26,False,False
SLC12A8,string,20,9,False,False
RP11-666A20.4,string,0,0,True,False
ALDH1L1,string,20,17,False,False
UROC1,string,20,18,False,False
TPRA1,string,20,6,False,False
ABTB1,string,20,12,False,False
MGLL,string,20,35,False,False
GATA2,string,20,48,False,False
H1FX,string,0,0,True,False
EFCAB12,string,10,2,False,False
MBD4,string,20,12,False,False
COL6A5,string,0,0,True,False
ACPP,string,0,0,True,False
BFSP2,string,20,10,False,False
BFSP2-AS1,string,0,0,True,False
RP11-91K8.5,string,0,0,True,False
TF,string,20,28,False,False
SLCO2A1,string,20,11,False,False
RP11-202A13.1,string,0,0,True,False
EPHB1,string,20,13,False,False
RP11-102M11.2,string,0,0,True,False
RP11-731C17.2,string,0,0,True,False
CLDN18,string,20,9,False,False
RP11-461M2.2,string,0,0,True,False
FOXL2,string,0,0,True,True
C3orf72,string,0,0,True,True
RBP2,string,20,12,False,False
CLSTN2,string,20,17,False,False
ZBTB38,string,20,11,False,False
GRK7,string,20,12,False,False
RP11-80H8.3,string,0,0,True,False
ZIC4,string,20,18,False,False
RP11-501O2.5,string,0,0,True,False
CP,string,20,26,False,False
TM4SF1,string,20,15,False,False
TM4SF1-AS1,string,0,0,True,False
ANKUB1,string,15,7,False,False
PFN2,string,20,22,False,False
RP11-167H9.4,string,0,0,True,False
LINC01213,string,0,0,True,False
P2RY14,string,20,16,False,False
SUCNR1,string,20,8,False,False
RP11-246A10.1,string,0,0,True,False
TMEM14EP,string,0,0,True,False
RP11-292E2.1,string,0,0,True,False
ARHGEF26,string,20,14,False,False
MME,string,20,28,False,False
KCNAB1,string,20,32,False,False
LINC00886,string,0,0,True,False
RP11-6F2.5,string,0,0,True,False
CCNL1,string,20,12,False,False
PTX3,string,20,12,False,False
RP11-290K4.2,string,0,0,True,False
RP11-538P18.2,string,0,0,True,False
RP11-379F4.9,string,0,0,True,False
SMC4,string,20,36,False,False
LINC01322,string,0,0,True,False
WDR49,string,20,2,False,False
GOLIM4,string,20,3,False,False
RP11-816J6.3,string,0,0,True,False
RP11-362K14.5,string,0,0,True,False
RP11-362K14.7,string,0,0,True,False
SAMD7,string,20,12,False,False
SEC62-AS1,string,0,0,True,False
SKIL,string,20,13,False,False
RPL22L1,string,20,17,False,False
PLD1,string,20,30,False,False
FNDC3B,string,20,13,False,False
TNFSF10,string,20,18,False,False
LINC00578,string,0,0,True,False
ZMAT3,string,20,8,False,False
KLHL6-AS1,string,0,0,True,False
KLHL24,string,20,23,False,False
HTR3E-AS1,string,0,0,True,False
FAM131A,string,18,2,False,False
RP11-329B9.4,string,0,0,True,False
MAP3K13,string,20,4,False,False
LIPH,string,20,13,False,False
DGKG,string,20,23,False,False
RP11-573D15.9,string,0,0,True,False
EIF4A2,string,20,26,False,False
MASP1,string,20,15,False,False
RTP4,string,20,22,False,False
BCL6,string,20,48,False,False
OPA1-AS1,string,0,0,True,False
HES1,string,20,21,False,False
RP11-513G11.3,string,0,0,True,False
CPN2,string,20,5,False,False
LRRC15,string,20,14,False,False
FAM43A,string,20,10,False,False
AC090505.4,string,0,0,True,False
ACAP2,string,20,11,False,False
AC091633.3,string,0,0,True,False
APOD,string,20,28,False,False
MUC20,string,20,20,False,False
MUC4,string,20,20,False,False
AC124944.5,string,0,0,True,False
AC124944.3,string,0,0,True,False
TFRC,string,20,53,False,False
RNF168,string,20,11,False,False
LINC01063,string,0,0,True,False
NCBP2-AS1,string,0,0,True,False
BDH1,string,20,15,False,False
AC024560.2,string,0,0,True,False
PDE6B,string,20,31,False,False
RP11-1191J2.5,string,0,0,True,False
RP11-440L14.4,string,0,0,True,False
IDUA,string,20,15,False,False
CTBP1-AS,string,0,0,True,False
RP13-1016M1.2,string,0,0,True,False
RP11-1398P2.1,string,0,0,True,False
FGFR3,string,20,27,False,False
C4orf48,string,16,5,False,False
POLN,string,20,9,False,False
DOK7,string,20,11,False,False
LRPAP1,string,0,0,True,False
RP11-529E10.7,string,0,0,True,False
RP11-265O12.1,string,0,0,True,False
MSX1,string,20,30,False,False
CYTL1,string,20,8,False,False
EVC,string,20,6,False,False
PPP2R2C,string,20,18,False,False
RP11-539L10.2,string,0,0,True,False
S100P,string,20,7,False,False
RP11-367J11.3,string,0,0,True,False
PSAPL1,string,20,11,False,False
ABLIM2,string,20,15,False,False
SH3TC1,string,20,8,False,False
RP11-774O3.1,string,0,0,True,False
RP11-774O3.3,string,0,0,True,False
RP11-689P11.2,string,0,0,True,False
CPZ,string,20,11,False,False
CLNK,string,20,13,False,False
RP11-168E17.1,string,0,0,True,False
LINC00504,string,0,0,True,False
CPEB2-AS1,string,0,0,True,False
RP11-665G4.1,string,0,0,True,False
RP11-799M12.2,string,0,0,True,False
FGFBP1,string,20,16,False,False
FGFBP2,string,20,10,False,False
TAPT1-AS1,string,0,0,True,False
RP11-446J8.1,string,0,0,True,False
FAM184B,string,20,13,False,False
SLIT2,string,20,30,False,False
KCNIP4,string,20,19,False,False
RP11-362J17.1,string,0,0,True,False
ERVH-1,string,0,0,True,False
SOD3,string,20,22,False,False
CCDC149,string,13,4,False,False
LGI2,string,20,11,False,False
RP11-660M5.1,string,0,0,True,False
STIM2,string,20,16,False,False
ARAP2,string,20,8,False,False
C4orf19,string,15,7,False,False
RP11-83C7.1,string,0,0,True,False
TLR1,string,20,19,False,False
TMEM156,string,20,9,False,False
KLB,string,20,9,False,False
SMIM14,string,20,16,False,False
RHOH,string,20,14,False,False
AC195454.1,string,0,0,True,False
CHRNA9,string,20,21,False,False
ATP8A1,string,20,8,False,False
RP11-109E24.2,string,0,0,True,False
LVCAT1,string,0,0,True,False
GABRA2,string,20,34,False,False
ATP10D,string,20,12,False,False
LINC01618,string,0,0,True,False
RP11-752D24.2,string,0,0,True,False
LNX1,string,20,29,False,False
PDGFRA,string,20,28,False,False
RP11-545H22.1,string,0,0,True,False
KIT,string,20,68,False,False
RP11-646I6.6,string,0,0,True,False
IGFBP7,string,20,19,False,False
RP11-525J21.1,string,0,0,True,False
RP11-798L4.1,string,0,0,True,False
RP11-707A18.1,string,0,0,True,False
RP11-25H12.1,string,0,0,True,False
STAP1,string,20,8,False,False
TMPRSS11A,string,20,5,False,False
TMPRSS11F,string,20,2,False,False
TMPRSS11B,string,20,4,False,False
UGT2B11,string,20,19,False,False
RP11-704M14.1,string,0,0,True,False
AMBN,string,20,11,False,False
ENAM,string,20,12,False,False
JCHAIN,string,20,10,False,False
SLC4A4,string,20,34,False,False
CXCL8,string,20,90,False,False
AREG,string,20,19,False,False
RP11-44F21.5,string,0,0,True,False
RP11-567N4.3,string,0,0,True,False
C4orf26,string,0,0,True,False
RP11-556N4.1,string,0,0,True,False
CXCL10,string,20,44,False,False
CCNG2,string,20,25,False,False
ANXA3,string,20,14,False,False
LINC01094,string,0,0,True,False
BMP2K,string,0,0,True,False
RP11-452C8.1,string,0,0,True,False
ANTXR2,string,20,14,False,False
C4orf22,string,0,0,True,False
TMEM150C,string,20,12,False,False
PLAC8,string,20,10,False,False
HPSE,string,20,19,False,False
GPAT3,string,20,14,False,False
NKX6-1,string,20,25,False,False
RP13-514E23.2,string,0,0,True,False
PTPN13,string,20,24,False,True
SLC10A6,string,20,10,False,False
HSD17B11,string,20,13,False,False
SPARCL1,string,20,20,False,False
DSPP,string,0,0,True,False
ABCG2,string,20,40,False,False
HERC6,string,20,22,False,False
HERC5,string,20,23,False,False
SNCA,string,20,74,False,False
HPGDS,string,20,45,False,False
RP11-1299A16.3,string,0,0,True,False
ADH6,string,20,30,False,False
ADH1B,string,20,39,False,False
DAPP1,string,20,19,False,False
PPP3CA,string,20,55,False,False
MANBA,string,0,0,True,False
CENPE,string,20,46,False,False
CXXC4,string,20,8,False,False
RP11-556I14.2,string,0,0,True,False
RP11-556I14.1,string,0,0,True,False
NPNT,string,20,15,False,False
AC004051.2,string,0,0,True,False
ENPEP,string,20,21,False,False
ALPK1,string,20,3,False,False
ANK2,string,20,48,False,False
CAMK2D,string,20,47,False,False
RP11-55L3.1,string,0,0,True,False
LINC01378,string,0,0,True,False
SEC24D,string,20,19,False,False
SYNPO2,string,20,18,False,False
MYOZ2,string,20,26,False,False
USP53,string,20,6,False,False
FABP2,string,20,13,False,False
RP11-679C8.2,string,0,0,True,False
TNIP3,string,20,7,False,False
ANXA5,string,20,37,False,False
CCNA2,string,20,69,False,False
KIAA1109,string,20,13,False,False
IL21-AS1,string,0,0,True,False
BBS12,string,20,7,False,False
RP11-381N20.1,string,0,0,True,False
LINC01091,string,0,0,True,False
FAT4,string,20,20,False,False
RP11-810P8.1,string,0,0,True,False
PLK4,string,20,19,False,True
RP11-130C6.1,string,0,0,True,False
RP11-184M15.1,string,0,0,True,False
JADE1,string,20,10,False,False
PCDH10,string,20,18,False,False
SLC7A11,string,20,22,False,False
LINC00500,string,0,0,True,False
RP11-173E2.2,string,0,0,True,False
RP11-98O2.1,string,0,0,True,False
MGARP,string,20,19,False,False
RP11-83A24.2,string,0,0,True,False
RP11-308D13.3,string,0,0,True,False
GYPE,string,20,8,False,False
GYPB,string,20,10,False,False
GYPA,string,20,17,False,False
RP11-425A23.1,string,0,0,True,False
RP11-342A1.1,string,0,0,True,False
RP11-1336O20.2,string,0,0,True,False
MAB21L2,string,20,12,False,False
RPS3A,string,20,34,False,False
RP11-610P16.1,string,0,0,True,False
RP11-18H21.1,string,0,0,True,False
RP11-461L13.5,string,0,0,True,False
TMEM154,string,20,11,False,False
TRIM2,string,20,11,False,False
RNF175,string,12,4,False,False
CTSO,string,20,15,False,False
GLRB,string,20,27,False,False
RP11-597D13.9,string,0,0,True,False
FNIP2,string,20,18,False,False
C4orf45,string,9,5,False,False
RP11-497K21.1,string,0,0,True,False
AC005150.1,string,0,0,True,False
NPY1R,string,20,17,False,False
CPE,string,20,17,False,False
RP11-310I9.1,string,0,0,True,False
DDX60L,string,0,0,True,False
PALLD,string,20,21,False,False
CLCN3,string,20,11,False,False
RP11-789C1.2,string,0,0,True,False
GALNTL6,string,20,19,False,False
HMGB2,string,20,11,False,False
SCRG1,string,20,8,False,False
HPGD,string,20,20,False,False
RP11-440I14.3,string,0,0,True,False
ADAM29,string,20,17,False,False
SPATA4,string,20,18,False,False
RP11-487E13.1,string,0,0,True,False
LINC00290,string,0,0,True,False
AC108142.1,string,0,0,True,False
RP11-18D7.2,string,0,0,True,False
WWC2-AS1,string,0,0,True,False
STOX2,string,20,10,False,False
ENPP6,string,20,20,False,False
RP11-290F5.2,string,0,0,True,False
IRF2,string,20,26,False,False
RP11-326I11.3,string,0,0,True,False
RP11-326I11.4,string,0,0,True,False
CENPU,string,20,16,False,False
ACSL1,string,20,33,False,False
RP11-701P16.2,string,0,0,True,False
MIR3945HG,string,0,0,True,False
RP11-714G18.1,string,0,0,True,False
RP11-279O9.4,string,0,0,True,False
PDLIM3,string,20,28,False,False
TLR3,string,20,18,False,False
TRIML2,string,20,11,False,False
TRIML1,string,20,18,False,False
RP11-366H4.3,string,0,0,True,False
RP11-366H4.1,string,0,0,True,False
AF146191.4,string,0,0,True,False
FRG1,string,20,14,False,False
FRG2,string,20,10,False,False
CTD-2231H16.1,string,0,0,True,False
CTD-2083E4.6,string,0,0,True,False
TPPP,string,20,22,False,False
CTD-3080P12.3,string,0,0,True,False
SLC6A19,string,20,26,False,False
LINC01511,string,0,0,True,False
SLC6A3,string,20,30,False,False
RP11-445O3.3,string,0,0,True,False
UBE2QL1,string,20,13,False,False
RP11-332J15.2,string,0,0,True,False
CTD-2296D1.5,string,0,0,True,False
ADCY2,string,20,34,False,False
RP11-480D4.6,string,0,0,True,False
MIR4458HG,string,0,0,True,False
CTD-2256P15.5,string,0,0,True,False
RP11-1C1.6,string,0,0,True,False
RP11-1C1.4,string,0,0,True,False
CTD-2154B17.1,string,0,0,True,False
FAM134B,string,0,0,True,False
CTD-2228A4.1,string,0,0,True,False
RP11-454P21.1,string,0,0,True,False
RP11-774D14.1,string,0,0,True,False
RP11-184E9.1,string,0,0,True,False
C1QTNF3-AMACR,string,0,0,True,False
NADK2-AS1,string,0,0,True,False
SLC1A3,string,20,34,False,False
CTD-2653M23.3,string,0,0,True,False
GDNF,string,20,18,False,False
LIFR,string,20,13,False,False
OSMR-AS1,string,0,0,True,False
OSMR,string,20,16,False,False
RICTOR,string,20,20,False,False
FYB,string,0,0,True,False
DAB2,string,20,19,False,False
CCDC152,string,20,6,False,False
SEPP1,string,0,0,True,False
CTD-2325A15.5,string,0,0,True,False
CTD-2035E11.3,string,0,0,True,False
ANXA2R,string,18,3,False,False
CTD-2035E11.5,string,0,0,True,False
HCN1,string,20,5,False,False
PARP8,string,20,11,False,False
CTD-2089N3.2,string,0,0,True,False
ISL1,string,20,46,False,False
CTD-2288O8.1,string,0,0,True,False
FST,string,20,29,False,False
CTD-2081C10.1,string,0,0,True,False
CDC20B,string,20,6,False,False
PLPP1,string,20,22,False,False
DDX4,string,20,27,False,False
IL6ST,string,20,27,False,False
CTD-2031P19.5,string,0,0,True,False
ANKRD55,string,20,9,False,False
ACTBL2,string,20,6,False,False
PLK2,string,20,25,False,False
GAPT,string,20,8,False,False
CTD-2176I21.2,string,0,0,True,False
PDE4D,string,20,38,False,False
PART1,string,0,0,True,False
CD180,string,20,8,False,False
PIK3R1,string,20,100,False,False
CCNB1,string,20,78,False,False
CARTPT,string,20,22,False,False
MAP1B,string,20,33,False,False
ZNF366,string,20,10,False,False
CTD-2631K10.1,string,0,0,True,False
TMEM171,string,20,8,False,False
ARHGEF28,string,20,13,False,False
HEXB,string,20,18,False,False
FAM169A,string,20,10,False,False
CTD-2503O16.4,string,0,0,True,False
SV2C,string,20,25,False,False
RP11-466P24.6,string,0,0,True,False
IQGAP2,string,20,30,False,False
F2RL2,string,20,14,False,False
S100Z,string,20,13,False,False
CRHBP,string,20,13,False,False
ARSB,string,20,19,False,False
CMYA5,string,20,35,False,False
CTC-325J23.2,string,0,0,True,False
RASGRF2,string,20,21,False,False
CKMT2,string,20,16,False,False
ACOT12,string,20,12,False,False
LINC01338,string,0,0,True,False
CTC-480C2.1,string,0,0,True,False
CTD-2036A18.2,string,0,0,True,False
CTC-493L21.1,string,0,0,True,False
LINC00461,string,0,0,True,False
MEF2C,string,20,37,False,False
ARRDC3,string,20,20,False,True
CTD-2091N23.1,string,0,0,True,False
NR2F1-AS1,string,0,0,True,False
RHOBTB3,string,20,21,False,False
GLRX,string,20,33,False,False
CTD-2337A12.1,string,0,0,True,False
AC008592.7,string,0,0,True,False
CTD-2260A17.1,string,0,0,True,False
CTD-2260A17.3,string,0,0,True,False
ERAP2,string,20,12,False,False
LIX1,string,20,14,False,False
RGMB,string,20,14,False,False
ST8SIA4,string,20,11,False,False
SLCO6A1,string,20,18,False,False
RP11-58B2.1,string,0,0,True,False
PJA2,string,20,17,False,False
CTC-459M5.1,string,0,0,True,False
MCC,string,8,2,False,False
KCNN2,string,20,21,False,False
TRIM36,string,20,13,False,False
AC010226.4,string,0,0,True,False
SEMA6A,string,20,33,False,False
CTB-118N6.2,string,0,0,True,False
TNFAIP8,string,20,8,False,False
HSD17B4,string,0,0,True,False
FAM170A,string,0,0,True,False
PRR16,string,20,8,False,False
PPIC,string,20,12,False,False
LINC01170,string,0,0,True,False
GRAMD3,string,0,0,True,False
RP11-517I3.1,string,0,0,True,False
ALDH7A1,string,20,42,False,False
RP11-434D11.4,string,0,0,True,False
FBN2,string,20,20,False,False
KIAA1024L,string,0,0,True,False
FNIP1,string,20,13,False,False
AC034228.4,string,0,0,True,False
AC034228.2,string,0,0,True,False
CSF2,string,20,71,False,False
PDLIM4,string,20,14,False,False
IRF1,string,20,51,False,True
TH2LCRR,string,0,0,True,False
AFF4,string,20,10,False,False
FSTL4,string,20,14,False,False
CTB-49A3.5,string,0,0,True,False
RP11-215P8.3,string,0,0,True,False
PITX1,string,20,17,False,False
CTC-203F4.2,string,0,0,True,False
CTB-138E5.1,string,0,0,True,False
SPOCK1,string,20,20,False,False
PKD2L2,string,20,11,False,False
WNT8A,string,20,23,False,False
EGR1,string,20,56,False,True
TMEM173,string,0,0,True,False
CTB-35F21.5,string,0,0,True,False
CD14,string,20,28,False,False
PCDHA3,string,20,3,False,False
PCDHA12,string,14,2,False,False
AC005754.8,string,0,0,True,False
AC005618.6,string,0,0,True,False
PCDHGA1,string,20,3,False,False
PCDHGA3,string,20,7,False,False
PCDHGA5,string,20,8,False,False
PCDHGA6,string,20,5,False,False
PCDHGA7,string,20,4,False,False
PCDHGA8,string,20,3,False,False
PCDHGB5,string,20,7,False,False
PCDHGB6,string,20,1,False,False
PCDHGA10,string,20,2,False,False
PCDHGA12,string,20,10,False,False
ARAP3,string,20,12,False,False
PCDH12,string,20,9,False,False
AC005592.1,string,0,0,True,False
CTC-806A22.1,string,0,0,True,False
SH3RF2,string,20,18,False,False
POU4F3,string,0,0,True,False
JAKMIP2,string,20,10,False,False
SPINK1,string,20,23,False,False
SCGB3A2,string,20,15,False,False
SPINK5,string,20,23,False,False
SPINK6,string,20,8,False,False
RP11-373N22.3,string,0,0,True,False
ADRB2,string,20,37,False,False
ABLIM3,string,20,14,False,False
CARMN,string,0,0,True,False
PDE6A,string,20,30,False,False
SLC26A2,string,20,21,False,False
CSF1R,string,20,67,False,False
SLC6A7,string,20,24,False,False
CAMK2A,string,20,56,False,False
ARSI,string,20,11,False,False
CD74,string,20,48,False,False
CTC-367J11.1,string,0,0,True,False
SYNPO,string,20,8,False,False
MYOZ3,string,20,12,False,False
SMIM3,string,20,10,False,False
SLC36A2,string,20,15,False,False
SPARC,string,20,37,False,False
CTB-113P19.5,string,0,0,True,False
HAND1,string,20,11,False,False
FAXDC2,string,20,15,False,False
HAVCR2,string,20,27,False,False
ITK,string,20,41,False,False
FAM71B,string,8,6,False,False
CYFIP2,string,0,0,True,False
CTB-47B11.3,string,0,0,True,False
ADAM19,string,20,15,False,False
CTB-127C13.1,string,0,0,True,False
CCNJL,string,20,11,False,False
PTTG1,string,20,30,False,False
LINC01202,string,0,0,True,False
GABRG2,string,20,50,False,False
RP11-541P9.3,string,0,0,True,False
HMMR,string,20,30,False,False
CTC-340A15.2,string,0,0,True,False
CTC-286N12.1,string,0,0,True,False
CTB-178M22.2,string,0,0,True,False
LCP2,string,20,94,False,False
CTB-114C7.4,string,0,0,True,False
KCNMB1,string,20,21,False,False
GABRP,string,20,29,False,False
NPM1,string,20,35,False,False
NEURL1B,string,20,31,False,False
DUSP1,string,20,41,False,False
ATP6V0E1,string,20,12,False,False
CREBRF,string,20,13,False,False
LINC01484,string,0,0,True,False
CPEB4,string,20,15,False,False
HMP19,string,0,0,True,False
FAM153B,string,20,10,False,False
HK3,string,20,37,False,False
PFN3,string,20,7,False,False
DOK3,string,20,10,False,False
PHYKPL,string,20,8,False,False
ZNF454,string,20,11,False,False
GRM6,string,20,16,False,False
ZNF879,string,15,2,False,False
HNRNPH1,string,20,49,False,False
LTC4S,string,20,13,False,False
SQSTM1,string,20,60,False,False
RNF130,string,20,11,False,False
CTC-573N18.1,string,0,0,True,False
BTNL8,string,20,5,False,False
BTNL9,string,20,9,False,False
AC138035.2,string,0,0,True,False
DUSP22,string,20,14,False,False
RP11-532F6.4,string,0,0,True,False
RP11-284J1.1,string,0,0,True,False
RP1-136B1.1,string,0,0,True,False
SERPINB1,string,20,12,False,False
SERPINB9,string,20,9,False,False
RP1-40E16.11,string,0,0,True,False
TUBB2A,string,20,31,False,False
TUBB2B,string,20,24,False,False
RP3-406P24.3,string,0,0,True,False
FAM217A,string,14,8,False,False
RP11-274H24.1,string,0,0,True,False
RREB1,string,20,14,False,True
RP11-69L16.4,string,0,0,True,False
RP3-512B11.3,string,0,0,True,False
RP11-314C16.1,string,0,0,True,False
OFCC1,string,0,0,True,False
TFAP2A,string,0,0,True,False
TFAP2A-AS1,string,0,0,True,False
MIR5689HG,string,0,0,True,False
GCNT2,string,20,19,False,False
RP11-360O19.4,string,0,0,True,False
RP11-421M1.8,string,0,0,True,False
GCM2,string,20,10,False,False
ERVFRD-1,string,20,8,False,False
ADTRP,string,20,20,False,False
PHACTR1,string,20,7,False,False
RNF182,string,20,12,False,False
RP3-448I9.2,string,0,0,True,False
MYLIP,string,20,13,False,False
ATXN1,string,20,22,False,False
DEK,string,0,0,True,False
RP4-625H18.2,string,0,0,True,False
RP11-239H6.2,string,0,0,True,False
SOX4,string,20,7,False,False
CASC15,string,0,0,True,False
PRL,string,20,40,False,False
KIAA0319,string,20,17,False,False
FAM65B,string,0,0,True,False
RP11-367G6.3,string,0,0,True,False
LRRC16A,string,0,0,True,False
HIST1H2AA,string,0,0,True,False
TRIM38,string,20,13,False,False
HIST1H1C,string,0,0,True,False
HIST1H4C,string,0,0,True,False
HIST1H2AC,string,0,0,True,False
HIST1H2BD,string,0,0,True,False
HIST1H2BE,string,0,0,True,False
RP1-34B20.21,string,0,0,True,False
HIST1H4E,string,0,0,True,False
HIST1H2BG,string,0,0,True,False
HIST1H4H,string,0,0,True,False
RP11-457M11.7,string,0,0,True,False
RP11-239L20.6,string,0,0,True,False
HIST1H2BJ,string,0,0,True,False
RP1-153G14.4,string,0,0,True,False
HIST1H3H,string,0,0,True,False
GPX6,string,20,22,False,False
LINC01556,string,0,0,True,False
OR5V1,string,11,3,False,False
MOG,string,20,17,False,False
HLA-F,string,20,28,False,False
HLA-A,string,20,54,False,False
HCG9,string,0,0,True,False
TRIM31,string,20,13,False,False
HLA-E,string,20,38,False,False
XXbac-BPG249D20.9,string,0,0,True,False
PPP1R18,string,20,15,False,False
TUBB,string,20,30,False,False
IER3,string,20,15,False,False
DPCR1,string,0,0,True,False
MUC21,string,20,16,False,False
HCG22,string,0,0,True,False
CDSN,string,20,29,False,False
XXbac-BPG299F13.14,string,0,0,True,False
HLA-C,string,20,40,False,False
HLA-B,string,20,47,False,False
ATP6V1G2-DDX39B,string,0,0,True,False
LTA,string,20,20,False,False
TNF,string,20,212,False,False
LTB,string,20,11,False,False
LST1,string,20,6,False,False
AIF1,string,20,22,False,False
LY6G5C,string,20,13,False,False
DDAH2,string,20,8,False,False
CLIC1,string,20,19,False,False
VWA7,string,20,11,False,False
HSPA1A,string,20,46,False,False
HSPA1B,string,20,30,False,False
C6orf48,string,0,0,True,False
NEU1,string,20,15,False,False
SLC44A4,string,20,10,False,False
C2,string,20,15,False,False
ATF6B,string,20,22,False,False
GPSM3,string,20,4,False,False
HLA-DRA,string,20,52,False,False
HLA-DRB1,string,20,54,False,False
HLA-DQA1,string,20,30,False,False
PSMB8,string,20,55,False,False
PSMB8-AS1,string,0,0,True,False
PSMB9,string,20,31,False,False
TAP1,string,20,12,False,False
HLA-DMB,string,20,15,False,False
HLA-DOA,string,20,15,False,False
HLA-DPA1,string,20,34,False,False
HLA-DPB1,string,20,30,False,False
B3GALT4,string,20,16,False,False
TAPBP,string,20,18,False,False
BAK1,string,20,11,False,True
IP6K3,string,20,10,False,False
GRM4,string,20,24,False,False
C6orf1,string,0,0,True,False
SCUBE3,string,20,23,False,False
DEF6,string,20,5,False,False
PNPLA1,string,20,12,False,False
ETV7,string,20,7,False,False
SRSF3,string,20,23,False,False
CDKN1A,string,20,47,False,True
RAB44,string,20,26,False,False
CPNE5,string,20,9,False,False
PI16,string,20,7,False,False
FGD2,string,20,1,False,False
PIM1,string,20,13,False,False
TMEM217,string,20,8,False,False
MDGA1,string,20,14,False,False
KCNK17,string,20,12,False,False
KIF6,string,20,31,False,False
DAAM2,string,20,16,False,False
RP11-61I13.3,string,0,0,True,False
APOBEC2,string,20,14,False,False
MDFI,string,20,15,False,False
TFEB,string,20,20,False,False
PGC,string,20,18,False,False
PRICKLE4,string,20,6,False,False
CCND3,string,20,29,False,False
PTCRA,string,20,7,False,False
ZNF318,string,20,7,False,True
RP1-261G23.7,string,0,0,True,False
RP5-1120P11.1,string,0,0,True,False
C6orf223,string,0,0,True,False
RP1-302G2.5,string,0,0,True,False
HSP90AB1,string,20,68,False,False
RP11-444E17.6,string,0,0,True,False
TCTE1,string,20,14,False,False
RUNX2,string,20,70,False,False
ENPP5,string,20,8,False,False
RCAN2,string,20,11,False,False
CYP39A1,string,20,12,False,False
SLC25A27,string,20,6,False,False
RP11-268F1.3,string,0,0,True,False
MEP1A,string,20,32,False,False
ADGRF1,string,20,13,False,False
ADGRF4,string,20,9,False,False
OPN5,string,20,4,False,False
CRISP2,string,20,32,False,False
CRISP3,string,20,11,False,False
RP11-524K22.1,string,0,0,True,False
PKHD1,string,20,8,False,False
PAQR8,string,20,8,False,False
EFHC1,string,20,27,False,False
GSTA1,string,20,23,False,False
GCM1,string,20,18,False,False
RP3-483K16.4,string,0,0,True,False
RP11-411K7.1,string,0,0,True,False
COL21A1,string,20,18,False,False
DST,string,20,18,False,False
RP11-203B9.4,string,0,0,True,False
XXbac-BPGBPG55C20.1,string,0,0,True,False
XXbac-BPGBPG55C20.3,string,0,0,True,False
LGSN,string,20,12,False,False
EYS,string,20,16,False,False
RP11-301G19.1,string,0,0,True,False
RP3-525N10.2,string,0,0,True,False
RP11-462G2.1,string,0,0,True,False
LINC01626,string,0,0,True,False
RIMS1,string,20,39,False,False
OOEP,string,20,6,False,False
MB21D1,string,0,0,True,False
RP11-505P4.6,string,0,0,True,False
RP11-505P4.7,string,0,0,True,False
RP11-554D15.3,string,0,0,True,False
RP11-415D17.4,string,0,0,True,False
LCA5,string,20,33,False,False
FAM46A,string,0,0,True,False
PRSS35,string,20,10,False,False
TBX18-AS1,string,0,0,True,False
CGA,string,20,20,False,False
RP3-382I10.7,string,0,0,True,False
RP11-63L7.5,string,0,0,True,False
PNRC1,string,20,14,False,False
RP1-45N11.1,string,0,0,True,False
RP1-23E21.2,string,0,0,True,False
POU3F2,string,20,23,False,True
PNISR,string,20,16,False,False
MCHR2,string,20,3,False,False
LINC00577,string,0,0,True,False
RP3-355L5.4,string,0,0,True,False
PRDM1,string,20,12,False,True
AIM1,string,0,0,True,False
RP1-60O19.1,string,0,0,True,False
CD24,string,20,13,False,False
RP1-191J18.66,string,0,0,True,False
RP1-111B22.3,string,0,0,True,False
CD164,string,20,5,False,False
MICAL1,string,20,19,False,False
RP5-1112D6.8,string,0,0,True,False
WISP3,string,0,0,True,False
RP1-142L7.5,string,0,0,True,False
MARCKS,string,20,12,False,False
FRK,string,20,15,False,False
DSE,string,20,11,False,False
TSPYL1,string,20,4,False,False
FAM26F,string,0,0,True,False
RP11-259P20.1,string,0,0,True,False
TRAPPC3L,string,20,7,False,False
SLC35F1,string,20,24,False,False
PLN,string,20,14,False,False
FABP7,string,20,18,False,False
SMPDL3A,string,20,12,False,False
RNF217-AS1,string,0,0,True,False
RP11-624M8.1,string,0,0,True,False
RP1-293L8.2,string,0,0,True,False
HEY2,string,20,15,False,False
RP3-403A15.5,string,0,0,True,False
LAMA2,string,20,27,False,False
RP1-69D17.3,string,0,0,True,False
RP11-69I8.2,string,0,0,True,False
VNN1,string,20,17,False,False
VNN3,string,0,0,True,False
VNN2,string,20,16,False,False
EYA4,string,20,18,False,False
SLC2A12,string,20,11,False,False
SGK1,string,20,21,False,True
LINC01010,string,0,0,True,False
RP11-557H15.4,string,0,0,True,False
CTA-31J9.2,string,0,0,True,False
ALDH8A1,string,20,23,False,False
MYB,string,20,32,False,False
MYB-AS1,string,0,0,True,False
RP3-388E23.2,string,0,0,True,False
RP3-325F22.3,string,0,0,True,False
IL22RA2,string,20,13,False,False
IFNGR1,string,20,19,False,False
TXLNB,string,20,20,False,False
CITED2,string,20,9,False,False
LINC01625,string,0,0,True,False
HIVEP2,string,20,18,False,False
STX11,string,20,14,False,False
UTRN,string,20,23,False,False
ADGB,string,20,9,False,False
STXBP5-AS1,string,0,0,True,False
RP1-111D6.3,string,0,0,True,False
RP11-350J20.12,string,0,0,True,False
ULBP2,string,20,7,False,False
PPP1R14C,string,20,11,False,False
AKAP12,string,20,23,False,False
SYNE1,string,20,25,False,False
RP11-306O13.1,string,0,0,True,False
IPCEF1,string,20,9,False,False
SYTL3,string,20,9,False,False
TAGAP,string,20,38,False,False
SLC22A1,string,20,25,False,False
RPS6KA2,string,20,15,False,False
RNASET2,string,20,15,False,False
RP11-503C24.4,string,0,0,True,False
RP1-266L20.4,string,0,0,True,False
LINC00574,string,0,0,True,False
DLL1,string,20,20,False,False
RP5-894D12.4,string,0,0,True,False
PSMB1,string,20,29,False,False
PDGFA,string,20,24,False,False
RP11-449P15.2,string,0,0,True,False
ADAP1,string,20,12,False,False
CYP2W1,string,20,6,False,False
AC073957.15,string,0,0,True,False
AC102953.4,string,0,0,True,False
ELFN1,string,20,7,False,False
AC110781.3,string,0,0,True,False
AC092171.2,string,0,0,True,False
ACTB,string,0,0,True,False
CTB-161C1.1,string,0,0,True,False
ANKRD61,string,20,1,False,False
AC004895.4,string,0,0,True,False
RP5-1159O4.1,string,0,0,True,False
AC006042.7,string,0,0,True,False
AC005281.2,string,0,0,True,False
DGKB,string,20,23,False,False
AHR,string,20,20,False,True
HDAC9,string,20,21,False,False
ITGB8,string,20,28,False,False
IL6,string,20,166,False,False
DFNA5,string,0,0,True,False
SNX10,string,20,8,False,False
AC004540.4,string,0,0,True,False
AC004540.5,string,0,0,True,False
SKAP2,string,20,15,False,False
HOTAIRM1,string,0,0,True,False
RP1-170O19.14,string,0,0,True,False
HOXA13,string,0,0,True,True
HOTTIP,string,0,0,True,False
TAX1BP1,string,20,25,False,False
JAZF1-AS1,string,0,0,True,False
CREB5,string,20,20,False,False
CPVL,string,20,36,False,False
AC004593.3,string,0,0,True,False
PRR15,string,20,8,False,False
MTURN,string,20,12,False,False
RP4-777O23.3,string,0,0,True,False
RP4-777O23.1,string,0,0,True,False
CRHR2,string,20,21,False,False
INMT,string,20,17,False,False
AQP1,string,20,30,False,False
SEPT7-AS1,string,0,0,True,False
TRGC2,string,0,0,True,False
TRGC1,string,0,0,True,False
TRGV9,string,0,0,True,False
TRGVA,string,0,0,True,False
RP11-121A8.1,string,0,0,True,False
TRGV5,string,0,0,True,False
AMPH,string,20,30,False,False
POU6F2,string,20,11,False,False
AC011290.4,string,0,0,True,False
INHBA,string,20,17,False,False
C7orf25,string,11,3,False,False
HECW1,string,20,23,False,False
LINC00957,string,0,0,True,False
PGAM2,string,20,24,False,False
NPC1L1,string,20,18,False,False
MYO1G,string,20,29,False,False
UPP1,string,20,23,False,False
ABCA13,string,20,20,False,False
VWC2,string,20,16,False,False
AC020743.2,string,0,0,True,False
DDC,string,20,26,False,False
SUMF2,string,20,11,False,False
PHKG1,string,20,7,False,False
ZNF117,string,20,10,False,False
ERV3-1,string,17,4,False,False
TPST1,string,20,12,False,False
GS1-124K5.11,string,0,0,True,False
KCTD7,string,20,12,False,False
TRIM74,string,20,11,False,False
ABHD11-AS1,string,0,0,True,False
CLDN4,string,20,32,False,False
WBSCR28,string,0,0,True,False
RP11-731K22.1,string,0,0,True,False
CLIP2,string,20,17,False,False
NCF1,string,20,49,False,False
GTF2IRD2,string,20,9,False,False
AC004878.8,string,0,0,True,False
HIP1,string,20,16,False,False
CCDC146,string,20,13,False,False
PTPN12,string,20,22,False,True
GNAI1,string,20,72,False,False
CD36,string,20,21,False,False
PCLO,string,20,19,False,False
SEMA3E,string,0,0,True,False
SEMA3A,string,20,24,False,False
SEMA3D,string,20,17,False,False
GRM3,string,20,30,False,False
AC005009.1,string,0,0,True,False
ABCB1,string,20,29,False,False
RUNDC3B,string,20,10,False,False
CDK14,string,20,29,False,False
AC002456.2,string,0,0,True,False
SAMD9L,string,20,19,False,False
HEPACAM2,string,20,9,False,False
CALCR,string,0,0,True,False
TFPI2,string,20,21,False,False
AC006378.2,string,0,0,True,False
AC003092.1,string,0,0,True,False
PON3,string,20,12,False,False
ASB4,string,20,23,False,False
PDK4,string,20,22,False,False
AC002451.3,string,0,0,True,False
DYNC1I1,string,20,25,False,False
BRI3,string,12,1,False,False
RP11-307C18.1,string,0,0,True,False
ARPC1B,string,20,18,False,False
CYP3A5,string,20,31,False,False
CYP3A4,string,20,50,False,False
RP4-604G5.1,string,0,0,True,False
GATS,string,0,0,True,False
PILRA,string,20,17,False,False
C7orf61,string,15,4,False,False
TSC22D4,string,20,10,False,False
GIGYF1,string,20,13,False,False
MUC12,string,20,14,False,False
RP11-395B7.4,string,0,0,True,False
MUC17,string,20,21,False,False
TRIM56,string,20,12,False,False
SERPINE1,string,20,42,False,False
VGF,string,20,13,False,False
MYL10,string,20,17,False,False
CTA-305I2.1,string,0,0,True,False
RP11-514P8.2,string,0,0,True,False
ORAI2,string,20,9,False,False
POLR2J3,string,20,6,False,False
RASA4,string,20,9,False,False
RP11-514P8.6,string,0,0,True,False
AC105052.2,string,0,0,True,False
LRRC17,string,20,13,False,False
SLC26A5,string,20,15,False,False
RELN,string,20,33,False,False
KMT2E,string,20,25,False,False
PIK3CG,string,20,37,False,False
HBP1,string,20,3,False,False
SLC26A4-AS1,string,0,0,True,False
CTB-13F3.1,string,0,0,True,False
PNPLA8,string,20,10,False,False
AC003088.1,string,0,0,True,False
AC002463.3,string,0,0,True,False
C7orf60,string,0,0,True,False
GPR85,string,20,22,False,False
LINC01393,string,0,0,True,False
TES,string,20,26,False,False
CAV2,string,20,19,False,False
CAV1,string,20,90,False,False
CTTNBP2,string,20,14,False,False
ANKRD7,string,0,0,True,False
AASS,string,20,12,False,False
FEZF1-AS1,string,0,0,True,False
C7orf77,string,0,0,True,False
RP11-3B12.5,string,0,0,True,False
RP11-3B12.2,string,0,0,True,False
RP11-212P7.2,string,0,0,True,False
RP11-274B21.10,string,0,0,True,False
RP11-274B21.9,string,0,0,True,False
OPN1SW,string,20,16,False,False
CCDC136,string,20,8,False,False
UBE2H,string,20,25,False,False
RP11-306G20.1,string,0,0,True,False
SSMEM1,string,15,9,False,False
TSGA13,string,18,4,False,False
AC058791.1,string,0,0,True,False
RP11-138A9.1,string,0,0,True,False
RP11-138A9.2,string,0,0,True,False
LINC-PINT,string,0,0,True,False
PLXNA4,string,20,26,False,False
LRGUK,string,20,14,False,False
AKR1B1,string,20,25,False,False
BPGM,string,20,18,False,True
RP11-644N4.1,string,0,0,True,False
DGKI,string,20,27,False,False
CREB3L2,string,20,18,False,False
SVOPL,string,20,17,False,False
ZC3HAV1,string,20,17,False,True
HIPK2,string,20,13,False,False
DENND2A,string,20,6,False,False
WEE2-AS1,string,0,0,True,False
TRBC1,string,0,0,True,False
PRSS2,string,0,0,True,False
TRBC2,string,0,0,True,False
TRBV30,string,0,0,True,False
EPHB6,string,20,8,False,False
AC073342.12,string,0,0,True,False
TMEM139,string,10,1,False,False
FAM131B,string,20,20,False,False
AC093673.5,string,0,0,True,False
ZYX,string,20,24,False,False
TAS2R60,string,20,12,False,False
TCAF2,string,20,13,False,False
CNTNAP2,string,20,39,False,False
GHET1,string,0,0,True,False
ZNF425,string,18,1,False,False
ZNF467,string,20,8,False,False
SSPO,string,0,0,True,False
ZNF862,string,20,8,False,False
RP11-445N20.3,string,0,0,True,False
RP4-584D14.5,string,0,0,True,False
LINC00996,string,0,0,True,False
GIMAP8,string,20,23,False,False
GIMAP7,string,20,14,False,False
GIMAP2,string,20,5,False,False
TMEM176B,string,20,18,False,False
TMEM176A,string,20,12,False,False
KCNH2,string,20,38,False,False
RP4-548D19.3,string,0,0,True,False
WDR86,string,20,3,False,False
PRKAG2-AS1,string,0,0,True,False
LINC01003,string,0,0,True,False
DPP6,string,20,37,False,False
PAXIP1-AS2,string,0,0,True,False
RP11-5C23.2,string,0,0,True,False
AC008060.5,string,0,0,True,False
AC073133.2,string,0,0,True,False
MNX1-AS2,string,0,0,True,False
RP4-639J15.3,string,0,0,True,False
AC005481.5,string,0,0,True,False
AC011899.9,string,0,0,True,False
RP11-452C13.1,string,0,0,True,False
VIPR2,string,20,13,False,False
LINC00685,string,0,0,True,False
CRLF2,string,20,16,False,False
CSF2RA,string,0,0,True,False
IL3RA,string,20,20,False,False
P2RY8,string,20,23,False,False
CD99,string,20,7,False,False
ARSD,string,20,13,False,False
RP11-706O15.7,string,0,0,True,False
VCX3B,string,20,7,False,False
TLR7,string,20,34,False,False
TMSB4X,string,20,15,False,True
FAM9C,string,8,5,False,False
RP1-122K4.3,string,0,0,True,False
ASB9,string,20,10,False,False
BMX,string,20,5,False,False
TMEM27,string,0,0,True,False
AP1S2,string,20,20,False,False
RP11-431J24.2,string,0,0,True,False
RAI2,string,20,20,False,False
BEND2,string,17,9,False,False
CDKL5,string,20,27,False,False
ADGRG2,string,20,14,False,False
PHEX,string,20,12,False,False
PTCHD1,string,20,13,False,False
PRDX4,string,20,25,False,False
RP13-314C10.5,string,0,0,True,False
SAT1,string,20,18,False,False
EIF2S3,string,20,28,False,False
PCYT1B,string,20,15,False,False
ARX,string,20,11,False,False
MAGEB2,string,20,13,False,False
CXorf21,string,0,0,True,False
DMD,string,20,56,False,False
XK,string,20,3,False,False
CYBB,string,20,38,False,False
DYNLT3,string,20,12,False,False
SRPX,string,20,13,False,False
MID1IP1,string,20,6,False,False
LINC01281,string,0,0,True,False
RP11-320G24.1,string,0,0,True,False
RP5-1172N10.2,string,0,0,True,False
GPR34,string,20,15,False,False
GPR82,string,20,12,False,False
MAOB,string,20,30,False,False
CXorf36,string,0,0,True,False
TIMP1,string,20,36,False,False
CFP,string,20,36,False,False
UXT-AS1,string,0,0,True,False
AF196970.3,string,0,0,True,False
ERAS,string,20,3,False,False
PIM2,string,20,3,False,False
PLP2,string,20,14,False,False
SYP,string,20,65,False,False
GAGE12J,string,4,1,False,False
SHROOM4,string,20,6,False,False
RP11-348F1.2,string,0,0,True,False
MAGED1,string,20,16,False,False
SPANXN5,string,12,2,False,False
FAM156A,string,6,2,False,False
MAGED2,string,20,16,False,False
TRO,string,20,2,False,False
ALAS2,string,0,0,True,False
PAGE5,string,20,11,False,False
LINC01420,string,0,0,True,False
MSN,string,20,28,False,False
RP6-159A1.4,string,0,0,True,False
VSIG4,string,20,30,False,False
HEPH,string,20,17,False,False
AR,string,20,93,False,False
IGBP1,string,20,24,False,False
FOXO4,string,20,22,False,True
IL2RG,string,20,41,False,False
ACRC,string,0,0,True,False
LINC00891,string,0,0,True,False
RGAG4,string,0,0,True,False
RPS4X,string,20,40,False,False
CITED1,string,20,10,False,True
XIST,string,0,0,True,False
FTX,string,0,0,True,False
KIAA2022,string,0,0,True,False
PGAM4,string,20,16,False,False
CYSLTR1,string,20,15,False,False
LPAR4,string,20,19,False,False
SH3BGRL,string,20,14,False,False
RPS6KA6,string,20,15,False,False
SATL1,string,20,7,False,False
KLHL4,string,20,18,False,False
TGIF2LX,string,20,10,False,False
RPA4,string,20,10,False,False
NOX1,string,20,27,False,False
TMEM35,string,0,0,True,False
BTK,string,20,49,False,False
ARMCX3,string,20,7,False,False
ZMAT1,string,20,5,False,False
NXF3,string,20,13,False,False
TCEAL5,string,20,4,False,False
BEX2,string,20,11,False,False
WBP5,string,0,0,True,False
RAB40A,string,20,22,False,False
RAB9B,string,20,12,False,False
H2BFWT,string,0,0,True,False
RP11-722G7.1,string,0,0,True,False
PIH1D3,string,0,0,True,False
FRMPD3,string,20,5,False,False
TSC22D3,string,20,21,False,False
ACSL4,string,20,19,False,False
RGAG1,string,0,0,True,False
RP5-1139I1.1,string,0,0,True,False
RHOXF1-AS1,string,0,0,True,False
RHOXF2BB,string,0,0,True,False
LINC01402,string,0,0,True,False
TMEM255A,string,20,17,False,False
ATP1B4,string,20,14,False,False
LAMP2,string,20,34,False,False
TEX13D,string,0,0,True,False
TENM1,string,20,17,False,False
RP1-30E17.2,string,0,0,True,False
SASH3,string,20,35,False,False
BCORL1,string,20,5,False,True
RAB33A,string,20,14,False,False
FRMD7,string,20,9,False,False
RAP2C-AS1,string,0,0,True,False
TFDP3,string,20,5,False,False
LINC00629,string,0,0,True,False
RP11-265D19.6,string,0,0,True,False
SMIM10L2A,string,0,0,True,False
CT45A1,string,20,16,False,False
CT45A3,string,20,8,False,False
FHL1,string,20,13,False,False
ARHGEF6,string,20,30,False,False
RP11-1114A5.4,string,0,0,True,False
SOX3,string,20,23,False,False
SPANXD,string,19,7,False,False
MAGEC2,string,20,17,False,False
IDS,string,20,16,False,False
AF011889.2,string,0,0,True,False
LINC00893,string,0,0,True,False
MAGEA9B,string,20,4,False,False
MAGEA11,string,20,7,False,False
XX-FW81066F1.2,string,0,0,True,False
XX-FW80269A6.1,string,0,0,True,False
PASD1,string,20,18,False,False
RP11-366F6.2,string,0,0,True,False
GABRE,string,20,22,False,False
GABRQ,string,20,26,False,False
MAGEA2,string,20,10,False,False
PNMA5,string,20,9,False,False
RP11-635O16.2,string,0,0,True,False
U82695.5,string,0,0,True,False
DUSP9,string,20,14,False,True
ARHGAP4,string,20,15,False,False
RENBP,string,20,17,False,False
TKTL1,string,20,32,False,False
XX-FW83128A1.2,string,0,0,True,False
FLNA,string,20,55,False,False
RPL10,string,0,0,True,False
XX-FW83563B9.5,string,0,0,True,False
CH17-340M24.3,string,0,0,True,False
ATP6AP1,string,20,15,False,False
G6PD,string,20,37,False,False
GAB3,string,20,5,False,False
SMIM9,string,0,0,True,False
CLIC2,string,20,18,False,False
TMLHE-AS1,string,0,0,True,False
IL9R,string,20,6,False,False
AC144568.2,string,0,0,True,False
CTD-2336O2.3,string,0,0,True,False
MYOM2,string,20,25,False,False
AC133633.2,string,0,0,True,False
ANGPT2,string,20,14,False,False
PPP1R3B,string,20,34,False,False
C8orf74,string,11,6,False,False
RP11-177H2.2,string,0,0,True,False
FAM167A,string,20,17,False,False
C8orf49,string,0,0,True,False
RP11-297N6.4,string,0,0,True,False
CTSB,string,20,53,False,False
KIAA1456,string,0,0,True,False
SGCZ,string,20,14,False,False
TUSC3,string,20,22,False,False
SLC7A2,string,20,19,False,False
MTUS1,string,20,11,False,False
ASAH1,string,20,24,False,False
DOK2,string,20,19,False,False
DMTN,string,20,15,False,False
PHYHIP,string,20,28,False,False
EGR3,string,20,19,False,False
PEBP4,string,20,12,False,False
TNFRSF10D,string,20,2,False,False
LOXL2,string,20,9,False,False
SLC25A37,string,20,19,False,False
NKX3-1,string,20,18,False,False
STC1,string,20,21,False,False
ADAM28,string,20,24,False,False
NEFM,string,20,19,False,False
EBF2,string,20,9,False,False
BNIP3L,string,20,17,False,False
PNMA2,string,20,13,False,False
DPYSL2,string,20,19,False,False
STMN4,string,20,36,False,False
PTK2B,string,20,45,False,False
CHRNA2,string,20,16,False,False
CLU,string,20,44,False,False
PNOC,string,20,11,False,False
RP11-662B19.2,string,0,0,True,False
AC145110.1,string,0,0,True,False
RP11-51J9.5,string,0,0,True,False
RNF122,string,20,20,False,False
DUSP26,string,20,11,False,False
RP1-273G13.3,string,0,0,True,False
RP1-84O15.2,string,0,0,True,False
RP11-863K10.7,string,0,0,True,False
RAB11FIP1,string,20,22,False,False
ADRB3,string,20,10,False,False
C8orf86,string,0,0,True,False
TACC1,string,20,9,False,False
PLEKHA2,string,20,10,False,False
HTRA4,string,20,28,False,False
C8orf4,string,0,0,True,False
ZMAT4,string,20,14,False,False
SFRP1,string,20,24,False,False
PLAT,string,20,24,False,False
RP11-231D20.2,string,0,0,True,False
RP11-503E24.2,string,0,0,True,False
CHRNA6,string,20,20,False,False
CEBPD,string,20,20,False,False
C8orf22,string,0,0,True,False
RP11-10H3.1,string,0,0,True,False
RP11-11C20.3,string,0,0,True,False
PCMTD1,string,20,11,False,False
RP11-546K22.3,string,0,0,True,False
XKR4,string,20,18,False,False
RP11-513O17.3,string,0,0,True,False
RP11-44D19.1,string,0,0,True,False
SDCBP,string,20,30,False,False
TOX,string,20,4,False,False
RP11-91I20.3,string,0,0,True,False
RP11-33I11.2,string,0,0,True,False
AC022182.1,string,0,0,True,False
AC022182.3,string,0,0,True,False
ASPH,string,20,14,False,False
RRS1-AS1,string,0,0,True,False
ADHFE1,string,20,32,False,False
C8orf46,string,0,0,True,False
AC090154.1,string,0,0,True,False
KCNB2,string,20,23,False,False
C8orf89,string,0,0,True,False
RPL7,string,20,24,False,False
RDH10,string,20,11,False,False
UBE2W,string,20,16,False,False
LY96,string,20,19,False,False
RP11-6I2.3,string,0,0,True,False
CASC9,string,0,0,True,False
HNF4G,string,20,17,False,False
STMN2,string,20,34,False,False
HEY1,string,20,17,False,False
LINC01607,string,0,0,True,False
ZBTB10,string,20,4,False,True
PAG1,string,20,7,False,False
RP11-1149M10.2,string,0,0,True,False
FABP5,string,20,20,False,False
RP11-354A14.1,string,0,0,True,False
RALYL,string,20,24,False,False
RP11-219B4.7,string,0,0,True,False
CA2,string,20,19,False,False
CNGB3,string,20,22,False,False
CTB-118P15.2,string,0,0,True,False
RP11-642C5.1,string,0,0,True,False
CALB1,string,20,32,False,False
NECAB1,string,20,15,False,False
TMEM55A,string,0,0,True,False
RUNX1T1,string,20,23,False,True
RP11-10N23.5,string,0,0,True,False
RP3-388N13.5,string,0,0,True,False
RP11-22C11.2,string,0,0,True,False
TP53INP1,string,20,13,False,False
RP11-90D11.1,string,0,0,True,False
SDC2,string,20,31,False,False
CPQ,string,20,6,False,False
LAPTM4B,string,20,14,False,False
MATN2,string,20,13,False,False
OSR2,string,20,12,False,True
RP11-44N12.2,string,0,0,True,False
FBXO43,string,20,10,False,False
FLJ42969,string,0,0,True,False
KB-1410C5.5,string,0,0,True,False
NCALD,string,20,20,False,False
UBR5-AS1,string,0,0,True,False
KB-431C1.5,string,0,0,True,False
KLF10,string,20,13,False,False
KB-1732A1.1,string,0,0,True,False
KB-1507C5.4,string,0,0,True,False
BAALC,string,20,11,False,False
FZD6,string,20,28,False,False
DCAF13,string,20,15,False,False
DPYS,string,20,20,False,False
LRP12,string,20,4,False,False
RP11-649G15.2,string,0,0,True,False
EIF3E,string,20,20,False,False
TMEM74,string,20,15,False,False
CSMD3,string,20,23,False,False
AC023590.1,string,0,0,True,False
RP11-760H22.2,string,0,0,True,False
COL14A1,string,20,16,False,False
RP11-369K17.1,string,0,0,True,False
LINC01151,string,0,0,True,False
FAM83A,string,20,5,False,False
ATAD2,string,20,10,False,False
FBXO32,string,20,16,False,False
RP11-383J24.1,string,0,0,True,False
RP11-6D1.3,string,0,0,True,False
SQLE,string,20,21,False,False
TRIB1,string,20,22,False,False
RP11-136O12.2,string,0,0,True,False
RP11-65D17.1,string,0,0,True,False
FAM84B,string,0,0,True,False
CASC8,string,0,0,True,False
MYC,string,0,0,True,False
TMEM71,string,20,10,False,False
SLA,string,20,13,False,False
NDRG1,string,20,25,False,False
RP11-489O18.1,string,0,0,True,False
FAM135B,string,20,6,False,False
RP11-398H6.1,string,0,0,True,False
DENND3,string,20,7,False,False
RP11-10J21.6,string,0,0,True,False
GPR20,string,20,11,False,False
CTD-3064M3.7,string,0,0,True,False
RP13-467H17.1,string,0,0,True,False
ARC,string,20,12,False,False
LY6E,string,20,17,False,False
RP11-661A12.5,string,0,0,True,False
RP11-661A12.12,string,0,0,True,False
RP11-429J17.5,string,0,0,True,False
RP11-429J17.7,string,0,0,True,False
RP11-429J17.8,string,0,0,True,False
EPPK1,string,20,18,False,False
PARP10,string,20,6,False,False
CTD-2517M22.17,string,0,0,True,False
RP11-165F24.3,string,0,0,True,False
DMRT2,string,20,7,False,False
IGHEP2,string,0,0,True,False
RP11-390F4.3,string,0,0,True,False
RP11-77E14.2,string,0,0,True,False
RP11-29B9.2,string,0,0,True,False
CNTLN,string,20,15,False,False
RP11-513M16.8,string,0,0,True,False
RPS6,string,20,43,False,False
RP11-315I14.2,string,0,0,True,False
RP11-321L2.2,string,0,0,True,False
DDX58,string,20,57,False,False
DNAJA1,string,20,26,False,False
B4GALT1,string,20,34,False,False
SPINK4,string,20,13,False,False
RP11-384P7.7,string,0,0,True,False
PRSS3,string,20,9,False,False
RP11-537H15.3,string,0,0,True,False
PHF24,string,12,1,False,False
FAM214B,string,20,5,False,False
FAM166B,string,18,6,False,False
CD72,string,20,18,False,False
RP11-331F9.4,string,0,0,True,False
TLN1,string,20,47,False,False
SPAG8,string,20,18,False,False
FAM221B,string,10,4,False,False
RECK,string,20,9,False,False
CLTA,string,20,36,False,False
PAX5,string,20,36,False,False
BMS1P14,string,0,0,True,False
FAM74A7,string,0,0,True,False
RP11-475I24.8,string,0,0,True,False
FAM74A6,string,0,0,True,False
RP11-160N1.9,string,0,0,True,False
RP11-374M1.5,string,0,0,True,False
RP11-111F5.3,string,0,0,True,False
RP11-211N8.2,string,0,0,True,False
RP11-327I22.5,string,0,0,True,False
ZNF658,string,15,5,False,False
RP11-395E19.2,string,0,0,True,False
RP11-88I18.2,string,0,0,True,False
RP11-203L2.4,string,0,0,True,False
BANCR,string,0,0,True,False
MAMDC2,string,20,9,False,False
RP11-63P12.7,string,0,0,True,False
ALDH1A1,string,20,31,False,False
ANXA1,string,20,36,False,False
TRPM6,string,20,18,False,False
RFK,string,20,13,False,False
GNA14,string,20,37,False,False
TLE4,string,20,27,False,False
RP11-383M4.6,string,0,0,True,False
RP11-439K3.1,string,0,0,True,False
IDNK,string,20,5,False,False
RP11-158D2.2,string,0,0,True,False
SLC28A3,string,20,10,False,False
GAS1,string,20,6,False,False
CTSL,string,20,40,False,False
CDK20,string,20,8,False,False
NXNL2,string,20,9,False,False
CKS2,string,20,27,False,False
GADD45G,string,20,11,False,False
SYK,string,20,89,False,False
RP11-305L7.1,string,0,0,True,False
RP11-440G5.2,string,0,0,True,False
AL136097.1,string,0,0,True,False
OGN,string,20,23,False,False
FGD3,string,20,16,False,False
SUSD3,string,20,16,False,False
RP11-274J16.5,string,0,0,True,False
NINJ1,string,20,7,False,False
RP11-165J3.6,string,0,0,True,False
RP11-53B5.1,string,0,0,True,False
BARX1,string,20,11,False,False
BARX1-AS1,string,0,0,True,False
RP11-2B6.3,string,0,0,True,False
FBP1,string,20,17,False,False
RP11-435O5.7,string,0,0,True,False
NUTM2G,string,10,4,False,False
RP11-498P14.5,string,0,0,True,False
HEMGN,string,20,10,False,False
RP11-92C4.3,string,0,0,True,False
COL15A1,string,20,25,False,False
RP11-92C4.6,string,0,0,True,False
NAMA,string,0,0,True,False
GRIN3A,string,20,18,False,False
NIPSNAP3B,string,20,3,False,False
ABCA1,string,20,40,False,False
RP11-217B7.2,string,0,0,True,False
SLC44A1,string,20,14,False,False
RP11-235C23.5,string,0,0,True,False
TAL2,string,20,6,False,False
RP11-308N19.1,string,0,0,True,False
LINC01505,string,0,0,True,False
KLF4,string,20,27,False,False
FRRS1L,string,20,21,False,False
SVEP1,string,0,0,True,False
ZNF483,string,20,9,False,False
FAM225B,string,0,0,True,False
SLC31A2,string,20,23,False,False
RP11-18B16.2,string,0,0,True,False
COL27A1,string,20,13,False,False
ORM1,string,20,21,False,False
ORM2,string,20,14,False,False
AKNA,string,20,5,False,False
RP11-9M16.2,string,0,0,True,False
TNFSF15,string,20,14,False,False
TNC,string,20,9,False,False
PAPPA,string,20,21,False,False
TLR4,string,20,96,False,False
RP11-281A20.2,string,0,0,True,False
MEGF9,string,20,8,False,False
PSMD5-AS1,string,0,0,True,False
PHF19,string,20,5,False,False
TRAF1,string,20,26,False,False
CNTRL,string,20,8,False,False
GSN,string,20,37,False,False
GSN-AS1,string,0,0,True,False
STOM,string,20,22,False,False
MORN5,string,20,10,False,False
PTGS1,string,20,39,False,False
RP11-542K23.10,string,0,0,True,False
RP11-542K23.7,string,0,0,True,False
GPR21,string,0,0,True,False
HSPA5,string,20,72,False,False
TTC16,string,20,5,False,False
SH2D3C,string,20,13,False,False
ENG,string,20,26,False,False
PIP5KL1,string,20,11,False,False
SPTAN1,string,20,32,False,False
HMGA1P4,string,0,0,True,False
SET,string,20,13,False,True
ZDHHC12,string,20,4,False,False
CRAT,string,20,17,False,False
IER5L,string,20,8,False,False
RP11-247A12.8,string,0,0,True,False
C9orf106,string,0,0,True,False
RP11-65J3.3,string,0,0,True,False
RP11-65J3.14,string,0,0,True,False
RP11-492E3.51,string,0,0,True,False
RP11-492E3.2,string,0,0,True,False
C9orf50,string,15,4,False,False
PRRX2-AS1,string,0,0,True,False
PTGES,string,20,13,False,False
USP20,string,20,15,False,False
FNBP1,string,20,15,False,False
RP11-138E2.1,string,0,0,True,False
HMCN2,string,20,14,False,False
LAMC3,string,20,15,False,False
RP11-544A12.8,string,0,0,True,False
RP11-334J6.6,string,0,0,True,False
NTNG2,string,20,25,False,False
BARHL1,string,20,10,False,False
AK8,string,20,17,False,False
OBP2B,string,20,5,False,False
ADAMTS13,string,20,24,False,False
SLC2A6,string,20,11,False,False
SARDH,string,20,16,False,False
LL09NC01-139C3.1,string,0,0,True,False
RP11-473E2.4,string,0,0,True,False
FCN1,string,20,16,False,False
OBP2A,string,20,9,False,False
PAEP,string,20,14,False,False
NALT1,string,0,0,True,False
CCDC183,string,8,1,False,False
CLIC3,string,20,24,False,False
C9orf139,string,0,0,True,False
FUT7,string,20,16,False,False
RP11-229P13.15,string,0,0,True,False
SLC34A3,string,20,15,False,False
TUBB4B,string,20,19,False,False
C9orf173,string,0,0,True,False
NOXA1,string,20,16,False,False
ENTPD8,string,20,27,False,False
ODF3,string,20,16,False,False
RP11-304M2.5,string,0,0,True,False
IFITM2,string,20,18,False,False
IFITM3,string,20,26,False,False
RP13-317D12.3,string,0,0,True,False
IRF7,string,20,57,False,False
CDHR5,string,20,16,False,False
AP006621.8,string,0,0,True,False
RP13-870H17.3,string,0,0,True,False
DUSP8,string,20,13,False,False
KRTAP5-AS1,string,0,0,True,False
IFITM10,string,20,6,False,False
SYT8,string,20,17,False,False
TNNI2,string,20,32,False,False
LSP1,string,20,18,False,False
TNNT3,string,20,37,False,False
IGF2,string,20,40,False,False
C11orf21,string,18,2,False,False
TSPAN32,string,20,10,False,False
TRPM5,string,0,0,True,False
KCNQ1,string,20,49,False,False
KCNQ1OT1,string,0,0,True,False
KCNQ1-AS1,string,0,0,True,False
KCNQ1DN,string,0,0,True,False
CDKN1C,string,20,21,False,True
SLC22A18,string,20,31,False,False
PHLDA2,string,20,12,False,False
MRGPRG-AS1,string,0,0,True,False
RHOG,string,20,24,False,False
OR51E1,string,20,6,False,False
OR51E2,string,20,8,False,False
HBB,string,20,28,False,False
HBD,string,0,0,True,False
HBG1,string,20,18,False,False
HBG2,string,0,0,True,False
HBE1,string,20,25,False,False
OR51B4,string,20,9,False,False
UBQLNL,string,20,4,False,False
AC015691.13,string,0,0,True,False
TRIM6,string,20,8,False,False
TRIM5,string,20,13,False,False
TRIM22,string,20,17,False,False
SMPD1,string,20,24,False,False
RP11-732A19.8,string,0,0,True,False
TPP1,string,20,13,False,False
PPFIBP2,string,20,5,False,False
TMEM9B-AS1,string,0,0,True,False
SWAP70,string,20,15,False,False
RP11-351I24.1,string,0,0,True,False
ADM,string,20,21,False,False
MTRNR2L8,string,9,2,False,False
MRVI1-AS1,string,0,0,True,False
LYVE1,string,20,15,False,False
ZBED5-AS1,string,0,0,True,False
DKK3,string,20,34,False,False
RP13-631K18.2,string,0,0,True,False
SOX6,string,20,22,False,False
NUCB2,string,20,12,False,False
USH1C,string,20,36,False,False
OTOG,string,20,11,False,False
KCNC1,string,20,59,False,False
LDHA,string,20,42,False,False
LDHC,string,20,27,False,False
CSRP3,string,20,30,False,False
RP11-359E10.1,string,0,0,True,False
GAS2,string,20,12,False,False
SVIP,string,20,4,False,False
RP11-17A1.3,string,0,0,True,False
RP11-266A24.1,string,0,0,True,False
CTD-2507G9.1,string,0,0,True,False
SLC5A12,string,20,21,False,False
BDNF-AS,string,0,0,True,False
CTD-3012A18.1,string,0,0,True,False
MPPED2,string,20,11,False,False
Z83001.1,string,0,0,True,False
PRRG4,string,20,9,False,False
LINC00294,string,0,0,True,False
RP4-541C22.5,string,0,0,True,False
CD59,string,20,34,False,False
LMO2,string,20,22,False,False
CAT,string,20,80,False,False
EHF,string,20,8,False,False
CD44,string,20,106,False,False
SLC1A2,string,20,51,False,False
PAMR1,string,20,21,False,False
RAG2,string,20,18,False,False
C11orf96,string,7,2,False,False
CD82,string,20,15,False,False
RP11-58K22.4,string,0,0,True,False
SYT13,string,20,24,False,False
DKFZp779M0652,string,0,0,True,False
CTD-2210P24.6,string,0,0,True,False
CTD-2589M5.4,string,0,0,True,False
MDK,string,20,15,False,False
MYBPC3,string,20,35,False,False
SPI1,string,20,94,False,True
RAPSN,string,20,17,False,False
FAM180B,string,13,4,False,False
C1QTNF4,string,20,4,False,False
AGBL2,string,20,10,False,False
LRRC55,string,20,11,False,False
P2RX3,string,20,19,False,False
PRG3,string,20,8,False,False
PRG2,string,20,10,False,False
SMTNL1,string,20,16,False,False
SERPING1,string,20,23,False,False
YPEL4,string,20,1,False,False
LPXN,string,20,20,False,False
GLYAT,string,20,10,False,False
AP001258.4,string,0,0,True,False
FAM111A,string,20,9,False,False
TCN1,string,20,16,False,False
MS4A3,string,20,16,False,False
MS4A2,string,20,23,False,False
MS4A4E,string,0,0,True,False
MS4A4A,string,20,13,False,False
PTGDR2,string,20,11,False,False
SLC15A3,string,20,10,False,False
PGA3,string,20,10,False,False
PGA4,string,20,12,False,False
PGA5,string,20,7,False,False
TKFC,string,20,8,False,False
PPP1R32,string,14,4,False,False
FADS1,string,20,21,False,False
FTH1,string,20,26,False,False
SCGB1D2,string,20,13,False,False
RP11-703H8.7,string,0,0,True,False
RP11-727F15.9,string,0,0,True,False
SLC3A2,string,20,35,False,False
AP000438.2,string,0,0,True,False
SLC22A10,string,20,9,False,False
SLC22A25,string,20,5,False,False
HRASLS5,string,0,0,True,False
LGALS12,string,20,2,False,False
RARRES3,string,0,0,True,False
HRASLS2,string,0,0,True,False
PLA2G16,string,0,0,True,False
DNAJC4,string,20,5,False,False
KCNK4,string,20,12,False,False
PRDX5,string,20,15,False,False
AP003774.1,string,0,0,True,False
SLC22A11,string,20,19,False,False
ATG2A,string,20,10,False,False
PPP2R5B,string,20,21,False,False
GPHA2,string,20,11,False,False
NAALADL1,string,20,6,False,False
TM7SF2,string,20,15,False,False
AP003068.23,string,0,0,True,False
TIGD3,string,20,3,False,False
RP11-867O8.5,string,0,0,True,False
SLC25A45,string,20,11,False,False
NEAT1,string,0,0,True,False
CMB9-22P13.1,string,0,0,True,False
MALAT1,string,0,0,True,False
AP000769.1,string,0,0,True,False
OVOL1,string,20,16,False,False
OVOL1-AS1,string,0,0,True,False
RP11-770G2.5,string,0,0,True,False
EFEMP2,string,20,14,False,False
CTSW,string,20,10,False,False
CATSPER1,string,20,28,False,False
CD248,string,20,11,False,False
CCDC87,string,4,0,False,False
CCS,string,20,12,False,False
SYT12,string,20,14,False,False
POLD4,string,10,3,False,False
TBC1D10C,string,20,13,False,False
CORO1B,string,20,13,False,False
CABP4,string,20,17,False,False
GSTP1,string,20,44,False,False
ALDH3B2,string,20,22,False,False
ALDH3B1,string,20,20,False,False
RP5-901A4.1,string,0,0,True,False
CTD-2655K5.1,string,0,0,True,False
GAL,string,20,25,False,False
RP11-757G1.6,string,0,0,True,False
RP11-554A11.9,string,0,0,True,False
MYEOV,string,17,2,False,False
FGF19,string,20,13,False,False
SHANK2-AS1,string,0,0,True,False
KRTAP5-11,string,10,5,False,False
FOLR3,string,20,11,False,False
RP11-807H22.7,string,0,0,True,False
FOLR1,string,20,23,False,False
LINC01537,string,0,0,True,False
PDE2A,string,20,24,False,False
ARAP1-AS1,string,0,0,True,False
ATG16L2,string,20,11,False,False
RP11-800A3.3,string,0,0,True,False
P2RY2,string,20,17,False,False
P2RY6,string,20,11,False,False
RP11-800A3.7,string,0,0,True,False
ARHGEF17,string,20,17,False,False
PLEKHB1,string,20,13,False,False
UCP2,string,20,12,False,False
KCNE3,string,20,12,False,False
RP11-702H23.6,string,0,0,True,False
CHRDL2,string,20,13,False,False
SLCO2B1,string,20,20,False,False
TPBGL,string,20,0,False,False
RPS3,string,20,58,False,False
CTD-2530H12.4,string,0,0,True,False
MOGAT2,string,20,36,False,False
AP001189.4,string,0,0,True,False
AQP11,string,20,9,False,False
RP11-91P24.7,string,0,0,True,False
RP11-452H21.2,string,0,0,True,False
RP11-843A23.1,string,0,0,True,False
PRSS23,string,20,7,False,False
AP000654.4,string,0,0,True,False
RP11-736K20.6,string,0,0,True,False
CTSC,string,20,26,False,False
GRM5-AS1,string,0,0,True,False
NAALAD2,string,20,10,False,False
HEPHL1,string,20,11,False,False
PIWIL4,string,20,19,False,False
RP11-867G2.6,string,0,0,True,False
RP11-856F16.2,string,0,0,True,False
SESN3,string,20,15,False,False
MAML2,string,20,20,False,True
CNTN5,string,20,18,False,False
ARHGAP42,string,20,15,False,False
C11orf70,string,0,0,True,False
BIRC3,string,20,42,False,False
RP11-315O6.1,string,0,0,True,False
MMP3,string,20,32,False,False
PDGFD,string,20,11,False,False
CASP4,string,20,9,False,False
CASP1,string,20,38,False,False
CARD16,string,0,0,True,False
ELMOD1,string,20,14,False,False
COLCA1,string,0,0,True,False
CRYAB,string,20,38,False,False
IL18,string,20,42,False,False
RP11-356J5.13,string,0,0,True,False
RP11-65M17.3,string,0,0,True,False
ANKK1,string,20,12,False,False
ZBTB16,string,20,24,False,False
NNMT,string,20,12,False,False
APOC3,string,20,48,False,False
AP000936.4,string,0,0,True,False
FXYD6,string,0,0,True,False
TMPRSS13,string,20,12,False,False
IL10RA,string,20,38,False,False
SCN4B,string,20,29,False,False
JAML,string,20,13,False,False
MPZL3,string,20,18,False,False
MPZL2,string,20,20,False,False
CD3D,string,20,37,False,False
CD3G,string,20,41,False,False
KMT2A,string,20,38,False,True
UPK2,string,20,7,False,False
RP11-110I1.11,string,0,0,True,False
NLRX1,string,20,12,False,False
PDZD3,string,20,8,False,False
CBL,string,20,70,False,True
THY1,string,20,28,False,False
PVRL1,string,0,0,True,False
TRIM29,string,20,17,False,False
POU2F3,string,20,17,False,False
RP11-716H6.2,string,0,0,True,False
UBASH3B,string,20,14,False,True
C11orf63,string,0,0,True,False
HSPA8,string,20,92,False,False
VWA5A,string,20,5,False,False
OR8G1,string,0,0,True,False
OR8B8,string,7,2,False,False
ESAM,string,20,13,False,False
RP11-677M14.7,string,0,0,True,False
FEZ1,string,20,7,False,False
AP000708.1,string,0,0,True,False
PATE2,string,20,12,False,False
KIRREL3,string,20,21,False,False
ETS1,string,20,37,False,False
RP11-744N12.3,string,0,0,True,False
TP53AIP1,string,20,5,False,False
LINC01395,string,0,0,True,False
TMEM45B,string,20,17,False,False
APLP2,string,20,12,False,False
ADAMTS8,string,20,22,False,False
NTM,string,20,12,False,False
RP11-713P17.3,string,0,0,True,False
GLB1L2,string,20,13,False,True
B3GAT1,string,20,19,False,False
ADARB2,string,20,7,False,False
RP11-118K6.3,string,0,0,True,False
RP11-195B3.1,string,0,0,True,False
KLF6,string,20,22,False,False
AKR1C4,string,20,10,False,False
RP11-445P17.8,string,0,0,True,False
RP13-463N16.6,string,0,0,True,False
RP11-336A10.2,string,0,0,True,False
IL2RA,string,20,37,False,False
RP11-563J2.3,string,0,0,True,False
RP11-799O21.2,string,0,0,True,False
ITIH5,string,20,15,False,False
CELF2,string,20,16,False,True
RP3-323N1.2,string,0,0,True,False
RP11-186N15.3,string,0,0,True,False
CAMK1D,string,20,23,False,False
OPTN,string,20,24,False,False
UCMA,string,20,15,False,False
FAM107B,string,20,8,False,False
RP11-25G10.2,string,0,0,True,False
CUBN,string,20,16,False,False
VIM,string,20,36,False,False
STAM-AS1,string,0,0,True,False
RP11-354E11.2,string,0,0,True,False
MSRB2,string,20,10,False,False
OTUD1,string,20,8,False,False
APBB1IP,string,20,25,False,False
RP11-128B16.3,string,0,0,True,False
LINC00202-2,string,0,0,True,False
LINC00202-1,string,0,0,True,False
RP11-85G18.6,string,0,0,True,False
WAC-AS1,string,0,0,True,False
C10orf126,string,0,0,True,False
LYZL2,string,20,2,False,False
ZEB1,string,0,0,True,False
RP11-297A16.2,string,0,0,True,False
CREM,string,20,12,False,False
RP11-425A6.5,string,0,0,True,False
PCAT5,string,0,0,True,False
RP11-309N24.1,string,0,0,True,False
ANKRD30A,string,20,6,False,False
RP11-162G10.5,string,0,0,True,False
RP11-351D16.3,string,0,0,True,False
FXYD4,string,20,10,False,False
RP11-517P14.2,string,0,0,True,False
ZNF32-AS3,string,0,0,True,False
RASSF4,string,20,9,False,False
C10orf10,string,0,0,True,False
ALOX5,string,20,36,False,False
NCOA4,string,20,11,False,False
PTPN20,string,20,9,False,False
WDFY4,string,20,49,False,False
PGBD3,string,0,0,True,False
C10orf53,string,5,1,False,False
RP11-96B5.3,string,0,0,True,False
SLC16A9,string,20,23,False,False
CDK1,string,20,92,False,False
ARID5B,string,20,14,False,False
EGR2,string,20,36,False,False
JMJD1C,string,20,15,False,False
JMJD1C-AS1,string,0,0,True,False
RP11-179K3.2,string,0,0,True,False
RP11-153K11.3,string,0,0,True,False
DDX21,string,20,20,False,False
SRGN,string,20,29,False,False
NPFFR1,string,20,7,False,False
PRF1,string,20,38,False,False
UNC5B,string,20,26,False,False
UNC5B-AS1,string,0,0,True,False
C10orf54,string,0,0,True,False
PSAP,string,20,32,False,False
CHST3,string,20,21,False,False
SPOCK2,string,20,18,False,False
DDIT4,string,20,14,False,False
RP11-442H21.2,string,0,0,True,False
PLA2G12B,string,20,38,False,False
CFAP70,string,20,16,False,False
RP11-537A6.9,string,0,0,True,False
MYOZ1,string,20,20,False,False
RP11-464F9.21,string,0,0,True,False
ZSWIM8,string,20,7,False,False
PLAU,string,20,29,False,False
VCL,string,20,75,False,False
DUSP13,string,20,12,False,False
ZNF503-AS1,string,0,0,True,False
ZNF503,string,20,9,False,False
RP11-399K21.14,string,0,0,True,False
RP11-399K21.10,string,0,0,True,False
C10orf11,string,0,0,True,False
RP13-39P12.3,string,0,0,True,False
ZMIZ1-AS1,string,0,0,True,False
NUTM2B,string,11,1,False,False
SH2D4B,string,20,11,False,False
RP11-338I21.1,string,0,0,True,False
LINC00858,string,0,0,True,False
LDB3,string,20,51,False,False
MMRN2,string,20,10,False,False
SNCG,string,20,16,False,False
ADIRF,string,20,9,False,False
ANKRD22,string,20,23,False,False
ACTA2,string,0,0,True,False
FAS,string,20,22,False,False
IFIT2,string,20,41,False,False
IFIT3,string,20,49,False,False
IFIT1B,string,20,9,False,False
HTR7,string,20,13,False,False
HHEX,string,20,22,False,False
FFAR4,string,20,18,False,False
HELLS,string,20,22,False,False
CYP2C18,string,20,20,False,False
ENTPD1,string,20,32,False,False
BLNK,string,20,25,False,False
HOGA1,string,20,16,False,False
SFRP5,string,20,17,False,False
CRTAC1,string,20,18,False,False
PYROXD2,string,20,17,False,False
HPSE2,string,20,11,False,False
CNNM1,string,20,14,False,False
DNMBP-AS1,string,0,0,True,False
PKD2L1,string,20,23,False,False
SLF2,string,20,10,False,False
LINC01514,string,0,0,True,False
RP11-107I14.4,string,0,0,True,False
RP11-225H22.4,string,0,0,True,False
CALHM1,string,20,15,False,False
CALHM3,string,20,4,False,False
CFAP58-AS1,string,0,0,True,False
LINC01435,string,0,0,True,False
ADD3,string,20,7,False,False
DUSP5,string,20,15,False,False
RP11-313D6.3,string,0,0,True,False
SHOC2,string,20,15,False,False
ACSL5,string,20,27,False,False
RP11-324O2.3,string,0,0,True,False
ADRB1,string,20,14,False,False
ABLIM1,string,0,0,True,False
RP11-383C6.2,string,0,0,True,False
RP11-539I5.1,string,0,0,True,False
ENO4,string,20,24,False,False
EMX2OS,string,0,0,True,False
RP11-354M20.3,string,0,0,True,False
FAM45A,string,0,0,True,False
PLPP4,string,20,27,False,False
RP11-95I16.4,string,0,0,True,False
FGFR2,string,20,29,False,False
ATE1-AS1,string,0,0,True,False
RP11-500G22.4,string,0,0,True,False
TACC2,string,20,14,False,False
BTBD16,string,20,9,False,False
HMX3,string,20,8,False,False
RP11-282I1.1,string,0,0,True,False
CHST15,string,20,19,False,False
FAM53B-AS1,string,0,0,True,False
EDRF1-AS1,string,0,0,True,False
C10orf90,string,11,1,False,False
FOXI2,string,20,14,False,False
PTPRE,string,20,28,False,False
MKI67,string,20,31,False,False
LINC01163,string,0,0,True,False
TCERG1L,string,20,11,False,False
ABC11-4932300O16.1,string,0,0,True,False
RP11-432J24.5,string,0,0,True,False
CFAP46,string,20,11,False,False
KNDC1,string,20,17,False,False
MIR202HG,string,0,0,True,False
RP13-49I15.6,string,0,0,True,False
ADAM8,string,20,10,False,False
PRAP1,string,20,7,False,False
CALY,string,20,27,False,False
RP11-598F7.3,string,0,0,True,False
RP11-598F7.4,string,0,0,True,False
SLC6A13,string,20,13,False,False
FBXL14,string,20,8,False,False
CACNA2D4,string,20,35,False,False
RP5-1096D14.3,string,0,0,True,False
RP5-1096D14.6,string,0,0,True,False
CACNA1C-AS2,string,0,0,True,False
TSPAN9,string,20,13,False,False
FGF23,string,20,30,False,False
AKAP3,string,20,20,False,False
RP11-429A20.3,string,0,0,True,False
RP11-1038A11.3,string,0,0,True,False
RP11-319E16.2,string,0,0,True,False
VWF,string,20,67,False,False
CD9,string,20,47,False,False
SCNN1A,string,20,39,False,False
TAPBPL,string,20,15,False,False
RP1-102E24.10,string,0,0,True,False
GAPDH,string,20,162,False,False
IFFO1,string,20,6,False,False
RP5-940J5.8,string,0,0,True,False
LPAR5,string,20,18,False,False
ACRBP,string,20,20,False,False
RP4-761J14.10,string,0,0,True,False
CD4,string,20,213,False,False
U47924.32,string,0,0,True,False
PTPN6,string,20,66,False,False
U47924.27,string,0,0,True,False
C1RL,string,20,10,False,False
ABC12-49244600F4.4,string,0,0,True,False
NANOG,string,20,72,False,False
SLC2A3,string,20,14,False,False
C3AR1,string,20,24,False,False
CLEC4A,string,20,8,False,False
CLEC6A,string,20,7,False,False
CLEC4D,string,20,15,False,False
CLEC4E,string,20,8,False,False
RP11-20D14.6,string,0,0,True,False
A2ML1,string,20,17,False,False
A2M-AS1,string,0,0,True,False
A2M,string,20,47,False,False
KLRB1,string,20,27,False,False
CD69,string,20,36,False,False
CLEC2B,string,20,5,False,False
AC091814.3,string,0,0,True,False
OLR1,string,20,5,False,False
TMEM52B,string,20,4,False,False
GABARAPL1,string,20,38,False,False
KLRC3,string,20,1,False,False
KLRC1,string,20,17,False,False
TAS2R9,string,20,15,False,False
TAS2R46,string,20,13,False,False
LINC01252,string,0,0,True,False
RP11-180M15.6,string,0,0,True,False
CDKN1B,string,20,29,False,True
GSG1,string,20,9,False,False
EMP1,string,20,24,False,False
RP11-174G6.1,string,0,0,True,False
ART4,string,20,2,False,False
MGP,string,20,17,False,False
ERP27,string,20,20,False,False
ARHGDIB,string,20,34,False,False
PDE6H,string,20,21,False,False
EPS8,string,20,26,False,False
RERGL,string,20,5,False,False
PLCZ1,string,20,30,False,False
SLCO1A2,string,20,23,False,False
IAPP,string,20,24,False,False
LDHB,string,20,40,False,False
SOX5,string,20,16,False,False
C12orf77,string,0,0,True,False
LRMP,string,0,0,True,False
RP11-713N11.6,string,0,0,True,False
RP11-295I5.3,string,0,0,True,False
RP11-707G18.1,string,0,0,True,False
RASSF8-AS1,string,0,0,True,False
BHLHE41,string,20,11,False,False
SSPN,string,20,14,False,False
ITPR2,string,20,28,False,False
RP11-421F16.3,string,0,0,True,False
STK38L,string,20,38,False,False
RP11-709A23.1,string,0,0,True,False
RP11-860B13.1,string,0,0,True,False
PTHLH,string,20,25,False,False
RP11-946L16.1,string,0,0,True,False
RP11-946L16.2,string,0,0,True,False
RP11-996F15.4,string,0,0,True,False
RP11-771K4.1,string,0,0,True,False
RP11-467L13.7,string,0,0,True,False
KIAA1551,string,0,0,True,False
RP11-50I19.2,string,0,0,True,False
FGD4,string,20,19,False,False
SYT10,string,20,21,False,False
RP11-847H18.2,string,0,0,True,False
RP11-630C16.2,string,0,0,True,False
PRICKLE1,string,20,30,False,False
RP11-328C8.4,string,0,0,True,False
RP11-547C5.1,string,0,0,True,False
RP11-547C5.2,string,0,0,True,False
ADAMTS20,string,20,9,False,False
RP11-352M15.1,string,0,0,True,False
SLC38A2,string,20,24,False,True
RP11-96H19.1,string,0,0,True,False
RP11-474P2.4,string,0,0,True,False
RP11-474P2.6,string,0,0,True,False
AMIGO2,string,20,13,False,False
PCED1B,string,20,9,False,False
RP11-89H19.1,string,0,0,True,False
COL2A1,string,20,31,False,True
RP11-474C8.8,string,0,0,True,False
RP11-370I10.12,string,0,0,True,False
RP11-370I10.10,string,0,0,True,False
H1FNT,string,0,0,True,False
RP11-370I10.11,string,0,0,True,False
C12orf54,string,0,0,True,False
OR8S1,string,0,0,True,False
LALBA,string,20,12,False,False
RP11-579D7.4,string,0,0,True,False
RND1,string,20,26,False,False
TUBA1B,string,20,25,False,False
TUBA1A,string,20,32,False,False
TUBA1C,string,20,23,False,False
DNAJC22,string,20,12,False,False
KCNH3,string,20,24,False,False
RP11-133N21.10,string,0,0,True,False
FAIM2,string,20,59,False,False
RP11-70F11.8,string,0,0,True,False
AQP2,string,20,19,False,False
AQP6,string,20,6,False,False
LIMA1,string,20,20,False,False
METTL7A,string,20,13,False,False
RP11-407N8.5,string,0,0,True,False
DAZAP2,string,20,8,False,False
BIN2,string,0,0,True,False
CELA1,string,20,12,False,False
SLC4A8,string,20,17,False,False
RP11-923I11.3,string,0,0,True,False
ANKRD33,string,18,6,False,False
ACVRL1,string,20,23,False,False
NR4A1,string,20,32,False,False
RP11-1100L3.8,string,0,0,True,False
KRT7,string,20,24,False,False
KRT86,string,20,13,False,False
KRT81,string,20,12,False,False
KRT79,string,20,11,False,False
KRT8,string,20,35,False,False
KRT18,string,20,20,False,False
IGFBP6,string,20,10,False,False
SOAT2,string,20,23,False,False
CSAD,string,20,20,False,False
ITGB7,string,20,39,False,False
PFDN5,string,20,26,False,False
RP11-680A11.5,string,0,0,True,False
AMHR2,string,20,19,False,False
RP11-793H13.3,string,0,0,True,False
CALCOCO1,string,20,8,False,False
RP11-686F15.2,string,0,0,True,False
HOXC13,string,20,15,False,True
FLJ12825,string,0,0,True,False
RP11-834C11.5,string,0,0,True,False
RP11-834C11.15,string,0,0,True,False
RP11-834C11.11,string,0,0,True,False
RP11-968A15.2,string,0,0,True,False
RP11-753H16.3,string,0,0,True,False
GPR84,string,20,25,False,False
NCKAP1L,string,20,27,False,False
PDE1B,string,20,18,False,False
MUCL1,string,20,22,False,False
OR6C76,string,7,0,False,False
OR6C2,string,0,0,True,False
CD63,string,20,28,False,False
MMP19,string,20,11,False,False
RAB5B,string,20,9,False,False
MYL6,string,20,28,False,False
STAT2,string,20,42,False,False
APOF,string,20,18,False,False
TAC3,string,0,0,True,False
LRP1,string,20,45,False,False
STAC3,string,20,19,False,False
RP11-756H6.1,string,0,0,True,False
INHBE,string,20,16,False,False
ARHGAP9,string,20,29,False,False
DDIT3,string,20,37,False,False
DTX3,string,20,7,False,False
OS9,string,20,25,False,False
RP11-620J15.1,string,0,0,True,False
RP11-620J15.2,string,0,0,True,False
RP11-620J15.3,string,0,0,True,False
LRIG3,string,20,19,False,False
FAM19A2,string,0,0,True,False
RP11-415I12.3,string,0,0,True,False
C12orf56,string,1,0,False,False
RP11-338E21.1,string,0,0,True,False
GNS,string,20,17,False,False
RP11-629N8.3,string,0,0,True,False
MSRB3,string,20,16,False,False
RP11-230G5.2,string,0,0,True,False
HMGA2,string,20,19,False,False
RP11-123O10.4,string,0,0,True,False
RP11-81H14.2,string,0,0,True,False
RP11-637A17.2,string,0,0,True,False
RP11-1143G9.5,string,0,0,True,False
LYZ,string,20,20,False,False
RP11-1143G9.4,string,0,0,True,False
RP11-588G21.2,string,0,0,True,False
CTD-2021H9.2,string,0,0,True,False
TPH2,string,20,16,False,False
RP11-314D7.2,string,0,0,True,False
RP11-274M17.3,string,0,0,True,False
GLIPR1,string,20,19,False,False
PHLDA1,string,20,10,False,False
RP11-290L1.2,string,0,0,True,False
NAV3,string,20,13,False,False
RP11-754N21.1,string,0,0,True,False
RP11-359M6.1,string,0,0,True,False
PPP1R12A,string,20,32,False,False
RP11-263K4.3,string,0,0,True,False
TMTC2,string,20,13,False,False
NTS,string,20,28,False,False
POC1B-GALNT4,string,20,2,False,False
LINC00936,string,0,0,True,False
LUM,string,20,41,False,False
DCN,string,20,46,False,False
RP11-693J15.6,string,0,0,True,False
BTG1,string,20,7,False,False
RP11-796E2.4,string,0,0,True,False
CLLU1,string,0,0,True,False
RP11-693J15.5,string,0,0,True,False
PLEKHG7,string,20,9,False,False
RP11-511B23.1,string,0,0,True,False
RP11-511B23.2,string,0,0,True,False
RP11-202G11.2,string,0,0,True,False
RP11-486A14.2,string,0,0,True,False
SOCS2,string,20,16,False,False
RP11-887P2.5,string,0,0,True,False
AMDHD1,string,20,11,False,False
HAL,string,20,21,False,False
RP11-256L6.3,string,0,0,True,False
RP11-256L6.2,string,0,0,True,False
RP11-181C3.1,string,0,0,True,False
SLC17A8,string,20,25,False,False
RP11-285E23.2,string,0,0,True,False
PMCH,string,20,22,False,False
IGF1,string,20,69,False,False
ASCL1,string,20,36,False,False
HSP90B1,string,20,59,False,False
GLT8D2,string,20,10,False,False
RP11-818F20.5,string,0,0,True,False
RP11-61E11.1,string,0,0,True,False
CKAP4,string,20,12,False,False
RP11-651L5.3,string,0,0,True,False
TCP11L2,string,20,19,False,False
SELPLG,string,20,15,False,False
USP30-AS1,string,0,0,True,False
RP11-837J7.4,string,0,0,True,False
ARPC3,string,20,32,False,False
HVCN1,string,20,19,False,False
RP3-473L9.4,string,0,0,True,False
RASAL1,string,20,13,False,False
SDSL,string,20,14,False,False
LHX5-AS1,string,0,0,True,False
TBX3,string,20,29,False,True
RP11-497G19.7,string,0,0,True,False
RP11-240G22.5,string,0,0,True,False
TESC,string,20,19,False,False
RP11-136L23.2,string,0,0,True,False
TAOK3,string,20,10,False,False
RP11-131L12.2,string,0,0,True,False
SRRM4,string,20,10,False,False
HSPB8,string,20,16,False,False
CCDC60,string,20,10,False,False
TMEM233,string,14,7,False,False
RP1-127H14.3,string,0,0,True,False
PLA2G1B,string,20,40,False,False
GATC,string,6,2,False,False
DYNLL1,string,20,32,False,False
HNF1A,string,20,17,False,False
OASL,string,20,51,False,False
P2RX7,string,20,22,False,False
P2RX4,string,20,15,False,False
RP11-711D18.2,string,0,0,True,False
MORN3,string,20,8,False,False
RP11-347I19.8,string,0,0,True,False
LRRC43,string,20,1,False,False
HCAR2,string,20,10,False,False
RP11-197N18.7,string,0,0,True,False
RP11-338K17.8,string,0,0,True,False
RP11-380L11.4,string,0,0,True,False
DNAH10OS,string,0,0,True,False
UBC,string,20,109,False,False
THRIL,string,0,0,True,False
LINC00939,string,0,0,True,False
LINC00944,string,0,0,True,False
LINC00507,string,0,0,True,False
RP11-669N7.2,string,0,0,True,False
ADGRD1,string,20,15,False,False
RP11-243M5.1,string,0,0,True,False
RP13-507P19.2,string,0,0,True,False
RP11-417L19.2,string,0,0,True,False
RP13-977J11.9,string,0,0,True,False
RP13-977J11.2,string,0,0,True,False
GALNT9,string,20,17,False,False
RP13-895J2.6,string,0,0,True,False
RP13-714J12.1,string,0,0,True,False
RP13-672B3.2,string,0,0,True,False
RP11-46H11.3,string,0,0,True,False
RP11-442J17.3,string,0,0,True,False
TUBA3C,string,20,12,False,False
CRYL1,string,20,15,False,False
LINC00539,string,0,0,True,False
LINC00540,string,0,0,True,False
LINC00327,string,0,0,True,False
TNFRSF19,string,20,12,False,False
RP11-271M24.2,string,0,0,True,False
ATP8A2,string,20,19,False,False
GPR12,string,20,16,False,False
USP12-AS2,string,0,0,True,False
RP11-428O18.6,string,0,0,True,False
CDX2,string,20,40,False,False
FLT1,string,20,44,False,False
SLC46A3,string,20,19,False,False
LINC00427,string,0,0,True,False
ALOX5AP,string,20,18,False,False
TEX26-AS1,string,0,0,True,False
LINC00545,string,0,0,True,False
FRY,string,20,7,False,False
N4BP2L1,string,20,11,False,False
N4BP2L2,string,20,13,False,False
NBEA,string,20,19,False,False
SMAD9,string,20,30,False,False
TRPC4,string,20,21,False,False
RP11-93G5.1,string,0,0,True,False
LINC00571,string,0,0,True,False
LINC00437,string,0,0,True,False
NHLRC3,string,20,7,False,False
LINC00548,string,0,0,True,False
ELF1,string,20,3,False,False
RGCC,string,20,8,False,False
EPSTI1,string,20,9,False,False
DNAJC15,string,20,9,False,False
CCDC122,string,20,8,False,False
SMIM2-AS1,string,0,0,True,False
SERP2,string,20,8,False,False
TUSC8,string,0,0,True,False
TSC22D1,string,20,9,False,True
TSC22D1-AS1,string,0,0,True,False
TPT1-AS1,string,0,0,True,False
RP11-290D2.3,string,0,0,True,False
SLC25A30-AS1,string,0,0,True,False
KIAA0226L,string,0,0,True,False
RP11-279N8.1,string,0,0,True,False
ITM2B,string,0,0,True,False
LPAR6,string,20,26,False,False
LINC00462,string,0,0,True,False
CYSLTR2,string,20,9,False,False
FNDC3A,string,20,12,False,False
SETDB2,string,20,14,False,False
ARL11,string,20,7,False,False
DLEU7-AS1,string,0,0,True,False
FAM124A,string,20,8,False,False
SERPINE3,string,20,6,False,False
INTS6,string,20,8,False,False
INTS6-AS1,string,0,0,True,False
CCDC70,string,11,4,False,False
CKAP2,string,20,15,False,False
LECT1,string,0,0,True,False
PCDH8,string,20,7,False,False
PCDH17,string,20,25,False,False
PCDH9,string,20,11,False,False
COMMD6,string,20,16,False,False
LMO7DN,string,0,0,True,False
RP11-52L5.6,string,0,0,True,False
SLITRK6,string,0,0,True,False
SLITRK5,string,20,11,False,False
LINC00379,string,0,0,True,False
SOX21,string,20,7,False,False
DNAJC3-AS1,string,0,0,True,False
DNAJC3,string,20,20,False,False
HS6ST3,string,20,16,False,False
RP11-65L19.4,string,0,0,True,False
FARP1,string,20,17,False,False
FARP1-AS1,string,0,0,True,False
STK24-AS1,string,0,0,True,False
SLC15A1,string,20,41,False,False
GPR183,string,20,16,False,False
RP11-214F16.8,string,0,0,True,False
LINC00449,string,0,0,True,False
PCCA-AS1,string,0,0,True,False
RP11-29B2.6,string,0,0,True,False
TEX30,string,20,9,False,False
LINC00460,string,0,0,True,False
EFNB2,string,0,0,True,False
ARGLU1,string,20,10,False,False
MYO16,string,20,16,False,False
RP11-54H7.4,string,0,0,True,False
LINC00370,string,0,0,True,False
LINC00346,string,0,0,True,False
ANKRD10,string,20,18,False,False
LINC00431,string,0,0,True,False
MCF2L,string,20,16,False,False
F10-AS1,string,0,0,True,False
GRTP1-AS1,string,0,0,True,False
TMEM255B,string,20,9,False,False
LINC00565,string,0,0,True,False
CTD-2314B22.1,string,0,0,True,False
TEP1,string,20,7,False,False
RNASE6,string,20,12,False,False
RNASE3,string,20,15,False,False
RP11-219E7.4,string,0,0,True,False
RNASE2,string,20,21,False,False
SLC39A2,string,20,13,False,False
RNASE7,string,20,10,False,False
RPGRIP1,string,20,13,False,False
TRDV2,string,0,0,True,False
TRDC,string,0,0,True,False
TRAC,string,0,0,True,False
AE000662.92,string,0,0,True,False
ABHD4,string,20,23,False,False
LRP10,string,20,6,False,False
CEBPE,string,20,17,False,True
SLC7A8,string,20,14,False,False
PPP1R3E,string,20,10,False,False
CMTM5,string,20,20,False,False
MYH6,string,20,62,False,False
JPH4,string,20,16,False,False
DHRS2,string,20,8,False,False
PSME1,string,20,18,False,False
RP11-468E2.5,string,0,0,True,False
RP11-468E2.4,string,0,0,True,False
IRF9,string,20,34,False,False
REC8,string,20,15,False,False
RP11-468E2.10,string,0,0,True,False
TSSK4,string,20,10,False,False
CIDEB,string,20,10,False,False
ADCY4,string,20,29,False,False
RP11-80A15.1,string,0,0,True,False
GZMB,string,20,44,False,False
LINC00645,string,0,0,True,False
RP11-596D21.1,string,0,0,True,False
CTD-2213F21.3,string,0,0,True,False
NPAS3,string,20,15,False,False
NFKBIA,string,20,47,False,False
RP11-259K15.2,string,0,0,True,False
NKX2-8,string,20,11,False,False
FOXA1,string,20,46,False,True
TTC6,string,0,0,True,False
RP11-111A21.1,string,0,0,True,False
RP11-662J14.2,string,0,0,True,False
KLHL28,string,20,7,False,False
LINC00871,string,0,0,True,False
MDGA2,string,20,14,False,False
RP11-831F12.2,string,0,0,True,False
MAP4K5,string,20,1,False,True
ATL1,string,20,12,False,True
RP11-286O18.1,string,0,0,True,False
PYGL,string,20,24,False,False
ABHD12B,string,20,13,False,False
RP11-102G14.1,string,0,0,True,False
GNG2,string,20,56,False,False
RP11-841O20.2,string,0,0,True,False
RP11-589M4.3,string,0,0,True,False
SAMD4A,string,20,18,False,False
LGALS3,string,20,57,False,False
RP11-665C16.6,string,0,0,True,False
LINC00520,string,0,0,True,False
RP11-930O11.3,string,0,0,True,False
RP11-1085N6.3,string,0,0,True,False
OTX2-AS1,string,0,0,True,False
RP11-932A10.1,string,0,0,True,False
C14orf105,string,0,0,True,False
RP11-409I10.2,string,0,0,True,False
C14orf37,string,0,0,True,False
TOMM20L,string,20,5,False,False
RP11-16B13.1,string,0,0,True,False
CTD-2184C24.2,string,0,0,True,False
HIF1A-AS1,string,0,0,True,False
HIF1A-AS2,string,0,0,True,False
CTD-2302E22.4,string,0,0,True,False
CTD-2555O16.1,string,0,0,True,False
ZBTB25,string,20,7,False,True
ZBTB1,string,20,19,False,True
HSPA2,string,20,42,False,False
GPX2,string,20,31,False,False
RP11-840I19.5,string,0,0,True,False
MPP5,string,0,0,True,False
ATP6V1D,string,20,25,False,False
TMEM229B,string,20,5,False,False
CTD-2566J3.1,string,0,0,True,False
ZFP36L1,string,20,14,False,False
RP11-817G13.3,string,0,0,True,False
CCDC177,string,20,9,False,False
SLC10A1,string,20,19,False,False
SMOC1,string,20,34,False,False
RP11-486O13.2,string,0,0,True,False
ADAM20P1,string,0,0,True,False
ADAM20,string,20,12,False,False
LINC01269,string,0,0,True,False
RP6-65G23.5,string,0,0,True,False
RGS6,string,20,20,False,False
AC005477.1,string,0,0,True,False
RP4-647C14.2,string,0,0,True,False
NUMB,string,20,27,False,False
RP4-693M11.3,string,0,0,True,False
ELMSAN1,string,0,0,True,True
RP5-1021I20.1,string,0,0,True,False
RP5-1021I20.5,string,0,0,True,False
FAM161B,string,15,7,False,False
RP3-449M8.9,string,0,0,True,False
NPC2,string,20,19,False,False
CTD-3075F15.1,string,0,0,True,False
FOS,string,20,126,False,False
LINC01220,string,0,0,True,False
VASH1,string,20,11,False,False
LRRC74A,string,13,6,False,False
RP11-7F17.8,string,0,0,True,False
RP11-7F17.5,string,0,0,True,False
ADCK1,string,20,8,False,False
RP11-406A9.2,string,0,0,True,False
FLRT2,string,20,15,False,False
RP11-1152H15.1,string,0,0,True,False
GPR65,string,20,23,False,False
LINC01146,string,0,0,True,False
RP11-507K2.2,string,0,0,True,False
RP11-356K23.2,string,0,0,True,False
ITPK1-AS1,string,0,0,True,False
IFI27L2,string,20,6,False,False
PPP4R4,string,20,23,False,False
DICER1-AS1,string,0,0,True,False
TCL1A,string,20,7,False,False
RP11-164H13.1,string,0,0,True,False
RP11-433J8.1,string,0,0,True,False
RP11-433J8.2,string,0,0,True,False
LINC01550,string,0,0,True,False
RP11-688G15.3,string,0,0,True,False
RP11-543C4.1,string,0,0,True,False
HHIPL1,string,20,8,False,False
SLC25A47,string,20,8,False,False
RP11-638I2.9,string,0,0,True,False
DLK1,string,20,20,False,False
RP11-8L8.2,string,0,0,True,False
CTD-2017C7.2,string,0,0,True,False
RP11-1017G21.6,string,0,0,True,False
HSP90AA1,string,20,160,False,False
RP11-365N19.2,string,0,0,True,False
TNFAIP2,string,20,15,False,False
RP11-45P15.4,string,0,0,True,False
CKB,string,20,20,False,False
LINC00637,string,0,0,True,False
C14orf180,string,7,3,False,False
CTD-3051D23.1,string,0,0,True,False
PLD4,string,20,35,False,False
GPR132,string,20,13,False,False
IGHV4-34,string,0,0,True,False
RP11-854K16.3,string,0,0,True,False
RP11-32B5.7,string,0,0,True,False
GOLGA6L22,string,8,0,False,False
GOLGA6L1,string,10,0,False,False
NPAP1,string,20,7,False,False
GABRG3,string,20,23,False,False
RP11-578F21.6,string,0,0,True,False
FAM189A1,string,20,10,False,False
RP11-680F8.3,string,0,0,True,False
CHRFAM7A,string,20,14,False,False
AC026150.8,string,0,0,True,False
GOLGA8Q,string,2,0,False,False
RP11-932O9.7,string,0,0,True,False
RP11-16E12.1,string,0,0,True,False
RP11-1000B6.8,string,0,0,True,False
GOLGA8N,string,2,0,False,False
RP11-1000B6.5,string,0,0,True,False
SCG5,string,20,22,False,False
RP11-3D4.4,string,0,0,True,False
CHRM5,string,20,10,False,False
SLC12A6,string,20,15,False,False
RP11-1084A12.2,string,0,0,True,False
ACTC1,string,20,47,False,False
RP11-128A17.1,string,0,0,True,False
C15orf53,string,0,0,True,False
THBS1,string,20,49,False,False
RP11-521C20.5,string,0,0,True,False
BMF,string,20,7,False,False
PAK6,string,20,9,False,False
PLCB2,string,20,42,False,False
RP11-133K1.6,string,0,0,True,False
PPP1R14D,string,20,6,False,False
SPINT1,string,20,23,False,False
CHP1,string,20,10,False,False
NUSAP1,string,20,48,False,False
RP11-380D11.2,string,0,0,True,False
JMJD7-PLA2G4B,string,20,17,False,False
PLA2G4E-AS1,string,0,0,True,False
CAPN3,string,20,17,False,False
RP11-265N6.2,string,0,0,True,False
EPB42,string,0,0,True,False
TGM5,string,20,9,False,False
MAP1A,string,20,9,False,False
STRC,string,20,11,False,False
PATL2,string,20,6,False,False
B2M,string,0,0,True,False
C15orf43,string,0,0,True,False
DUOXA2,string,20,19,False,False
DUOXA1,string,20,21,False,False
RP11-519G16.2,string,0,0,True,False
SLC28A2,string,20,18,False,False
SHC4,string,20,15,False,False
RP11-138E16.1,string,0,0,True,False
SECISBP2L,string,20,2,False,False
ATP8B4,string,20,8,False,False
CTD-2647E9.3,string,0,0,True,False
HDC,string,20,20,False,False
GABPB1-AS1,string,0,0,True,False
CTD-2378E12.1,string,0,0,True,False
CYP19A1,string,20,38,False,False
RP11-108K3.2,string,0,0,True,False
RP11-707P17.2,string,0,0,True,False
SCG3,string,20,14,False,False
TMOD2,string,20,15,False,False
RP11-56B16.5,string,0,0,True,False
GNB5,string,20,64,False,False
CTD-2184D3.7,string,0,0,True,False
CCPG1,string,20,5,False,False
PRTG,string,20,13,False,True
MYZAP,string,19,2,False,False
LIPC,string,20,48,False,False
RP11-50C13.1,string,0,0,True,False
CCNB2,string,20,67,False,False
ANXA2,string,20,47,False,False
RP11-299H22.1,string,0,0,True,False
TPM1,string,20,46,False,False
RP11-244F12.2,string,0,0,True,False
RP11-69G7.1,string,0,0,True,False
LACTB,string,20,12,False,False
AC007950.1,string,0,0,True,False
DAPK2,string,20,17,False,False
PPIB,string,20,27,False,False
KIAA0101,string,0,0,True,False
OAZ2,string,20,13,False,False
PIF1,string,20,11,False,False
CTD-2017F17.1,string,0,0,True,False
RASL12,string,20,7,False,False
RP11-325L12.7,string,0,0,True,False
IGDCC3,string,20,29,False,True
RP11-798K3.2,string,0,0,True,False
RP11-34F13.2,string,0,0,True,False
NOX5,string,20,17,False,False
EWSAT1,string,0,0,True,False
PCAT29,string,0,0,True,False
LARP6,string,20,9,False,False
RP11-1006G14.1,string,0,0,True,False
HIGD2B,string,12,3,False,False
ADPGK-AS1,string,0,0,True,False
ISLR2,string,20,19,False,False
STRA6,string,20,8,False,False
CYP11A1,string,20,25,False,False
CTD-2311M21.3,string,0,0,True,False
SEMA7A,string,20,15,False,False
CTD-3154N5.2,string,0,0,True,False
CTD-3154N5.1,string,0,0,True,False
CYP1A1,string,20,44,False,False
PTPN9,string,20,14,False,True
CTD-2026K11.4,string,0,0,True,False
DNM1P35,string,0,0,True,False
NRG4,string,20,11,False,False
TMEM266,string,14,2,False,False
RP11-593F23.1,string,0,0,True,False
ISL2,string,20,19,False,True
LINGO1-AS1,string,0,0,True,False
RP11-114H24.6,string,0,0,True,False
SH2D7,string,1,0,False,False
RP11-650L12.1,string,0,0,True,False
PSMA4,string,20,28,False,False
CHRNA3,string,20,20,False,False
RP11-16K12.1,string,0,0,True,False
BCL2A1,string,20,17,False,False
RP11-210M15.1,string,0,0,True,False
ABHD17C,string,20,16,False,False
IL16,string,20,11,False,False
STARD5,string,20,7,False,False
LINC01583,string,0,0,True,False
CPEB1-AS1,string,0,0,True,False
RP11-752G15.8,string,0,0,True,False
TM6SF1,string,20,7,False,False
RP11-182J1.5,string,0,0,True,False
AKAP13,string,20,23,False,False
RP11-815J21.4,string,0,0,True,False
RP11-158M2.4,string,0,0,True,False
NTRK3,string,0,0,True,False
ISG20,string,20,29,False,False
ACAN,string,20,40,False,False
MFGE8,string,20,17,False,False
ARPIN,string,20,6,False,False
IDH2,string,20,19,False,False
NGRN,string,20,4,False,False
RP11-697E2.11,string,0,0,True,False
CTD-3065B20.3,string,0,0,True,False
FURIN,string,20,53,False,False
FES,string,20,18,False,False
AC068831.15,string,0,0,True,False
PRC1,string,20,62,False,False
SV2B,string,20,27,False,False
CRAT37,string,0,0,True,False
ST8SIA2,string,20,12,False,False
CHD2,string,20,17,False,False
RGMA,string,20,20,False,False
RP11-76E17.2,string,0,0,True,False
RP11-76E17.3,string,0,0,True,False
NR2F2-AS1,string,0,0,True,False
RP11-327J17.8,string,0,0,True,False
NR2F2,string,20,27,False,False
ARRDC4,string,20,11,False,False
RP11-6O2.2,string,0,0,True,False
CTD-3076O17.1,string,0,0,True,False
CERS3,string,20,19,False,False
RP11-505E24.3,string,0,0,True,False
RP11-505E24.2,string,0,0,True,False
RP11-424I19.2,string,0,0,True,False
AC140725.4,string,0,0,True,False
HBZ,string,20,26,False,False
HBA2,string,20,17,False,False
HBA1,string,20,18,False,False
FAM234A,string,20,10,False,False
AC004754.3,string,0,0,True,False
NHLRC4,string,14,0,False,False
LA16c-349E10.1,string,0,0,True,False
LA16c-306A4.1,string,0,0,True,False
RP11-616M22.7,string,0,0,True,False
LA16c-358B7.3,string,0,0,True,False
LA16c-390E6.4,string,0,0,True,False
HAGH,string,20,6,False,False
XX-DJ76P10__A.2,string,0,0,True,False
HS3ST6,string,20,18,False,False
MSRB1,string,20,11,False,False
RPL3L,string,20,24,False,False
SNHG9,string,0,0,True,False
NOXO1,string,20,16,False,False
NPW,string,0,0,True,False
RP11-715J22.3,string,0,0,True,False
CTD-3126B10.4,string,0,0,True,False
PRSS22,string,20,19,False,False
LA16c-321D4.2,string,0,0,True,False
LA16c-380H5.3,string,0,0,True,False
CLDN9,string,20,10,False,False
CLDN6,string,20,18,False,True
TNFRSF12A,string,20,20,False,False
CCDC64B,string,0,0,True,False
MMP25,string,20,19,False,False
IL32,string,20,4,False,False
RP11-473M20.16,string,0,0,True,False
AJ003147.8,string,0,0,True,False
OR1F1,string,6,2,False,False
LINC00921,string,0,0,True,False
LA16c-360H6.3,string,0,0,True,False
MTRNR2L4,string,10,2,False,False
RP11-461A8.1,string,0,0,True,False
DNASE1,string,20,5,False,False
RP11-461A8.5,string,0,0,True,False
VASN,string,20,6,False,False
RP11-127I20.5,string,0,0,True,False
ROGDI,string,20,10,False,False
RP11-165E7.1,string,0,0,True,False
C16orf89,string,15,5,False,False
RBFOX1,string,20,51,False,False
ABAT,string,20,33,False,False
CARHSP1,string,20,10,False,False
RP11-77H9.5,string,0,0,True,False
ATF7IP2,string,9,1,False,False
RP11-609N14.1,string,0,0,True,False
RP11-876N24.2,string,0,0,True,False
RP11-396B14.2,string,0,0,True,False
SOCS1,string,20,22,False,False
RP11-486I11.2,string,0,0,True,False
CTD-3037G24.4,string,0,0,True,False
CPPED1,string,20,12,False,False
SHISA9,string,20,20,False,False
CTD-2135D7.2,string,0,0,True,False
CTD-2135D7.5,string,0,0,True,False
PLA2G10,string,20,30,False,False
RP11-680G24.6,string,0,0,True,False
C16orf45,string,0,0,True,False
MYH11,string,20,45,False,False
ARL6IP1,string,20,13,False,False
ITPRIPL2,string,19,5,False,False
RP11-626G11.3,string,0,0,True,False
ACSM5,string,20,9,False,False
ACSM3,string,20,25,False,False
ACSM1,string,20,3,False,False
ANKS4B,string,20,10,False,False
CRYM,string,20,26,False,False
METTL9,string,20,3,False,False
IGSF6,string,20,24,False,False
RP11-21M24.2,string,0,0,True,False
PLK1,string,20,67,False,False
CTD-2196E14.5,string,0,0,True,False
ERN2,string,20,12,False,False
PRKCB,string,0,0,True,False
CACNG3,string,20,46,False,False
CTD-2540M10.1,string,0,0,True,False
RP11-266L9.5,string,0,0,True,False
LCMT1-AS2,string,0,0,True,False
AQP8,string,20,14,False,False
AC002331.1,string,0,0,True,False
IL21R,string,20,20,False,False
APOBR,string,20,21,False,False
IL27,string,20,4,False,False
NUPR1,string,20,12,False,False
NPIPB8,string,4,1,False,False
RP11-1348G14.5,string,0,0,True,False
RP11-426C22.5,string,0,0,True,False
QPRT,string,20,11,False,False
C16orf54,string,12,6,False,False
AC009133.17,string,0,0,True,False
PRRT2,string,20,27,False,False
MVP,string,20,14,False,False
ASPHD1,string,20,10,False,False
TMEM219,string,20,8,False,False
YPEL3,string,20,10,False,False
CORO1A,string,20,41,False,False
RP11-455F5.5,string,0,0,True,False
ITGAL,string,20,29,False,False
RP11-297C4.3,string,0,0,True,False
CCDC189,string,0,0,True,False
ORAI3,string,20,6,False,False
HSD3B7,string,20,17,False,False
RP11-196G11.2,string,0,0,True,False
RP11-388M20.2,string,0,0,True,False
PRSS8,string,20,19,False,False
PYCARD,string,20,15,False,False
TRIM72,string,20,12,False,False
PYDC1,string,20,4,False,False
ITGAM,string,20,120,False,False
ITGAX,string,20,74,False,False
COX6A2,string,20,23,False,False
ZNF843,string,6,0,False,False
RP11-452L6.1,string,0,0,True,False
AHSP,string,20,17,False,False
CTD-2358C21.5,string,0,0,True,False
IGHV2OR16-5,string,0,0,True,False
RP11-46D6.1,string,0,0,True,False
ORC6,string,20,9,False,False
ITFG1-AS1,string,0,0,True,False
RP11-42I10.1,string,0,0,True,False
SNX20,string,20,9,False,False
NOD2,string,20,36,False,False
RP11-327F22.2,string,0,0,True,False
CASC16,string,0,0,True,False
RP11-357N13.3,string,0,0,True,False
RP11-324D17.3,string,0,0,True,False
IRX6,string,20,23,False,False
MMP2,string,20,60,False,False
LPCAT2,string,20,20,False,False
RP11-212I21.4,string,0,0,True,False
SLC6A2,string,20,17,False,False
RP11-413H22.3,string,0,0,True,False
MT2A,string,20,15,False,False
MT1E,string,20,8,False,False
MT1M,string,20,11,False,False
MT1F,string,20,5,False,False
MT1G,string,20,4,False,False
HERPUD1,string,20,15,False,False
NLRC5,string,20,8,False,False
CCL22,string,20,24,False,False
ADGRG5,string,20,12,False,False
ADGRG1,string,20,23,False,False
ADGRG3,string,20,20,False,False
RP11-405F3.4,string,0,0,True,False
DRC7,string,20,21,False,False
CTD-2600O9.1,string,0,0,True,False
CNGB1,string,20,28,False,False
NDRG4,string,20,17,False,False
RP11-21L1.1,string,0,0,True,False
RP11-403P17.3,string,0,0,True,False
RP11-403P17.4,string,0,0,True,False
CMTM2,string,20,6,False,False
RRAD,string,20,17,False,False
CES4A,string,20,17,False,False
LRRC36,string,18,3,False,False
TPPP3,string,20,19,False,False
AGRP,string,20,23,False,False
CTD-2012K14.6,string,0,0,True,False
EDC4,string,20,5,False,False
DPEP2,string,20,9,False,False
CTC-479C5.6,string,0,0,True,False
PLA2G15,string,20,32,False,False
RP11-96D1.7,string,0,0,True,False
SMPD3,string,20,20,False,False
RP11-615I2.6,string,0,0,True,False
RP11-529K1.4,string,0,0,True,False
IL34,string,20,5,False,False
HYDIN,string,20,28,False,False
CMTR2,string,12,3,False,False
RP11-510M2.2,string,0,0,True,False
TAT,string,20,14,False,False
PHLPP2,string,20,17,False,False
PKD1L3,string,20,11,False,False
HP,string,20,42,False,False
RP11-328J14.1,string,0,0,True,False
AC004158.3,string,0,0,True,False
ZFHX3,string,20,23,False,False
RP11-346C20.3,string,0,0,True,False
RP11-252A24.5,string,0,0,True,False
RP11-58C22.2,string,0,0,True,False
RP11-538I12.2,string,0,0,True,False
MAF,string,20,21,False,False
RP11-70D24.2,string,0,0,True,False
DYNLRB2,string,20,15,False,False
LINC01227,string,0,0,True,False
RP11-303E16.3,string,0,0,True,False
RP11-55K13.1,string,0,0,True,False
RP11-960L18.1,string,0,0,True,False
PLCG2,string,20,62,False,False
HSD17B2,string,20,24,False,False
RP11-510J16.5,string,0,0,True,False
OSGIN1,string,20,9,False,False
DNAAF1,string,20,9,False,False
RP11-486L19.2,string,0,0,True,False
WFDC1,string,20,9,False,False
COTL1,string,20,25,False,False
CRISPLD2,string,20,19,False,False
KIAA0513,string,20,14,False,False
FAM92B,string,0,0,True,False
RP11-442O1.4,string,0,0,True,False
RP11-442O1.3,string,0,0,True,False
RP11-568J23.6,string,0,0,True,False
FENDRR,string,0,0,True,False
FOXF1,string,20,13,False,True
RP11-463O9.9,string,0,0,True,False
RP11-134D3.2,string,0,0,True,False
MAP1LC3B,string,20,28,False,False
IL17C,string,20,13,False,False
CYBA,string,20,23,False,False
RP5-1142A6.5,string,0,0,True,False
RP5-1142A6.2,string,0,0,True,False
CBFA2T3,string,20,16,False,True
LINC00304,string,0,0,True,False
CDH15,string,20,13,False,False
AC137932.4,string,0,0,True,False
RP11-104N10.1,string,0,0,True,False
VPS9D1,string,8,3,False,False
TUBB3,string,20,27,False,False
RP11-566K11.5,string,0,0,True,False
RP11-356C4.3,string,0,0,True,False
AC108004.3,string,0,0,True,False
FAM101B,string,0,0,True,False
RP11-818O24.3,string,0,0,True,False
SLC43A2,string,20,15,False,False
TLCD2,string,12,3,False,False
MIR22HG,string,0,0,True,False
SERPINF2,string,20,26,False,False
SERPINF1,string,20,14,False,False
CTD-2545H1.2,string,0,0,True,False
RP11-667K14.3,string,0,0,True,False
RP1-59D14.10,string,0,0,True,False
RP1-59D14.5,string,0,0,True,False
RP11-74E22.5,string,0,0,True,False
RP11-74E22.8,string,0,0,True,False
OR3A1,string,13,6,False,False
ASPA,string,20,13,False,False
RP11-235E17.2,string,0,0,True,False
TAX1BP3,string,20,7,False,False
CTD-3195I5.3,string,0,0,True,False
P2RX1,string,20,20,False,False
CYB5D2,string,20,9,False,False
RP11-810M2.2,string,0,0,True,False
SPNS3,string,20,11,False,False
SPNS2,string,20,7,False,False
GGT6,string,20,22,False,False
SMTNL2,string,20,26,False,False
ALOX15,string,20,32,False,False
ZMYND15,string,20,5,False,False
TM4SF5,string,20,5,False,False
RP11-81A22.5,string,0,0,True,False
CHRNE,string,0,0,True,False
RP5-1050D4.2,string,0,0,True,False
AC109333.10,string,0,0,True,False
SLC52A1,string,20,3,False,False
SCIMP,string,20,16,False,False
WSCD1,string,20,12,False,False
AIPL1,string,20,26,False,False
CTC-281F24.5,string,0,0,True,False
FBXO39,string,20,15,False,False
ALOX12,string,20,34,False,False
CLEC10A,string,20,23,False,False
ASGR2,string,20,9,False,False
CLDN7,string,20,29,False,False
ACAP1,string,20,13,False,False
CD68,string,20,22,False,False
SHBG,string,20,23,False,False
SAT2,string,20,8,False,False
ATP1B2,string,20,23,False,False
DNAH2,string,20,25,False,False
KDM6B,string,20,53,False,False
TMEM88,string,20,8,False,False
GUCY2D,string,20,34,False,False
ALOX15B,string,20,24,False,False
HES7,string,20,10,False,True
VAMP2,string,20,52,False,False
ODF4,string,20,16,False,False
RNF222,string,12,4,False,False
CFAP52,string,20,16,False,False
GAS7,string,20,36,False,False
DNAH9,string,20,29,False,False
RP11-131K5.2,string,0,0,True,False
PMP22,string,20,12,False,False
TEKT3,string,20,19,False,False
CDRT4,string,11,3,False,False
RP11-385D13.1,string,0,0,True,False
UBB,string,20,85,False,False
LRRC75A,string,4,0,False,False
CCDC144A,string,20,9,False,False
RP11-416I2.1,string,0,0,True,False
MPRIP-AS1,string,0,0,True,False
RASD1,string,20,15,False,False
RAI1-AS1,string,0,0,True,False
RP1-253P7.4,string,0,0,True,False
MYO15A,string,0,0,True,False
FBXW10,string,20,3,False,False
SLC5A10,string,20,13,False,False
GRAP,string,20,26,False,False
GRAPL,string,20,4,False,False
CTC-457L16.2,string,0,0,True,False
MFAP4,string,20,12,False,False
ALDH3A2,string,20,36,False,False
RP11-209D14.2,string,0,0,True,False
AC004702.2,string,0,0,True,False
MAP2K3,string,20,17,False,True
RP11-822E23.7,string,0,0,True,False
FLJ36000,string,0,0,True,False
RP11-744K17.1,string,0,0,True,False
WSB1,string,20,12,False,False
LGALS9,string,20,20,False,False
RP11-138P22.1,string,0,0,True,False
LYRM9,string,10,2,False,False
CTD-2008P7.8,string,0,0,True,False
CTD-2008P7.1,string,0,0,True,False
VTN,string,20,33,False,False
FOXN1,string,20,12,False,False
AC010761.14,string,0,0,True,False
AC010761.6,string,0,0,True,False
RP11-20B24.2,string,0,0,True,False
PIPOX,string,20,27,False,False
SEZ6,string,20,17,False,False
CORO6,string,20,10,False,False
RP11-82O19.1,string,0,0,True,False
RP11-338L22.2,string,0,0,True,False
RP11-354P11.4,string,0,0,True,False
RP11-354P11.2,string,0,0,True,False
CPD,string,20,11,False,False
ADAP2,string,20,16,False,False
RP11-848P1.3,string,0,0,True,False
OMG,string,20,20,False,False
EVI2B,string,20,25,False,False
EVI2A,string,20,10,False,False
AC003101.1,string,0,0,True,False
RP11-227G15.10,string,0,0,True,False
RP11-227G15.11,string,0,0,True,False
RP11-227G15.8,string,0,0,True,False
RP11-466A19.1,string,0,0,True,False
RP11-220C2.1,string,0,0,True,False
CCL2,string,20,51,False,False
SLFN5,string,20,3,False,False
SLFN13,string,20,7,False,False
MMP28,string,20,9,False,False
HEATR9,string,16,6,False,False
AC015849.2,string,0,0,True,False
CCL5,string,20,41,False,False
CCL16,string,20,10,False,False
CCL3,string,20,28,False,False
CCL4,string,20,39,False,False
AC131056.3,string,0,0,True,False
CCL3L3,string,20,17,False,False
CCL4L2,string,20,12,False,False
TBC1D3I,string,20,3,False,False
CTD-3194G12.2,string,0,0,True,False
RP11-445F12.1,string,0,0,True,False
LHX1,string,20,28,False,True
RP11-445F12.2,string,0,0,True,False
SYNRG,string,20,22,False,False
RP11-697E22.1,string,0,0,True,False
SRCIN1,string,20,9,False,False
CTB-58E17.9,string,0,0,True,False
AC006449.2,string,0,0,True,False
PSMB3,string,20,35,False,False
RP1-56K13.2,string,0,0,True,False
LINC00672,string,0,0,True,False
ARL5C,string,20,2,False,False
STAC2,string,20,12,False,False
FBXL20,string,20,10,False,False
NEUROD2,string,20,12,False,False
PPP1R1B,string,20,24,False,False
PNMT,string,20,8,False,False
IKZF3,string,20,16,False,True
GSDMB,string,20,12,False,False
RP11-387H17.4,string,0,0,True,False
RARA-AS1,string,0,0,True,False
TOP2A,string,20,61,False,False
IGFBP4,string,20,12,False,False
RP5-1028K7.2,string,0,0,True,False
CCR7,string,20,45,False,False
KRTAP9-9,string,20,9,False,False
KRT33B,string,20,10,False,False
KRT19,string,20,39,False,False
KRT14,string,20,25,False,False
KRT17,string,20,16,False,False
EIF1,string,20,13,False,False
GAST,string,20,20,False,False
HAP1,string,20,15,False,False
KLHL10,string,20,19,False,False
DHX58,string,20,26,False,False
RP11-358B23.5,string,0,0,True,False
PTRF,string,0,0,True,False
CCR10,string,20,8,False,False
CTD-3193K9.4,string,0,0,True,False
VAT1,string,20,3,False,False
NBR1,string,0,0,True,False
TMEM106A,string,20,12,False,False
LINC00910,string,0,0,True,False
SOST,string,20,27,False,False
CD300LG,string,20,9,False,False
CTB-175E5.7,string,0,0,True,False
RP5-882C2.2,string,0,0,True,False
SLC4A1,string,20,45,False,True
RUNDC3A-AS1,string,0,0,True,False
GRN,string,20,22,False,False
GFAP,string,20,58,False,False
KIF18B,string,20,12,False,True
AC142472.6,string,0,0,True,False
AC002117.1,string,0,0,True,False
RP13-890H12.2,string,0,0,True,False
CTD-2020K17.1,string,0,0,True,False
FMNL1,string,20,31,False,False
RP11-798G7.5,string,0,0,True,False
MAPT-AS1,string,0,0,True,False
MYL4,string,20,35,False,False
CTD-2026D20.2,string,0,0,True,False
SP6,string,20,13,False,False
RP11-6N17.2,string,0,0,True,False
SKAP1,string,20,13,False,False
RP11-433M22.2,string,0,0,True,False
HOXB2,string,20,16,False,False
HOXB-AS1,string,0,0,True,False
HOXB3,string,20,14,False,False
HOXB-AS3,string,0,0,True,False
HOXB4,string,20,18,False,False
HOXB5,string,20,16,False,False
HOXB6,string,20,21,False,False
HOXB9,string,20,21,False,True
HOXB-AS4,string,0,0,True,False
CTD-2377D24.6,string,0,0,True,False
TTLL6,string,20,5,False,False
GIP,string,20,32,False,False
B4GALNT2,string,20,15,False,False
GNGT2,string,20,37,False,False
PHOSPHO1,string,20,11,False,False
RP11-1079K10.3,string,0,0,True,False
NGFR,string,20,42,False,False
NXPH3,string,20,6,False,False
TAC4,string,20,3,False,False
RP11-304F15.4,string,0,0,True,False
DLX4,string,20,12,False,False
ITGA3,string,20,42,False,False
SGCA,string,20,17,False,False
COL1A1,string,20,68,False,True
RP11-893F2.5,string,0,0,True,False
EPN3,string,20,24,False,False
CACNA1G,string,20,34,False,False
RP11-294J22.6,string,0,0,True,False
WFIKKN2,string,20,11,False,False
RP11-700H6.2,string,0,0,True,False
NME1,string,20,26,False,False
RP11-1018N14.1,string,0,0,True,False
ANKFN1,string,20,15,False,False
RP11-670E13.6,string,0,0,True,False
SCPEP1,string,20,26,False,False
RP11-166P13.3,string,0,0,True,False
EPX,string,20,13,False,False
RP11-506H21.5,string,0,0,True,False
BZRAP1-AS1,string,0,0,True,False
RP5-1171I10.5,string,0,0,True,False
RNF43,string,20,7,False,False
SEPT4-AS1,string,0,0,True,False
AC099850.1,string,0,0,True,False
YPEL2,string,20,11,False,False
LINC01476,string,0,0,True,False
VMP1,string,20,14,False,False
CTD-2319I12.2,string,0,0,True,False
CA4,string,20,23,False,False
C17orf64,string,20,13,False,False
RP11-136H19.1,string,0,0,True,False
TBX2,string,20,20,False,True
CTD-3035K23.6,string,0,0,True,False
MRC2,string,20,6,False,False
RP11-269G24.6,string,0,0,True,False
ACE,string,20,42,False,False
CTD-2501B8.1,string,0,0,True,False
KCNH6,string,20,17,False,False
LIMD2,string,20,7,False,False
GH2,string,20,21,False,False
GH1,string,20,22,False,False
PRR29-AS1,string,0,0,True,False
PECAM1,string,20,39,False,False
MILR1,string,20,2,False,False
RP11-583F2.2,string,0,0,True,False
RP11-583F2.5,string,0,0,True,False
RP11-160O5.1,string,0,0,True,False
RP11-74H8.1,string,0,0,True,False
BPTF,string,20,76,False,False
KPNA2,string,20,29,False,False
AC145343.2,string,0,0,True,False
RP11-147L13.12,string,0,0,True,False
RP11-147L13.14,string,0,0,True,False
RP11-147L13.8,string,0,0,True,False
RP11-147L13.15,string,0,0,True,False
ARSG,string,20,18,False,False
WIPI1,string,20,17,False,False
FAM20A,string,20,9,False,False
ABCA9,string,20,4,False,False
ABCA6,string,20,8,False,False
ABCA5,string,20,13,False,False
MAP2K6,string,20,26,False,True
LINC01483,string,0,0,True,False
SSTR2,string,20,13,False,False
DNAI2,string,20,18,False,False
CD300A,string,20,17,False,False
RAB37,string,20,10,False,False
CD300LF,string,20,28,False,False
HID1,string,20,2,False,False
HN1,string,0,0,True,False
RP11-16C1.1,string,0,0,True,False
MYO15B,string,0,0,True,False
SMIM5,string,20,7,False,False
WBP2,string,20,10,False,False
CTD-2246P4.1,string,0,0,True,False
LINC00868,string,0,0,True,False
RP11-13K12.2,string,0,0,True,False
RP11-13K12.1,string,0,0,True,False
C17orf99,string,12,1,False,False
AFMID,string,20,22,False,False
BIRC5,string,20,42,False,False
AC061992.2,string,0,0,True,False
SOCS3,string,20,37,False,False
TIMP2,string,20,19,False,False
LGALS3BP,string,20,27,False,False
C1QTNF1-AS1,string,0,0,True,False
RBFOX3,string,20,40,False,False
HP09025,string,0,0,True,False
RP11-353N14.1,string,0,0,True,False
RP11-334C17.5,string,0,0,True,False
RNF213,string,20,21,False,False
BAIAP2-AS1,string,0,0,True,False
RP11-1055B8.3,string,0,0,True,False
ACTG1,string,20,75,False,False
TSPAN10,string,0,0,True,False
GCGR,string,20,8,False,False
PPP1R27,string,20,7,False,False
P4HB,string,20,53,False,False
RP11-498C9.16,string,0,0,True,False
SIRT7,string,20,15,False,False
SLC16A3,string,20,16,False,False
RP13-516M14.4,string,0,0,True,False
CD7,string,20,18,False,False
UTS2R,string,20,9,False,False
RP11-497H17.1,string,0,0,True,False
AC144831.3,string,0,0,True,False
AC144831.1,string,0,0,True,False
AC139099.6,string,0,0,True,False
RP11-806L2.2,string,0,0,True,False
CTD-2015H3.1,string,0,0,True,False
RP11-737O24.5,string,0,0,True,False
MYOM1,string,20,7,False,False
MYL12A,string,20,25,False,False
GAPLINC,string,0,0,True,False
DLGAP1-AS1,string,0,0,True,False
L3MBTL4-AS1,string,0,0,True,False
ANKRD12,string,20,9,False,False
LINC01254,string,0,0,True,False
APCDD1,string,20,4,False,False
RP11-820I16.4,string,0,0,True,False
ANKRD62,string,20,2,False,False
RP11-773H22.4,string,0,0,True,False
CYP4F35P,string,0,0,True,False
RP11-13N13.6,string,0,0,True,False
RP11-627G18.2,string,0,0,True,False
HRH4,string,20,5,False,False
RP11-178F10.2,string,0,0,True,False
DSC3,string,20,19,False,False
DSC2,string,20,19,False,False
DSCAS,string,0,0,True,False
DSC1,string,20,12,False,False
DSG1-AS1,string,0,0,True,False
RNF125,string,20,11,False,False
RP11-53I6.4,string,0,0,True,False
RP11-294N21.3,string,0,0,True,False
ZNF397,string,20,4,False,False
ZNF396,string,20,5,False,False
RP11-905K4.1,string,0,0,True,False
RP11-49I11.1,string,0,0,True,False
FHOD3,string,20,10,False,False
CELF4,string,20,21,False,False
KC6,string,0,0,True,False
SYT4,string,20,43,False,False
SETBP1,string,0,0,True,False
SIGLEC15,string,20,10,False,False
RNF165,string,20,10,False,False
RP11-49K24.8,string,0,0,True,False
RP11-484L8.1,string,0,0,True,False
RPL17-C18orf32,string,20,11,False,False
MIR1539,string,0,0,True,False
LIPG,string,20,32,False,False
SNHG22,string,0,0,True,False
CFAP53,string,20,13,False,False
RP11-729L2.2,string,0,0,True,False
DCC,string,20,27,False,False
TCF4,string,20,38,False,False
RP11-397A16.3,string,0,0,True,False
ALPK2,string,20,15,False,False
RP11-1151B14.4,string,0,0,True,False
PMAIP1,string,20,16,False,False
TNFRSF11A,string,20,14,False,False
RP11-635N19.1,string,0,0,True,False
SERPINB4,string,20,11,False,False
SERPINB8,string,20,11,False,False
CNDP1,string,20,19,False,False
RP11-162A12.2,string,0,0,True,False
RP11-862L9.3,string,0,0,True,False
MBP,string,20,34,False,False
RP11-248M19.1,string,0,0,True,False
AC139100.3,string,0,0,True,False
TRIB3,string,20,31,False,False
SLC52A3,string,20,11,False,False
RSPO4,string,20,8,False,False
C20orf202,string,0,0,True,False
SNPH,string,20,14,False,False
SIRPB2,string,20,7,False,False
SIRPD,string,20,8,False,False
SIRPB1,string,20,12,False,False
EBF4,string,20,2,False,False
CPXM1,string,20,10,False,False
C20orf141,string,0,0,True,False
GNRH2,string,20,19,False,False
AVP,string,20,40,False,False
RP4-794I6.4,string,0,0,True,False
C20orf194,string,0,0,True,False
RP11-352D3.2,string,0,0,True,False
SMOX,string,20,17,False,False
LINC01433,string,0,0,True,False
RP5-1164C1.2,string,0,0,True,False
RP5-1068H6.6,string,0,0,True,False
RASSF2,string,20,21,False,False
PCNA,string,20,47,False,False
RP5-1022P6.7,string,0,0,True,False
RP5-1022P6.5,string,0,0,True,False
CHGB,string,20,35,False,False
RP5-1069C8.2,string,0,0,True,False
SPTLC3,string,20,18,False,False
RP4-777L9.3,string,0,0,True,False
SLC24A3,string,20,22,False,False
RP1-122P22.4,string,0,0,True,False
KIZ-AS1,string,0,0,True,False
NKX2-4,string,20,16,False,False
CD93,string,20,14,False,False
LINC00656,string,0,0,True,False
CST9L,string,12,4,False,False
CST3,string,20,31,False,False
CST1,string,20,8,False,False
CST7,string,20,18,False,False
DEFB123,string,20,9,False,False
LINC00028,string,0,0,True,False
RP3-324O17.8,string,0,0,True,False
ID1,string,20,30,False,False
COX4I2,string,20,19,False,False
TPX2,string,20,47,False,False
DUSP15,string,20,10,False,False
CCM2L,string,20,8,False,False
RP1-310O13.7,string,0,0,True,False
HCK,string,0,0,True,False
RP11-410N8.3,string,0,0,True,False
RP11-410N8.4,string,0,0,True,False
BPIFB1,string,20,17,False,False
ACTL10,string,0,0,True,False
ASIP,string,20,13,False,False
TP53INP2,string,20,5,False,False
MYH7B,string,20,32,False,False
PROCR,string,20,18,False,False
MMP24-AS1,string,0,0,True,False
RP3-477O4.14,string,0,0,True,False
RP4-550H1.4,string,0,0,True,False
RP11-234K24.3,string,0,0,True,False
MYL9,string,20,35,False,False
SLA2,string,20,14,False,False
MROH8,string,0,0,True,False
RP4-640H8.2,string,0,0,True,False
VSTM2L,string,20,9,False,False
KIAA1755,string,20,14,False,False
BPI,string,20,12,False,False
SLC32A1,string,20,64,False,False
RP5-1031J8.1,string,0,0,True,False
MAFB,string,20,22,False,False
RP4-644L1.2,string,0,0,True,False
PLCG1-AS1,string,0,0,True,False
RP1-138B7.6,string,0,0,True,False
SGK2,string,20,20,False,False
GTSF1L,string,16,4,False,False
RP5-1030M6.3,string,0,0,True,False
R3HDML,string,20,7,False,False
HNF4A,string,20,54,False,True
PKIG,string,20,4,False,False
STK4,string,20,19,False,False
WFDC12,string,20,6,False,False
SLPI,string,20,32,False,False
SDC4,string,20,40,False,False
RP3-453C12.15,string,0,0,True,False
WFDC2,string,20,23,False,False
ZSWIM1,string,10,5,False,False
CTSA,string,20,31,False,False
MMP9,string,20,63,False,False
RP11-394O2.3,string,0,0,True,False
SLC2A10,string,20,17,False,False
RP4-569M23.5,string,0,0,True,False
SULF2,string,20,22,False,False
PTGIS,string,20,17,False,False
SNAI1,string,20,27,False,True
RP11-112L6.2,string,0,0,True,False
CEBPB,string,20,59,False,True
LINC01272,string,0,0,True,False
PTPN1,string,20,26,False,True
RP4-530I15.6,string,0,0,True,False
ATP9A,string,20,11,False,False
LINC01429,string,0,0,True,False
RP4-669H2.1,string,0,0,True,False
AC005808.3,string,0,0,True,False
LINC01441,string,0,0,True,False
FAM210B,string,20,5,False,False
AURKA,string,20,62,False,False
FAM209A,string,20,7,False,False
TFAP2C,string,20,23,False,False
BMP7,string,20,35,False,False
SPO11,string,20,26,False,False
PCK1,string,20,28,False,False
PMEPA1,string,20,13,False,False
NKILA,string,0,0,True,False
STX16-NPEPL1,string,0,0,True,False
CTSZ,string,20,33,False,False
TUBB1,string,20,18,False,False
C20orf197,string,0,0,True,False
MIR646HG,string,0,0,True,False
RP11-429E11.2,string,0,0,True,False
RP11-93B14.9,string,0,0,True,False
RP11-93B14.10,string,0,0,True,False
LINC00659,string,0,0,True,False
OGFR-AS1,string,0,0,True,False
COL9A3,string,0,0,True,False
BIRC7,string,20,4,False,False
EEF1A2,string,20,24,False,False
HELZ2,string,20,47,False,False
RP4-583P15.15,string,0,0,True,False
UCKL1-AS1,string,0,0,True,False
OPRL1,string,20,3,False,False
LINC00266-1,string,0,0,True,False
THEG,string,20,13,False,False
SHC2,string,20,20,False,False
ODF3L2,string,20,11,False,False
BSG,string,20,32,False,False
AC004156.3,string,0,0,True,False
PRSS57,string,20,14,False,False
AC006273.5,string,0,0,True,False
AZU1,string,20,14,False,False
PRTN3,string,20,25,False,False
ELANE,string,20,39,False,False
CFD,string,20,15,False,False
CNN2,string,20,21,False,False
POLR2E,string,20,33,False,False
C19orf26,string,0,0,True,True
AC004221.2,string,0,0,True,False
MIDN,string,20,6,False,True
AC005330.2,string,0,0,True,False
LLNLR-307A6.1,string,0,0,True,False
REEP6,string,20,16,False,False
CSNK1G2-AS1,string,0,0,True,False
MKNK2,string,20,7,False,False
IZUMO4,string,20,12,False,False
AC004490.1,string,0,0,True,False
C19orf35,string,0,0,True,False
GADD45B,string,20,19,False,False
ZNF556,string,18,1,False,False
TLE6,string,20,10,False,False
TLE2,string,20,18,False,False
AC005264.2,string,0,0,True,False
AC010649.1,string,0,0,True,False
SMIM24,string,20,11,False,False
AC005954.4,string,0,0,True,False
ATCAY,string,20,24,False,False
CREB3L3,string,20,25,False,False
EBI3,string,20,4,False,False
CTB-50L17.16,string,0,0,True,False
SEMA6B,string,20,15,False,False
MIR7-3HG,string,0,0,True,False
PTPRS,string,0,0,True,False
CATSPERD,string,20,19,False,False
AC024592.9,string,0,0,True,False
AC104532.2,string,0,0,True,False
DENND1C,string,20,10,False,False
TNFSF9,string,20,14,False,False
CD70,string,20,10,False,False
TNFSF14,string,20,17,False,False
C3,string,20,44,False,False
ADGRE1,string,20,12,False,False
INSR,string,20,43,False,False
CTB-133G6.1,string,0,0,True,False
CTB-133G6.2,string,0,0,True,False
PCP2,string,20,7,False,False
RETN,string,20,18,False,False
MCEMP1,string,20,21,False,False
FCER2,string,20,20,False,False
CLEC4G,string,20,8,False,False
CD209,string,20,16,False,False
CLEC4M,string,20,8,False,False
CTD-3193O13.11,string,0,0,True,False
CTD-3193O13.13,string,0,0,True,False
CTD-3193O13.1,string,0,0,True,False
FBN3,string,20,13,False,False
ANGPTL4,string,20,13,False,False
MARCH2,string,0,0,True,False
RP11-886P16.6,string,0,0,True,False
PRAM1,string,20,10,False,False
MYO1F,string,0,0,True,False
MUC16,string,20,22,False,False
CTD-2623N2.5,string,0,0,True,False
OLFM2,string,20,17,False,False
S1PR2,string,0,0,True,True
ICAM1,string,20,43,False,False
ICAM4,string,20,8,False,False
C19orf38,string,1,0,False,False
SPC24,string,20,10,False,False
CTC-510F12.2,string,0,0,True,False
ANGPTL8,string,20,10,False,False
TSPAN16,string,20,12,False,False
RAB3D,string,20,12,False,False
CCDC159,string,9,3,False,False
CNN1,string,20,16,False,True
ACP5,string,20,21,False,False
ZNF763,string,20,2,False,False
ZNF844,string,10,2,False,False
ZNF625,string,15,4,False,False
CTD-2666L21.1,string,0,0,True,False
JUNB,string,20,35,False,False
PRDX2,string,20,21,False,False
RTBDN,string,19,6,False,False
KLF1,string,20,32,False,True
CALR,string,20,55,False,False
CTC-425F1.4,string,0,0,True,False
AC007787.2,string,0,0,True,False
LYL1,string,20,14,False,True
IER2,string,20,19,False,False
CACNA1A,string,20,65,False,False
ZSWIM4,string,20,10,False,False
CTD-3252C9.4,string,0,0,True,False
PODNL1,string,20,8,False,False
RLN3,string,20,11,False,False
SAMD1,string,20,15,False,True
CTB-55O6.12,string,0,0,True,False
CTD-2189E23.1,string,0,0,True,False
CTC-548K16.1,string,0,0,True,False
ADGRE5,string,20,15,False,False
DNAJB1,string,20,27,False,False
ADGRE3,string,20,12,False,False
ADGRE2,string,20,9,False,False
LLNLR-246C6.1,string,0,0,True,False
PGLYRP2,string,20,5,False,False
CYP4F3,string,20,22,False,False
CYP4F12,string,20,18,False,False
AC004791.2,string,0,0,True,False
TPM4,string,20,43,False,False
CTD-2231E14.8,string,0,0,True,False
HSH2D,string,20,5,False,False
CIB3,string,20,7,False,False
CTD-2562J15.4,string,0,0,True,False
CTD-2562J15.6,string,0,0,True,False
KLF2,string,20,13,False,False
CTD-2013N17.4,string,0,0,True,False
CTD-3222D19.8,string,0,0,True,False
NWD1,string,20,14,False,False
CTD-2528A14.3,string,0,0,True,False
CTD-3032J10.3,string,0,0,True,False
BST2,string,20,33,False,False
BISPR,string,0,0,True,False
CTD-2521M24.8,string,0,0,True,False
CTD-3131K8.3,string,0,0,True,False
CTD-3149D2.4,string,0,0,True,False
INSL3,string,20,10,False,False
AC007192.6,string,0,0,True,False
IFI30,string,20,11,False,False
KIAA1683,string,0,0,True,False
JUND,string,20,19,False,False
GDF15,string,20,23,False,False
LRRC25,string,20,5,False,False
AC005197.2,string,0,0,True,False
AC005932.1,string,0,0,True,False
TM6SF2,string,20,11,False,False
LPAR2,string,20,26,False,False
GMIP,string,20,9,False,False
ZNF85,string,20,1,False,False
ZNF431,string,17,1,False,False
ZNF738,string,16,3,False,False
LINC00664,string,0,0,True,False
ZNF492,string,13,3,False,False
RP11-15H20.7,string,0,0,True,False
CTB-92J24.3,string,0,0,True,False
AC093074.1,string,0,0,True,False
AC005616.2,string,0,0,True,False
AC079466.1,string,0,0,True,False
ZNF536,string,20,16,False,False
TDRD12,string,20,19,False,False
WDR88,string,20,7,False,False
CEBPA,string,20,56,False,True
CTD-2540B15.11,string,0,0,True,False
CTD-2329C7.2,string,0,0,True,False
CHST8,string,20,17,False,False
ZNF30-AS1,string,0,0,True,False
CTD-2527I21.7,string,0,0,True,False
CTD-2527I21.14,string,0,0,True,False
HPN,string,20,10,False,False
LGI4,string,20,9,False,False
HAMP,string,20,17,False,False
AC002511.2,string,0,0,True,False
FFAR2,string,20,17,False,False
SBSN,string,20,16,False,False
UPK1A-AS1,string,0,0,True,False
AD000671.6,string,0,0,True,False
HCST,string,20,21,False,False
TYROBP,string,20,103,False,False
LINC00665,string,0,0,True,False
ZFP82,string,18,2,False,False
ZNF570,string,20,5,False,False
CTD-3064H18.4,string,0,0,True,False
PPP1R14A,string,20,16,False,False
C19orf33,string,20,8,False,False
KCNK6,string,20,10,False,False
CATSPERG,string,20,15,False,False
GGN,string,9,5,False,False
SPRED3,string,20,19,False,False
RASGRP4,string,20,8,False,False
CTB-186G2.1,string,0,0,True,False
AC104534.2,string,0,0,True,False
CTC-218B8.3,string,0,0,True,False
SYCN,string,20,11,False,False
IFNL1,string,20,18,False,False
GMFG,string,20,17,False,False
ZFP36,string,20,22,False,False
CTB-60E11.9,string,0,0,True,False
CLC,string,20,9,False,False
FCGBP,string,20,26,False,False
ZNF780B,string,20,8,False,False
TTC9B,string,20,11,False,False
CNTD2,string,0,0,True,False
PLD3,string,20,27,False,False
HIPK4,string,20,7,False,False
PRX,string,20,10,False,False
SERTAD1,string,20,10,False,False
CTC-492K19.4,string,0,0,True,False
BLVRB,string,20,19,False,False
MIA,string,20,4,False,False
RAB4B,string,20,9,False,False
CTC-490E21.14,string,0,0,True,False
CTC-490E21.12,string,0,0,True,False
CTC-490E21.10,string,0,0,True,False
AXL,string,20,17,False,False
TGFB1,string,20,63,False,False
B3GNT8,string,18,9,False,False
PCAT19,string,0,0,True,False
LINC01480,string,0,0,True,False
AC006129.2,string,0,0,True,False
RABAC1,string,20,20,False,False
ATP1A3,string,20,32,False,False
GRIK5,string,20,30,False,False
CEACAM1,string,20,17,False,False
PSG1,string,20,6,False,False
PSG11,string,20,4,False,False
PSG9,string,20,5,False,False
LYPD3,string,20,17,False,False
SRRM5,string,1,0,False,False
PLAUR,string,20,31,False,False
IRGC,string,20,1,False,False
CEACAM20,string,20,9,False,False
IGSF23,string,20,11,False,False
BCL3,string,20,12,False,False
APOE,string,20,53,False,False
APOC1,string,20,26,False,False
APOC4-APOC2,string,0,0,True,False
APOC4,string,20,17,False,False
RELB,string,20,16,False,False
CTB-179K24.3,string,0,0,True,False
TRAPPC6A,string,20,13,False,False
AC006126.3,string,0,0,True,False
CKM,string,20,19,False,False
FOSB,string,20,28,False,True
RTN2,string,20,18,False,False
GIPR,string,20,15,False,False
FOXA3,string,20,13,False,True
IGFL4,string,1,0,False,False
AC007193.6,string,0,0,True,False
IGFL2,string,20,4,False,False
AC006262.4,string,0,0,True,False
AC006262.5,string,0,0,True,False
HIF3A,string,20,11,False,False
AC007193.9,string,0,0,True,False
AC007193.8,string,0,0,True,False
PNMAL2,string,0,0,True,False
PTGIR,string,20,12,False,False
GNG8,string,20,30,False,False
DACT3,string,20,5,False,False
MEIS3,string,20,6,False,False
SLC8A2,string,20,25,False,False
ZNF541,string,20,2,False,False
SULT2A1,string,20,26,False,False
CARD8-AS1,string,0,0,True,False
EMP3,string,20,22,False,False
FAM83E,string,20,8,False,False
CA11,string,20,10,False,False
NTN5,string,20,9,False,False
FUT2,string,20,22,False,False
FUT1,string,0,0,True,False
HSD17B14,string,20,12,False,False
PLEKHA4,string,20,32,False,False
PPP1R15A,string,20,35,False,False
CTD-2639E6.9,string,0,0,True,False
FTL,string,20,18,False,False
HRC,string,20,10,False,False
TRPM4,string,20,25,False,False
SLC6A16,string,20,2,False,False
CD37,string,20,12,False,False
PTH2,string,20,15,False,False
FLT3LG,string,20,12,False,False
FCGRT,string,20,15,False,False
FUZ,string,20,9,False,False
AC006942.4,string,0,0,True,False
ATF5,string,20,16,False,False
MYH14,string,0,0,True,False
KCNC3,string,20,32,False,False
NAPSA,string,20,19,False,False
MYBPC2,string,20,19,False,False
CTD-2545M3.8,string,0,0,True,False
CTD-2568A17.8,string,0,0,True,False
KLK4,string,20,30,False,False
KLK11,string,20,10,False,False
SIGLEC7,string,20,16,False,False
IGLON5,string,20,16,False,False
CTD-2616J11.16,string,0,0,True,False
CTD-2616J11.9,string,0,0,True,False
NKG7,string,20,18,False,False
SIGLEC10,string,20,7,False,False
CTD-2616J11.3,string,0,0,True,False
CEACAM18,string,20,8,False,False
SIGLEC6,string,20,7,False,False
SIGLEC5,string,0,0,True,False
SIGLEC14,string,20,7,False,False
HAS1,string,20,5,False,False
FPR1,string,20,28,False,False
CTD-2525I3.3,string,0,0,True,False
CTD-2525I3.6,string,0,0,True,False
ZNF610,string,11,2,False,False
ZNF578,string,11,4,False,False
ZNF83,string,20,0,False,False
ZNF677,string,14,1,False,False
BIRC8,string,0,0,True,False
NLRP12,string,20,6,False,False
MYADM,string,20,11,False,False
PRKCG,string,20,41,False,False
CACNG8,string,20,30,False,False
TARM1,string,10,3,False,False
TMC4,string,20,6,False,False
MBOAT7,string,20,10,False,False
AC012314.20,string,0,0,True,False
LILRB2,string,20,59,False,False
CDC42EP5,string,20,9,False,False
LILRA2,string,20,9,False,False
LILRA1,string,20,25,False,False
LILRB1,string,20,34,False,False
CTB-61M7.2,string,0,0,True,False
GP6,string,20,16,False,False
TNNT1,string,20,29,False,False
TNNI3,string,20,40,False,False
PTPRH,string,20,20,False,False
TMEM150B,string,20,6,False,False
IL11,string,20,22,False,False
UBE2S,string,20,22,False,False
AC010525.4,string,0,0,True,False
CTD-2619J13.13,string,0,0,True,False
AC016629.3,string,0,0,True,False
PCDH11Y,string,0,0,True,False
RP11-65G9.1,string,0,0,True,False
LINC01297,string,0,0,True,False
AC007064.24,string,0,0,True,False
IL17RA,string,20,9,False,False
CECR5-AS1,string,0,0,True,False
CECR1,string,0,0,True,False
UFD1L,string,0,0,True,False
CDC45,string,20,27,False,False
LINC00895,string,0,0,True,False
COMT,string,20,49,False,False
TANGO2,string,20,5,False,False
AC006547.15,string,0,0,True,False
RANBP1,string,20,11,False,False
XXbac-B33L19.4,string,0,0,True,False
SERPIND1,string,20,29,False,False
P2RX6,string,20,13,False,False
LRRC74B,string,8,4,False,False
TMEM191C,string,0,0,True,False
RIMBP3C,string,20,7,False,False
SDF2L1,string,20,17,False,False
YPEL1,string,20,14,False,False
MAPK1,string,20,128,False,True
IGLC6,string,0,0,True,False
PCAT14,string,0,0,True,False
RGL4,string,20,8,False,False
C22orf15,string,5,2,False,False
KB-1125A3.12,string,0,0,True,False
GSTT2B,string,20,21,False,False
KB-226F1.2,string,0,0,True,False
GGT5,string,20,27,False,False
ADORA2A-AS1,string,0,0,True,False
UPB1,string,20,20,False,False
PIWIL3,string,20,9,False,False
SGSM1,string,20,16,False,False
CTA-243E7.4,string,0,0,True,False
CTA-221G9.12,string,0,0,True,False
CTA-390C10.9,string,0,0,True,False
ADRBK2,string,0,0,True,False
CTA-407F11.7,string,0,0,True,False
CTA-373H7.7,string,0,0,True,False
LINC01422,string,0,0,True,False
CTA-992D9.11,string,0,0,True,False
RP1-76B20.11,string,0,0,True,False
RP1-102K2.6,string,0,0,True,False
RP1-102K2.8,string,0,0,True,False
OSM,string,20,25,False,False
GATSL3,string,0,0,True,False
CCDC157,string,12,1,False,False
TCN2,string,20,13,False,False
DUSP18,string,20,4,False,False
SELM,string,0,0,True,False
PIK3IP1,string,20,12,False,False
PIK3IP1-AS1,string,0,0,True,False
RP11-247I13.11,string,0,0,True,False
RFPL3S,string,0,0,True,False
BPIFC,string,20,4,False,False
SYN3,string,20,21,False,False
LL22NC03-104C7.1,string,0,0,True,False
ISX,string,20,10,False,False
RP3-510H16.3,string,0,0,True,False
HMOX1,string,20,41,False,False
RASD2,string,20,23,False,False
MB,string,20,33,False,False
APOL6,string,20,12,False,False
CTA-212A2.4,string,0,0,True,False
APOL3,string,20,7,False,False
APOL4,string,20,11,False,False
APOL1,string,20,24,False,False
MYH9,string,20,59,False,False
RP4-633O19__A.1,string,0,0,True,False
PVALB,string,20,42,False,False
NCF4,string,20,45,False,False
TMPRSS6,string,20,31,False,False
SSTR3,string,20,10,False,False
RAC2,string,20,66,False,False
CYTH4,string,20,30,False,False
LGALS2,string,20,5,False,False
LGALS1,string,20,14,False,False
H1F0,string,0,0,True,False
RP5-1039K5.18,string,0,0,True,False
CTA-228A9.3,string,0,0,True,False
CTA-228A9.4,string,0,0,True,False
RP3-508I15.14,string,0,0,True,False
APOBEC3A,string,20,13,False,False
APOBEC3C,string,20,10,False,False
APOBEC3D,string,20,5,False,False
APOBEC3H,string,17,5,False,False
RP4-742C19.13,string,0,0,True,False
RP3-333H23.8,string,0,0,True,False
RPL3,string,20,31,False,False
ATF4,string,20,40,False,False
GRAP2,string,20,37,False,False
FAM83F,string,20,12,False,False
TNRC6B,string,20,18,False,False
RP5-1042K10.13,string,0,0,True,False
MEI1,string,20,15,False,False
RP5-821D11.7,string,0,0,True,False
SHISA8,string,20,13,False,False
NFAM1,string,20,9,False,False
PARVG,string,20,30,False,False
RP4-671O14.7,string,0,0,True,False
PHF21B,string,20,15,False,False
KIAA0930,string,20,8,False,False
CTA-268H5.14,string,0,0,True,False
UPK3A,string,20,16,False,False
FAM118A,string,20,12,False,False
FBLN1,string,20,25,False,False
WNT7B,string,20,15,False,False
PPARA,string,20,74,False,False
GTSE1,string,20,12,False,False
RP3-439F8.1,string,0,0,True,False
LINC00898,string,0,0,True,False
RP3-522J7.6,string,0,0,True,False
RP11-494O16.4,string,0,0,True,False
CITF22-49E9.3,string,0,0,True,False
MLC1,string,20,13,False,False
RP3-402G11.25,string,0,0,True,False
ODF3B,string,20,13,False,False
CTA-384D8.35,string,0,0,True,False
CTA-384D8.34,string,0,0,True,False
KLHDC7B,string,20,9,False,False
SYCE3,string,20,13,False,False
ARSA,string,20,24,False,False
RP11-717F1.1,string,0,0,True,False
CH507-42P11.5,string,0,0,True,False
CH507-513H4.1,string,0,0,True,False
CH507-528H12.1,string,0,0,True,False
CH507-216K13.2,string,0,0,True,False
SAMSN1,string,20,14,False,False
AF127936.3,string,0,0,True,False
AF127936.5,string,0,0,True,False
AF127936.7,string,0,0,True,False
AF127577.8,string,0,0,True,False
MIR99AHG,string,0,0,True,False
AF240627.2,string,0,0,True,False
AP001171.1,string,0,0,True,False
APP,string,20,96,False,False
AL035610.2,string,0,0,True,False
MAP3K7CL,string,20,4,False,False
AF124730.4,string,0,0,True,False
GRIK1,string,20,31,False,False
GRIK1-AS1,string,0,0,True,False
TIAM1,string,20,33,False,False
MRAP,string,20,4,False,False
PAXBP1-AS1,string,0,0,True,False
C21orf62-AS1,string,0,0,True,False
IL10RB-AS1,string,0,0,True,False
IL10RB,string,20,13,False,False
AP000295.10,string,0,0,True,False
AP000302.58,string,0,0,True,False
DNAJC28,string,20,11,False,False
SON,string,20,11,False,False
LINC00649,string,0,0,True,False
RUNX1,string,20,40,False,False
LINC01436,string,0,0,True,False
AP000688.29,string,0,0,True,False
CBR3,string,20,17,False,False
DOPEY2,string,0,0,True,False
AP000695.6,string,0,0,True,False
AP000695.4,string,0,0,True,False
CLDN14,string,20,17,False,False
KCNJ6,string,20,22,False,False
DSCR8,string,0,0,True,False
KCNJ15,string,20,17,False,False
ETS2,string,20,19,False,True
AF064858.6,string,0,0,True,False
DSCAM,string,20,23,False,False
TMPRSS2,string,20,25,False,False
LINC00479,string,0,0,True,False
ABCG1,string,20,19,False,False
TFF3,string,20,23,False,False
TFF1,string,20,27,False,False
UBASH3A,string,20,11,False,True
AP001626.1,string,0,0,True,False
AP001626.2,string,0,0,True,False
KB-51A8.1,string,0,0,True,False
AP001046.5,string,0,0,True,False
AP001046.6,string,0,0,True,False
LINC00319,string,0,0,True,False
CSTB,string,20,14,False,False
AATBC,string,0,0,True,False
AP001055.6,string,0,0,True,False
ICOSLG,string,20,11,False,False
AP001059.7,string,0,0,True,False
DNMT3L,string,20,14,False,False
AP001059.5,string,0,0,True,False
TRPM2,string,20,8,False,False
KRTAP10-2,string,12,5,False,False
ITGB2,string,20,101,False,False
ITGB2-AS1,string,0,0,True,False
LINC00334,string,0,0,True,False
LINC00315,string,0,0,True,False
COL18A1,string,20,35,False,False
COL18A1-AS2,string,0,0,True,False
COL18A1-AS1,string,0,0,True,False
PCBP3,string,20,6,False,False
AJ011932.1,string,0,0,True,False
COL6A1,string,20,51,False,False
FTCD-AS1,string,0,0,True,False
C21orf58,string,19,7,False,False
S100B,string,20,30,False,False
MT-ND1,string,20,18,False,False
MT-ND2,string,20,19,False,False
MT-CO1,string,20,33,False,False
MT-CO2,string,20,26,False,False
MT-ATP6,string,20,25,False,False
MT-CO3,string,20,19,False,False
MT-ND3,string,20,15,False,False
MT-ND4L,string,20,16,False,False
MT-ND4,string,20,17,False,False
MT-ND5,string,20,17,False,False
MT-ND6,string,20,15,False,False
MT-CYB,string,20,39,False,False
AC136616.1,string,0,0,True,False
AC023491.2,string,0,0,True,False
