gene_id,source,incoming_nonself,outgoing_nonself,self_loop_only,candidate_target
LINC01409,go,0,0,True,False
LINC01128,go,0,0,True,False
HES4,go,6,11,False,False
ISG15,go,20,0,False,False
TNFRSF4,go,0,0,True,False
ACAP3,go,20,7,False,False
CCNL2,go,20,8,False,False
MRPL20-AS1,go,0,0,True,False
FNDC10,go,20,49,False,False
MIB2,go,20,52,False,False
CDK11B,go,20,42,False,False
SLC35E2B,go,20,10,False,False
CDK11A,go,20,25,False,True
SLC35E2A,go,0,0,True,False
SKI,go,20,1,False,False
AL139246.5,go,0,0,True,False
TPRG1L,go,0,0,True,False
LRRC47,go,20,7,False,False
CEP104,go,20,4,False,False
DFFB,go,20,12,False,False
KCNAB2,go,0,0,True,False
ICMT,go,20,22,False,False
ZBTB48,go,14,0,False,False
PHF13,go,20,10,False,False
THAP3,go,20,29,False,False
VAMP3,go,20,13,False,False
RERE,go,20,9,False,False
H6PD,go,0,0,True,False
PIK3CD-AS2,go,0,0,True,False
CLSTN1,go,17,5,False,False
CTNNBIP1,go,20,1,False,False
KIF1B,go,20,16,False,False
SRM,go,20,11,False,False
MAD2L2,go,20,2,False,True
MTHFR,go,1,0,False,False
CLCN6,go,20,3,False,False
VPS13D,go,13,1,False,True
PRDM2,go,20,4,False,False
EFHD2,go,14,5,False,False
DNAJC16,go,20,51,False,False
DDI2,go,20,0,False,False
AL450998.2,go,0,0,True,False
SPEN,go,20,5,False,True
FBXO42,go,20,0,False,True
NECAP2,go,20,4,False,False
NBPF1,go,20,111,False,False
RCC2,go,20,2,False,False
UBR4,go,20,36,False,True
MRTO4,go,20,20,False,True
OTUD3,go,0,0,True,False
CAMK2N1,go,0,0,True,False
PINK1,go,14,1,False,False
HP1BP3,go,20,2,False,False
EIF4G3,go,20,14,False,False
RAP1GAP,go,20,18,False,False
LINC00339,go,0,0,True,False
CDC42,go,5,1,False,True
ZBTB40,go,20,4,False,False
KDM1A,go,20,0,False,True
LUZP1,go,20,2,False,False
LINC01355,go,0,0,True,False
E2F2,go,20,24,False,False
ID3,go,20,2,False,False
PITHD1,go,20,0,False,False
LYPLA2,go,20,2,False,False
HMGCL,go,20,10,False,False
CNR2,go,0,0,True,False
PNRC2,go,20,42,False,False
SRSF10,go,20,6,False,True
NIPAL3,go,16,23,False,False
RCAN3,go,0,0,True,False
SRRM1,go,20,81,False,True
CLIC4,go,20,2,False,False
RUNX3,go,20,7,False,False
SYF2,go,20,16,False,True
RSRP1,go,0,0,True,False
MACO1,go,20,6,False,False
STMN1,go,20,1,False,False
PAFAH2,go,0,0,True,False
PDIK1L,go,20,83,False,False
SH3BGRL3,go,20,43,False,False
CD52,go,20,6,False,False
HMGN2,go,20,18,False,True
RPS6KA1,go,20,14,False,False
ARID1A,go,20,16,False,False
ZDHHC18,go,20,9,False,False
SLC9A1,go,0,0,True,False
TMEM222,go,15,69,False,False
SYTL1,go,0,0,True,False
WASF2,go,20,12,False,False
AHDC1,go,20,27,False,False
IFI6,go,0,0,True,False
FAM76A,go,20,10,False,False
STX12,go,20,12,False,False
EYA3,go,20,5,False,False
ATP5IF1,go,11,0,False,False
PHACTR4,go,11,1,False,False
SNHG3,go,0,0,True,False
SNHG12,go,0,0,True,False
TAF12,go,20,30,False,True
GMEB1,go,11,120,False,False
EPB41,go,20,4,False,False
SRSF4,go,20,64,False,False
LAPTM5,go,4,0,False,False
PUM1,go,20,10,False,True
LINC01226,go,0,0,True,False
PTP4A2,go,20,48,False,False
KPNA6,go,20,5,False,True
TXLNA,go,20,47,False,False
CCDC28B,go,20,74,False,False
MARCKSL1,go,20,35,False,False
BSDC1,go,20,130,False,False
ZBTB8A,go,19,1,False,False
YARS,go,20,11,False,True
S100PBP,go,20,48,False,False
TMEM54,go,15,62,False,False
PHC2,go,20,50,False,False
ZMYM6,go,20,13,False,False
ZMYM1,go,20,5,False,False
SFPQ,go,20,12,False,True
ZMYM4,go,20,6,False,True
KIAA0319L,go,20,95,False,False
CLSPN,go,20,8,False,True
AGO4,go,0,0,True,False
AGO1,go,20,10,False,False
AGO3,go,20,9,False,False
MAP7D1,go,20,8,False,False
SNIP1,go,20,31,False,True
CDCA8,go,20,4,False,False
C1orf122,go,0,0,True,False
MTF1,go,18,3,False,False
INPP5B,go,20,8,False,False
FHL3,go,20,3,False,False
RRAGC,go,20,9,False,False
AKIRIN1,go,20,3,False,False
MACF1,go,20,7,False,False
TRIT1,go,20,14,False,False
CAP1,go,20,4,False,True
RLF,go,17,2,False,False
ZMPSTE24,go,0,0,True,False
SMAP2,go,20,10,False,False
ZFP69B,go,18,8,False,True
RIMS3,go,0,0,True,False
HIVEP3,go,17,6,False,False
FOXJ3,go,11,49,False,False
PPCS,go,20,26,False,False
P3H1,go,0,0,True,False
C1orf50,go,20,30,False,False
SVBP,go,0,0,True,False
CDC20,go,20,8,False,True
SZT2,go,14,2,False,False
KDM4A,go,20,3,False,False
KDM4A-AS1,go,0,0,True,False
ST3GAL3,go,0,0,True,False
ATP6V0B,go,20,21,False,True
KIF2C,go,20,33,False,False
PRDX1,go,20,5,False,False
AKR1A1,go,20,0,False,False
NASP,go,20,10,False,True
GPBP1L1,go,20,38,False,False
IPP,go,19,16,False,False
PIK3R3,go,0,0,True,False
LRRC41,go,20,265,False,False
EFCAB14,go,11,3,False,False
TAL1,go,20,7,False,False
STIL,go,20,4,False,True
SPATA6,go,0,0,True,False
BEND5,go,0,0,True,False
FAF1,go,20,6,False,False
CDKN2C,go,20,9,False,False
RNF11,go,20,8,False,False
EPS15,go,20,19,False,False
NRDC,go,0,0,True,False
KTI12,go,20,11,False,True
ORC1,go,20,10,False,True
TUT4,go,20,1,False,False
ZYG11B,go,20,1,False,False
SCP2,go,6,1,False,False
LRP8,go,6,3,False,False
TMEM59,go,20,25,False,False
TCEANC2,go,20,38,False,False
SSBP3,go,20,17,False,True
DHCR24,go,20,2,False,False
USP24,go,20,46,False,False
MYSM1,go,20,9,False,True
JUN,go,20,10,False,False
NFIA,go,18,7,False,False
TM2D1,go,19,11,False,False
USP1,go,20,31,False,False
DOCK7,go,15,2,False,False
EFCAB7,go,0,0,True,False
JAK1,go,20,5,False,False
LEPROT,go,20,11,False,False
MIER1,go,20,37,False,True
GADD45A,go,20,1,False,False
ANKRD13C,go,20,21,False,False
ACADM,go,10,3,False,False
AC118549.1,go,0,0,True,True
USP33,go,20,7,False,False
MIGA1,go,0,0,True,False
AL359504.2,go,0,0,True,False
PRKACB,go,0,0,True,False
CTBS,go,6,2,False,False
SSX2IP,go,20,5,False,False
C1orf52,go,20,30,False,False
BCL10,go,20,3,False,False
ZNHIT6,go,20,4,False,True
ODF2L,go,20,17,False,False
SH3GLB1,go,20,8,False,False
HS2ST1,go,20,8,False,False
LMO4,go,0,0,True,False
PKN2,go,20,37,False,False
GTF2B,go,20,8,False,True
GBP3,go,0,0,True,False
GBP1,go,0,0,True,False
LRRC8B,go,20,25,False,False
LRRC8D,go,20,16,False,False
ZNF326,go,20,23,False,False
LINC02609,go,0,0,True,False
ZNF644,go,17,0,False,False
RPAP2,go,20,26,False,True
GFI1,go,20,0,False,False
MTF2,go,20,11,False,False
TMED5,go,20,35,False,False
CCDC18,go,0,0,True,False
CCDC18-AS1,go,0,0,True,False
DR1,go,20,6,False,True
FNBP1L,go,0,0,True,False
RWDD3,go,20,14,False,False
PTBP2,go,20,1,False,False
AGL,go,20,2,False,False
SLC35A3,go,20,4,False,False
TRMT13,go,17,1,False,False
DBT,go,20,6,False,False
RTCA-AS1,go,0,0,True,False
EXTL2,go,20,1,False,False
SLC30A7,go,20,2,False,False
AC093157.1,go,0,0,True,False
S1PR1,go,0,0,True,False
RNPC3,go,20,5,False,True
VAV3,go,0,0,True,False
SLC25A24,go,20,12,False,False
FAM102B,go,0,0,True,True
PRPF38B,go,20,9,False,True
STXBP3,go,20,7,False,False
GPSM2,go,20,7,False,False
WDR47,go,0,0,True,False
TAF13,go,20,28,False,True
TMEM167B,go,18,75,False,False
SARS,go,20,10,False,True
PSRC1,go,20,30,False,False
AMPD2,go,20,1,False,False
GSTM3,go,20,7,False,False
KCNC4,go,0,0,True,False
RBM15,go,20,3,False,True
CD53,go,20,49,False,False
LRIF1,go,20,4,False,False
CEPT1,go,19,6,False,False
CHI3L2,go,16,6,False,False
RAP1A,go,20,15,False,False
ST7L,go,20,0,False,False
RHOC,go,20,16,False,False
SLC16A1-AS1,go,0,0,True,False
LRIG2,go,18,1,False,False
RSBN1,go,20,5,False,False
PTPN22,go,0,0,True,False
HIPK1,go,20,12,False,True
TRIM33,go,20,23,False,False
NRAS,go,20,60,False,False
TSPAN2,go,0,0,True,False
VANGL1,go,0,0,True,False
CD2,go,0,0,True,False
TTF2,go,20,0,False,True
MAN1A2,go,20,18,False,False
TENT5C,go,0,0,True,False
GDAP2,go,20,5,False,False
WDR3,go,20,11,False,True
PHGDH,go,6,2,False,False
SEC22B,go,20,27,False,False
AL592494.2,go,0,0,True,False
POLR3C,go,20,14,False,True
PEX11B,go,20,33,False,False
POLR3GL,go,20,74,False,False
PRKAB2,go,20,31,False,False
BCL9,go,0,0,True,False
PDE4DIP,go,20,6,False,False
HIST2H2AC,go,20,29,False,True
SV2A,go,0,0,True,False
VPS45,go,20,44,False,False
PLEKHO1,go,20,1,False,False
ANP32E,go,20,5,False,False
PRPF3,go,20,77,False,True
RPRD2,go,20,3,False,False
MCL1,go,20,13,False,True
SETDB1,go,20,9,False,True
CDC42SE1,go,20,6,False,False
MLLT11,go,20,3,False,False
GABPB2,go,0,0,True,False
SCNM1,go,20,11,False,True
PIP5K1A,go,20,8,False,False
RFX5,go,19,65,False,False
POGZ,go,20,2,False,True
S100A10,go,20,4,False,False
S100A4,go,20,32,False,False
GATAD2B,go,20,11,False,False
DENND4B,go,20,20,False,False
CRTC2,go,20,5,False,False
RPS27,go,20,12,False,True
TPM3,go,20,28,False,False
ATP8B2,go,20,11,False,False
UBE2Q1,go,20,5,False,False
ADAR,go,20,1,False,False
PBXIP1,go,20,0,False,False
SHC1,go,18,3,False,True
CKS1B,go,20,6,False,False
DPM3,go,20,19,False,False
CLK2,go,20,19,False,True
FDPS,go,20,19,False,True
ASH1L,go,20,3,False,False
YY1AP1,go,20,25,False,False
GON4L,go,20,18,False,True
RIT1,go,16,1,False,False
KHDC4,go,20,191,False,False
ARHGEF2,go,20,1,False,False
SSR2,go,15,136,False,False
MEX3A,go,20,41,False,True
SLC25A44,go,19,5,False,False
MEF2D,go,17,16,False,False
GPATCH4,go,20,41,False,False
ISG20L2,go,20,12,False,True
HDGF,go,20,2,False,False
KIRREL1,go,0,0,True,False
CD1D,go,0,0,True,False
AL138899.1,go,0,0,True,False
CD1A,go,0,0,True,False
CD1C,go,0,0,True,False
CD1B,go,0,0,True,False
CD1E,go,0,0,True,False
AL365440.2,go,0,0,True,False
IFI16,go,0,0,True,False
TAGLN2,go,20,47,False,False
PIGM,go,16,5,False,False
DCAF8,go,20,283,False,False
COPA,go,20,24,False,True
CD84,go,0,0,True,False
CD48,go,0,0,True,False
LY9,go,0,0,True,False
TSTD1,go,0,0,True,False
USF1,go,14,4,False,False
ARHGAP30,go,0,0,True,False
DUSP12,go,20,29,False,False
ATF6,go,20,14,False,False
UHMK1,go,20,4,False,False
HSD17B7,go,17,0,False,False
NUF2,go,20,23,False,True
TMCO1,go,20,5,False,False
POGK,go,20,132,False,False
POU2F1,go,20,40,False,False
CD247,go,0,0,True,False
RCSD1,go,6,0,False,False
MPZL1,go,20,31,False,False
DCAF6,go,20,94,False,True
SFT2D2,go,20,28,False,False
BLZF1,go,20,33,False,False
SELL,go,0,0,True,False
SCYL3,go,0,0,True,False
KIFAP3,go,20,4,False,False
GORAB,go,20,33,False,False
VAMP4,go,20,16,False,False
PIGC,go,14,30,False,False
SUCO,go,20,3,False,False
KLHL20,go,20,6,False,False
CENPL,go,20,115,False,False
GAS5,go,0,0,True,False
ZBTB37,go,20,32,False,False
RC3H1,go,15,1,False,False
CACYBP,go,20,7,False,False
COP1,go,20,3,False,False
RALGPS2,go,20,27,False,False
ABL2,go,20,3,False,False
TOR1AIP2,go,20,33,False,False
TOR1AIP1,go,20,7,False,False
CEP350,go,20,29,False,False
STX6,go,20,25,False,False
MR1,go,20,1,False,False
IER5,go,20,49,False,False
GLUL,go,20,0,False,False
RNASEL,go,0,0,True,False
SMG7,go,20,8,False,True
ARPC5,go,20,22,False,False
C1orf21,go,0,0,True,False
EDEM3,go,20,7,False,False
TRMT1L,go,20,7,False,False
IVNS1ABP,go,20,2,False,False
TPR,go,20,3,False,True
ODR4,go,20,26,False,False
RO60,go,20,0,False,False
ASPM,go,3,0,False,False
ZBTB41,go,16,50,False,False
DENND1B,go,20,4,False,False
NEK7,go,20,12,False,False
PTPRC,go,1,0,False,False
MIR181A1HG,go,0,0,True,False
LINC01222,go,0,0,True,False
ZNF281,go,20,41,False,False
KIF14,go,20,13,False,True
DDX59,go,20,51,False,True
KIF21B,go,0,0,True,False
IPO9,go,20,37,False,True
ARL8A,go,20,23,False,False
PTPN7,go,20,20,False,False
UBE2T,go,20,23,False,False
PPP1R12B,go,20,13,False,False
KDM5B,go,20,4,False,False
CYB5R1,go,20,43,False,False
ATP2B4,go,4,1,False,False
LAX1,go,0,0,True,False
PPP1R15B,go,20,4,False,True
PIK3C2B,go,0,0,True,False
MDM4,go,20,6,False,False
RBBP5,go,20,16,False,True
DSTYK,go,20,2,False,True
ELK4,go,17,174,False,False
NUCKS1,go,20,1,False,False
RAB29,go,0,0,True,False
SLC41A1,go,0,0,True,False
SRGAP2,go,20,8,False,False
RASSF5,go,20,35,False,False
MAPKAPK2,go,20,21,False,False
FCMR,go,0,0,True,False
YOD1,go,20,16,False,False
CD55,go,20,8,False,False
CD46,go,20,5,False,False
MIR29B2CHG,go,0,0,True,False
TRAF3IP3,go,0,0,True,False
RCOR3,go,20,20,False,False
TRAF5,go,20,10,False,False
NEK2,go,20,20,False,False
LPGAT1,go,20,6,False,False
DTL,go,20,3,False,True
PPP2R5A,go,20,9,False,False
BATF3,go,20,38,False,False
FLVCR1,go,20,4,False,False
VASH2,go,0,0,True,False
ANGEL2,go,20,1,False,False
CENPF,go,20,12,False,False
GPATCH2,go,20,3,False,False
RAB3GAP2,go,20,6,False,False
MIA3,go,20,1,False,False
BROX,go,20,62,False,False
TP53BP2,go,20,23,False,False
FBXO28,go,20,8,False,False
WDR26,go,20,125,False,True
DNAH14,go,20,4,False,False
LBR,go,20,10,False,False
ENAH,go,0,0,True,False
EPHX1,go,19,2,False,False
TMEM63A,go,20,24,False,False
SDE2,go,20,15,False,True
H3F3A,go,20,2,False,True
ACBD3,go,20,23,False,False
ITPKB,go,0,0,True,False
CDC42BPA,go,20,34,False,False
ZNF678,go,20,23,False,False
ARF1,go,20,19,False,False
C1orf35,go,20,28,False,False
GUK1,go,20,6,False,True
IBA57,go,20,48,False,False
OBSCN,go,0,0,True,False
TRIM11,go,20,19,False,False
HIST3H2A,go,20,23,False,False
RNF187,go,20,89,False,False
RHOU,go,0,0,True,False
CCSAP,go,20,4,False,False
ABCB10,go,20,11,False,True
GALNT2,go,20,13,False,False
FAM89A,go,0,0,True,False
EXOC8,go,20,10,False,True
SPRTN,go,20,5,False,True
EGLN1,go,20,1,False,False
AL445524.1,go,0,0,True,False
TSNAX,go,20,12,False,False
SIPA1L2,go,0,0,True,False
NTPCR,go,20,6,False,False
PCNX2,go,0,0,True,False
KCNK1,go,0,0,True,False
IRF2BP2,go,20,33,False,True
TOMM20,go,20,4,False,True
ARID4B,go,20,14,False,False
TBCE,go,20,13,False,True
B3GALNT2,go,20,46,False,False
GNG4,go,0,0,True,False
LYST,go,0,0,True,False
LGALS8,go,20,14,False,False
HEATR1,go,20,19,False,True
MTR,go,20,0,False,False
FH,go,5,3,False,False
OPN3,go,20,0,False,False
CHML,go,20,15,False,False
EXO1,go,20,4,False,False
CEP170,go,20,52,False,False
SDCCAG8,go,20,13,False,False
ZBTB18,go,20,55,False,False
COX20,go,18,105,False,False
CNST,go,20,30,False,False
AHCTF1,go,20,23,False,True
ZNF669,go,19,40,False,False
ZNF124,go,19,45,False,False
ZNF496,go,18,26,False,False
ZNF672,go,19,34,False,False
FAM110C,go,0,0,True,False
SH3YL1,go,0,0,True,False
TPO,go,0,0,True,False
PXDN,go,0,0,True,False
ADI1,go,20,37,False,False
AC231981.1,go,0,0,True,False
RNASEH1-AS1,go,0,0,True,False
SOX11,go,20,1,False,False
AC010729.2,go,0,0,True,False
CMPK2,go,20,3,False,False
RSAD2,go,0,0,True,False
ID2,go,20,4,False,False
KIDINS220,go,20,3,False,False
ASAP2,go,0,0,True,False
ADAM17,go,7,2,False,False
RRM2,go,20,2,False,True
HPCAL1,go,20,31,False,False
ODC1,go,18,0,False,False
PDIA6,go,20,32,False,False
SLC66A3,go,20,43,False,False
ROCK2,go,20,1,False,False
LPIN1,go,20,1,False,True
TRIB2,go,20,3,False,False
MYCN,go,16,72,False,False
SMC6,go,20,12,False,True
TTC32,go,20,0,False,False
PUM2,go,20,6,False,False
ATAD2B,go,20,20,False,False
UBXN2A,go,20,3,False,False
TP53I3,go,20,2,False,False
ITSN2,go,20,16,False,False
NCOA1,go,20,10,False,False
DNMT3A,go,20,1,False,False
ASXL2,go,20,2,False,False
CENPA,go,20,10,False,True
EIF2B4,go,20,5,False,True
NRBP1,go,20,12,False,True
ZNF512,go,20,88,False,False
SLC4A1AP,go,20,68,False,False
PPP1CB,go,20,14,False,True
WDR43,go,20,4,False,True
CLIP4,go,0,0,True,False
LBH,go,17,0,False,False
SPAST,go,20,12,False,False
YIPF4,go,20,49,False,False
BIRC6,go,20,8,False,False
STRN,go,20,3,False,False
EIF2AK2,go,20,8,False,False
CEBPZOS,go,0,0,True,False
PRKD3,go,20,18,False,False
SRSF7,go,20,46,False,True
SOS1,go,20,1,False,False
COX7A2L,go,20,10,False,False
MTA3,go,20,20,False,False
ZFP36L2,go,20,3,False,False
LRPPRC,go,20,1,False,True
PREPL,go,20,4,False,False
TTC7A,go,20,6,False,False
CALM2,go,4,3,False,False
MSH6,go,20,2,False,False
FBXO11,go,20,53,False,False
ERLEC1,go,20,4,False,False
PSME4,go,20,8,False,False
ACYP2,go,20,14,False,False
SPTBN1,go,20,17,False,False
RTN4,go,8,0,False,False
MTIF2,go,20,6,False,False
CCDC88A,go,20,1,False,False
PPP4R3B,go,0,0,True,False
PNPT1,go,20,1,False,True
EFEMP1,go,0,0,True,False
BCL11A,go,20,0,False,False
PAPOLG,go,20,23,False,False
REL,go,17,4,False,False
PUS10,go,20,10,False,False
KIAA1841,go,0,0,True,False
USP34,go,20,33,False,False
XPO1,go,20,10,False,True
FAM161A,go,20,11,False,False
B3GNT2,go,20,3,False,False
EHBP1,go,20,15,False,False
WDPCP,go,0,0,True,False
UGP2,go,20,10,False,False
VPS54,go,20,21,False,True
PELI1,go,20,3,False,False
AFTPH,go,20,22,False,False
SERTAD2,go,20,100,False,False
LINC02245,go,0,0,True,False
CEP68,go,20,3,False,True
ACTR2,go,20,9,False,True
ETAA1,go,20,14,False,False
ARHGAP25,go,20,4,False,False
GFPT1,go,20,1,False,False
AAK1,go,20,2,False,False
ANXA4,go,19,22,False,False
PCBP1-AS1,go,0,0,True,False
TIA1,go,20,24,False,False
PCYOX1,go,20,3,False,False
ZNF638,go,20,21,False,False
EXOC6B,go,0,0,True,False
SFXN5,go,15,3,False,False
ALMS1,go,20,10,False,False
STAMBP,go,20,9,False,False
DGUOK,go,20,6,False,False
TET3,go,20,3,False,False
MOB1A,go,20,72,False,False
MTHFD2,go,20,5,False,False
WBP1,go,20,24,False,True
CCDC142,go,0,0,True,False
TTC31,go,0,0,True,False
TMSB10,go,20,8,False,True
TGOLN2,go,20,22,False,False
ELMOD3,go,20,32,False,False
CAPG,go,20,11,False,False
MAT2A,go,20,8,False,True
VAMP5,go,0,0,True,False
C2orf68,go,20,119,False,False
ST3GAL5,go,0,0,True,False
KDM3A,go,20,5,False,False
RMND5A,go,20,69,False,False
CYTOR,go,0,0,True,False
KRCC1,go,20,0,False,False
MAL,go,0,0,True,False
FAHD2A,go,20,16,False,False
LINC00342,go,0,0,True,False
ANKRD36C,go,0,0,True,False
DUSP2,go,0,0,True,False
TMEM127,go,20,6,False,True
SNRNP200,go,20,19,False,True
NCAPH,go,20,8,False,True
ARID5A,go,20,8,False,False
ANKRD36,go,0,0,True,False
AC092683.1,go,0,0,True,False
ANKRD36B,go,0,0,True,False
ZAP70,go,0,0,True,False
TMEM131,go,20,34,False,False
INPP4A,go,20,11,False,False
MGAT4A,go,0,0,True,False
LINC02611,go,0,0,True,False
TSGA10,go,0,0,True,False
REV1,go,20,13,False,False
AFF3,go,0,0,True,False
NPAS2,go,20,14,False,False
RNF149,go,20,16,False,False
MAP4K4,go,20,6,False,False
MFSD9,go,20,12,False,False
AC012360.3,go,0,0,True,False
C2orf49,go,20,30,False,False
FHL2,go,20,1,False,False
GCC2,go,20,8,False,False
RANBP2,go,20,11,False,True
BUB1,go,20,32,False,True
BCL2L11,go,6,4,False,False
TMEM87B,go,0,0,True,False
ZC3H8,go,20,3,False,True
ZC3H6,go,0,0,True,False
TTL,go,2,0,False,False
SLC20A1,go,19,6,False,False
CKAP2L,go,20,15,False,False
PSD4,go,20,6,False,False
SLC35F5,go,20,15,False,False
AC110769.2,go,0,0,True,False
ACTR3,go,20,23,False,True
AC009404.1,go,0,0,True,False
CCDC93,go,20,15,False,False
INSIG2,go,20,2,False,False
PTPN4,go,20,16,False,False
EPB41L5,go,20,0,False,False
RALB,go,20,10,False,False
CLASP1,go,20,1,False,False
NIFK-AS1,go,0,0,True,False
GYPC,go,20,77,False,False
MAP3K2,go,20,97,False,False
MYO7B,go,0,0,True,False
LIMS2,go,0,0,True,False
SFT2D3,go,20,8,False,False
AMMECR1L,go,0,0,True,False
UGGT1,go,20,11,False,False
HS6ST1,go,20,2,False,True
CCDC115,go,20,5,False,True
FAM168B,go,20,33,False,False
PLEKHB2,go,18,2,False,False
MGAT5,go,20,12,False,False
CCNT2,go,20,7,False,False
RAB3GAP1,go,20,4,False,False
AC011893.1,go,0,0,True,False
MCM6,go,20,17,False,True
CXCR4,go,0,0,True,False
ARHGAP15,go,0,0,True,False
MBD5,go,20,2,False,False
EPC2,go,20,15,False,False
RIF1,go,20,3,False,False
STAM2,go,20,35,False,False
ARL6IP6,go,17,56,False,True
BAZ2B,go,20,70,False,False
MARCH7,go,20,0,False,False
RBMS1,go,20,10,False,False
TANK,go,20,2,False,False
LINC01806,go,0,0,True,False
IFIH1,go,0,0,True,False
SCN3A,go,0,0,True,False
TTC21B,go,20,3,False,False
STK39,go,0,0,True,False
CERS6,go,20,47,False,False
SPC25,go,20,29,False,True
KLHL23,go,20,0,False,False
UBR3,go,20,18,False,False
TLK1,go,20,48,False,False
METTL8,go,20,3,False,False
DYNC1I2,go,20,17,False,True
HAT1,go,20,11,False,False
ITGA6,go,0,0,True,False
CDCA7,go,20,81,False,False
SP3,go,20,8,False,False
CIR1,go,20,8,False,False
GPR155,go,0,0,True,False
WIPF1,go,20,10,False,False
ATF2,go,6,1,False,False
HNRNPA3,go,20,25,False,False
AGPS,go,20,14,False,False
PLEKHA3,go,20,8,False,False
TTN-AS1,go,0,0,True,False
SESTD1,go,0,0,True,False
CWC22,go,20,83,False,True
LINC01934,go,0,0,True,False
ITGA4,go,0,0,True,False
ITPRID2,go,20,19,False,False
DNAJC10,go,20,11,False,False
ITGAV,go,6,4,False,False
SLC40A1,go,20,3,False,False
MFSD6,go,17,137,False,False
GLS,go,20,1,False,False
STAT1,go,20,1,False,False
MYO1B,go,0,0,True,False
NABP1,go,20,42,False,False
SLC39A10,go,3,0,False,True
STK17B,go,20,23,False,False
PGAP1,go,0,0,True,False
ANKRD44,go,0,0,True,False
SF3B1,go,20,18,False,True
COQ10B,go,20,16,False,False
HSPD1,go,20,8,False,True
HSPE1,go,20,41,False,True
TYW5,go,20,1,False,False
KCTD18,go,0,0,True,False
SGO2,go,20,17,False,False
BZW1,go,20,13,False,False
CLK1,go,20,1,False,False
FAM126B,go,20,44,False,False
CFLAR,go,6,5,False,False
CASP10,go,20,8,False,False
CASP8,go,10,6,False,False
TRAK2,go,0,0,True,False
ALS2,go,20,6,False,False
BMPR2,go,2,2,False,False
FAM117B,go,20,67,False,False
ICA1L,go,0,0,True,False
CARF,go,18,1,False,True
NBEAL1,go,20,8,False,True
ABI2,go,20,12,False,False
CD28,go,0,0,True,False
INO80D,go,20,14,False,True
EEF1B2,go,20,47,False,True
CREB1,go,20,2,False,False
CCNYL1,go,0,0,True,False
IDH1,go,20,8,False,False
PIKFYVE,go,20,1,False,False
IKZF2,go,17,29,False,False
BARD1,go,20,3,False,True
RPL37A,go,20,78,False,True
IGFBP2,go,16,2,False,False
ARPC2,go,20,15,False,True
CTDSP1,go,20,9,False,False
USP37,go,20,36,False,True
ZFAND2B,go,20,4,False,False
ANKZF1,go,18,25,False,False
STK16,go,20,41,False,False
TUBA4A,go,20,54,False,False
DNAJB2,go,0,0,True,False
ACSL3,go,20,5,False,False
WDFY1,go,20,12,False,False
CUL3,go,20,4,False,True
DOCK10,go,0,0,True,False
RHBDD1,go,20,6,False,False
AGFG1,go,20,18,False,False
TRIP12,go,20,23,False,False
SP110,go,19,36,False,False
SP140L,go,17,13,False,False
SP100,go,20,4,False,False
CAB39,go,20,6,False,False
ITM2C,go,20,29,False,False
ARMC9,go,0,0,True,False
NCL,go,20,2,False,True
PTMA,go,20,42,False,True
TIGD1,go,20,83,False,True
GIGYF2,go,20,0,False,False
INPP5D,go,0,0,True,False
ATG16L1,go,20,8,False,False
DGKD,go,20,5,False,False
HJURP,go,20,6,False,True
ARL4C,go,0,0,True,False
LRRFIP1,go,20,26,False,False
UBE2F,go,20,14,False,False
HES6,go,17,18,False,False
PER2,go,0,0,True,False
TRAF3IP1,go,20,13,False,False
HDAC4,go,0,0,True,False
DUSP28,go,14,6,False,False
RNPEPL1,go,20,6,False,False
CAPN10-DT,go,0,0,True,False
MTERF4,go,0,0,True,False
HDLBP,go,20,30,False,False
SEPTIN2,go,20,9,False,False
DTYMK,go,20,7,False,True
ING5,go,20,13,False,False
CRBN,go,20,17,False,False
ITPR1,go,20,3,False,False
ARL8B,go,20,10,False,False
EDEM1,go,20,8,False,False
RAD18,go,20,17,False,False
SRGAP3,go,0,0,True,False
THUMPD3-AS1,go,0,0,True,False
SETD5,go,20,1,False,True
BRPF1,go,20,6,False,False
OGG1,go,20,3,False,False
TADA3,go,20,17,False,True
ARPC4,go,20,12,False,True
TTLL3,go,20,0,False,False
FANCD2,go,20,1,False,False
VHL,go,20,3,False,True
TATDN2,go,20,3,False,False
VGLL4,go,20,1,False,False
IQSEC1,go,20,2,False,False
FBLN2,go,0,0,True,False
TMEM43,go,20,4,False,False
XPC,go,20,4,False,False
CCDC174,go,20,202,False,True
FGD5-AS1,go,0,0,True,False
NR2C2,go,20,36,False,False
CAPN7,go,20,10,False,False
SH3BP5,go,20,3,False,False
EAF1,go,20,10,False,False
ANKRD28,go,20,266,False,False
RFTN1,go,0,0,True,False
PLCL2,go,20,0,False,False
TBC1D5,go,20,14,False,False
SATB1,go,19,28,False,False
SATB1-AS1,go,0,0,True,False
RAB5A,go,20,10,False,False
SGO1,go,20,16,False,False
UBE2E2,go,0,0,True,False
NR1D2,go,19,20,False,False
TOP2B,go,20,1,False,False
SLC4A7,go,18,10,False,False
AZI2,go,20,0,False,False
TGFBR2,go,4,3,False,False
STT3B,go,20,18,False,True
CMTM6,go,20,39,False,False
CNOT10,go,20,16,False,True
UBP1,go,17,97,False,False
PDCD6IP,go,20,8,False,True
ARPP21,go,0,0,True,False
EPM2AIP1,go,20,0,False,False
LRRFIP2,go,20,1,False,False
GOLGA4,go,20,57,False,False
MYD88,go,7,3,False,False
OXSR1,go,20,16,False,False
ACVR2B,go,20,3,False,False
EXOG,go,20,3,False,False
WDR48,go,20,4,False,False
SLC25A38,go,20,14,False,False
EIF1B,go,20,22,False,False
ZNF621,go,16,23,False,False
CTNNB1,go,0,0,True,False
NKTR,go,20,15,False,False
SNRK,go,20,37,False,False
ABHD5,go,20,5,False,False
TCAIM,go,20,10,False,False
ZNF445,go,17,9,False,False
ZNF197,go,17,27,False,False
KIF15,go,20,40,False,False
TMEM42,go,0,0,True,False
LIMD1,go,20,9,False,False
SACM1L,go,20,20,False,True
LZTFL1,go,20,4,False,False
NBEAL2,go,20,30,False,False
SETD2,go,20,0,False,True
MAP4,go,20,7,False,False
CDC25A,go,20,28,False,False
NME6,go,20,6,False,False
SHISA5,go,20,74,False,False
IP6K2,go,20,3,False,False
PRKAR2A,go,20,11,False,False
DALRD3,go,20,8,False,False
IMPDH2,go,20,26,False,True
C3orf62,go,0,0,True,False
USP4,go,20,26,False,False
TCTA,go,18,0,False,False
IP6K1,go,20,7,False,False
RBM5,go,20,25,False,False
RASSF1,go,20,16,False,False
HEMK1,go,19,0,False,False
MANF,go,20,19,False,True
RAD54L2,go,20,31,False,False
PCBP4,go,20,16,False,False
ABHD14B,go,20,180,False,False
RPL29,go,20,16,False,True
ALAS1,go,20,30,False,False
WDR82,go,20,3,False,True
BAP1,go,20,0,False,True
PHF7,go,20,166,False,False
PBRM1,go,20,16,False,False
GNL3,go,20,2,False,True
GLT8D1,go,20,33,False,False
SPCS1,go,20,8,False,False
NEK4,go,20,10,False,False
SFMBT1,go,20,49,False,False
TKT,go,7,2,False,True
DCP1A,go,20,5,False,False
ACTR8,go,20,16,False,True
SELENOK,go,20,3,False,False
CCDC66,go,20,16,False,False
TASOR,go,20,1,False,False
ARHGEF3,go,0,0,True,False
APPL1,go,20,8,False,False
ARF4,go,20,15,False,True
DENND6A,go,0,0,True,False
SLMAP,go,20,1,False,False
FLNB,go,20,61,False,False
RPP14,go,20,12,False,True
PXK,go,20,0,False,False
ATXN7,go,20,18,False,False
TMF1,go,20,1,False,False
ARL6IP5,go,20,1,False,False
FOXP1,go,20,0,False,False
RYBP,go,20,56,False,False
GXYLT2,go,0,0,True,False
EBLN2,go,0,0,True,False
CHMP2B,go,20,18,False,False
CGGBP1,go,20,25,False,False
ZNF654,go,18,19,False,False
C3orf38,go,20,11,False,False
ARL13B,go,20,9,False,False
DHFR2,go,0,0,True,False
NSUN3,go,0,0,True,False
MTRNR2L12,go,0,0,True,False
CLDND1,go,17,8,False,False
TBC1D23,go,20,15,False,False
TOMM70,go,20,5,False,False
SENP7,go,20,11,False,False
ZBTB11,go,20,15,False,True
CEP97,go,20,25,False,True
NXPE3,go,0,0,True,False
ALCAM,go,0,0,True,False
BBX,go,11,9,False,False
AC012020.1,go,0,0,True,False
CD47,go,19,3,False,False
CIP2A,go,20,162,False,False
DZIP3,go,0,0,True,False
TRAT1,go,0,0,True,False
CD96,go,0,0,True,False
ATG3,go,20,5,False,False
SLC35A5,go,0,0,True,False
NEPRO,go,20,3,False,True
SPICE1,go,20,28,False,False
USF3,go,0,0,True,False
NAA50,go,20,4,False,True
ATP6V1A,go,20,24,False,True
LSAMP,go,0,0,True,False
B4GALT4,go,19,16,False,False
GSK3B,go,20,4,False,True
LRRC58,go,0,0,True,False
POLQ,go,20,21,False,False
HCLS1,go,20,4,False,False
GOLGB1,go,20,32,False,False
PARP9,go,0,0,True,False
DTX3L,go,0,0,True,False
PARP14,go,20,6,False,False
HSPBAP1,go,0,0,True,False
CCDC14,go,20,24,False,False
ZNF148,go,20,8,False,False
OSBPL11,go,20,21,False,False
MCM2,go,20,14,False,True
SEC61A1,go,20,7,False,True
CNBP,go,20,10,False,False
H1FX,go,20,4,False,False
TMCC1,go,0,0,True,False
ATP2C1,go,20,7,False,False
DNAJC13,go,20,63,False,False
NPHP3,go,0,0,True,False
TOPBP1,go,20,4,False,True
RYK,go,20,5,False,False
CEP63,go,20,35,False,False
MSL2,go,20,29,False,False
STAG1,go,20,0,False,False
NCK1-DT,go,0,0,True,False
NCK1,go,20,2,False,False
CEP70,go,20,49,False,False
SLC25A36,go,20,9,False,False
PXYLP1,go,0,0,True,False
RASA2,go,20,12,False,False
TFDP2,go,20,20,False,False
GK5,go,20,2,False,False
XRN1,go,20,7,False,True
ATR,go,20,1,False,True
CHST2,go,20,3,False,False
DIPK2A,go,11,0,False,False
HLTF,go,20,25,False,False
RNF13,go,20,28,False,False
PFN2,go,0,0,True,False
TSC22D2,go,17,1,False,False
SIAH2,go,20,7,False,False
MED12L,go,0,0,True,False
MBNL1,go,20,25,False,True
RAP2B,go,20,22,False,False
SLC33A1,go,20,6,False,False
GMPS,go,20,2,False,True
CCNL1,go,20,7,False,True
GFM1,go,20,58,False,True
MFSD1,go,20,11,False,False
IFT80,go,20,7,False,False
SMC4,go,20,14,False,True
TRIM59,go,20,30,False,False
KPNA4,go,20,17,False,False
PPM1L,go,0,0,True,False
NMD3,go,20,5,False,True
MYNN,go,19,24,False,False
SEC62,go,20,6,False,True
PHC3,go,20,55,False,False
PRKCI,go,20,5,False,False
SKIL,go,20,1,False,False
RPL22L1,go,20,4,False,False
TNFSF10,go,19,7,False,True
ECT2,go,20,6,False,True
TBL1XR1,go,20,9,False,False
ZMAT3,go,20,14,False,False
PIK3CA,go,20,4,False,False
MFN1,go,20,13,False,False
TTC14,go,12,1,False,False
FXR1,go,20,9,False,False
ATP11B,go,20,11,False,True
DCUN1D1,go,20,11,False,False
KLHL6,go,0,0,True,False
KLHL24,go,20,3,False,False
YEATS2,go,20,7,False,True
ABCC5,go,4,2,False,False
CAMK2N2,go,0,0,True,False
EIF4G1,go,20,3,False,True
MAGEF1,go,20,4,False,False
VPS8,go,20,9,False,False
SENP2,go,20,0,False,False
DNAJB11,go,20,13,False,False
EIF4A2,go,20,21,False,False
RFC4,go,20,29,False,True
ST6GAL1,go,20,3,False,False
RPL39L,go,20,4,False,False
LPP,go,0,0,True,False
OPA1,go,20,2,False,True
HES1,go,3,0,False,False
ATP13A3,go,20,4,False,False
TMEM44-AS1,go,0,0,True,False
TMEM44,go,20,38,False,False
LSG1,go,20,4,False,True
ACAP2,go,20,6,False,False
PPP1R2,go,20,3,False,True
TFRC,go,20,10,False,True
UBXN7,go,20,30,False,False
RNF168,go,20,12,False,True
FBXO45,go,20,1,False,False
NRROS,go,20,6,False,False
PIGX,go,19,6,False,False
CEP19,go,20,54,False,False
PAK2,go,20,14,False,False
SENP5,go,20,27,False,False
NCBP2,go,20,1,False,True
NCBP2AS2,go,0,0,True,False
MELTF-AS1,go,0,0,True,False
DLG1,go,2,2,False,False
RUBCN,go,0,0,True,False
FYTTD1,go,20,33,False,False
LRCH3,go,20,124,False,False
IQCG,go,0,0,True,False
LMLN,go,0,0,True,False
ZNF721,go,17,27,False,False
PIGG,go,20,17,False,False
ATP5ME,go,20,15,False,True
PCGF3,go,20,6,False,False
AC139887.2,go,0,0,True,False
GAK,go,20,3,False,True
FGFRL1,go,20,1,False,False
RNF212,go,0,0,True,False
SPON2,go,0,0,True,False
CTBP1-DT,go,0,0,True,False
SLBP,go,20,24,False,True
AC016773.1,go,0,0,True,False
TACC3,go,20,9,False,True
TMEM129,go,20,23,False,False
NSD2,go,20,8,False,False
C4orf48,go,19,8,False,False
MXD4,go,20,29,False,False
RNF4,go,20,7,False,True
FAM193A,go,0,0,True,False
SH3BP2,go,20,8,False,False
ADD1,go,20,39,False,False
NOP14,go,20,7,False,True
HTT,go,0,0,True,False
RGS12,go,0,0,True,False
TMEM128,go,15,80,False,False
LYAR,go,20,20,False,False
STX18-AS1,go,0,0,True,False
MAN2B2,go,0,0,True,False
MRFAP1,go,20,31,False,False
AC093323.1,go,0,0,True,False
MRFAP1L1,go,20,27,False,False
BLOC1S4,go,20,7,False,False
KIAA0232,go,20,7,False,False
TBC1D14,go,20,13,False,False
TADA2B,go,20,32,False,True
AFAP1,go,0,0,True,False
SH3TC1,go,0,0,True,False
ZNF518B,go,16,6,False,False
BOD1L1,go,20,2,False,True
FBXL5,go,20,19,False,False
FAM200B,go,0,0,True,False
CD38,go,0,0,True,False
TAPT1,go,20,0,False,False
DCAF16,go,20,20,False,False
NCAPG,go,20,11,False,True
LCORL,go,20,33,False,False
SEPSECS,go,20,34,False,True
SEPSECS-AS1,go,0,0,True,False
STIM2,go,20,19,False,False
ARAP2,go,0,0,True,False
KLF3,go,20,32,False,False
RFC1,go,5,1,False,True
SMIM14,go,15,137,False,False
PDS5A,go,20,44,False,False
N4BP2,go,20,22,False,False
RHOH,go,20,9,False,False
CHRNA9,go,0,0,True,False
TMEM33,go,20,9,False,False
SLC30A9,go,20,0,False,False
BEND4,go,0,0,True,False
GUF1,go,20,6,False,False
GNPDA2,go,20,17,False,False
NFXL1,go,11,3,False,False
SLAIN2,go,20,21,False,False
FRYL,go,20,1,False,False
OCIAD2,go,0,0,True,False
SGCB,go,0,0,True,False
DANCR,go,0,0,True,False
FIP1L1,go,20,25,False,True
CHIC2,go,20,40,False,False
CLOCK,go,20,11,False,True
EXOC1,go,20,10,False,True
CEP135,go,20,25,False,False
PAICS,go,20,23,False,False
SPINK2,go,0,0,True,False
REST,go,20,1,False,False
CENPC,go,20,26,False,True
UBA6,go,20,6,False,False
UBA6-AS1,go,0,0,True,False
YTHDC1,go,20,9,False,True
UTP3,go,20,39,False,True
RUFY3,go,20,5,False,False
MOB1B,go,20,29,False,False
DCK,go,20,16,False,False
SLC4A4,go,0,0,True,False
COX18,go,20,3,False,False
ANKRD17,go,20,5,False,True
MTHFD2L,go,20,3,False,False
THAP6,go,20,23,False,False
USO1,go,20,13,False,False
SCARB2,go,20,9,False,False
SEPTIN11,go,20,6,False,False
CCNI,go,20,18,False,False
CCNG2,go,0,0,True,False
CNOT6L,go,20,16,False,False
BMP2K,go,20,11,False,True
HNRNPDL,go,20,21,False,True
SEC31A,go,20,25,False,False
THAP9-AS1,go,0,0,True,False
LIN54,go,20,27,False,True
PLAC8,go,0,0,True,False
HELQ,go,20,24,False,False
ABRAXAS1,go,20,4,False,False
AFF1,go,20,4,False,False
PPM1K,go,20,53,False,False
HERC5,go,0,0,True,False
PYURF,go,20,8,False,True
SMARCAD1,go,20,26,False,False
RAP1GDS1,go,20,2,False,False
TSPAN5,go,0,0,True,False
LAMTOR3,go,20,11,False,True
DNAJB14,go,20,22,False,False
H2AFZ,go,20,15,False,True
PPP3CA,go,3,1,False,False
SLC39A8,go,1,1,False,False
NFKB1,go,20,7,False,False
UBE2D3,go,20,44,False,True
BDH2,go,20,0,False,False
CENPE,go,20,22,False,True
TET2,go,20,3,False,False
TBCK,go,20,4,False,False
CYP2U1,go,0,0,True,False
LEF1,go,20,1,False,False
LEF1-AS1,go,0,0,True,False
RPL34,go,20,46,False,True
MCUB,go,20,6,False,False
CASP6,go,20,9,False,False
FAM241A,go,20,19,False,False
AP1AR,go,20,2,False,False
TIFA,go,20,9,False,False
ZGRF1,go,0,0,True,False
LARP7,go,20,3,False,False
NDST3,go,0,0,True,False
SNHG8,go,0,0,True,False
METTL14,go,20,3,False,True
C4orf3,go,19,10,False,False
MAD2L1,go,20,18,False,True
ANXA5,go,20,21,False,False
CCNA2,go,20,8,False,True
KIAA1109,go,20,2,False,False
NUDT6,go,20,2,False,False
SPATA5,go,20,11,False,True
ANKRD50,go,0,0,True,False
HSPA4L,go,20,43,False,False
MFSD8,go,20,2,False,False
ABHD18,go,0,0,True,False
JADE1,go,0,0,True,False
SCLT1,go,20,6,False,False
C4orf33,go,20,118,False,False
SLC7A11,go,1,0,False,False
ELF2,go,16,45,False,False
NAA15,go,20,14,False,True
AC097376.3,go,0,0,True,False
ELMOD2,go,20,6,False,False
RNF150,go,0,0,True,False
USP38,go,20,32,False,False
SMARCA5,go,20,6,False,False
HHIP-AS1,go,0,0,True,False
HHIP,go,0,0,True,False
ABCE1,go,20,12,False,True
OTUD4,go,20,13,False,False
SMAD1,go,20,5,False,False
TMEM184C,go,20,1,False,False
PRMT9,go,0,0,True,False
LRBA,go,20,29,False,False
LINC02273,go,0,0,True,False
FBXW7,go,20,3,False,True
MIR4453HG,go,0,0,True,False
TMEM154,go,0,0,True,False
ARFIP1,go,20,8,False,False
MND1,go,20,4,False,False
TMEM131L,go,19,21,False,False
MAP9,go,0,0,True,False
GUCY1A1,go,0,0,True,False
PDGFC,go,0,0,True,False
GLRB,go,0,0,True,False
PPID,go,20,10,False,False
FNIP2,go,20,3,False,False
RAPGEF2,go,13,2,False,False
NAF1,go,20,3,False,True
TMEM192,go,20,17,False,False
MSMO1,go,20,49,False,False
DDX60,go,0,0,True,False
DDX60L,go,0,0,True,False
PALLD,go,0,0,True,False
CBR4,go,14,0,False,False
NEK1,go,20,98,False,False
CLCN3,go,20,5,False,False
HPF1,go,20,3,False,False
GALNT7,go,20,25,False,False
HMGB2,go,20,6,False,False
SAP30,go,20,22,False,False
FBXO8,go,20,3,False,False
CEP44,go,20,39,False,False
HPGD,go,0,0,True,False
NEIL3,go,20,3,False,False
CDKN2AIP,go,20,5,False,False
ING2,go,20,16,False,False
TRAPPC11,go,20,16,False,True
IRF2,go,18,105,False,False
CASP3,go,8,4,False,False
CENPU,go,0,0,True,False
CFAP97,go,0,0,True,False
CYP4V2,go,0,0,True,False
FAT1,go,20,16,False,False
BRD9,go,20,20,False,False
NKD2,go,0,0,True,False
SLC12A7,go,14,4,False,False
CLPTM1L,go,17,78,False,False
MRPL36,go,20,14,False,True
ICE1,go,20,4,False,True
MED10,go,20,29,False,True
SRD5A1,go,0,0,True,False
MARCH6,go,20,22,False,False
RETREG1,go,0,0,True,False
C5orf22,go,20,117,False,False
MTMR12,go,20,15,False,False
ZFR,go,20,39,False,True
TARS,go,20,47,False,True
AMACR,go,0,0,True,False
IL7R,go,0,0,True,False
LMBRD2,go,20,58,False,False
NIPBL-DT,go,0,0,True,False
NIPBL,go,20,0,False,False
CPLANE1,go,0,0,True,False
RICTOR,go,14,3,False,False
FYB1,go,0,0,True,False
C9,go,0,0,True,False
PTGER4,go,0,0,True,False
PRKAA1,go,20,2,False,False
RPL37,go,20,2,False,True
C5orf51,go,20,60,False,False
CCDC152,go,0,0,True,False
AC008875.3,go,0,0,True,False
AC025171.1,go,0,0,True,False
ANXA2R,go,20,6,False,False
AC025171.2,go,0,0,True,False
ZNF131,go,20,14,False,True
HMGCS1,go,20,9,False,True
NNT-AS1,go,0,0,True,False
NNT,go,20,6,False,False
EMB,go,0,0,True,False
PARP8,go,0,0,True,False
PELO,go,20,0,False,True
GZMA,go,0,0,True,False
IL6ST,go,1,1,False,False
MAP3K1,go,20,81,False,False
MIER3,go,20,13,False,False
GPBP1,go,20,24,False,False
DEPDC1B,go,20,8,False,False
SREK1IP1,go,20,14,False,False
ADAMTS6,go,0,0,True,False
CENPK,go,20,28,False,True
TRIM23,go,19,25,False,False
TRAPPC13,go,20,12,False,False
SGTB,go,20,4,False,False
NLN,go,20,4,False,False
ERBIN,go,20,1,False,False
SREK1,go,20,74,False,False
PIK3R1,go,8,3,False,False
CCNB1,go,20,19,False,True
RAD17,go,20,12,False,True
BDP1,go,20,6,False,True
PTCD2,go,20,0,False,False
TNPO1,go,20,53,False,False
ANKRA2,go,20,18,False,False
FAM169A,go,0,0,True,False
HMGCR,go,20,5,False,True
CERT1,go,20,3,False,False
POLK,go,20,1,False,False
IQGAP2,go,20,14,False,False
F2R,go,0,0,True,False
AGGF1,go,20,15,False,False
ZBED3,go,10,0,False,False
ZBED3-AS1,go,0,0,True,False
AP3B1,go,8,3,False,False
SCAMP1-AS1,go,0,0,True,False
JMY,go,20,4,False,False
HOMER1,go,10,3,False,False
TENT2,go,20,2,False,False
SERINC5,go,0,0,True,False
ZFYVE16,go,20,20,False,False
DHFR,go,4,1,False,True
MSH3,go,20,2,False,False
SSBP2,go,20,18,False,False
RPS23,go,20,15,False,True
ATP6AP1L,go,0,0,True,False
RASA1,go,20,2,False,False
TMEM161B,go,20,20,False,True
TMEM161B-AS1,go,0,0,True,False
LYSMD3,go,20,44,False,False
LUCAT1,go,0,0,True,False
FAM172A,go,0,0,True,False
TTC37,go,20,119,False,False
RHOBTB3,go,20,18,False,False
GLRX,go,20,1,False,False
CAST,go,5,1,False,True
ERAP1,go,20,18,False,False
ERAP2,go,0,0,True,False
LNPEP,go,20,11,False,False
RIOK2,go,20,46,False,True
RGMB,go,0,0,True,False
CHD1,go,20,61,False,False
ST8SIA4,go,0,0,True,False
PPIP5K2,go,13,2,False,False
FBXL17,go,0,0,True,False
FER,go,0,0,True,False
PJA2,go,20,2,False,False
MAN2A1,go,20,6,False,False
SLC25A46,go,16,2,False,False
TSLP,go,0,0,True,False
WDR36,go,20,19,False,True
CAMK4,go,0,0,True,False
STARD4,go,20,4,False,False
NREP,go,0,0,True,False
EPB41L4A-AS1,go,0,0,True,False
APC,go,1,0,False,False
REEP5,go,15,3,False,False
DCP2,go,20,3,False,False
YTHDC2,go,20,0,False,False
PGGT1B,go,20,3,False,False
CCDC112,go,20,87,False,False
FEM1C,go,0,0,True,False
TMED7,go,20,36,False,False
ATG12,go,20,12,False,False
DMXL1,go,1,1,False,False
TNFAIP8,go,20,21,False,False
SRFBP1,go,20,3,False,True
CEP120,go,20,3,False,False
CSNK1G3,go,20,27,False,False
LMNB1,go,20,6,False,False
PRRC1,go,20,15,False,False
LINC01184,go,0,0,True,False
SLC12A2,go,3,1,False,False
LYRM7,go,20,10,False,False
CDC42SE2,go,20,11,False,False
RAPGEF6,go,20,18,False,False
FNIP1,go,20,3,False,False
ACSL6,go,0,0,True,False
C5orf56,go,0,0,True,False
IRF1,go,19,10,False,False
RAD50,go,20,14,False,False
KIF3A,go,20,25,False,False
AFF4,go,20,3,False,False
HSPA4,go,20,66,False,False
VDAC1,go,20,2,False,False
TCF7,go,20,1,False,False
UBE2B,go,20,10,False,False
JADE2,go,0,0,True,False
SAR1B,go,20,9,False,False
SEC24A,go,20,13,False,False
CAMLG,go,20,8,False,True
DDX46,go,20,34,False,True
C5orf24,go,20,109,False,False
PITX1,go,12,15,False,False
H2AFY,go,0,0,True,False
SMAD5,go,20,7,False,False
AC106791.1,go,0,0,True,False
FAM13B,go,20,40,False,False
BRD8,go,20,18,False,True
KIF20A,go,20,26,False,True
FAM53C,go,20,49,False,False
KDM3B,go,20,9,False,False
ETF1,go,20,3,False,True
HSPA9,go,20,8,False,True
CTNNA1,go,20,5,False,False
SNHG4,go,0,0,True,False
MATR3,go,20,5,False,False
PAIP2,go,20,4,False,False
MZB1,go,0,0,True,False
DNAJC18,go,0,0,True,False
TMEM173,go,20,7,False,False
PURA,go,19,1,False,False
CYSTM1,go,18,112,False,False
ANKHD1,go,20,85,False,False
IK,go,6,0,False,True
WDR55,go,20,19,False,True
HARS2,go,20,5,False,True
TAF7,go,20,14,False,True
DIAPH1,go,20,13,False,False
RNF14,go,20,38,False,True
NDFIP1,go,20,1,False,False
ARHGAP26,go,0,0,True,False
NR3C1,go,20,12,False,False
YIPF5,go,20,27,False,False
LARS,go,20,6,False,True
RBM27,go,20,35,False,False
JAKMIP2,go,0,0,True,False
FBXO38,go,20,14,False,False
CSNK1A1,go,20,25,False,True
SLC26A2,go,0,0,True,False
HMGXB3,go,20,38,False,False
RPS14,go,20,10,False,True
DCTN4,go,20,19,False,True
SMIM3,go,18,61,False,False
TNIP1,go,20,1,False,False
ANXA6,go,20,5,False,False
GM2A,go,20,2,False,False
FAM114A2,go,20,0,False,False
GALNT10,go,20,19,False,False
SAP30L,go,20,17,False,False
CNOT8,go,20,15,False,False
ITK,go,0,0,True,False
CYFIP2,go,0,0,True,False
CLINT1,go,20,73,False,False
RNF145,go,20,23,False,False
UBLCP1,go,20,33,False,False
PWWP2A,go,20,2,False,False
SLU7,go,20,12,False,True
PTTG1,go,20,4,False,False
CCNG1,go,20,18,False,False
NUDCD2,go,20,39,False,False
HMMR,go,20,48,False,False
PANK3,go,20,14,False,False
SPDL1,go,20,7,False,True
DOCK2,go,20,18,False,False
LCP2,go,20,1,False,False
LINC01366,go,0,0,True,False
NPM1,go,20,2,False,True
FBXW11,go,20,4,False,False
STK10,go,0,0,True,False
DUSP1,go,20,12,False,False
ERGIC1,go,20,24,False,False
ATP6V0E1,go,20,24,False,False
CREBRF,go,0,0,True,False
CPEB4,go,20,4,False,False
KIAA1191,go,19,70,False,False
RNF44,go,20,47,False,False
TSPAN17,go,20,3,False,False
UIMC1,go,20,9,False,False
ZNF346,go,20,76,False,False
NSD1,go,20,10,False,False
MXD3,go,20,17,False,False
RGS14,go,20,1,False,False
F12,go,18,11,False,False
GRK6,go,20,10,False,False
PRR7,go,20,0,False,False
DBN1,go,20,3,False,False
FAM193B,go,20,215,False,False
HNRNPAB,go,20,3,False,False
PHYKPL,go,20,7,False,False
CLK4,go,20,75,False,False
ZNF354A,go,19,12,False,False
ZNF354B,go,18,5,False,False
RUFY1,go,20,24,False,False
HNRNPH1,go,20,56,False,True
CANX,go,20,9,False,False
MAML1,go,20,0,False,False
SQSTM1,go,20,2,False,False
MRNIP,go,20,21,False,False
RNF130,go,20,26,False,False
MAPK9,go,20,24,False,False
CNOT6,go,20,15,False,False
MGAT1,go,20,3,False,False
ZFP62,go,17,27,False,False
TRIM41,go,20,7,False,False
TRIM52,go,0,0,True,False
TRIM52-AS1,go,0,0,True,False
DUSP22,go,20,3,False,False
EXOC2,go,20,9,False,True
GMDS-DT,go,0,0,True,False
NQO2,go,20,5,False,False
RIPK1,go,20,5,False,False
PRPF4B,go,20,22,False,True
CDYL,go,20,9,False,False
NRN1,go,0,0,True,False
RREB1,go,17,1,False,False
SNRNP48,go,20,46,False,True
BLOC1S5,go,12,3,False,False
TMEM14C,go,14,14,False,False
HIVEP1,go,20,65,False,False
RANBP9,go,20,19,False,False
CD83,go,0,0,True,False
JARID2,go,20,0,False,False
DTNBP1,go,19,2,False,False
FAM8A1,go,18,7,False,False
NUP153,go,20,22,False,True
DEK,go,20,12,False,False
E2F3,go,19,24,False,False
SOX4,go,17,3,False,False
CASC15,go,0,0,True,False
ALDH5A1,go,20,3,False,False
TDP2,go,20,4,False,False
C6orf62,go,0,0,True,False
GMNN,go,20,12,False,False
RIPOR2,go,0,0,True,False
TRIM38,go,20,14,False,False
HIST1H3B,go,0,0,True,False
HIST1H1C,go,20,5,False,False
HIST1H4C,go,20,10,False,False
HIST1H2AC,go,20,50,False,False
HIST1H1E,go,20,4,False,False
HIST1H3D,go,0,0,True,False
HIST1H1D,go,20,4,False,False
HIST1H3G,go,0,0,True,False
BTN3A2,go,20,24,False,False
BTN2A2,go,20,5,False,False
BTN3A1,go,0,0,True,False
BTN2A1,go,20,12,False,False
HMGN4,go,20,24,False,False
ZNF322,go,19,7,False,False
HIST1H2AG,go,20,36,False,False
HIST1H2AH,go,20,31,False,False
ZNF184,go,14,11,False,False
HIST1H2BN,go,20,40,False,True
HIST1H1B,go,20,7,False,False
HIST1H2AM,go,20,33,False,False
ZSCAN16-AS1,go,0,0,True,False
ZKSCAN8,go,19,80,False,False
HLA-A,go,0,0,True,False
TRIM26,go,20,51,False,False
HCG18,go,0,0,True,False
HLA-E,go,6,3,False,False
PPP1R10,go,20,15,False,True
ATAT1,go,0,0,True,False
PPP1R18,go,20,20,False,False
MDC1,go,20,23,False,False
TUBB,go,20,14,False,True
FLOT1,go,5,1,False,False
IER3,go,20,30,False,False
TCF19,go,20,49,False,False
HLA-C,go,20,22,False,True
HLA-B,go,20,9,False,False
LST1,go,14,1,False,True
AIF1,go,3,0,False,False
C6orf47,go,20,103,False,False
GPANK1,go,20,8,False,False
DDAH2,go,20,2,False,False
CLIC1,go,20,11,False,False
SNHG32,go,0,0,True,False
NEU1,go,20,10,False,False
STK19,go,20,23,False,False
ATF6B,go,15,13,False,False
AGPAT1,go,20,46,False,False
RNF5,go,20,9,False,False
PBX2,go,12,6,False,False
GPSM3,go,20,11,False,False
PSMB8,go,0,0,True,False
PSMB8-AS1,go,0,0,True,False
PSMB9,go,0,0,True,False
TAP1,go,0,0,True,False
BRD2,go,20,21,False,True
RXRB,go,14,19,False,False
SLC39A7,go,19,94,False,True
RPS18,go,20,58,False,True
TAPBP,go,20,1,False,False
KIFC1,go,20,19,False,False
PHF1,go,20,32,False,False
SYNGAP1,go,0,0,True,False
BAK1,go,9,5,False,False
LEMD2,go,20,5,False,False
HMGA1,go,20,15,False,True
SMIM29,go,20,43,False,False
NUDT3,go,20,1,False,False
ILRUN,go,20,3,False,False
UHRF1BP1,go,20,14,False,False
ANKS1A,go,20,2,False,False
DEF6,go,20,25,False,False
RPL10A,go,20,75,False,True
FKBP5,go,20,30,False,False
KCTD20,go,20,18,False,False
STK38,go,20,98,False,False
C6orf89,go,19,13,False,False
PI16,go,0,0,True,False
MTCH1,go,16,29,False,False
RNF8,go,20,14,False,True
ZFAND3,go,20,29,False,False
OARD1,go,20,1,False,False
NFYA,go,19,40,False,False
MDFI,go,0,0,True,False
USP49,go,20,23,False,False
CCND3,go,20,19,False,True
TAF8,go,20,14,False,True
UBR2,go,20,4,False,False
TBCC,go,20,17,False,True
RPL7L1,go,20,3,False,True
PTK7,go,20,3,False,False
DNPH1,go,20,22,False,False
ZNF318,go,20,6,False,False
YIPF3,go,20,42,False,False
POLH,go,20,15,False,False
C6orf223,go,0,0,True,False
HSP90AB1,go,20,5,False,False
ENPP4,go,0,0,True,False
CD2AP,go,20,8,False,False
MMUT,go,19,9,False,False
MCM3,go,20,16,False,True
EFHC1,go,0,0,True,False
TRAM2-AS1,go,0,0,True,False
GSTA4,go,20,25,False,False
ICK,go,20,71,False,False
ELOVL5,go,20,3,False,False
GCLC,go,2,0,False,True
LRRC1,go,0,0,True,False
DST,go,20,6,False,False
BEND6,go,20,5,False,False
KIAA1586,go,3,0,False,False
ZNF451,go,20,3,False,False
BAG2,go,20,3,False,False
AL021368.2,go,0,0,True,False
PHF3,go,20,25,False,False
LMBRD1,go,20,2,False,False
SMAP1,go,20,7,False,False
KHDC1,go,20,11,False,False
AC019205.1,go,0,0,True,False
MTO1,go,20,2,False,False
EEF1A1,go,20,30,False,True
TMEM30A,go,20,6,False,False
SENP6,go,20,8,False,True
IRAK1BP1,go,0,0,True,False
PHIP,go,20,3,False,False
ELOVL4,go,0,0,True,False
TTK,go,20,11,False,True
IBTK,go,20,3,False,False
DOP1A,go,0,0,True,False
CYB5R4,go,8,0,False,False
CEP162,go,0,0,True,False
SNX14,go,20,16,False,False
SNHG5,go,0,0,True,False
ZNF292,go,20,30,False,True
SMIM8,go,20,41,False,False
AKIRIN2,go,20,10,False,True
RNGTT,go,20,0,False,True
PNRC1,go,20,82,False,False
PM20D2,go,0,0,True,False
UBE2J1,go,18,11,False,False
MDN1,go,20,58,False,True
CASP8AP2,go,20,4,False,True
BACH2,go,20,54,False,False
UFL1,go,20,4,False,True
MMS22L,go,20,3,False,True
POU3F2,go,20,1,False,False
FBXL4,go,20,17,False,False
PNISR,go,20,16,False,True
ASCC3,go,20,27,False,True
ATG5,go,10,4,False,False
CRYBG1,go,9,1,False,False
SOBP,go,0,0,True,False
OSTM1,go,20,5,False,False
FOXO3,go,20,7,False,False
CEP57L1,go,20,58,False,False
CD164,go,20,17,False,False
MICAL1,go,20,10,False,False
AK9,go,0,0,True,False
FIG4,go,0,0,True,False
WASF1,go,20,6,False,False
CDK19,go,20,8,False,False
MFSD4B,go,17,2,False,False
REV3L,go,20,25,False,True
TRAF3IP2-AS1,go,0,0,True,False
TRAF3IP2,go,1,1,False,False
FYN,go,14,4,False,True
FAM229B,go,20,0,False,False
TSPYL4,go,20,36,False,False
DSE,go,0,0,True,False
TSPYL1,go,20,30,False,False
ZUP1,go,20,63,False,False
KPNA5,go,20,23,False,False
NUS1,go,18,2,False,True
CEP85L,go,20,8,False,False
MCM9,go,20,6,False,False
ASF1A,go,20,27,False,False
FAM184A,go,20,26,False,False
MAN1A1,go,20,14,False,False
SERINC1,go,20,13,False,False
NCOA7,go,18,4,False,False
HINT3,go,20,16,False,False
CENPW,go,20,22,False,True
RNF146,go,20,78,False,False
THEMIS,go,0,0,True,False
PTPRK,go,0,0,True,False
L3MBTL3,go,20,27,False,False
EPB41L2,go,20,21,False,True
MED23,go,20,21,False,False
STX7,go,20,21,False,False
RPS12,go,20,26,False,True
HBS1L,go,20,35,False,True
MYB,go,20,16,False,True
AHI1,go,20,2,False,False
BCLAF1,go,20,15,False,True
IFNGR1,go,20,3,False,False
WAKMAR2,go,0,0,True,False
TNFAIP3,go,0,0,True,False
CCDC28A,go,20,81,False,False
ABRACL,go,0,0,True,False
HECA,go,0,0,True,False
VTA1,go,20,27,False,False
HIVEP2,go,18,36,False,False
SF3B5,go,20,20,False,True
UTRN,go,20,12,False,False
EPM2A,go,0,0,True,False
FBXO30,go,0,0,True,False
SHPRH,go,20,22,False,False
STXBP5,go,20,2,False,False
TAB2,go,20,8,False,False
PPIL4,go,20,39,False,True
LATS1,go,20,3,False,False
ULBP2,go,0,0,True,False
ZBTB2,go,20,26,False,False
SYNE1,go,0,0,True,False
FBXO5,go,20,2,False,True
AL080276.2,go,0,0,True,False
MTRF1L,go,19,24,False,False
SCAF8,go,20,8,False,False
ARID1B,go,20,15,False,False
SNX9,go,20,10,False,False
SYNJ2,go,20,7,False,False
TULP4,go,20,36,False,False
EZR,go,20,6,False,False
SOD2,go,1,1,False,True
WTAP,go,20,26,False,True
ACAT2,go,20,4,False,False
MRPL18,go,20,6,False,True
IGF2R,go,20,9,False,False
MAP3K4,go,20,7,False,False
QKI,go,20,3,False,False
SFT2D1,go,18,18,False,False
FGFR1OP,go,20,6,False,True
AFDN,go,0,0,True,False
C6orf120,go,17,6,False,False
PHF10,go,20,16,False,True
FAM120B,go,20,17,False,False
COX19,go,20,42,False,False
ZFAND2A,go,20,12,False,False
AC091729.3,go,0,0,True,False
MAFK,go,20,96,False,False
MAD1L1,go,20,8,False,False
CHST12,go,20,5,False,False
IQCE,go,20,3,False,False
TTYH3,go,0,0,True,False
GNA12,go,0,0,True,False
AP5Z1,go,20,7,False,False
RBAK,go,19,47,False,False
SLC29A4,go,0,0,True,False
TNRC18,go,20,16,False,False
ACTB,go,20,11,False,True
ZNF316,go,0,0,True,False
ZNF12,go,19,30,False,False
C1GALT1,go,17,13,False,False
UMAD1,go,0,0,True,False
GLCCI1,go,20,30,False,False
ICA1,go,20,11,False,False
PHF14,go,19,15,False,False
TMEM106B,go,20,13,False,False
ANKMY2,go,20,24,False,False
SNX13,go,20,5,False,False
SP4,go,20,39,False,False
SNHG26,go,0,0,True,False
FAM126A,go,20,21,False,False
IGF2BP3,go,20,22,False,False
TRA2A,go,20,49,False,False
CCDC126,go,0,0,True,False
FAM221A,go,0,0,True,False
OSBPL3,go,20,10,False,False
NFE2L3,go,20,23,False,False
SNX10,go,19,0,False,False
HOTAIRM1,go,0,0,True,False
HOXA7,go,19,15,False,False
TAX1BP1,go,20,26,False,False
SCRN1,go,0,0,True,False
FKBP14,go,20,14,False,False
PLEKHA8,go,20,6,False,False
MTURN,go,0,0,True,False
GARS-DT,go,0,0,True,False
GARS,go,20,23,False,True
AVL9,go,20,6,False,False
NT5C3A,go,20,2,False,False
RP9,go,20,20,False,False
HERPUD2,go,18,5,False,False
AC018647.2,go,0,0,True,False
SEPTIN7,go,20,8,False,False
EEPD1,go,0,0,True,False
ANLN,go,20,0,False,True
ELMO1,go,20,38,False,False
TRG-AS1,go,0,0,True,False
VPS41,go,20,8,False,True
CDK13,go,20,6,False,False
MPLKIP,go,20,83,False,False
STK17A,go,20,21,False,False
URGCP,go,20,8,False,False
POLM,go,20,34,False,False
AEBP1,go,20,14,False,False
NUDCD3,go,20,12,False,True
TMED4,go,20,16,False,False
PURB,go,19,6,False,False
AC004847.1,go,0,0,True,False
MYO1G,go,0,0,True,False
SNHG15,go,0,0,True,False
CCM2,go,20,0,False,False
HUS1,go,20,13,False,True
IKZF1,go,20,14,False,False
FIGNL1,go,20,1,False,False
VOPP1,go,6,1,False,False
ZNF736,go,20,20,False,False
ZNF680,go,20,22,False,False
ZNF107,go,16,52,False,False
ZNF138,go,20,45,False,False
ZNF273,go,20,40,False,False
ZNF117,go,20,18,False,False
ERV3-1,go,0,0,True,False
ZNF92,go,20,19,False,False
CRCP,go,20,12,False,True
LINC00174,go,0,0,True,False
AC008267.5,go,0,0,True,False
RABGEF1,go,20,2,False,False
AC027644.3,go,0,0,True,False
SBDS,go,20,7,False,True
AUTS2,go,0,0,True,False
BAZ1B,go,20,4,False,False
RFC2,go,20,32,False,True
GTF2I,go,20,10,False,False
CASTOR2,go,0,0,True,False
TRIM73,go,0,0,True,False
RHBDD2,go,20,2,False,False
STYXL1,go,20,0,False,False
HSPB1,go,20,2,False,False
YWHAG,go,20,10,False,False
APTR,go,0,0,True,False
DMTF1,go,20,13,False,False
TMEM243,go,15,66,False,False
TP53TG1,go,0,0,True,False
DBF4,go,20,4,False,True
GTPBP10,go,20,29,False,False
AKAP9,go,8,0,False,False
KRIT1,go,20,0,False,False
ANKIB1,go,20,28,False,False
GATAD1,go,20,15,False,False
PEX1,go,19,10,False,True
RBM48,go,20,90,False,True
FAM133B,go,20,12,False,True
CDK6,go,20,3,False,True
AC002454.1,go,0,0,True,False
SAMD9,go,0,0,True,False
SAMD9L,go,0,0,True,False
VPS50,go,0,0,True,False
CASD1,go,0,0,True,False
LMTK2,go,0,0,True,False
TECPR1,go,20,11,False,False
TRRAP,go,20,32,False,True
ARPC1B,go,20,19,False,True
BUD31,go,20,11,False,True
ZNF789,go,19,47,False,False
ZNF394,go,19,64,False,False
ZKSCAN5,go,20,21,False,False
FAM200A,go,0,0,True,False
ZNF655,go,19,15,False,False
TRIM4,go,20,38,False,False
ZKSCAN1,go,19,81,False,False
ZNF3,go,18,12,False,False
MCM7,go,20,20,False,True
AP4M1,go,20,4,False,False
GPC2,go,0,0,True,False
CASTOR3,go,0,0,True,False
PILRB,go,20,30,False,False
PPP1R35,go,20,10,False,False
TSC22D4,go,20,11,False,False
LRCH4,go,20,4,False,False
PCOLCE,go,18,28,False,False
MOSPD3,go,16,21,False,False
GIGYF1,go,20,36,False,False
SLC12A9,go,20,7,False,False
SRRT,go,20,3,False,True
TRIM56,go,20,21,False,False
CUX1,go,17,4,False,False
PRKRIP1,go,20,3,False,True
ORAI2,go,18,20,False,False
POLR2J3,go,20,12,False,False
NAPEPLD,go,20,0,False,False
DNAJC2,go,20,16,False,False
KMT2E-AS1,go,0,0,True,False
KMT2E,go,20,6,False,False
SRPK2,go,20,19,False,False
PUS7,go,20,1,False,False
CCDC71L,go,2,0,False,False
PIK3CG,go,20,3,False,False
HBP1,go,10,14,False,False
COG5,go,20,34,False,False
DUS4L,go,2,0,False,False
BCAP29,go,20,11,False,False
CBLL1,go,20,25,False,True
PNPLA8,go,16,2,False,False
THAP5,go,20,11,False,False
DNAJB9,go,20,19,False,False
ZNF277,go,16,4,False,False
IFRD1,go,20,12,False,False
TMEM168,go,20,0,False,False
ING3,go,20,19,False,True
AASS,go,0,0,True,False
WASL,go,20,5,False,False
ZNF800,go,20,32,False,False
GCC1,go,20,65,False,False
HILPDA,go,20,3,False,False
AC090114.2,go,0,0,True,False
CCDC136,go,20,1,False,False
AHCYL2,go,0,0,True,False
AC078846.1,go,0,0,True,False
UBE2H,go,20,36,False,True
KLHDC10,go,20,12,False,False
CEP41,go,0,0,True,False
MKLN1,go,20,12,False,False
EXOC4,go,20,10,False,True
BPGM,go,20,5,False,False
CNOT4,go,20,36,False,False
TRIM24,go,20,1,False,False
ZC3HAV1,go,20,20,False,False
UBN2,go,20,10,False,False
FMC1,go,19,10,False,False
LUC7L2,go,20,11,False,False
HIPK2,go,20,3,False,False
MKRN1,go,20,73,False,True
BRAF,go,20,7,False,False
DENND11,go,0,0,True,False
TRBC1,go,0,0,True,False
TRBC2,go,0,0,True,False
EPHB6,go,20,4,False,False
GSTK1,go,20,17,False,False
CASP2,go,20,16,False,False
ZYX,go,20,23,False,False
TCAF1,go,0,0,True,False
CUL1,go,20,9,False,True
EZH2,go,20,1,False,False
PDIA4,go,20,14,False,False
ZNF398,go,18,22,False,False
ZNF783,go,17,10,False,False
ATP6V0E2,go,20,19,False,False
REPIN1,go,20,3,False,False
GIMAP7,go,0,0,True,False
GIMAP4,go,0,0,True,False
GIMAP6,go,0,0,True,False
GIMAP2,go,0,0,True,False
GIMAP1,go,0,0,True,False
GIMAP5,go,0,0,True,False
KCNH2,go,2,0,False,False
TMUB1,go,18,5,False,False
CHPF2,go,20,6,False,False
SMARCD3,go,20,15,False,False
NUB1,go,20,12,False,True
PRKAG2,go,20,4,False,False
KMT2C,go,20,18,False,False
LINC01003,go,0,0,True,False
XRCC2,go,20,5,False,True
PAXIP1-AS2,go,0,0,True,False
PAXIP1,go,20,0,False,False
PAXIP1-AS1,go,0,0,True,False
AC144652.1,go,0,0,True,False
INSIG1,go,20,1,False,False
AC009403.1,go,0,0,True,False
RBM33,go,20,9,False,True
LINC01006,go,0,0,True,False
DNAJB6,go,20,10,False,False
NCAPG2,go,20,6,False,True
ESYT2,go,20,7,False,True
WDR60,go,20,10,False,False
ERICH1,go,20,71,False,False
AC100810.1,go,0,0,True,False
MCPH1,go,20,0,False,False
AGPAT5,go,19,8,False,False
MFHAS1,go,20,1,False,False
PPP1R3B,go,20,5,False,False
TNKS,go,20,4,False,False
MTMR9,go,20,8,False,False
BLK,go,0,0,True,False
FDFT1,go,20,35,False,False
CTSB,go,20,9,False,False
AC068587.4,go,0,0,True,False
MICU3,go,0,0,True,False
VPS37A,go,20,20,False,True
PCM1,go,20,8,False,True
ASAH1,go,20,3,False,False
DOK2,go,20,24,False,False
FAM160B2,go,0,0,True,False
PDLIM2,go,20,3,False,False
CHMP7,go,20,10,False,True
ENTPD4,go,19,1,False,False
SLC25A37,go,16,33,False,False
NKX3-1,go,20,2,False,False
CDCA2,go,20,16,False,False
BNIP3L,go,16,9,False,False
PNMA2,go,0,0,True,False
DPYSL2,go,20,20,False,False
PTK2B,go,5,3,False,False
EPHX2,go,13,0,False,False
ESCO2,go,20,1,False,False
PBK,go,20,7,False,False
FZD3,go,2,1,False,False
HMBOX1,go,20,30,False,True
SARAF,go,0,0,True,False
LEPROTL1,go,18,8,False,False
GSR,go,13,6,False,False
WRN,go,20,9,False,False
AC090204.1,go,0,0,True,False
MAK16,go,20,12,False,True
PLPBP,go,20,8,False,False
RAB11FIP1,go,20,7,False,False
EIF4EBP1,go,20,5,False,False
DDHD2,go,20,2,False,False
PLPP5,go,0,0,True,False
NSD3,go,20,13,False,False
FGFR1,go,20,9,False,False
TACC1,go,20,8,False,False
PLEKHA2,go,20,6,False,False
GOLGA7,go,20,3,False,False
GINS4,go,20,7,False,True
KAT6A,go,20,21,False,False
IKBKB,go,20,12,False,False
POLB,go,20,2,False,False
THAP1,go,20,9,False,True
RNF170,go,20,64,False,False
HOOK3,go,20,6,False,False
HGSNAT,go,0,0,True,False
PRKDC,go,20,5,False,False
MCM4,go,20,23,False,True
PCMTD1,go,20,20,False,False
AC064807.1,go,0,0,True,False
RB1CC1,go,20,8,False,False
ATP6V1H,go,20,20,False,True
TCEA1,go,20,48,False,False
IMPAD1,go,20,1,False,False
SDCBP,go,20,5,False,False
TOX,go,0,0,True,False
AC090152.1,go,0,0,True,False
CA8,go,20,7,False,False
CHD7,go,20,3,False,False
YTHDF3,go,20,12,False,False
PDE7A,go,20,5,False,False
RRS1,go,20,8,False,True
MYBL1,go,20,4,False,False
VCPIP1,go,20,0,False,False
SGK3,go,20,9,False,False
SNHG6,go,0,0,True,False
CSPP1,go,20,30,False,False
ARFGEF1,go,20,8,False,False
PREX2,go,0,0,True,False
NCOA2,go,20,14,False,False
TRAM1,go,19,9,False,False
STAU2,go,20,0,False,False
UBE2W,go,20,22,False,False
LY96,go,0,0,True,False
GDAP1,go,0,0,True,False
PKIA,go,0,0,True,False
TPD52,go,0,0,True,False
ZBTB10,go,18,30,False,False
PAG1,go,0,0,True,False
FABP5,go,20,3,False,False
SNX16,go,0,0,True,False
LRRCC1,go,20,20,False,False
CPNE3,go,20,36,False,False
DECR1,go,20,21,False,False
PIP4P2,go,20,23,False,False
OTUD6B-AS1,go,0,0,True,False
RBM12B,go,20,28,False,False
TMEM67,go,0,0,True,False
PDP1,go,0,0,True,False
VIRMA,go,20,53,False,False
INTS8,go,20,13,False,True
CCNE2,go,20,30,False,False
PLEKHF2,go,20,12,False,False
TSPYL5,go,20,9,False,True
MTDH,go,20,2,False,False
VPS13B,go,20,3,False,False
RNF19A,go,20,13,False,False
PABPC1,go,20,6,False,True
YWHAZ,go,20,17,False,False
RRM2B,go,20,3,False,False
UBR5,go,20,10,False,True
AZIN1,go,20,10,False,False
FZD6,go,0,0,True,False
LRP12,go,18,7,False,False
OXR1,go,4,1,False,False
EIF3E,go,20,24,False,True
EBAG9,go,16,15,False,False
UTP23,go,20,6,False,True
RAD21,go,20,8,False,True
TAF2,go,20,22,False,True
DSCC1,go,20,10,False,False
TBC1D31,go,20,1,False,False
ZHX1,go,17,71,False,False
ATAD2,go,20,78,False,False
FAM91A1,go,20,9,False,False
RNF139,go,20,10,False,False
SQLE,go,20,10,False,False
AC016074.2,go,0,0,True,False
MYC,go,20,1,False,True
CCDC26,go,0,0,True,False
ASAP1,go,20,2,False,False
EFR3A,go,20,7,False,True
PHF20L1,go,19,5,False,False
SLA,go,0,0,True,False
ST3GAL1,go,0,0,True,False
KHDRBS3,go,0,0,True,False
AGO2,go,20,7,False,False
PTK2,go,20,10,False,True
JRK,go,20,18,False,False
LY6E,go,19,4,False,False
MINCR,go,0,0,True,False
ZNF696,go,14,12,False,False
RHPN1,go,20,29,False,True
ZNF623,go,19,31,False,False
PLEC,go,11,1,False,False
GRINA,go,20,31,False,False
BOP1,go,20,11,False,True
VPS28,go,20,27,False,True
CYHR1,go,20,89,False,False
LRRC14,go,20,4,False,False
ZNF251,go,20,0,False,False
ZNF7,go,16,11,False,False
COMMD5,go,20,369,False,False
C8orf33,go,20,98,False,False
SMARCA2,go,20,24,False,False
RFX3,go,18,11,False,False
CDC37L1,go,0,0,True,False
AK3,go,20,3,False,False
RIC1,go,0,0,True,False
KIAA2026,go,0,0,True,False
RANBP6,go,20,27,False,False
UHRF2,go,20,10,False,False
KDM4C,go,20,5,False,False
ZDHHC21,go,0,0,True,False
SNAPC3,go,20,12,False,True
PSIP1,go,20,6,False,False
CCDC171,go,0,0,True,False
CNTLN,go,0,0,True,False
HAUS6,go,20,20,False,True
DENND4C,go,20,11,False,False
RPS6,go,20,8,False,True
MLLT3,go,20,4,False,False
HACD4,go,0,0,True,False
C9orf72,go,0,0,True,False
DDX58,go,0,0,True,False
TOPORS,go,20,0,False,False
SMIM27,go,0,0,True,False
DNAJA1,go,20,17,False,True
B4GALT1,go,7,0,False,False
CHMP5,go,20,12,False,True
NFX1,go,20,20,False,False
AQP3,go,20,4,False,False
UBAP1,go,20,61,False,True
FAM219A,go,0,0,True,False
ENHO,go,0,0,True,False
DCTN3,go,20,12,False,True
GALT,go,20,5,False,False
SIT1,go,0,0,True,False
CCDC107,go,15,127,False,False
ARHGEF39,go,20,41,False,False
TLN1,go,20,21,False,True
GBA2,go,3,0,False,False
RGP1,go,20,33,False,True
HINT2,go,17,2,False,False
RECK,go,0,0,True,False
GLIPR2,go,0,0,True,False
RNF38,go,0,0,True,False
MELK,go,20,14,False,False
EBLN3P,go,0,0,True,False
ZCCHC7,go,20,64,False,False
ZBTB5,go,16,65,False,False
TRMT10B,go,20,6,False,False
DCAF10,go,20,20,False,False
FAM27C,go,0,0,True,False
FAM122A,go,20,8,False,False
PTAR1,go,20,7,False,False
SMC5,go,20,6,False,True
ABHD17B,go,11,1,False,False
C9orf85,go,0,0,True,False
ZFAND5,go,20,2,False,False
ANXA1,go,7,3,False,False
RORB,go,17,12,False,False
CARNMT1,go,0,0,True,False
NMRK1,go,0,0,True,False
OSTF1,go,20,13,False,False
VPS13A,go,20,5,False,False
GNAQ,go,19,2,False,False
CEP78,go,20,22,False,False
PSAT1,go,20,41,False,True
TLE4,go,20,27,False,False
TLE1,go,0,0,True,False
GKAP1,go,20,21,False,False
KIF27,go,0,0,True,False
C9orf64,go,20,1,False,False
RMI1,go,20,4,False,True
AGTPBP1,go,0,0,True,False
NAA35,go,20,29,False,True
GOLM1,go,18,15,False,False
TUT7,go,20,2,False,False
SPIN1,go,20,3,False,False
S1PR3,go,0,0,True,False
CKS2,go,20,5,False,False
SECISBP2,go,20,3,False,False
SEMA4D,go,0,0,True,False
SYK,go,20,3,False,False
AUH,go,18,3,False,False
NFIL3,go,20,20,False,False
IARS,go,20,25,False,True
NOL8,go,20,29,False,True
OGN,go,0,0,True,False
BICD2,go,20,5,False,False
FGD3,go,0,0,True,False
NINJ1,go,11,3,False,False
FAM120AOS,go,20,62,False,False
PHF2,go,20,11,False,False
PTPDC1,go,0,0,True,False
AL158152.1,go,0,0,True,False
ZNF169,go,19,45,False,False
LINC00476,go,0,0,True,False
ERCC6L2,go,20,18,False,False
ZNF367,go,16,20,False,False
PRXL2C,go,2,2,False,False
ZNF510,go,16,13,False,False
ZNF782,go,17,24,False,False
MFSD14C,go,0,0,True,False
TSTD2,go,20,0,False,False
NCBP1,go,20,1,False,True
XPA,go,20,6,False,False
CORO2A,go,20,4,False,False
TGFBR1,go,4,2,False,False
STX17,go,20,22,False,False
ERP44,go,20,7,False,False
ZNF189,go,16,45,False,False
RNF20,go,20,14,False,True
SMC2,go,20,2,False,True
ZNF462,go,20,28,False,False
ABITRAM,go,20,4,False,False
CTNNAL1,go,20,38,False,False
TMEM245,go,20,38,False,False
PALM2-AKAP2,go,0,0,True,False
TXN,go,16,0,False,True
DNAJC25,go,19,21,False,False
PTBP3,go,20,6,False,False
KIAA1958,go,20,0,False,False
FKBP15,go,20,7,False,False
PRPF4,go,20,13,False,True
POLE3,go,20,6,False,False
AKNA,go,20,9,False,False
CDK5RAP2,go,20,6,False,False
MEGF9,go,0,0,True,False
FBXW2,go,20,32,False,False
PHF19,go,20,59,False,False
CNTRL,go,20,3,False,False
RAB14,go,20,26,False,False
RBM18,go,20,14,False,False
RC3H2,go,17,1,False,False
ZBTB6,go,20,73,False,False
RABGAP1,go,20,20,False,False
ARPC5L,go,20,17,False,False
GOLGA1,go,20,75,False,False
SCAI,go,20,35,False,False
HSPA5,go,20,8,False,True
GAPVD1,go,20,19,False,False
MVB12B,go,0,0,True,False
ZBTB43,go,11,14,False,False
RALGPS1,go,0,0,True,False
RPL12,go,20,47,False,True
TTC16,go,0,0,True,False
CDK9,go,20,5,False,True
FAM102A,go,0,0,True,False
C9orf16,go,20,93,False,True
GOLGA2,go,20,3,False,False
SWI5,go,20,0,False,False
ODF2,go,20,6,False,False
SPTAN1,go,20,29,False,False
WDR34,go,20,31,False,False
LRRC8A,go,20,2,False,False
C9orf78,go,20,57,False,True
USP20,go,20,29,False,False
FNBP1,go,20,42,False,False
GPR107,go,20,18,False,False
FUBP3,go,20,23,False,False
ABL1,go,2,2,False,False
PRRC2B,go,20,22,False,False
RAPGEF1,go,20,14,False,False
SETX,go,20,5,False,True
TTF1,go,20,29,False,False
GTF3C4,go,20,5,False,True
SPACA9,go,0,0,True,False
TSC1,go,8,2,False,False
RALGDS,go,20,23,False,False
SURF6,go,20,35,False,True
RPL7A,go,20,44,False,True
SURF1,go,18,16,False,False
SLC2A6,go,0,0,True,False
BRD3OS,go,0,0,True,False
BRD3,go,16,30,False,False
CAMSAP1,go,20,2,False,False
SEC16A,go,20,12,False,True
NOTCH1,go,0,0,True,False
SNHG7,go,0,0,True,False
PHPT1,go,20,0,False,False
PAXX,go,20,16,False,False
NPDC1,go,0,0,True,False
MAN1B1,go,20,6,False,False
TMEM203,go,18,99,False,False
TUBB4B,go,20,26,False,False
ARRDC1-AS1,go,0,0,True,False
EHMT1,go,20,7,False,False
ZMYND11,go,20,15,False,False
GTPBP4,go,20,18,False,True
IDI1,go,20,8,False,False
WDR37,go,20,24,False,False
PFKP,go,20,25,False,False
KLF6,go,18,74,False,False
TASOR2,go,20,187,False,False
PRKCQ,go,20,5,False,False
PRKCQ-AS1,go,0,0,True,False
SFMBT2,go,0,0,True,False
KIN,go,20,79,False,True
GATA3,go,18,0,False,False
CELF2,go,20,9,False,False
UPF2,go,20,17,False,True
DHTKD1,go,20,11,False,False
CDC123,go,20,4,False,True
CAMK1D,go,0,0,True,False
MCM10,go,20,21,False,True
AL157392.3,go,0,0,True,False
FAM107B,go,0,0,True,False
HSPA14__ENSG00000187522,go,0,0,True,False
DCLRE1C,go,20,2,False,False
NMT2,go,20,11,False,False
TRDMT1,go,20,2,False,False
VIM,go,20,3,False,False
HACD1,go,0,0,True,False
STAM,go,20,11,False,False
ARL5B,go,20,35,False,False
DNAJC1,go,20,34,False,False
COMMD3,go,20,22,False,False
BMI1,go,20,3,False,False
PIP4K2A,go,20,5,False,False
MSRB2,go,20,13,False,False
ARHGAP21,go,20,15,False,False
APBB1IP,go,0,0,True,False
ABI1,go,20,5,False,False
ANKRD26,go,20,13,False,False
YME1L1,go,20,13,False,False
MASTL,go,20,12,False,True
ACBD5,go,20,18,False,False
RAB18,go,20,24,False,True
WAC-AS1,go,0,0,True,False
WAC,go,20,4,False,True
SVIL,go,0,0,True,False
ZEB1-AS1,go,0,0,True,False
ZEB1,go,20,4,False,False
ARHGAP12,go,20,3,False,False
KIF5B,go,20,7,False,False
EPC1,go,20,21,False,False
ITGB1,go,1,1,False,False
CREM,go,16,16,False,False
CCNY,go,20,11,False,False
ZNF248,go,19,43,False,False
ZNF33A,go,16,27,False,False
ZNF37A,go,20,25,False,False
ZNF33B,go,16,50,False,False
BMS1,go,20,10,False,True
CSGALNACT2,go,0,0,True,False
AL450326.1,go,0,0,True,False
MARCH8,go,20,16,False,False
ZFAND4,go,0,0,True,False
WASHC2C,go,20,14,False,False
NCOA4,go,20,0,False,True
MAPK8,go,20,10,False,False
ERCC6,go,0,0,True,False
PARG,go,20,2,False,False
WASHC2A,go,20,21,False,False
CSTF2T,go,20,21,False,False
ZWINT,go,20,21,False,True
IPMK,go,0,0,True,False
TFAM,go,20,7,False,True
CCDC6,go,20,28,False,True
CDK1,go,20,8,False,True
CABCOCO1,go,0,0,True,False
ARID5B,go,20,5,False,True
RTKN2,go,20,4,False,False
NRBF2,go,20,6,False,False
JMJD1C,go,20,8,False,False
REEP3,go,20,5,False,False
SIRT1,go,4,1,False,False
HERC4,go,20,16,False,False
HNRNPH3,go,20,47,False,False
RUFY2,go,20,10,False,False
DNA2,go,20,16,False,False
SLC25A16,go,20,18,False,False
TET1,go,20,9,False,False
CCAR1,go,20,17,False,True
STOX1,go,0,0,True,False
DDX21,go,20,6,False,True
SRGN,go,9,0,False,False
VPS26A,go,19,9,False,False
HK1,go,4,2,False,False
FAM241B,go,16,64,False,False
SAR1A,go,20,10,False,False
EIF4EBP2,go,20,2,False,False
SGPL1,go,20,2,False,False
PSAP,go,2,0,False,False
AC073370.1,go,0,0,True,False
DDIT4,go,20,1,False,False
MICU1,go,20,5,False,False
DNAJC9,go,20,35,False,True
PPP3CB,go,18,3,False,False
SEC24C,go,20,17,False,False
ZSWIM8,go,20,6,False,False
NDST2,go,20,2,False,False
KAT6B,go,20,27,False,False
SAMD8,go,0,0,True,False
POLR3A,go,20,15,False,True
RPS24,go,20,12,False,True
ZMIZ1,go,0,0,True,False
NUTM2B-AS1,go,0,0,True,False
TSPAN14,go,20,16,False,False
CCSER2,go,20,7,False,False
WAPL,go,0,0,True,False
SHLD2,go,20,6,False,False
NUTM2A-AS1,go,0,0,True,False
ATAD1,go,20,4,False,False
PTEN,go,0,0,True,True
LIPA,go,0,0,True,False
IFIT5,go,0,0,True,False
KIF20B,go,20,22,False,False
HECTD2,go,0,0,True,False
TNKS2,go,20,3,False,False
BTAF1,go,20,8,False,True
KIF11,go,20,41,False,True
CEP55,go,20,2,False,False
FRA10AC1,go,20,16,False,False
SLC35G1,go,14,65,False,False
HELLS,go,20,1,False,False
PDLIM1,go,20,4,False,False
ZNF518A,go,16,6,False,False
DNTT,go,0,0,True,False
TM9SF3,go,20,22,False,False
LCOR,go,20,19,False,False
SLIT1,go,0,0,True,False
ARHGAP19,go,20,165,False,False
FRAT2,go,20,31,False,False
ZFYVE27,go,20,2,False,False
R3HCC1L,go,20,0,False,False
HPS1,go,20,12,False,False
SCD,go,20,25,False,True
SEC31B,go,0,0,True,False
HIF1AN,go,20,1,False,False
SLF2,go,0,0,True,False
TWNK,go,20,7,False,True
FBXW4,go,20,17,False,False
OGA,go,20,0,False,False
LDB1,go,20,1,False,True
NOLC1,go,20,3,False,True
GBF1,go,20,0,False,True
FBXL15,go,20,18,False,False
RPARP-AS1,go,0,0,True,False
TRIM8,go,20,11,False,False
ARL3,go,20,13,False,False
WBP1L,go,17,2,False,True
BORCS7,go,0,0,True,False
NT5C2,go,20,1,False,False
INA,go,0,0,True,False
SH3PXD2A,go,0,0,True,False
AL121929.2,go,0,0,True,False
ADD3,go,20,8,False,False
MXI1,go,20,57,False,False
SMNDC1,go,20,60,False,True
SMC3,go,20,8,False,True
PDCD4,go,20,0,False,False
SHOC2,go,20,27,False,True
GPAM,go,0,0,True,False
VTI1A,go,20,24,False,False
TCF7L2,go,20,2,False,False
DCLRE1A,go,20,3,False,False
NHLRC2,go,20,24,False,True
CCDC186,go,0,0,True,False
ABLIM1,go,0,0,True,False
FAM160B1,go,0,0,True,False
GFRA1,go,0,0,True,False
SHTN1,go,0,0,True,False
PDZD8,go,18,10,False,False
RAB11FIP2,go,0,0,True,False
FAM204A,go,20,20,False,False
CACUL1,go,20,1,False,False
DENND10,go,20,5,False,False
BAG3,go,20,3,False,False
MCMBP,go,20,50,False,True
WDR11,go,20,4,False,False
ATE1,go,20,34,False,False
PLEKHA1,go,20,2,False,False
FAM24B,go,20,28,False,False
C10orf88,go,20,81,False,False
IKZF5,go,20,8,False,False
ACADSB,go,20,3,False,False
HMX3,go,11,0,False,True
BUB3,go,20,19,False,True
FAM53B,go,20,1,False,False
ZRANB1,go,0,0,True,False
EDRF1,go,0,0,True,False
PTPRE,go,0,0,True,False
MKI67,go,20,31,False,False
PPP2R2D,go,20,10,False,False
STK32C,go,20,45,False,False
IFITM2,go,20,4,False,True
SIGIRR,go,18,5,False,False
RASSF7,go,20,18,False,False
PHRF1,go,20,1,False,False
TMEM80,go,17,1,False,False
AP006621.3,go,0,0,True,False
PIDD1,go,0,0,True,False
PNPLA2,go,20,5,False,False
POLR2L,go,20,32,False,True
AP2A2,go,20,7,False,False
TOLLIP,go,20,1,False,False
MOB2,go,20,105,False,False
CTSD,go,19,12,False,False
KCNQ1OT1,go,0,0,True,False
CARS,go,20,83,False,True
ZNF195,go,20,15,False,False
NUP98,go,20,22,False,True
RHOG,go,20,12,False,False
STIM1,go,20,4,False,False
RRM1,go,20,3,False,True
TRIM21,go,20,16,False,False
TRIM34,go,0,0,True,False
FAM160A2,go,20,4,False,False
TPP1,go,12,6,False,False
EIF3F,go,20,12,False,True
TRIM66,go,0,0,True,False
RPL27A,go,20,64,False,True
TMEM9B,go,17,18,False,False
DENND5A,go,20,40,False,False
TMEM41B,go,18,5,False,False
IPO7,go,20,21,False,True
AC132192.2,go,0,0,True,False
ZNF143,go,20,3,False,True
WEE1,go,20,10,False,True
SWAP70,go,0,0,True,False
SBF2,go,0,0,True,False
CTR9,go,20,5,False,True
EIF4G2,go,20,7,False,True
ZBED5,go,20,12,False,False
USP47,go,20,17,False,False
TEAD1,go,20,9,False,False
ARNTL,go,20,4,False,False
BTBD10,go,20,9,False,False
FAR1,go,20,5,False,False
COPB1,go,20,50,False,True
PDE3B,go,20,3,False,False
CYP2R1,go,8,3,False,False
PIK3C2A,go,20,6,False,False
NUCB2,go,20,23,False,False
NCR3LG1,go,14,58,False,False
HPS5,go,20,8,False,True
GTF2H1,go,20,8,False,True
LDHA,go,20,35,False,False
SPTY2D1,go,20,2,False,False
E2F8,go,20,3,False,False
FANCF,go,20,11,False,False
SVIP,go,20,3,False,False
CCDC34,go,0,0,True,False
LIN7C,go,19,4,False,False
KIF18A,go,20,21,False,True
ARL14EP,go,20,121,False,False
MPPED2,go,0,0,True,False
RCN1,go,20,1,False,False
QSER1,go,20,1,False,False
CSTF3,go,20,34,False,True
HIPK3,go,20,68,False,False
CD59,go,20,22,False,False
FBXO3,go,20,55,False,False
CAPRIN1,go,20,21,False,False
CAT,go,0,0,True,False
TRIM44,go,20,11,False,False
TRAF6,go,0,0,True,False
RAG2,go,0,0,True,False
API5,go,20,24,False,False
TTC17,go,20,73,False,False
HSD17B12,go,20,2,False,True
ALKBH3,go,20,4,False,False
C11orf96,go,0,0,True,False
CD82,go,0,0,True,False
PHF21A,go,20,37,False,False
DGKZ,go,20,9,False,False
ATG13,go,20,9,False,False
ARHGAP1,go,20,22,False,False
ZNF408,go,20,3,False,False
CKAP5,go,20,22,False,True
ARFGAP2,go,20,26,False,False
DDB2,go,20,15,False,False
SLC39A13,go,20,8,False,False
PSMC3,go,20,25,False,True
CELF1,go,20,6,False,False
FNBP4,go,20,11,False,True
NUP160,go,20,20,False,True
SLC43A3,go,17,1,False,False
MED19,go,20,22,False,True
LPXN,go,0,0,True,False
ZFP91,go,20,5,False,False
FAM111B,go,0,0,True,False
FAM111A-DT,go,0,0,True,False
FAM111A,go,20,7,False,False
OSBP,go,20,9,False,True
CD6,go,0,0,True,False
CD5,go,0,0,True,False
CYB561A3,go,20,23,False,False
SDHAF2,go,20,8,False,True
FEN1,go,20,13,False,True
FADS2,go,7,1,False,False
FADS1,go,9,5,False,False
FADS3,go,20,5,False,False
FTH1,go,20,10,False,False
INCENP,go,20,5,False,True
ASRGL1,go,20,7,False,False
MTA2,go,20,27,False,False
B3GAT3,go,20,13,False,False
UQCC3,go,0,0,True,False
BSCL2,go,20,4,False,False
HNRNPUL2,go,20,54,False,False
TTC9C,go,20,0,False,False
TMEM223,go,20,18,False,False
NXF1,go,20,49,False,True
SNHG1,go,0,0,True,False
SLC3A2,go,20,5,False,False
PLAAT4,go,0,0,True,False
RTN3,go,20,43,False,False
MARK2,go,20,15,False,False
STIP1,go,20,12,False,False
FERMT3,go,19,5,False,False
TRPT1,go,3,0,False,False
NUDT22,go,20,14,False,False
DNAJC4,go,19,37,False,False
VEGFB,go,18,0,False,False
PPP1R14B,go,20,2,False,False
ESRRA,go,15,9,False,False
RASGRP2,go,20,6,False,False
MAP4K2,go,20,9,False,False
EHD1,go,20,13,False,False
ATG2A,go,20,5,False,False
SAC3D1,go,20,42,False,False
CDCA5,go,20,28,False,True
TM7SF2,go,20,15,False,True
ZNHIT2,go,20,35,False,True
SYVN1,go,20,19,False,False
MRPL49,go,20,46,False,True
CAPN1,go,20,20,False,False
DPF2,go,20,24,False,False
SLC25A45,go,0,0,True,False
FRMD8,go,20,41,False,False
NEAT1,go,0,0,True,False
MALAT1,go,0,0,True,False
LTBP3,go,11,2,False,True
FAM89B,go,19,1,False,False
EHBP1L1,go,20,5,False,False
MAP3K11,go,20,12,False,False
MUS81,go,20,1,False,False
CTSW,go,0,0,True,False
CCDC85B,go,20,13,False,False
C11orf68,go,20,46,False,False
PACS1,go,20,15,False,False
ZDHHC24,go,18,22,False,False
CCS,go,20,3,False,False
RBM4B,go,20,10,False,False
KDM2A,go,20,2,False,True
ANKRD13D,go,20,5,False,False
RAD9A,go,20,4,False,True
POLD4,go,20,3,False,False
TBC1D10C,go,0,0,True,False
CORO1B,go,20,28,False,False
TMEM134,go,19,26,False,False
CDK2AP2,go,20,9,False,False
GSTP1,go,20,0,False,False
NUDT8,go,4,1,False,False
KMT5B,go,0,0,True,False
PPP6R3,go,20,42,False,False
CPT1A,go,2,0,False,False
IGHMBP2,go,20,21,False,False
LTO1,go,20,1,False,False
PPFIA1,go,20,11,False,False
DHCR7,go,20,17,False,False
AP002387.2,go,0,0,True,False
NADSYN1,go,20,18,False,False
NUMA1,go,20,4,False,True
ARAP1,go,20,19,False,False
FCHSD2,go,0,0,True,False
FAM168A,go,0,0,True,False
RAB6A,go,20,42,False,True
COA4,go,20,13,False,False
UCP2,go,20,0,False,False
PPME1,go,20,2,False,True
PGM2L1,go,20,2,False,False
POLD3,go,20,8,False,True
RNF169,go,20,35,False,False
XRRA1,go,20,23,False,False
RPS3,go,20,1,False,True
UVRAG,go,7,4,False,False
THAP12,go,20,10,False,False
GVQW3,go,0,0,True,False
AP002360.1,go,0,0,True,False
EMSY,go,0,0,True,False
ACER3,go,19,1,False,False
RSF1,go,20,18,False,False
AAMDC,go,20,79,False,False
PRCP,go,20,3,False,False
RAB30-DT,go,0,0,True,False
PCF11,go,20,4,False,True
AP000873.2,go,0,0,True,False
CREBZF,go,19,16,False,False
PICALM,go,19,3,False,False
CTSC,go,18,7,False,False
CHORDC1,go,20,0,False,True
SMCO4,go,15,82,False,False
CEP295,go,0,0,True,False
TAF1D,go,20,18,False,True
C11orf54,go,20,61,False,False
MED17,go,20,36,False,True
MRE11,go,20,9,False,False
ANKRD49,go,20,53,False,True
SRSF8,go,20,145,False,False
ENDOD1,go,20,37,False,False
FAM76B,go,20,11,False,False
CEP57,go,20,13,False,False
CCDC82,go,20,26,False,False
JRKL,go,20,22,False,False
BIRC3,go,0,0,True,False
BIRC2,go,20,4,False,False
TMEM123,go,20,2,False,False
DYNC2H1,go,0,0,True,False
MSANTD4,go,20,87,False,False
CWF19L2,go,20,2,False,True
CUL5,go,20,8,False,False
NPAT,go,20,33,False,True
ATM,go,20,4,False,False
DDX10,go,20,23,False,True
RDX,go,9,2,False,False
NKAPD1,go,20,26,False,True
C11orf71,go,20,42,False,False
RBM7,go,20,1,False,False
SIK3,go,20,53,False,False
PAFAH1B2,go,20,4,False,False
PCSK7,go,20,4,False,False
RNF214,go,20,9,False,False
CEP164,go,20,51,False,False
FXYD2,go,0,0,True,False
CD3E,go,0,0,True,False
CD3D,go,20,11,False,False
CD3G,go,0,0,True,False
KMT2A,go,20,10,False,False
ARCN1,go,20,24,False,True
DDX6,go,20,31,False,True
CCDC84,go,20,23,False,True
RPS25,go,20,51,False,True
HYOU1,go,20,17,False,True
H2AFX,go,20,9,False,True
C2CD2L,go,17,7,False,False
HINFP,go,20,34,False,True
CBL,go,20,1,False,False
THY1,go,0,0,True,False
TLCD5,go,20,39,False,False
ARHGEF12,go,20,80,False,False
SC5D,go,16,4,False,False
UBASH3B,go,20,1,False,False
HSPA8,go,20,7,False,True
TBRG1,go,20,18,False,False
MSANTD2,go,0,0,True,False
CCDC15-DT,go,0,0,True,False
CCDC15,go,0,0,True,False
CHEK1,go,20,5,False,True
ETS1,go,20,29,False,False
FLI1,go,17,88,False,False
ARHGAP32,go,0,0,True,False
NFRKB,go,20,14,False,True
APLP2,go,20,13,False,False
ZBTB44,go,20,91,False,True
SNX19,go,20,6,False,False
NCAPD3,go,20,9,False,True
GLB1L3,go,0,0,True,False
KDM5A,go,20,13,False,False
WNK1,go,20,3,False,True
ERC1,go,20,2,False,False
FKBP4,go,20,6,False,False
FOXM1,go,20,10,False,False
CRACR2A,go,0,0,True,False
PARP11,go,0,0,True,False
TIGAR,go,0,0,True,False
C12orf4,go,20,71,False,False
RAD51AP1,go,20,25,False,False
AC005833.2,go,0,0,True,False
TNFRSF1A,go,20,4,False,False
CD27-AS1,go,0,0,True,False
TAPBPL,go,0,0,True,False
NCAPD2,go,20,15,False,True
CHD4,go,20,43,False,True
ING4,go,20,7,False,False
ZNF384,go,15,27,False,False
PTMS,go,20,3,False,False
CDCA3,go,20,36,False,False
TPI1,go,20,8,False,True
SPSB2,go,20,28,False,False
ENO2,go,20,5,False,False
ATN1,go,20,24,False,False
C12orf57,go,20,1,False,False
PTPN6,go,0,0,True,False
FOXJ2,go,13,25,False,False
NECAP1,go,20,27,False,False
RIMKLB,go,20,10,False,False
PHC1,go,0,0,True,False
M6PR,go,20,17,False,False
CD69,go,20,10,False,False
CLEC2B,go,20,30,False,False
GABARAPL1,go,20,14,False,False
YBX3,go,20,1,False,True
PRH1,go,0,0,True,False
SMIM10L1,go,0,0,True,False
ETV6,go,20,21,False,False
LRP6,go,2,2,False,False
CDKN1B,go,18,2,False,False
ATF7IP,go,20,43,False,False
ARHGDIB,go,20,21,False,False
PLEKHA5,go,20,5,False,False
AEBP2,go,20,12,False,False
PYROXD1,go,20,4,False,True
RECQL,go,20,41,False,False
C2CD5,go,0,0,True,False
ETNK1,go,20,70,False,False
BCAT1,go,20,1,False,False
LRMP,go,0,0,True,False
ETFRF1,go,20,41,False,False
KRAS,go,20,15,False,False
ITPR2,go,20,3,False,False
FGFR1OP2,go,20,31,False,False
TM7SF3,go,20,7,False,False
STK38L,go,20,90,False,False
PPFIBP1,go,20,17,False,False
KLHL42,go,20,14,False,False
CCDC91,go,20,36,False,False
IPO8,go,20,41,False,False
CAPRIN2,go,0,0,True,False
DDX11,go,20,13,False,True
SINHCAF,go,20,15,False,False
RESF1,go,20,7,False,False
BICD1,go,20,1,False,False
AC026356.2,go,0,0,True,False
DNM1L,go,20,3,False,True
ALG10B,go,0,0,True,False
GXYLT1,go,20,0,False,False
YAF2,go,20,110,False,False
PUS7L,go,20,21,False,False
IRAK4,go,20,24,False,False
TWF1,go,20,15,False,True
ANO6,go,19,1,False,False
AC008124.1,go,0,0,True,False
ARID2,go,20,15,False,False
SLC38A1,go,20,10,False,False
SLC38A2,go,9,5,False,False
SLC48A1,go,19,28,False,False
HDAC7,go,20,5,False,True
TMEM106C,go,16,118,False,False
SENP1,go,20,9,False,False
ASB8,go,20,61,False,False
ZNF641,go,19,28,False,False
CCNT1,go,20,11,False,False
CACNB3,go,20,0,False,True
FKBP11,go,20,12,False,False
KMT2D,go,20,9,False,False
LMBR1L,go,20,10,False,False
TUBA1B,go,20,20,False,True
TUBA1A,go,20,24,False,False
TUBA1C,go,20,20,False,True
TROAP,go,20,58,False,False
SPATS2,go,20,41,False,False
FMNL3,go,20,17,False,False
TMBIM6,go,20,5,False,False
NCKAP5L,go,20,15,False,False
BCDIN3D,go,0,0,True,False
RACGAP1,go,20,5,False,True
ASIC1,go,0,0,True,False
LIMA1,go,20,15,False,False
LARP4,go,20,8,False,False
DIP2B,go,20,11,False,False
ATF1,go,20,1,False,False
SLC11A2,go,6,3,False,False
LETMD1,go,19,34,False,False
CSRNP2,go,9,16,False,False
TFCP2,go,17,87,False,False
DAZAP2,go,20,4,False,False
BIN2,go,0,0,True,False
GALNT6,go,20,34,False,False
SLC4A8,go,0,0,True,False
SCN8A,go,0,0,True,False
KRT1,go,0,0,True,False
EIF4B,go,20,13,False,True
IGFBP6,go,0,0,True,False
ZNF740,go,11,55,False,False
SP1,go,20,3,False,True
CALCOCO1,go,20,13,False,False
CBX5,go,20,11,False,False
NCKAP1L,go,3,1,False,False
TESPA1,go,0,0,True,False
CD63,go,20,10,False,False
GDF11,go,20,0,False,False
PYM1,go,0,0,True,False
DGKA,go,0,0,True,False
CDK2,go,20,7,False,True
RAB5B,go,20,30,False,False
PA2G4,go,20,21,False,False
ESYT1,go,20,18,False,True
ZC3H10,go,0,0,True,False
MYL6,go,20,4,False,False
SMARCC2,go,20,16,False,False
CNPY2,go,20,4,False,False
TIMELESS,go,20,4,False,True
BAZ2A,go,20,0,False,False
PRIM1,go,20,2,False,True
ZBTB39,go,20,40,False,False
STAT6,go,20,5,False,False
R3HDM2,go,20,103,False,False
MARS,go,20,5,False,True
DDIT3,go,20,5,False,False
MBD6,go,20,40,False,False
OS9,go,20,14,False,False
AGAP2,go,0,0,True,False
MARCH9,go,19,4,False,False
CTDSP2,go,20,12,False,False
GIHCG,go,0,0,True,False
SLC16A7,go,0,0,True,False
USP15,go,20,18,False,False
MON2,go,20,44,False,False
PPM1H,go,20,34,False,False
RXYLT1,go,20,19,False,False
XPOT,go,20,6,False,False
TBK1,go,20,11,False,False
GNS,go,20,11,False,False
LEMD3,go,20,5,False,False
TMBIM4,go,20,26,False,False
HELB,go,0,0,True,False
CAND1,go,20,46,False,False
DYRK2,go,20,58,False,False
MDM1,go,20,40,False,False
RAP1B,go,20,19,False,False
SLC35E3,go,20,4,False,False
MDM2,go,20,8,False,False
FRS2,go,0,0,True,False
RAB3IP,go,20,6,False,False
AC025159.1,go,0,0,True,False
ZFC3H1,go,20,7,False,True
THAP2,go,20,29,False,False
RAB21,go,20,15,False,False
TBC1D15,go,20,27,False,False
ATXN7L3B,go,20,80,False,False
OSBPL8,go,20,6,False,False
ZDHHC17,go,20,3,False,False
E2F7,go,20,1,False,False
PAWR,go,0,0,True,False
PPP1R12A,go,20,5,False,True
CCDC59,go,20,117,False,True
CEP290,go,20,14,False,False
TMTC3,go,0,0,True,False
ATP2B1,go,18,5,False,False
BTG1,go,20,1,False,False
EEA1,go,20,8,False,False
NUDT4,go,20,1,False,False
CEP83,go,0,0,True,False
NR2C1,go,20,7,False,False
FGD6,go,20,7,False,False
VEZT,go,20,6,False,True
USP44,go,20,26,False,False
ELK3,go,18,82,False,False
CDK17,go,20,43,False,False
NEDD1,go,20,37,False,True
TMPO-AS1,go,0,0,True,False
TMPO,go,18,9,False,False
APAF1,go,20,5,False,False
UHRF1BP1L,go,20,16,False,False
ACTR6,go,20,9,False,True
SCYL2,go,10,0,False,False
UTP20,go,20,16,False,True
GNPTAB,go,20,17,False,False
WASHC3,go,20,6,False,False
HELLPAR,go,0,0,True,False
HSP90B1,go,20,29,False,True
HCFC2,go,0,0,True,False
NFYB,go,20,40,False,True
TXNRD1,go,20,14,False,False
CHST11,go,13,3,False,False
WASHC4,go,20,4,False,False
APPL2,go,0,0,True,False
C12orf75,go,0,0,True,False
RIC8B,go,0,0,True,False
TMEM263,go,0,0,True,False
CRY1,go,20,0,False,False
SELPLG,go,19,15,False,False
CORO1C,go,11,0,False,False
SSH1,go,0,0,True,False
ALKBH2,go,20,2,False,False
UNG,go,20,11,False,False
KCTD10,go,20,27,False,True
MVK,go,20,12,False,True
GLTP,go,20,4,False,False
TCHP,go,20,10,False,False
GIT2,go,20,26,False,True
ANKRD13A,go,20,3,False,False
C12orf76,go,0,0,True,False
IFT81,go,20,13,False,False
FAM216A,go,0,0,True,False
PPTC7,go,20,25,False,False
ATXN2,go,20,9,False,False
MAPKAPK5-AS1,go,0,0,True,False
MAPKAPK5,go,20,15,False,False
TMEM116,go,20,24,False,False
HECTD4,go,19,9,False,False
PTPN11,go,5,1,False,True
DTX1,go,0,0,True,False
SLC8B1,go,3,1,False,False
MED13L,go,20,1,False,False
C12orf49,go,17,36,False,False
KSR2,go,20,108,False,False
RFC5,go,20,38,False,True
WSB2,go,20,17,False,False
TAOK3,go,20,10,False,False
SUDS3,go,20,19,False,True
PRKAB1,go,20,20,False,False
CIT,go,20,1,False,False
RAB35,go,20,14,False,False
GATC,go,20,8,False,False
DYNLL1,go,20,21,False,True
UNC119B,go,20,11,False,False
SPPL3,go,20,5,False,False
P2RX4,go,3,0,False,False
ORAI1,go,20,5,False,False
TMEM120B,go,18,20,False,False
RHOF,go,0,0,True,False
LINC01089,go,0,0,True,False
SETD1B,go,20,12,False,False
BCL7A,go,20,17,False,False
MLXIP,go,7,10,False,False
VPS33A,go,20,6,False,True
CLIP1,go,20,34,False,False
ZCCHC8,go,20,12,False,False
RSRC2,go,20,40,False,True
KNTC1,go,20,19,False,False
VPS37B,go,20,19,False,False
PITPNM2,go,0,0,True,False
MPHOSPH9,go,20,38,False,False
C12orf65,go,20,7,False,False
SBNO1,go,20,3,False,True
RILPL2,go,20,48,False,False
TMED2,go,20,7,False,True
ATP6V0A2,go,20,20,False,False
CCDC92,go,20,50,False,False
ZNF664,go,20,20,False,False
NCOR2,go,20,17,False,False
UBC,go,20,17,False,True
BRI3BP,go,14,83,False,False
SLC15A4,go,5,0,False,False
RAN,go,20,3,False,True
SFSWAP,go,20,11,False,True
ULK1,go,0,0,True,False
POLE,go,20,9,False,True
PXMP2,go,20,104,False,False
ANKLE2,go,20,22,False,True
GOLGA3,go,20,49,False,False
ZNF605,go,16,28,False,False
ZNF26,go,19,72,False,False
ZNF84,go,19,27,False,True
ZNF891,go,16,24,False,False
ZNF268,go,15,8,False,False
ZMYM5,go,20,33,False,False
ZMYM2,go,20,19,False,False
CRYL1,go,0,0,True,False
IFT88,go,20,19,False,False
SKA3,go,20,33,False,True
LINC00539,go,0,0,True,False
ZDHHC20,go,20,7,False,False
MICU2,go,20,5,False,False
FGF9,go,0,0,True,False
SACS,go,20,7,False,False
PARP4,go,20,9,False,False
CENPJ,go,20,10,False,True
MTMR6,go,0,0,True,False
NUP58,go,0,0,True,False
ATP8A2,go,0,0,True,False
SHISA2,go,0,0,True,False
RNF6,go,20,13,False,False
USP12,go,20,61,False,False
MTIF3,go,20,4,False,False
LNX2,go,0,0,True,False
PAN3,go,11,0,False,False
FLT1,go,0,0,True,False
SLC46A3,go,0,0,True,False
UBL3,go,20,63,False,False
LINC00426,go,0,0,True,False
HMGB1,go,5,1,False,True
USPL1,go,20,0,False,True
ALOX5AP,go,0,0,True,False
HSPH1,go,20,40,False,True
BRCA2,go,20,2,False,True
N4BP2L1,go,0,0,True,False
N4BP2L2,go,20,10,False,False
PDS5B,go,20,35,False,False
NBEA,go,0,0,True,False
SPART,go,20,7,False,False
RFXAP,go,13,9,False,False
EXOSC8,go,20,10,False,True
SUPT20H,go,20,14,False,True
UFM1,go,20,4,False,True
PROSER1,go,0,0,True,False
NHLRC3,go,20,6,False,False
COG6,go,20,7,False,True
ELF1,go,17,7,False,False
WBP4,go,20,42,False,False
KBTBD6,go,20,14,False,False
NAA16,go,20,17,False,False
RGCC,go,20,1,False,False
DGKH,go,20,4,False,False
AKAP11,go,20,2,False,False
TSC22D1,go,20,60,False,False
GPALPP1,go,0,0,True,False
TPT1,go,20,7,False,True
TPT1-AS1,go,0,0,True,False
ZC3H13,go,20,62,False,True
LCP1,go,11,1,False,False
RUBCNL,go,0,0,True,False
ITM2B,go,20,59,False,False
RB1,go,20,0,False,False
RCBTB2,go,20,39,False,False
FNDC3A,go,20,11,False,False
SETDB2,go,20,13,False,False
RCBTB1,go,0,0,True,False
DLEU2,go,0,0,True,False
TRIM13,go,20,17,False,False
DLEU1,go,0,0,True,False
RNASEH2B,go,3,0,False,False
INTS6,go,20,13,False,True
WDFY2,go,20,10,False,False
ALG11,go,17,10,False,True
CKAP2,go,20,7,False,False
SUGT1,go,20,9,False,True
DIAPH3,go,20,21,False,False
TDRD3,go,20,86,False,False
PCDH9,go,0,0,True,False
MZT1,go,20,4,False,True
BORA,go,20,33,False,True
DIS3,go,20,17,False,True
PIBF1,go,20,1,False,False
KLF12,go,20,119,False,False
TBC1D4,go,20,18,False,False
LMO7,go,0,0,True,False
CLN5,go,20,6,False,False
FBXL3,go,20,14,False,False
MYCBP2,go,20,2,False,False
POU4F1,go,20,1,False,False
OBI1,go,14,7,False,False
RBM26,go,20,71,False,False
NDFIP2,go,20,6,False,False
MIR17HG,go,0,0,True,False
GPR180,go,20,6,False,False
DNAJC3,go,20,10,False,False
MBNL2,go,20,16,False,False
RAP2A,go,20,12,False,False
IPO5,go,20,9,False,False
STK24,go,20,54,False,False
UBAC2,go,20,42,False,False
TM9SF2,go,20,4,False,False
PCCA,go,20,22,False,False
FGF14-AS2,go,0,0,True,False
BIVM,go,20,177,False,False
ERCC5,go,20,10,False,False
ARGLU1,go,20,125,False,True
LIG4,go,20,2,False,False
ABHD13,go,20,10,False,False
NAXD,go,20,6,False,False
ING1,go,20,12,False,False
ANKRD10,go,20,79,False,False
ARHGEF7,go,20,3,False,False
ATP11A,go,20,15,False,False
CUL4A,go,20,9,False,False
LAMP1,go,20,24,False,False
TMCO3,go,20,2,False,False
TFDP1,go,20,10,False,True
RASA3,go,20,11,False,False
UPF3A,go,20,26,False,True
CHAMP1,go,20,3,False,False
CCNB1IP1,go,20,6,False,False
PIP4P1,go,20,5,False,False
PNP,go,4,1,False,False
ZNF219,go,20,17,False,False
SUPT16H,go,20,8,False,True
CHD8,go,20,21,False,False
RAB2B,go,20,36,False,False
TOX4,go,9,11,False,True
TRAC,go,0,0,True,False
DAD1,go,20,12,False,True
MRPL52,go,20,19,False,False
LRP10,go,6,1,False,False
RBM23,go,20,31,False,False
ACIN1,go,20,16,False,True
C14orf119,go,20,156,False,False
CEBPE,go,19,11,False,False
PPP1R3E,go,3,1,False,False
AP1G2,go,20,16,False,False
DHRS4-AS1,go,0,0,True,False
DCAF11,go,20,23,False,False
EMC9,go,20,12,False,False
PSME2,go,20,37,False,True
LTB4R,go,20,5,False,False
SDR39U1,go,20,15,False,True
CTSG,go,0,0,True,False
NOVA1,go,0,0,True,False
G2E3,go,20,54,False,False
SCFD1,go,20,10,False,True
COCH,go,18,9,False,False
STRN3,go,20,4,False,False
HECTD1,go,20,3,False,True
ARHGAP5,go,20,43,False,False
EAPP,go,20,35,False,False
SNX6,go,20,6,False,False
BAZ1A,go,18,3,False,False
AL121603.2,go,0,0,True,False
SRP54,go,20,9,False,True
PPP2R3C,go,20,0,False,True
NFKBIA,go,20,4,False,False
RALGAPA1,go,20,12,False,False
SEC23A,go,20,16,False,False
TRAPPC6B,go,20,12,False,False
PNN,go,20,5,False,True
MIA2,go,20,0,False,False
FBXO33,go,20,18,False,False
KLHL28,go,0,0,True,False
PRPF39,go,20,2,False,True
FANCM,go,20,1,False,False
MIS18BP1,go,20,38,False,True
NEMF,go,20,2,False,True
VCPKMT,go,0,0,True,False
SOS2,go,0,0,True,False
MAP4K5,go,20,75,False,False
NIN,go,20,1,False,False
GNG2,go,0,0,True,False
ERO1A,go,0,0,True,False
FERMT2,go,20,6,False,False
DDHD1,go,19,56,False,False
AL365295.1,go,0,0,True,False
CDKN3,go,20,17,False,False
GMFB,go,5,1,False,False
WDHD1,go,20,27,False,True
SOCS4,go,20,0,False,False
DLGAP5,go,20,5,False,False
KTN1,go,20,64,False,False
PELI2,go,0,0,True,False
TMEM260,go,0,0,True,False
EXOC5,go,20,7,False,True
AP5M1,go,20,16,False,False
NAA30,go,20,57,False,True
ACTR10,go,20,16,False,True
PSMA3-AS1,go,0,0,True,False
ARID4A,go,20,11,False,False
TIMM9,go,20,13,False,True
KIAA0586,go,20,46,False,True
DAAM1,go,20,33,False,False
PCNX4,go,15,107,False,False
DHRS7,go,16,4,False,False
PPM1A,go,20,5,False,False
SIX6,go,6,6,False,False
PRKCH,go,0,0,True,False
HIF1A,go,20,2,False,False
SNAPC1,go,20,7,False,True
SYNE2,go,0,0,True,False
MTHFD1,go,20,3,False,True
ZBTB25,go,20,32,False,False
ZBTB1,go,18,3,False,False
MAX,go,20,18,False,True
FUT8,go,20,9,False,False
ATP6V1D,go,20,23,False,True
ZFP36L1,go,20,3,False,False
ACTN1,go,20,17,False,False
DCAF5,go,20,42,False,False
SLC39A9,go,16,12,False,True
SRSF5,go,20,7,False,False
SYNJ2BP,go,4,1,False,False
PCNX1,go,0,0,True,False
SIPA1L1,go,0,0,True,False
DPF3,go,20,14,False,False
ZFYVE1,go,0,0,True,False
PSEN1,go,1,0,False,False
NUMB,go,20,3,False,False
DNAL1,go,20,2,False,False
ELMSAN1,go,20,5,False,False
LIN52,go,20,2,False,True
ABCD4,go,15,3,False,False
NPC2,go,20,10,False,False
AREL1,go,20,53,False,False
ACYP1,go,2,1,False,False
NEK9,go,20,111,False,False
BATF,go,15,3,False,False
ERG28,go,20,68,False,False
GPATCH2L,go,20,0,False,False
IRF2BPL,go,20,34,False,False
CIPC,go,0,0,True,False
TMED8,go,20,0,False,False
AHSA1,go,20,20,False,False
CEP128,go,0,0,True,False
TSHR,go,0,0,True,False
GTF2A1,go,20,21,False,True
SEL1L,go,20,17,False,False
SPATA7,go,0,0,True,False
FOXN3,go,17,1,False,False
NRDE2,go,20,8,False,True
CALM1,go,8,2,False,False
RPS6KA5,go,0,0,True,False
CCDC88C,go,20,5,False,False
PPP4R3A,go,0,0,True,False
TRIP11,go,20,4,False,False
NDUFB1,go,18,17,False,False
CPSF2,go,20,16,False,True
LGMN,go,3,2,False,False
GOLGA5,go,20,4,False,False
MOAP1,go,0,0,True,False
GON7,go,20,73,False,False
UBR7,go,20,16,False,False
BTBD7,go,20,9,False,False
DDX24,go,20,25,False,True
IFI27L2,go,20,16,False,False
DICER1,go,20,6,False,True
SNHG10,go,0,0,True,False
ATG2B,go,5,5,False,False
GSKIP,go,20,3,False,False
PAPOLA,go,20,16,False,False
LINC01550,go,0,0,True,False
BCL11B,go,15,1,False,False
EVL,go,20,14,False,False
SLC25A29,go,16,1,False,False
DYNC1H1,go,20,7,False,True
HSP90AA1,go,20,10,False,False
WDR20,go,20,53,False,False
ZNF839,go,0,0,True,False
RCOR1,go,20,28,False,True
TRAF3,go,20,7,False,False
EIF5,go,20,33,False,True
MARK3,go,20,56,False,False
CKB,go,20,4,False,False
BAG5,go,20,13,False,False
KLC1,go,20,11,False,False
ZFYVE21,go,20,12,False,False
SIVA1,go,20,0,False,False
CDCA4,go,20,181,False,False
NUDT14,go,20,9,False,False
PACS2,go,20,10,False,False
AL928654.1,go,0,0,True,False
CRIP1,go,0,0,True,False
CYFIP1,go,15,4,False,True
SNRPN,go,0,0,True,False
SNHG14,go,0,0,True,False
UBE3A,go,20,1,False,False
GABRB3,go,0,0,True,False
HERC2,go,0,0,True,False
APBA2,go,20,15,False,False
NSMCE3,go,0,0,True,False
FAN1,go,20,1,False,False
KLF13,go,11,39,False,False
ARHGAP11A,go,20,31,False,False
PGBD4,go,0,0,True,False
LPCAT4,go,20,5,False,False
GOLGA8B,go,20,5,False,False
AQR,go,20,50,False,True
ZNF770,go,17,26,False,False
MEIS2,go,19,2,False,False
SPRED1,go,20,1,False,False
RASGRP1,go,0,0,True,False
BUB1B,go,20,27,False,True
KNSTRN,go,20,13,False,False
IVD,go,0,0,True,False
CCDC32,go,20,0,False,False
KNL1,go,20,25,False,False
RAD51-AS1,go,0,0,True,False
GCHFR,go,20,1,False,False
NUSAP1,go,20,9,False,False
MGA,go,20,0,False,False
MAPKBP1,go,0,0,True,False
VPS39,go,18,8,False,False
TMEM87A,go,20,45,False,False
ZNF106,go,20,9,False,False
SNAP23,go,20,11,False,False
LRRC57,go,20,15,False,False
HAUS2,go,20,20,False,False
TTBK2,go,20,11,False,False
UBR1,go,20,19,False,False
CCNDBP1,go,20,119,False,False
ADAL,go,20,2,False,False
ZSCAN29,go,14,5,False,False
TUBGCP4,go,20,13,False,True
TP53BP1,go,20,8,False,False
MAP1A,go,16,2,False,False
CATSPER2,go,0,0,True,False
PDIA3,go,20,10,False,False
MFAP1,go,20,22,False,True
WDR76,go,20,3,False,False
CASC4,go,20,51,False,False
CTDSPL2,go,20,8,False,False
EIF3J-DT,go,0,0,True,False
SPG11,go,20,5,False,False
B2M,go,13,3,False,False
TRIM69,go,0,0,True,False
MYEF2,go,0,0,True,False
DUT,go,20,7,False,True
CEP152,go,20,15,False,True
EID1,go,20,16,False,False
SECISBP2L,go,20,3,False,False
DTWD1,go,20,8,False,False
GABPB1,go,20,19,False,True
GABPB1-IT1,go,0,0,True,False
GABPB1-AS1,go,0,0,True,False
USP8,go,20,13,False,True
TRPM7,go,20,0,False,True
SPPL2A,go,20,19,False,False
AP4E1,go,0,0,True,False
DMXL2,go,7,2,False,False
TMOD2,go,0,0,True,False
TMOD3,go,5,2,False,False
MAPK6,go,20,105,False,False
GNB5,go,0,0,True,False
MYO5A,go,0,0,True,False
FAM214A,go,0,0,True,False
RSL24D1,go,20,8,False,True
RAB27A,go,20,3,False,False
PIGBOS1,go,0,0,True,False
RFX7,go,5,41,False,False
ZNF280D,go,20,30,False,False
TCF12,go,20,26,False,False
POLR2M,go,2,1,False,True
ALDH1A2,go,0,0,True,False
ADAM10,go,20,2,False,True
MINDY2,go,15,0,False,False
RNF111,go,20,27,False,False
SLTM,go,20,24,False,False
CCNB2,go,20,16,False,False
BNIP2,go,20,27,False,False
ANXA2,go,20,6,False,False
ICE2,go,0,0,True,False
RORA,go,20,4,False,False
VPS13C,go,20,2,False,False
TLN2,go,0,0,True,False
TPM1,go,20,4,False,False
LACTB,go,20,10,False,False
RPS27L,go,20,0,False,False
RAB8B,go,20,9,False,False
USP3,go,20,6,False,False
HERC1,go,20,9,False,True
PPIB,go,20,21,False,False
CSNK1G1,go,20,97,False,False
PCLAF,go,20,12,False,False
TRIP4,go,20,15,False,False
ZNF609,go,20,1,False,False
OAZ2,go,20,1,False,False
PIF1,go,20,4,False,False
PDCD7,go,20,4,False,True
CLPX,go,20,12,False,False
PARP16,go,0,0,True,False
DPP8,go,20,19,False,False
TIPIN,go,20,5,False,True
MAP2K1,go,20,5,False,False
SMAD3,go,18,10,False,False
AAGAB,go,20,124,False,False
PIAS1,go,20,16,False,True
CALML4,go,20,6,False,False
CLN6,go,20,4,False,False
FEM1B,go,20,8,False,False
KIF23,go,20,33,False,True
TLE3,go,20,17,False,False
UACA,go,0,0,True,False
MYO9A,go,20,3,False,False
PKM,go,20,11,False,True
PARP6,go,3,0,False,False
HEXA,go,20,6,False,False
ARIH1,go,20,89,False,True
BBS4,go,13,3,False,False
UBL7-AS1,go,0,0,True,False
ARID3B,go,20,135,False,False
CLK3,go,20,57,False,False
MAN2C1,go,20,9,False,False
SIN3A,go,20,4,False,True
PTPN9,go,20,13,False,False
IMP3,go,20,7,False,True
UBE2Q2,go,20,35,False,False
SCAPER,go,20,3,False,False
TSPAN3,go,20,11,False,False
PEAK1,go,20,5,False,False
HMG20A,go,20,12,False,False
TBC1D2B,go,0,0,True,False
IREB2,go,20,1,False,False
CHRNA3,go,0,0,True,False
TMED3,go,20,41,False,False
AC015871.7,go,0,0,True,False
ZFAND6,go,20,10,False,False
EFL1,go,0,0,True,False
SNHG21,go,0,0,True,False
WHAMM,go,20,3,False,False
BTBD1,go,20,6,False,False
HDGFL3,go,0,0,True,False
ZSCAN2,go,16,9,False,False
WDR73,go,20,1,False,False
NMB,go,0,0,True,False
AKAP13,go,20,2,False,False
AEN,go,20,13,False,False
ISG20,go,0,0,True,False
MFGE8,go,19,7,False,False
ABHD2,go,0,0,True,False
FANCI,go,20,14,False,False
POLG,go,20,9,False,True
MESP1,go,14,0,False,False
AP3S2,go,20,5,False,False
IDH2,go,20,8,False,False
IQGAP1,go,20,6,False,False
CRTC3,go,20,5,False,False
BLM,go,20,11,False,False
MAN2A2,go,17,7,False,False
PRC1,go,20,47,False,True
LINC01578,go,0,0,True,False
CHD2,go,20,2,False,False
IGF1R,go,5,5,False,False
LRRC28,go,0,0,True,False
MEF2A,go,20,22,False,True
LINS1,go,0,0,True,False
ASB7,go,20,65,False,False
CHSY1,go,20,5,False,False
TARSL2,go,20,23,False,False
NPRL3,go,20,4,False,False
AXIN1,go,20,1,False,False
TMEM8A,go,20,52,False,False
NME4,go,20,10,False,False
MCRIP2,go,20,111,False,False
JMJD8,go,20,17,False,False
METRN,go,19,2,False,False
ANTKMT,go,15,14,False,False
HAGHL,go,20,24,False,False
CIAO3,go,20,2,False,False
GNPTG,go,20,23,False,False
C16orf91,go,20,52,False,False
CLCN7,go,20,6,False,False
CRAMP1,go,0,0,True,False
SPSB3,go,20,36,False,False
FAHD1,go,20,20,False,False
SNHG9,go,0,0,True,False
TSC2,go,20,7,False,False
PKD1,go,0,0,True,False
SNHG19,go,0,0,True,False
CCNF,go,20,20,False,False
ATP6V0C,go,20,21,False,True
PDPK1,go,20,10,False,True
ERVK13-1,go,0,0,True,False
KCTD5,go,20,41,False,False
PKMYT1,go,20,44,False,True
PAQR4,go,20,28,False,False
MMP25-AS1,go,0,0,True,False
IL32,go,0,0,True,False
ZNF213-AS1,go,0,0,True,False
ZNF263,go,20,59,False,False
ZNF75A,go,17,34,False,False
ZSCAN32,go,18,9,False,False
NAA60,go,20,0,False,False
CLUAP1,go,20,21,False,False
NLRC3,go,0,0,True,False
DNASE1,go,0,0,True,False
CREBBP,go,20,8,False,False
CORO7,go,20,48,False,False
MGRN1,go,20,44,False,False
NUDT16L1,go,20,20,False,False
ZNF500,go,20,40,False,False
ROGDI,go,20,1,False,False
GLYR1,go,20,9,False,False
CARHSP1,go,20,14,False,False
USP7,go,20,11,False,True
C16orf72,go,20,0,False,False
ATF7IP2,go,20,4,False,False
RMI2,go,20,28,False,False
SNN,go,0,0,True,False
ZC3H7A,go,20,9,False,False
RSL1D1,go,20,2,False,True
SNX29,go,3,1,False,False
ERCC4,go,20,10,False,False
MRTFB,go,0,0,True,False
PARN,go,20,10,False,True
BFAR,go,20,15,False,False
PDXDC1,go,20,1,False,False
RRN3,go,20,2,False,True
MARF1,go,0,0,True,False
NDE1,go,20,10,False,False
FOPNL,go,20,53,False,False
RPS15A,go,20,39,False,True
ARL6IP1,go,20,16,False,False
SMG1,go,20,46,False,True
COQ7,go,20,3,False,False
GDE1,go,18,2,False,False
CCP110,go,20,11,False,True
LYRM1,go,20,6,False,False
UQCRC2,go,20,24,False,True
MOSMO,go,20,4,False,False
AC092338.3,go,0,0,True,False
NPIPB5,go,0,0,True,False
UBFD1,go,20,8,False,False
DCTN5,go,20,18,False,True
PLK1,go,20,5,False,True
PRKCB,go,20,8,False,False
RBBP6,go,20,9,False,True
TNRC6A,go,20,13,False,True
ZKSCAN2-DT,go,0,0,True,False
GTF3C1,go,20,7,False,True
SBK1,go,0,0,True,False
SULT1A1,go,20,0,False,False
SH2B1,go,20,18,False,False
ATP2A1-AS1,go,0,0,True,False
RABEP2,go,20,28,False,False
NFATC2IP,go,20,24,False,True
LAT,go,0,0,True,False
SPN,go,20,0,False,False
QPRT,go,20,25,False,False
C16orf54,go,0,0,True,False
KIF22,go,20,25,False,False
KCTD13,go,20,9,False,False
TAOK2,go,20,4,False,False
HIRIP3,go,20,122,False,False
CORO1A,go,20,9,False,False
CD2BP2,go,20,50,False,True
SEPTIN1,go,20,7,False,False
DCTPP1,go,20,12,False,False
SEPHS2,go,20,19,False,True
ITGAL,go,0,0,True,False
AC002310.1,go,0,0,True,False
ZNF764,go,19,37,False,False
ZNF688,go,19,37,False,False
ZNF689,go,17,2,False,False
FBRS,go,0,0,True,False
SRCAP,go,20,27,False,True
RNF40,go,20,3,False,True
STX4,go,20,4,False,False
ZNF646,go,20,36,False,False
FUS,go,20,50,False,False
AC026471.1,go,0,0,True,False
C16orf58,go,18,131,False,False
ZNF720,go,20,3,False,True
ZNF267,go,17,23,False,False
SHCBP1,go,20,4,False,False
ORC6,go,20,14,False,True
C16orf87,go,20,130,False,False
NETO2,go,20,0,False,False
ITFG1,go,20,45,False,False
LONP2,go,20,6,False,False
SIAH1,go,20,12,False,False
N4BP1,go,20,1,False,False
CNEP1R1,go,20,7,False,False
CYLD,go,0,0,True,False
CHD9,go,20,25,False,False
RBL2,go,20,3,False,False
AKTIP,go,0,0,True,False
IRX3,go,9,1,False,False
IRX5,go,5,3,False,False
AMFR,go,20,14,False,False
BBS2,go,20,2,False,False
MT2A,go,20,1,False,True
MT1X,go,20,1,False,False
HERPUD1,go,20,17,False,False
NLRC5,go,0,0,True,False
RSPRY1,go,20,13,False,False
ARL2BP,go,20,7,False,False
AC009107.2,go,0,0,True,False
SLC38A7,go,8,5,False,False
TK2,go,0,0,True,False
CKLF,go,16,0,False,False
CMTM1,go,0,0,True,False
CMTM3,go,20,11,False,False
DYNC1LI2,go,20,13,False,False
PDP2,go,20,13,False,False
CES2,go,0,0,True,False
CBFB,go,20,0,False,False
FBXL8,go,20,13,False,False
KIAA0895L,go,20,0,False,False
FHOD1,go,20,9,False,False
ATP6V0D1,go,20,18,False,True
AC009061.2,go,0,0,True,False
CTCF,go,20,1,False,True
GFOD2,go,16,6,False,True
RANBP10,go,20,67,False,False
PSMB10,go,20,12,False,False
NFATC3,go,20,41,False,False
SLC7A6,go,20,9,False,False
SLC7A6OS,go,20,12,False,True
ZFP90,go,19,10,False,False
SNTB2,go,20,15,False,True
COG8,go,20,26,False,True
TERF2,go,19,9,False,True
NFAT5,go,20,16,False,False
NQO1,go,5,1,False,False
PDPR,go,20,12,False,False
EXOSC6,go,20,10,False,True
AARS,go,20,7,False,True
DDX19A,go,20,85,False,True
ST3GAL2,go,16,3,False,False
COG4,go,20,13,False,True
CMTR2,go,20,1,False,True
ZNF23,go,16,18,False,False
AP1G1,go,20,15,False,False
ATXN1L,go,20,5,False,False
IST1,go,20,8,False,True
DHX38,go,20,73,False,False
AC009120.2,go,0,0,True,False
GLG1,go,20,14,False,False
RFWD3,go,20,12,False,False
ZFP1,go,16,21,False,False
CFDP1,go,20,0,False,True
ADAT1,go,20,9,False,False
TERF2IP,go,20,9,False,False
MON1B,go,20,4,False,False
ATMIN,go,16,3,False,False
CMIP,go,20,113,False,False
PLCG2,go,0,0,True,False
MLYCD,go,20,5,False,False
MBTPS1,go,20,2,False,True
COTL1,go,20,51,False,True
KLHL36,go,20,17,False,False
ZDHHC7,go,20,4,False,True
GSE1,go,20,0,False,False
GINS2,go,20,8,False,True
MAP1LC3B,go,20,14,False,False
SLC7A5,go,20,7,False,True
BANP,go,20,18,False,True
ZFPM1,go,20,2,False,False
ZC3H18,go,20,5,False,True
CYBA,go,1,1,False,False
MVD,go,20,5,False,True
RNF166,go,20,31,False,False
PIEZO1,go,20,6,False,False
CDT1,go,20,3,False,True
APRT,go,20,0,False,False
GALNS,go,0,0,True,False
CBFA2T3,go,20,10,False,True
ACSF3,go,20,11,False,False
ANKRD11,go,20,3,False,True
SPG7,go,20,7,False,True
CPNE7,go,20,33,False,True
CHMP1A,go,20,11,False,True
SPATA33,go,20,41,False,False
ZNF276,go,17,7,False,False
FANCA,go,20,2,False,False
TCF25,go,20,17,False,False
TUBB3,go,20,19,False,False
CENPBD1,go,0,0,True,False
C17orf97,go,0,0,True,False
RFLNB,go,11,0,False,False
VPS53,go,20,37,False,False
NXN,go,0,0,True,False
ABR,go,20,25,False,False
CRK,go,11,3,False,False
INPP5K,go,9,0,False,False
PITPNA-AS1,go,0,0,True,False
PRPF8,go,20,10,False,True
SMYD4,go,20,31,False,False
TSR1,go,20,23,False,True
SGSM2,go,20,14,False,False
MNT,go,20,15,False,False
METTL16,go,20,0,False,True
PAFAH1B1,go,4,2,False,True
TAX1BP3,go,20,6,False,False
ITGAE,go,19,4,False,False
NCBP3,go,0,0,True,False
ATP2A3,go,20,8,False,False
ZZEF1,go,20,3,False,False
CYB5D2,go,19,13,False,False
ANKFY1,go,20,36,False,False
SPNS3,go,0,0,True,False
PSMB6,go,20,33,False,True
RNF167,go,20,31,False,False
PFN1,go,20,12,False,True
SPAG7,go,20,46,False,True
AC012146.1,go,0,0,True,False
ZNF594,go,16,39,False,False
RABEP1,go,20,7,False,False
C1QBP,go,20,0,False,True
DERL2,go,20,11,False,True
PIMREG,go,0,0,True,False
KIAA0753,go,0,0,True,False
XAF1,go,0,0,True,False
ALOX12-AS1,go,0,0,True,False
C17orf49,go,20,40,False,False
ACADVL,go,20,2,False,False
PHF23,go,20,22,False,False
GABARAP,go,20,7,False,False
GPS2,go,20,4,False,True
ACAP1,go,0,0,True,False
TMEM256,go,20,14,False,False
CHRNB1,go,1,1,False,False
ZBTB4,go,20,19,False,True
POLR2A,go,20,6,False,True
AC016876.1,go,0,0,True,False
SAT2,go,7,5,False,False
TP53,go,20,2,False,False
KDM6B,go,0,0,True,False
CYB5D1,go,0,0,True,False
CHD3,go,20,46,False,False
VAMP2,go,20,6,False,False
TMEM107,go,16,1,False,False
BORCS6,go,0,0,True,False
AURKB,go,20,5,False,True
RANGRF,go,20,0,False,False
RPL26,go,20,4,False,True
NDEL1,go,20,2,False,False
MYH10,go,20,10,False,False
GAS7,go,0,0,True,False
MAP2K4,go,20,9,False,False
TRIM16,go,20,1,False,False
ZNF286A,go,19,68,False,False
TTC19,go,20,6,False,False
NCOR1,go,20,19,False,False
PIGL,go,20,9,False,False
CENPV,go,20,12,False,False
UBB,go,20,5,False,False
SNHG29,go,0,0,True,False
LRRC75A,go,0,0,True,False
ZNF287,go,17,3,False,False
CCDC144A,go,0,0,True,True
MPRIP,go,20,34,False,False
FLCN,go,12,1,False,False
NT5M,go,17,3,False,False
TOP3A,go,20,9,False,True
SMCR8,go,0,0,True,False
FAM106A,go,0,0,True,False
EPN2,go,20,10,False,False
AKAP10,go,0,0,True,False
USP22,go,20,14,False,False
MAP2K3,go,20,7,False,False
LINC02693,go,0,0,True,False
WSB1,go,20,7,False,False
LGALS9,go,0,0,True,False
NLK,go,20,2,False,False
TMEM97,go,20,12,False,False
IFT20,go,20,5,False,False
UNC119,go,20,4,False,False
PIGS,go,16,15,False,False
SPAG5,go,20,14,False,False
SDF2,go,19,2,False,False
SUPT6H,go,20,1,False,True
TRAF4,go,20,17,False,False
FAM222B,go,20,66,False,False
PHF12,go,20,45,False,True
MYO18A,go,20,1,False,False
NUFIP2,go,20,221,False,False
TAOK1,go,20,10,False,False
TP53I13,go,18,16,False,True
SSH2,go,20,11,False,False
NSRP1,go,20,71,False,True
CPD,go,20,3,False,False
GOSR1,go,20,30,False,False
ATAD5,go,20,1,False,False
NF1,go,1,0,False,True
EVI2B,go,0,0,True,False
SUZ12,go,20,2,False,False
LRRC37B,go,20,49,False,True
RHOT1,go,19,7,False,False
C17orf75,go,20,10,False,False
TMEM98,go,20,33,False,False
ZNF830,go,20,0,False,True
RAD51D,go,20,26,False,True
SLFN5,go,0,0,True,False
SLFN11,go,0,0,True,False
SNHG30,go,0,0,True,False
TAF15,go,20,68,False,False
MYO19,go,20,6,False,False
PIGW,go,17,3,False,False
GGNBP2,go,20,2,False,False
SYNRG,go,20,19,False,False
SOCS7,go,0,0,True,False
AC006449.6,go,0,0,True,False
MLLT6,go,17,1,False,True
PCGF2,go,20,7,False,False
CWC25,go,20,27,False,True
RPL23,go,20,4,False,True
LASP1,go,20,12,False,False
FBXL20,go,20,7,False,False
MED1,go,20,0,False,True
CDK12,go,20,8,False,True
ORMDL3,go,20,0,False,False
THRA,go,20,1,False,False
NR1D1,go,17,6,False,False
MSL1,go,20,31,False,True
CASC3,go,20,14,False,True
WIPF2,go,20,11,False,False
CDC6,go,20,4,False,True
TOP2A,go,20,5,False,True
KRT10,go,20,10,False,True
TMEM99,go,0,0,True,False
EIF1,go,20,26,False,True
ACLY,go,20,18,False,False
NKIRAS2,go,20,0,False,False
STAT5B,go,20,3,False,True
STAT5A,go,20,5,False,True
STAT3,go,20,7,False,False
ATP6V0A1,go,20,32,False,False
PSMC3IP,go,20,0,False,False
RETREG3,go,17,9,False,False
TUBG1,go,20,26,False,True
EZH1,go,20,3,False,False
BECN1,go,11,8,False,False
RUNDC1,go,20,11,False,False
IFI35,go,20,16,False,False
VAT1,go,17,1,False,False
BRCA1,go,20,3,False,True
NBR2,go,0,0,True,False
AC060780.1,go,0,0,True,False
NBR1,go,20,9,False,False
TMEM106A,go,0,0,True,False
ASB16-AS1,go,0,0,True,False
TMUB2,go,18,33,False,False
ATXN7L3,go,20,18,False,False
UBTF,go,20,7,False,True
AC003102.1,go,0,0,True,False
GRN,go,20,6,False,False
GPATCH8,go,20,122,False,False
GJC1,go,3,2,False,False
C1QL1,go,0,0,True,False
HEXIM1,go,20,5,False,True
AC008105.3,go,0,0,True,False
FMNL1,go,20,26,False,False
ARHGAP27,go,0,0,True,False
PLEKHM1,go,0,0,True,False
MAPT,go,0,0,True,False
KANSL1,go,20,16,False,True
KANSL1-AS1,go,0,0,True,False
ARL17B,go,0,0,True,False
ARL17A,go,20,23,False,False
FAM215B,go,0,0,True,False
NSF,go,20,5,False,True
AC005670.3,go,0,0,True,False
CDC27,go,20,29,False,True
AC002558.3,go,0,0,True,False
NPEPPS,go,20,10,False,True
KPNB1,go,20,6,False,True
MRPL10,go,20,22,False,True
AC018521.5,go,0,0,True,False
PNPO,go,20,3,False,False
CDK5RAP3,go,20,1,False,False
NFE2L1,go,20,8,False,False
SKAP1,go,0,0,True,False
HOXB3,go,15,3,False,False
HOXB4,go,19,1,False,False
HOXB7,go,14,53,False,False
CALCOCO2,go,20,23,False,False
UBE2Z,go,20,38,False,True
IGF2BP1,go,20,11,False,False
ZNF652,go,19,31,False,False
FAM117A,go,0,0,True,False
KAT7,go,20,2,False,True
LUC7L3,go,20,38,False,True
TOB1,go,20,2,False,False
SPAG9,go,20,2,False,False
NME1,go,20,7,False,False
NME2,go,0,0,True,False
MBTD1,go,20,22,False,False
AC006141.1,go,0,0,True,False
STXBP4,go,20,2,False,True
MMD,go,0,0,True,False
C17orf67,go,0,0,True,False
DGKE,go,20,10,False,False
TRIM25,go,20,7,False,False
MSI2,go,20,32,False,False
VEZF1,go,18,8,False,False
AC015813.1,go,0,0,True,False
DYNLL2,go,20,18,False,True
TSPOAP1-AS1,go,0,0,True,False
AC004687.1,go,0,0,True,False
SUPT4H1,go,20,13,False,True
MTMR4,go,20,10,False,False
TRIM37,go,20,12,False,False
SKA2,go,20,23,False,False
PRR11,go,20,29,False,False
DHX40,go,20,33,False,False
CLTC,go,20,7,False,True
VMP1,go,20,6,False,True
RPS6KB1,go,20,6,False,False
RNFT1,go,19,13,False,False
USP32,go,20,32,False,False
APPBP2,go,20,9,False,False
PPM1D,go,20,7,False,False
BRIP1,go,20,7,False,True
INTS2,go,20,44,False,True
MED13,go,20,16,False,False
TLK2,go,20,12,False,False
TANC2,go,0,0,True,False
DCAF7,go,20,93,False,False
MAP3K3,go,20,29,False,False
LIMD2,go,20,159,False,False
DDX42,go,20,128,False,True
SNHG25,go,0,0,True,False
PECAM1,go,0,0,True,False
CEP95,go,20,67,False,False
SMURF2,go,20,35,False,False
GNA13,go,20,9,False,False
CEP112,go,0,0,True,False
PRKCA,go,20,9,False,True
HELZ,go,20,40,False,False
BPTF,go,19,12,False,True
KPNA2,go,20,7,False,False
AMZ2,go,18,8,False,False
PRKAR1A,go,20,1,False,False
MAP2K6,go,20,4,False,False
COG1,go,20,17,False,True
C17orf80,go,19,86,False,False
RPL38,go,20,0,False,True
RAB37,go,0,0,True,False
SLC9A3R1,go,3,2,False,False
NAT9,go,20,7,False,False
FDXR,go,20,7,False,True
JPT1,go,20,174,False,False
GRB2,go,20,10,False,True
SAP30BP,go,20,2,False,True
H3F3B,go,20,2,False,False
UNC13D,go,20,4,False,False
WBP2,go,20,16,False,False
FBF1,go,20,33,False,False
ACOX1,go,10,2,False,False
EXOC7,go,20,8,False,True
UBALD2,go,0,0,True,False
SNHG16,go,0,0,True,False
MXRA7,go,20,12,False,False
JMJD6,go,20,0,False,True
METTL23,go,20,1,False,True
SRSF2,go,20,30,False,True
MFSD11,go,15,115,False,False
SNHG20,go,0,0,True,False
SEC14L1,go,20,23,False,False
SEPTIN9,go,20,11,False,False
AC021683.3,go,0,0,True,False
TNRC6C,go,20,9,False,False
TMC6,go,20,50,False,False
TMC8,go,0,0,True,False
TK1,go,20,5,False,False
BIRC5,go,20,12,False,True
CYTH1,go,20,25,False,False
USP36,go,20,26,False,True
TIMP2,go,0,0,True,False
LGALS3BP,go,0,0,True,False
CBX2,go,20,30,False,False
CBX8,go,20,12,False,False
CBX4,go,20,23,False,False
GAA,go,16,3,False,False
RNF213,go,20,1,False,False
ENDOV,go,20,3,False,False
CHMP6,go,20,17,False,True
NDUFAF8,go,20,44,False,False
AC027601.6,go,0,0,True,False
BAHCC1,go,16,0,False,False
ACTG1,go,20,5,False,False
NPLOC4,go,20,12,False,True
OXLD1,go,0,0,True,False
CCDC137,go,20,64,False,True
HGS,go,20,7,False,True
AC139530.1,go,0,0,True,False
MCRIP1,go,20,50,False,False
P4HB,go,20,10,False,False
SIRT7,go,20,2,False,True
MAFG,go,20,20,False,False
CENPX,go,0,0,True,False
RAC3,go,20,10,False,True
RFNG,go,6,0,False,False
CCDC57,go,20,27,False,False
CSNK1D,go,20,20,False,False
CD7,go,20,45,False,False
NARF,go,20,7,False,False
WDR45B,go,20,11,False,False
TYMSOS,go,0,0,True,False
TYMS,go,17,1,False,False
ENOSF1,go,13,1,False,False
YES1,go,20,8,False,False
ADCYAP1,go,0,0,True,False
NDC80,go,20,18,False,True
SMCHD1,go,20,1,False,False
EMILIN2,go,19,1,False,False
LPIN2,go,20,1,False,False
MYL12A,go,20,36,False,False
TGIF1,go,20,67,False,False
ZBTB14,go,20,16,False,True
MTCL1,go,0,0,True,False
ANKRD12,go,20,51,False,False
PPP4R1,go,20,6,False,False
CHMP1B,go,20,12,False,False
MPPE1,go,20,8,False,False
AP005482.1,go,0,0,True,False
PTPN2,go,7,1,False,False
CEP192,go,20,20,False,True
LDLRAD4,go,0,0,True,False
RNMT,go,20,2,False,True
ZNF519,go,20,23,False,False
ROCK1,go,20,2,False,False
ESCO1,go,20,1,False,False
MIB1,go,20,10,False,False
RBBP8,go,20,9,False,True
RIOK3,go,20,4,False,False
NPC1,go,20,8,False,False
TTC39C,go,0,0,True,False
ZNF521,go,17,31,False,False
SS18,go,18,6,False,False
PSMA8,go,0,0,True,False
PCAT18,go,0,0,True,False
CDH2,go,0,0,True,False
DSG2,go,18,3,False,False
B4GALT6,go,0,0,True,False
TRAPPC8,go,20,15,False,True
RNF125,go,20,7,False,False
MAPRE2,go,20,3,False,False
ZNF397,go,20,11,False,False
ZSCAN30,go,20,0,False,False
ZNF24,go,18,45,False,True
RPRD1A,go,20,3,False,False
KIAA1328,go,0,0,True,False
PIK3C3,go,20,11,False,True
EPG5,go,0,0,True,False
C18orf25,go,20,36,False,False
RNF165,go,20,2,False,False
PIAS2,go,20,18,False,False
HDHD2,go,19,13,False,False
SMAD2,go,20,10,False,False
C18orf32,go,20,14,False,False
ACAA2,go,20,2,False,False
SKA1,go,20,26,False,True
ME2,go,1,0,False,False
ELAC1,go,20,29,False,False
SMAD4,go,20,5,False,False
MEX3C,go,20,33,False,False
POLI,go,0,0,True,False
TCF4,go,20,13,False,False
WDR7,go,20,19,False,True
ONECUT2,go,14,0,False,False
MALT1,go,0,0,True,False
LMAN1,go,20,22,False,False
PMAIP1,go,20,8,False,False
RELCH,go,0,0,True,False
BCL2,go,4,3,False,False
KDSR,go,20,99,False,False
VPS4B,go,20,18,False,False
SERPINB8,go,0,0,True,False
TMX3,go,20,36,False,False
CCDC102B,go,0,0,True,False
CD226,go,16,4,False,False
CNDP2,go,20,4,False,False
LINC00909,go,0,0,True,False
ZNF407,go,20,18,False,True
ZADH2,go,10,1,False,False
TSHZ1,go,13,2,False,False
ZNF236,go,20,0,False,True
MBP,go,0,0,True,False
ATP9B,go,20,6,False,False
NFATC1,go,18,19,False,False
TPGS1,go,20,3,False,False
CDC34,go,20,23,False,False
BSG,go,20,10,False,False
CFD,go,20,1,False,False
ARID3A,go,20,90,False,True
TMEM259,go,20,17,False,False
CNN2,go,17,4,False,True
ARHGAP45,go,20,62,False,False
MIDN,go,20,52,False,False
CIRBP,go,20,8,False,False
C19orf25,go,20,129,False,True
REXO1,go,20,9,False,False
ABHD17A,go,20,2,False,True
SCAMP4,go,18,13,False,False
BTBD2,go,20,31,False,False
MKNK2,go,20,38,False,False
MOB3A,go,20,9,False,False
SF3A2,go,20,21,False,True
AMH,go,9,3,False,False
SPPL2B,go,20,9,False,False
TIMM13,go,20,17,False,True
SGTA,go,20,10,False,False
TLE2,go,0,0,True,False
TLE5,go,20,2,False,False
GNA15,go,0,0,True,False
NFIC,go,18,53,False,False
SMIM24,go,0,0,True,False
HMG20B,go,20,16,False,False
PIP5K1C,go,20,6,False,False
MRPL54,go,20,57,False,True
EEF2,go,20,64,False,True
ZBTB7A,go,20,2,False,False
CHAF1A,go,20,10,False,True
UBXN6,go,20,24,False,False
TNFAIP8L1,go,20,20,False,False
FEM1A,go,20,9,False,False
UHRF1,go,20,9,False,True
KDM4B,go,20,6,False,False
SAFB2,go,20,24,False,False
ALKBH7,go,20,23,False,False
GTF2F1,go,20,7,False,True
DENND1C,go,0,0,True,False
GPR108,go,20,48,False,False
VAV1,go,20,4,False,False
ZNF557,go,16,32,False,False
INSR,go,5,3,False,False
ARHGEF18,go,20,32,False,False
PET100,go,11,4,False,False
STXBP2,go,20,7,False,False
RETN,go,0,0,True,False
MAP2K7,go,20,9,False,True
CTXN1,go,20,52,False,False
RPS28,go,20,12,False,True
RAB11B,go,20,4,False,False
MARCH2,go,0,0,True,False
ZNF699,go,19,29,False,False
ZNF559,go,19,41,False,True
ZNF266,go,19,41,False,False
ZNF426,go,19,52,False,False
ZNF121,go,19,77,False,False
ZNF561,go,16,34,False,False
ZNF561-AS1,go,0,0,True,False
ZNF562,go,20,23,False,False
FBXL12,go,20,20,False,False
SHFL,go,20,10,False,False
PPAN,go,20,11,False,True
DNMT1,go,20,3,False,True
ICAM4,go,18,26,False,False
ICAM3,go,20,36,False,False
ATG4D,go,20,6,False,False
KRI1,go,20,12,False,True
CDKN2D,go,20,4,False,False
ILF3-DT,go,0,0,True,False
LDLR,go,7,4,False,False
CCDC159,go,0,0,True,False
ZNF439,go,19,41,False,False
ZNF433-AS1,go,0,0,True,False
ZNF136,go,20,23,False,False
ZNF44,go,16,16,False,False
ZNF564,go,17,10,False,False
ZNF791,go,14,11,False,False
HOOK2,go,20,13,False,False
JUNB,go,20,0,False,False
PRDX2,go,20,2,False,False
FARSA,go,20,35,False,True
CALR,go,20,4,False,True
RAD23A,go,20,10,False,False
IER2,go,20,39,False,False
CCDC130,go,20,2,False,True
CC2D1A,go,19,18,False,False
RFX1,go,18,19,False,False
SAMD1,go,20,5,False,False
PRKACA,go,20,2,False,False
ASF1B,go,20,9,False,True
ADGRL1,go,0,0,True,False
DDX39A,go,20,91,False,False
GIPC1,go,20,3,False,False
DNAJB1,go,20,10,False,False
BRD4,go,20,6,False,True
AKAP8,go,20,2,False,False
AKAP8L,go,20,3,False,False
RASAL3,go,0,0,True,False
TPM4,go,20,16,False,False
FAM32A,go,20,61,False,True
AP1M1,go,20,30,False,False
KLF2,go,20,0,False,False
CHERP,go,20,6,False,True
SLC35E1,go,20,36,False,False
MED26,go,20,32,False,True
MYO9B,go,20,21,False,False
OCEL1,go,5,0,False,False
ABHD8,go,20,5,False,False
BST2,go,20,10,False,False
AC010618.3,go,0,0,True,False
RPL18A,go,20,56,False,True
JUND,go,20,7,False,False
LSM4,go,20,14,False,True
PGPEP1,go,20,9,False,True
SSBP4,go,20,15,False,False
REX1BD,go,20,0,False,False
UPF1,go,20,7,False,True
HOMER3,go,20,8,False,False
SUGP2,go,20,26,False,False
SLC25A42,go,20,3,False,True
NR2C2AP,go,20,62,False,True
MAU2,go,20,6,False,True
GMIP,go,20,49,False,True
ZNF101,go,14,26,False,False
ZNF430,go,20,14,False,False
ZNF714,go,20,20,False,False
ZNF431,go,20,4,False,False
ZNF708,go,20,21,False,False
ZNF429,go,16,40,False,False
AC123912.4,go,0,0,True,False
ZNF100,go,20,46,False,True
ZNF43,go,18,33,False,False
ZNF91,go,19,1,False,False
ZNF675,go,20,1,False,False
AC092279.1,go,0,0,True,False
ZNF254,go,18,7,False,False
LINC00662,go,0,0,True,False
AC006504.5,go,0,0,True,False
PLEKHF1,go,20,4,False,False
C19orf12,go,20,10,False,False
CCNE1,go,20,23,False,False
ZNF507,go,20,20,False,False
CEP89,go,20,20,False,False
CEBPG,go,20,10,False,True
KIAA0355,go,20,12,False,False
UBA2,go,20,1,False,True
ZNF302,go,19,67,False,False
ZNF181,go,16,45,False,False
ZNF599,go,19,41,False,False
ZNF30,go,16,43,False,False
GRAMD1A,go,20,10,False,False
FXYD5,go,17,0,False,False
TMEM147-AS1,go,0,0,True,False
KMT2B,go,20,15,False,False
U2AF1L4,go,20,6,False,False
PSENEN,go,20,9,False,False
ARHGAP33,go,0,0,True,False
HCST,go,0,0,True,False
SDHAF1,go,20,78,False,False
CLIP3,go,0,0,True,False
ZNF146,go,20,17,False,False
ZFP14,go,20,0,False,False
ZFP82,go,16,50,False,False
ZNF566,go,19,41,False,False
ZNF260,go,19,78,False,False
ZNF529,go,16,33,False,False
ZNF567,go,17,10,False,False
ZNF420,go,19,59,False,False
ZNF383,go,18,8,False,False
ZNF875,go,16,27,False,False
ZNF569,go,19,36,False,False
ZNF570,go,16,30,False,False
ZFP30,go,16,50,False,False
SPINT2,go,20,1,False,False
KCNK6,go,0,0,True,False
ACTN4,go,20,15,False,False
RINL,go,0,0,True,False
SIRT2,go,5,2,False,False
GMFG,go,20,3,False,False
MED29,go,20,30,False,True
ZFP36,go,0,0,True,False
PLEKHG2,go,20,42,False,False
SUPT5H,go,20,11,False,True
EID2B,go,20,39,False,False
EID2,go,20,14,False,False
ZNF546,go,16,36,False,False
ZNF780B,go,17,24,False,False
PLD3,go,20,3,False,False
BLVRB,go,20,24,False,False
LTBP4,go,20,11,False,True
SNRPA,go,20,7,False,True
RAB4B,go,19,5,False,True
TGFB1,go,1,0,False,False
CD79A,go,0,0,True,False
ARHGEF1,go,20,85,False,False
RABAC1,go,20,62,False,False
POU2F2,go,17,12,False,False
DEDD2,go,20,0,False,False
GSK3A,go,20,2,False,False
ERF,go,20,2,False,False
CIC,go,12,12,False,False
ETHE1,go,20,30,False,False
XRCC1,go,20,1,False,True
IRGQ,go,20,6,False,False
ZNF576,go,17,7,False,False
ZNF428,go,20,38,False,False
ZNF224,go,18,57,False,False
ZNF226,go,17,27,False,False
TOMM40,go,20,14,False,True
MARK4,go,20,9,False,False
PPP1R37,go,20,4,False,True
TRAPPC6A,go,20,13,False,False
CD3EAP,go,20,3,False,True
VASP,go,20,22,False,False
OPA3,go,20,5,False,False
DMWD,go,20,11,False,False
CALM3,go,3,2,False,False
PRKD2,go,20,16,False,False
SLC1A5,go,20,11,False,True
ARHGAP35,go,20,1,False,False
CCDC9,go,20,44,False,False
NAPA,go,14,4,False,True
NOP53,go,20,0,False,False
SELENOW,go,20,2,False,False
LIG1,go,20,3,False,False
EMP3,go,14,64,False,False
CYTH2,go,20,36,False,False
SPHK2,go,20,0,False,False
DBP,go,16,1,False,False
PPP1R15A,go,20,5,False,False
BAX,go,9,6,False,False
FTL,go,20,18,False,False
FLT3LG,go,0,0,True,False
RPL13A,go,20,7,False,True
FCGRT,go,18,2,False,False
PRR12,go,20,8,False,False
PNKP,go,20,4,False,True
AKT1S1,go,20,8,False,False
TBC1D17,go,0,0,True,False
NUP62,go,20,1,False,True
ATF5,go,20,20,False,True
VRK3,go,20,10,False,False
NR1H2,go,20,3,False,False
EMC10,go,20,10,False,False
C19orf81,go,0,0,True,False
CLEC11A,go,20,35,False,False
C19orf48,go,0,0,True,False
NKG7,go,0,0,True,False
ZNF175,go,20,46,False,False
ZNF766,go,20,72,False,False
ZNF480,go,19,73,False,False
ZNF83,go,20,0,False,False
ZNF611,go,16,26,False,False
ZNF160,go,17,0,False,False
ZNF765,go,19,26,False,False
ZNF761,go,17,0,False,False
MYADM,go,0,0,True,False
NDUFA3,go,20,29,False,True
LENG1,go,20,0,False,False
MBOAT7,go,20,5,False,False
RPS9,go,20,28,False,True
LAIR1,go,0,0,True,False
LENG8,go,20,88,False,True
TNNT1,go,20,1,False,False
KMT5C,go,0,0,True,False
TMEM238,go,0,0,True,False
UBE2S,go,20,23,False,False
NAT14,go,20,2,False,False
ZNF524,go,14,15,False,False
ZNF580,go,14,5,False,False
ZNF581,go,17,10,False,False
CCDC106,go,20,248,False,False
EPN1,go,20,6,False,False
ZNF583,go,16,28,False,False
ZNF71,go,16,42,False,False
ZIM3,go,19,81,False,False
ZNF264,go,19,71,False,False
ZNF805,go,17,0,False,False
ZNF460,go,20,24,False,False
AC005261.1,go,0,0,True,False
ZNF543,go,19,42,False,False
TRAPPC2B,go,0,0,True,False
ZNF749,go,16,28,False,False
ZNF549,go,19,42,False,False
ZNF530,go,16,36,False,False
ZNF134,go,20,35,False,False
ZNF776,go,20,0,False,False
ZNF586,go,16,28,False,False
ZNF587,go,19,33,False,False
ZNF8,go,20,23,False,False
AC010642.2,go,0,0,True,False
A1BG,go,20,28,False,False
ZNF324,go,17,0,False,False
C20orf96,go,0,0,True,False
ZCCHC3,go,20,6,False,False
SOX12,go,20,5,False,False
TRIB3,go,20,6,False,False
RBCK1,go,20,7,False,False
TBC1D20,go,20,1,False,False
FKBP1A,go,8,0,False,False
SIRPG,go,0,0,True,False
NOP56,go,20,17,False,True
PTPRA,go,20,9,False,False
ATRN,go,0,0,True,False
CENPB,go,20,4,False,False
CDC25B,go,20,23,False,False
MAVS,go,16,3,False,False
PANK2,go,20,3,False,False
RNF24,go,20,51,False,False
PCNA,go,20,0,False,True
CDS2,go,20,76,False,False
GPCPD1,go,20,0,False,False
MCM8,go,20,9,False,False
TMX4,go,20,4,False,False
PLCB1,go,8,1,False,False
SLX4IP,go,20,0,False,False
ESF1,go,20,37,False,True
KIF16B,go,20,16,False,False
RRBP1,go,20,4,False,False
MGME1,go,19,1,False,False
RBBP9,go,0,0,True,False
SMIM26,go,0,0,True,False
CRNKL1,go,20,56,False,True
RALGAPA2,go,0,0,True,False
KIZ,go,0,0,True,False
GZF1,go,20,8,False,False
NAPB,go,0,0,True,False
CST3,go,16,8,False,False
CST7,go,0,0,True,False
APMAP,go,18,15,False,False
ACSS1,go,0,0,True,False
NINL,go,0,0,True,False
ZNF337-AS1,go,0,0,True,False
ID1,go,20,2,False,False
BCL2L1,go,9,6,False,True
TPX2,go,20,17,False,True
PDRG1,go,20,17,False,True
KIF3B,go,20,21,False,False
NOL4L,go,0,0,True,False
COMMD7,go,20,4,False,False
CBFA2T2,go,20,12,False,False
E2F1,go,20,19,False,False
CHMP4B,go,20,13,False,True
ITCH,go,20,6,False,False
NCOA6,go,20,21,False,False
TRPC4AP,go,20,2,False,False
MMP24OS,go,0,0,True,False
UQCC1,go,20,39,False,False
CEP250,go,20,14,False,False
CPNE1,go,20,11,False,True
RBM12,go,20,28,False,True
ROMO1,go,20,6,False,True
RBM39,go,20,10,False,True
SCAND1,go,20,48,False,False
NORAD,go,0,0,True,False
DLGAP4,go,17,2,False,False
TGIF2,go,20,6,False,False
SLA2,go,0,0,True,False
SOGA1,go,20,4,False,False
RBL1,go,20,3,False,False
BLCAP,go,17,12,False,False
SNHG17,go,0,0,True,False
SNHG11,go,0,0,True,False
RALGAPB,go,20,16,False,False
TOP1,go,20,3,False,True
PLCG1,go,20,4,False,False
CHD6,go,20,21,False,False
MYBL2,go,17,3,False,True
OSER1,go,2,0,False,False
TTPAL,go,20,5,False,False
SERINC3,go,20,6,False,False
PKIG,go,20,8,False,False
ADA,go,0,0,True,False
LINC01260,go,0,0,True,False
STK4,go,20,19,False,False
SYS1,go,20,7,False,True
DBNDD2,go,20,72,False,False
UBE2C,go,0,0,True,False
PCIF1,go,20,2,False,False
ZNF335,go,20,0,False,True
ELMO2,go,20,3,False,False
ZMYND8,go,20,26,False,False
NCOA3,go,20,5,False,False
PREX1,go,0,0,True,False
ARFGEF2,go,20,8,False,False
ZNFX1,go,20,2,False,False
ZFAS1,go,0,0,True,False
RNF114,go,20,49,False,False
CEBPB,go,20,6,False,False
PTPN1,go,19,4,False,True
PARD6B,go,20,4,False,False
ADNP,go,16,0,False,False
MOCS3,go,20,5,False,True
NFATC2,go,19,43,False,False
ZNF217,go,20,27,False,False
AURKA,go,20,4,False,True
TFAP2C,go,20,78,False,False
RBM38,go,20,20,False,False
PMEPA1,go,0,0,True,False
RAB22A,go,20,22,False,False
VAPB,go,20,6,False,False
STX16,go,20,29,False,False
SYCP2,go,20,1,False,False
FAM217B,go,20,226,False,False
C20orf197,go,0,0,True,False
MIR646HG,go,0,0,True,False
CDH4,go,0,0,True,False
LSM14B,go,20,10,False,False
SS18L1,go,20,41,False,False
OSBPL2,go,20,7,False,False
ADRM1,go,20,8,False,True
DIDO1,go,20,17,False,False
GID8,go,20,60,False,False
YTHDF1,go,20,5,False,False
ARFGAP1,go,20,29,False,False
PPDPF,go,11,0,False,False
MHENCR,go,0,0,True,False
STMN3,go,20,3,False,False
ZGPAT,go,20,72,False,False
LIME1,go,19,1,False,False
ZNF512B,go,18,5,False,False
PRPF6,go,20,31,False,True
TCEA2,go,20,12,False,False
PCMTD2,go,20,15,False,False
CU638689.4,go,0,0,True,False
HSPA13,go,20,23,False,False
SAMSN1,go,20,3,False,False
USP25,go,20,22,False,False
BTG3,go,20,71,False,False
C21orf91,go,0,0,True,False
GABPA,go,16,83,False,True
ADAMTS1,go,0,0,True,False
LTN1,go,20,9,False,False
RWDD2B,go,20,0,False,False
USP16,go,20,10,False,False
BACH1,go,20,8,False,False
TIAM1,go,0,0,True,False
SOD1,go,1,1,False,True
HUNK,go,0,0,True,False
URB1,go,20,5,False,True
SYNJ1,go,3,1,False,False
PAXBP1,go,20,2,False,True
IFNAR2,go,20,10,False,False
IL10RB,go,20,12,False,False
IFNAR1,go,20,4,False,False
SON,go,20,3,False,True
DONSON,go,20,1,False,True
LINC00649,go,0,0,True,False
SLC5A3,go,1,0,False,False
RCAN1,go,20,1,False,False
RUNX1,go,18,1,False,False
SETD4,go,20,0,False,False
DOP1B,go,0,0,True,False
MORC3,go,20,5,False,False
CHAF1B,go,20,37,False,True
HLCS,go,20,1,False,False
TTC3,go,20,83,False,False
DYRK1A,go,20,27,False,False
ETS2,go,20,57,False,False
BRWD1,go,20,14,False,False
ZBTB21,go,20,40,False,False
UBASH3A,go,20,79,False,False
SLC37A1,go,20,3,False,False
PKNOX1,go,12,15,False,False
U2AF1,go,20,35,False,True
AGPAT3,go,20,53,False,False
TRAPPC10,go,20,12,False,False
UBE2G2,go,20,14,False,False
PTTG1IP,go,20,9,False,False
ITGB2,go,0,0,True,False
ADARB1,go,20,3,False,False
LINC00205,go,0,0,True,False
LSS,go,20,4,False,False
MCM3AP-AS1,go,0,0,True,False
YBEY,go,20,6,False,False
C21orf58,go,0,0,True,False
PCNT,go,20,29,False,False
DIP2A,go,20,6,False,False
PRMT2,go,20,4,False,False
DUXAP8,go,0,0,True,False
IL17RA,go,20,3,False,False
ADA2,go,0,0,True,False
LINC00528,go,0,0,True,False
PEX26,go,20,5,False,False
C22orf39,go,20,125,False,False
CDC45,go,20,14,False,True
RTL10,go,17,24,False,False
DGCR8,go,20,50,False,True
RANBP1,go,20,40,False,False
MED15,go,20,32,False,False
CRKL,go,1,1,False,True
LZTR1,go,20,2,False,True
HIC2,go,20,87,False,False
SDF2L1,go,20,9,False,False
PPIL2,go,20,9,False,True
YPEL1,go,19,39,False,True
MAPK1,go,20,2,False,False
AC245060.5,go,0,0,True,False
ZNF280B,go,20,30,False,False
PRAME,go,20,7,False,False
BCR,go,20,3,False,True
IGLL1,go,0,0,True,False
RGL4,go,0,0,True,False
CHCHD10,go,20,1,False,False
SLC2A11,go,20,4,False,False
MIF,go,1,1,False,False
SPECC1L,go,20,7,False,False
GRK3,go,20,6,False,False
HPS4,go,20,9,False,False
TFIP11,go,20,0,False,True
TPST2,go,20,12,False,False
MIATNB,go,0,0,True,False
TTC28,go,0,0,True,False
CCDC117,go,20,47,False,False
XBP1,go,20,0,False,False
KREMEN1,go,0,0,True,False
GAS2L1,go,20,3,False,False
NIPSNAP1,go,19,7,False,False
CASTOR1,go,0,0,True,False
TBC1D10A,go,20,23,False,False
DUSP18,go,0,0,True,False
MORC2,go,20,24,False,False
TUG1,go,0,0,True,False
RNF185,go,20,14,False,False
LINC01521,go,0,0,True,False
EIF4ENIF1,go,20,9,False,False
SFI1,go,20,11,False,False
PRR14L,go,0,0,True,False
TOM1,go,20,75,False,False
MCM5,go,20,21,False,True
APOL6,go,0,0,True,False
MYH9,go,20,8,False,False
RAC2,go,20,9,False,False
MFNG,go,0,0,True,False
GGA1,go,20,25,False,False
LGALS1,go,20,14,False,False
TRIOBP,go,20,3,False,False
H1F0,go,0,0,True,False
ANKRD54,go,20,0,False,False
AL022311.1,go,0,0,True,False
CSNK1E,go,20,58,False,False
DDX17,go,20,8,False,True
FAM227A,go,0,0,True,False
JOSD1,go,20,71,False,False
SUN2,go,20,0,False,False
DNAL4,go,0,0,True,False
CBX6,go,20,33,False,False
RPL3,go,20,21,False,True
SYNGR1,go,20,3,False,False
MIEF1,go,18,10,False,False
ATF4,go,20,8,False,True
RPS19BP1,go,20,93,False,True
GRAP2,go,20,174,False,False
Z82206.1,go,0,0,True,False
TNRC6B,go,20,10,False,False
XPNPEP3,go,20,19,False,False
EP300,go,8,1,False,False
RANGAP1,go,20,8,False,True
TOB2,go,20,15,False,False
SREBF2,go,20,3,False,False
CENPM,go,20,26,False,False
TCF20,go,20,128,False,False
ARFGAP3,go,20,66,False,False
PACSIN2,go,20,14,False,False
BIK,go,0,0,True,False
PARVG,go,0,0,True,False
RTL6,go,0,0,True,False
PHF21B,go,0,0,True,False
NUP50,go,20,31,False,False
SMC1B,go,0,0,True,False
Z95331.1,go,0,0,True,False
PPARA,go,20,1,False,False
GTSE1,go,20,16,False,False
GRAMD4,go,19,35,False,False
AL118516.1,go,0,0,True,False
BRD1,go,20,4,False,False
ZBED4,go,15,31,False,False
CRELD2,go,20,32,False,False
HDAC10,go,20,10,False,False
PPP6R2,go,20,15,False,False
NCAPH2,go,20,8,False,True
CHKB,go,20,10,False,False
CHKB-DT,go,0,0,True,False
ARSA,go,0,0,True,False
RABL2B,go,0,0,True,False
PLCXD1,go,20,11,False,False
GTPBP6,go,18,12,False,False
LINC00685,go,0,0,True,False
SLC25A6,go,17,21,False,False
P2RY8,go,0,0,True,False
AKAP17A,go,20,20,False,False
ZBED1,go,19,9,False,False
CD99,go,20,38,False,False
PRKX,go,20,0,False,False
PUDP,go,0,0,True,False
TBL1X,go,20,10,False,False
MSL3,go,20,19,False,False
TMSB4X,go,20,4,False,False
TRAPPC2,go,20,18,False,False
OFD1,go,20,45,False,False
MOSPD2,go,0,0,True,False
ZRSR2,go,20,10,False,True
AP1S2,go,20,26,False,False
SYAP1,go,20,13,False,False
SH3KBP1,go,20,31,False,True
BCLAF3,go,0,0,True,False
RPS6KA3,go,20,19,False,False
SAT1,go,8,8,False,False
EIF2S3,go,20,31,False,True
ZFX,go,20,8,False,False
PDK3,go,0,0,True,False
POLA1,go,20,5,False,True
RPGR,go,20,18,False,False
TSPAN7,go,0,0,True,False
MID1IP1,go,20,1,False,False
BCOR,go,20,4,False,False
ATP6AP2,go,20,14,False,True
CXorf38,go,20,78,False,False
USP9X,go,20,8,False,True
DDX3X,go,20,2,False,True
KDM6A,go,20,7,False,True
USP11,go,20,34,False,False
ZNF182,go,20,16,False,False
EBP,go,20,1,False,False
WAS,go,20,7,False,False
HDAC6,go,6,1,False,False
OTUD5,go,20,9,False,False
GRIPAP1,go,20,4,False,False
PRAF2,go,0,0,True,False
WDR45,go,20,12,False,False
PLP2,go,20,62,False,False
CLCN5,go,0,0,True,False
GSPT2,go,0,0,True,False
MAGED1,go,20,5,False,False
TSPYL2,go,20,17,False,False
SMC1A,go,20,6,False,True
HUWE1,go,20,22,False,True
MAGED2,go,20,28,False,False
RRAGB,go,20,14,False,False
UBQLN2,go,20,12,False,False
NBDY,go,0,0,True,False
SPIN2B,go,20,9,False,False
LINC01278,go,0,0,True,False
ARHGEF9,go,20,49,False,False
ZC4H2,go,0,0,True,False
MSN,go,20,7,False,False
AL034397.3,go,0,0,True,False
IGBP1,go,20,3,False,True
KIF4A,go,20,17,False,True
IL2RG,go,0,0,True,False
TAF1,go,20,6,False,True
OGT,go,20,6,False,True
LINC00891,go,0,0,True,False
ERCC6L,go,0,0,True,False
RPS4X,go,20,12,False,True
HDAC8,go,20,8,False,False
FTX,go,0,0,True,False
JPX,go,0,0,True,False
Z83843.1,go,0,0,True,False
RLIM,go,20,29,False,False
NEXMIF,go,0,0,True,False
ATRX,go,20,11,False,False
MAGT1,go,20,13,False,False
ATP7A,go,0,0,True,False
GPR174,go,0,0,True,False
ITM2A,go,19,32,False,False
BRWD3,go,15,7,False,False
HMGN5,go,20,11,False,False
SH3BGRL,go,20,28,False,False
APOOL,go,20,7,False,False
ZNF711,go,17,16,False,False
CHM,go,20,4,False,False
DIAPH2,go,0,0,True,False
RPL36A,go,20,16,False,True
HNRNPH2,go,20,87,False,False
ARMCX6,go,20,30,False,False
ARMCX3,go,20,10,False,False
BEX5,go,0,0,True,False
BEX1,go,0,0,True,False
BEX4,go,20,15,False,False
TCEAL8,go,20,34,False,False
BEX2,go,19,10,False,False
TCEAL9,go,20,13,False,False
BEX3,go,0,0,True,False
FAM199X,go,20,52,False,False
RBM41,go,20,2,False,False
PSMD10,go,20,6,False,False
ATG4A,go,20,8,False,False
ACSL4,go,20,4,False,False
WDR44,go,20,48,False,True
DOCK11,go,20,16,False,False
UBE2A,go,20,10,False,False
SEPTIN6,go,20,6,False,False
UPF3B,go,20,39,False,False
RNF113A,go,20,10,False,True
NDUFA1,go,18,18,False,False
NKAP,go,20,12,False,True
ZBTB33,go,20,51,False,False
LAMP2,go,20,15,False,False
CUL4B,go,20,8,False,False
THOC2,go,20,5,False,True
XIAP,go,20,5,False,False
STAG2,go,20,15,False,True
SH2D1A,go,0,0,True,False
SMARCA1,go,20,17,False,False
SASH3,go,0,0,True,False
UTP14A,go,20,105,False,False
RBMX2,go,20,16,False,True
STK26,go,0,0,True,False
RAP2C,go,20,21,False,False
PHF6,go,20,19,False,False
MOSPD1,go,0,0,True,False
RTL8A,go,20,12,False,False
MAP7D3,go,20,5,False,False
HTATSF1,go,20,7,False,True
CD40LG,go,0,0,True,False
ARHGEF6,go,20,38,False,False
AL683813.1,go,0,0,True,False
RBMX,go,20,8,False,True
ATP11C,go,20,10,False,False
FMR1,go,20,1,False,False
AFF2,go,0,0,True,False
IDS,go,20,4,False,False
TMEM185A,go,0,0,True,False
CXorf40B,go,0,0,True,False
MTM1,go,20,5,False,False
MTMR1,go,20,13,False,False
HMGB3,go,20,4,False,True
ZNF275,go,19,68,False,False
SSR4,go,20,6,False,False
HCFC1,go,20,14,False,True
IRAK1,go,20,15,False,False
MECP2,go,20,0,False,False
FLNA,go,20,1,False,False
RPL10,go,20,12,False,True
ATP6AP1,go,20,23,False,True
GDI1,go,20,11,False,False
UBL4A,go,20,17,False,False
G6PD,go,20,2,False,False
DKC1,go,20,9,False,True
MPP1,go,20,18,False,False
BRCC3,go,20,8,False,False
RAB39B,go,0,0,True,False
VAMP7,go,20,15,False,False
RPS4Y1,go,0,0,True,False
ZFY,go,18,1,False,False
PRKY,go,0,0,True,False
USP9Y,go,0,0,True,False
DDX3Y,go,0,0,True,False
UTY,go,0,0,True,False
TTTY14,go,0,0,True,False
KDM5D,go,0,0,True,False
EIF1AY,go,0,0,True,False
MT-ND1,go,0,0,True,False
MT-ND2,go,0,0,True,False
MT-CO1,go,0,0,True,False
MT-ATP8,go,0,0,True,False
MT-ATP6,go,0,0,True,False
MT-ND3,go,0,0,True,False
MT-ND4L,go,0,0,True,False
MT-ND4,go,0,0,True,False
MT-ND5,go,0,0,True,False
MT-ND6,go,0,0,True,False
MT-CYB,go,0,0,True,False
AC240274.1,go,0,0,True,False
NOC2L,go,20,5,False,True
INTS11,go,20,28,False,True
AURKAIP1,go,20,10,False,True
MRPL20,go,20,23,False,True
SSU72,go,20,10,False,True
NOL9,go,20,24,False,True
DNAJC11,go,20,5,False,True
ENO1,go,20,12,False,True
PGD,go,3,2,False,True
TARDBP,go,20,0,False,True
EXOSC10,go,20,15,False,True
MTOR,go,20,3,False,True
MFN2,go,20,1,False,True
ZBTB17,go,20,2,False,True
EMC1,go,20,8,False,True
CAPZB,go,20,12,False,True
MICOS10,go,20,8,False,True
DDOST,go,20,32,False,True
HNRNPR,go,20,69,False,True
RPL11,go,20,5,False,True
CEP85,go,20,12,False,True
DHDDS,go,20,10,False,True
GPN2,go,20,28,False,True
NUDC,go,20,19,False,True
PPP1R8,go,20,13,False,True
RPA2,go,20,5,False,True
DNAJC8,go,20,102,False,True
MED18,go,20,24,False,True
RCC1,go,20,4,False,True
SNRNP40,go,20,31,False,True
PEF1,go,20,6,False,True
EIF3I,go,20,23,False,True
RBBP4,go,20,17,False,True
PSMB2,go,20,35,False,True
TRAPPC3,go,20,22,False,True
THRAP3,go,20,11,False,True
LSM10,go,20,2,False,True
GNL2,go,20,23,False,True
C1orf109,go,20,594,False,True
YRDC,go,20,0,False,True
SF3A3,go,20,43,False,True
UTP11,go,20,45,False,True
MYCBP,go,20,75,False,True
NDUFS5,go,20,42,False,True
PABPC4,go,20,20,False,True
PPIE,go,20,27,False,True
NFYC,go,20,38,False,True
CTPS1,go,20,5,False,True
PPIH,go,20,10,False,True
YBX1,go,20,7,False,True
EBNA1BP2,go,20,27,False,True
ELOVL1,go,20,3,False,True
MED8,go,20,28,False,True
IPO13,go,20,76,False,True
DPH2,go,20,16,False,True
DMAP1,go,20,29,False,True
RPS8,go,20,80,False,True
EIF2B3,go,20,8,False,True
UROD,go,20,2,False,True
TOE1,go,20,16,False,True
UQCRH,go,20,17,False,True
NSUN4,go,20,4,False,True
CMPK1,go,20,4,False,True
BTF3L4,go,20,138,False,True
PRPF38A,go,20,56,False,True
MAGOH,go,20,16,False,True
NDC1,go,20,12,False,True
MRPL37,go,20,37,False,True
TTC4,go,20,48,False,True
SERBP1,go,20,81,False,True
SRSF11,go,20,124,False,True
ZRANB2,go,20,42,False,True
RABGGTB,go,20,8,False,True
RPF1,go,5,0,False,True
RBMXL1,go,20,8,False,True
CDC7,go,20,36,False,True
GLMN,go,15,0,False,True
RPL5,go,20,11,False,True
DNTTIP2,go,20,80,False,True
ALG14,go,14,12,False,True
SASS6,go,20,14,False,True
CLCC1,go,20,29,False,True
PSMA5,go,20,74,False,True
WDR77,go,20,6,False,True
DDX20,go,20,7,False,True
DCLRE1B,go,20,10,False,True
BCAS2,go,20,37,False,True
CSDE1,go,20,3,False,True
ATP1A1,go,0,0,True,True
RBM8A,go,20,18,False,True
SF3B4,go,20,43,False,True
MRPS21,go,20,17,False,True
TARS2,go,20,10,False,True
VPS72,go,20,29,False,True
PSMD4,go,20,34,False,True
PSMB4,go,20,24,False,True
MRPL9,go,20,39,False,True
CHTOP,go,20,7,False,True
ILF2,go,20,29,False,True
INTS3,go,20,34,False,True
MSTO1,go,20,34,False,True
DAP3,go,20,1,False,True
UBQLN4,go,20,16,False,True
LAMTOR2,go,20,6,False,True
PMF1,go,20,8,False,True
SMG5,go,20,8,False,True
CCT3,go,20,10,False,True
MRPL24,go,20,48,False,True
PEX19,go,20,2,False,True
PFDN2,go,20,26,False,True
SDHC,go,20,27,False,True
TADA1,go,20,17,False,True
MRPS14,go,20,15,False,True
DHX9,go,20,4,False,True
UCHL5,go,20,14,False,True
CDC73,go,20,4,False,True
SNRPE,go,20,9,False,True
UTP25,go,20,13,False,True
INTS7,go,20,22,False,True
NSL1,go,20,12,False,True
RRP15,go,6,2,False,True
EPRS,go,20,8,False,True
IARS2,go,20,17,False,True
TAF1A,go,20,11,False,True
NVL,go,20,17,False,True
CNIH4,go,20,60,False,True
SRP9,go,20,5,False,True
MRPL55,go,20,33,False,True
RAB4A,go,20,19,False,True
NUP133,go,20,17,False,True
URB2,go,20,0,False,True
COG2,go,20,11,False,True
C1orf131,go,20,8,False,True
GNPAT,go,10,4,False,True
GGPS1,go,20,3,False,True
HNRNPU,go,20,1,False,True
TFB2M,go,20,6,False,True
RPS7,go,20,11,False,True
ITGB1BP1,go,20,4,False,True
CPSF3,go,20,4,False,True
TAF1B,go,20,7,False,True
NOL10,go,20,19,False,True
E2F6,go,20,33,False,True
NBAS,go,20,24,False,True
DDX1,go,20,13,False,True
TMEM214,go,19,27,False,True
AGBL5,go,20,1,False,True
PREB,go,20,13,False,True
CAD,go,2,0,False,True
GTF3C2,go,20,8,False,True
GPN1,go,20,80,False,True
MRPL33,go,20,34,False,True
TTC27,go,20,0,False,True
CEBPZ,go,20,3,False,True
NDUFAF7,go,20,11,False,True
ATL2,go,20,9,False,True
GEMIN6,go,20,13,False,True
SRBD1,go,20,0,False,True
RHOQ,go,20,9,False,True
RPS27A,go,20,26,False,True
CCT4,go,20,11,False,True
C1D,go,20,36,False,True
WDR92,go,20,4,False,True
PNO1,go,20,211,False,True
SNRNP27,go,20,29,False,True
PCBP1,go,20,40,False,True
SNRPG,go,20,9,False,True
FAM136A,go,20,124,False,True
MCEE,go,20,11,False,True
MPHOSPH10,go,20,23,False,True
CCT7,go,20,17,False,True
TPRKB,go,20,22,False,True
DCTN1,go,20,15,False,True
WDR54,go,1,0,False,True
INO80B,go,20,11,False,True
MRPL19,go,20,49,False,True
KCMF1,go,20,12,False,True
USP39,go,20,16,False,True
POLR1A,go,20,17,False,True
PTCD3,go,20,11,False,True
MRPL35,go,20,29,False,True
CHMP3,go,20,12,False,True
RPIA,go,20,6,False,True
MRPS5,go,20,32,False,True
STARD7,go,20,2,False,True
CIAO1,go,19,3,False,True
KANSL3,go,20,9,False,True
ANKRD39,go,5,0,False,True
COX5B,go,20,25,False,True
ACTR1B,go,20,110,False,True
COA5,go,20,46,False,True
UNC50,go,20,3,False,True
RPL31,go,20,80,False,True
CNOT11,go,20,12,False,True
MRPS9,go,20,21,False,True
UXS1,go,20,1,False,True
LIMS1,go,20,8,False,True
ANAPC1,go,20,13,False,True
POLR1B,go,20,13,False,True
DDX18,go,20,48,False,True
NIFK,go,20,12,False,True
ERCC3,go,20,7,False,True
IWS1,go,20,8,False,True
WDR33,go,20,4,False,True
POLR2D,go,20,6,False,True
SAP130,go,20,15,False,True
IMP4,go,20,4,False,True
DARS,go,20,35,False,True
ORC4,go,20,22,False,True
PRPF40A,go,20,2,False,True
PSMD14,go,20,9,False,True
PRKRA,go,20,6,False,True
NUP35,go,20,26,False,True
WDR75,go,20,13,False,True
GTF3C3,go,20,10,False,True
MOB4,go,20,35,False,True
MARS2,go,20,9,False,True
NDUFB3,go,19,16,False,True
NOP58,go,20,11,False,True
WDR12,go,20,7,False,True
METTL21A,go,20,7,False,True
RPE,go,20,23,False,True
ATIC,go,20,3,False,True
XRCC5,go,20,8,False,True
AAMP,go,20,5,False,True
CNOT9,go,20,8,False,True
BCS1L,go,20,20,False,True
FARSB,go,20,20,False,True
MRPL44,go,20,4,False,True
PSMD1,go,20,24,False,True
COPS8,go,20,28,False,True
PPP1R7,go,20,16,False,True
TRNT1,go,20,3,False,True
RPUSD3,go,20,22,False,True
EMC3,go,20,23,False,True
BRK1,go,20,13,False,True
SEC13,go,20,14,False,True
TAMM41,go,20,8,False,True
TSEN2,go,20,2,False,True
RPL32,go,20,36,False,True
CHCHD4,go,20,6,False,True
LSM3,go,20,14,False,True
MRPS25,go,20,28,False,True
DPH3,go,20,66,False,True
RPL15,go,20,75,False,True
GLB1,go,20,4,False,True
RPSA,go,20,29,False,True
RPL14,go,20,39,False,True
SS18L2,go,20,14,False,True
KIAA1143,go,20,0,False,True
EXOSC7,go,20,13,False,True
LARS2,go,20,16,False,True
PTPN23,go,20,7,False,True
SCAP,go,19,2,False,True
ELP6,go,20,8,False,True
SMARCC1,go,20,18,False,True
DHX30,go,20,27,False,True
ATRIP,go,20,10,False,True
UQCRC1,go,20,14,False,True
NDUFAF3,go,20,20,False,True
QARS,go,20,2,False,True
USP19,go,20,6,False,True
RNF123,go,20,23,False,True
GMPPB,go,20,5,False,True
TRAIP,go,20,8,False,True
MON1A,go,20,31,False,True
RRP9,go,20,40,False,True
NISCH,go,20,42,False,True
RFT1,go,17,2,False,True
THOC7,go,20,42,False,True
PSMD6,go,20,25,False,True
SLC25A26,go,19,12,False,True
UBA3,go,20,11,False,True
SHQ1,go,20,4,False,True
PPP4R2,go,20,6,False,True
CPOX,go,20,2,False,True
TRMT10C,go,20,7,False,True
RPL24,go,20,2,False,True
COX17,go,20,0,False,True
NDUFB4,go,18,19,False,True
GTF2E1,go,20,22,False,True
UMPS,go,20,1,False,True
RUVBL1,go,20,23,False,True
EEFSEC,go,20,5,False,True
RPN1,go,20,16,False,True
ISY1,go,20,8,False,True
COPG1,go,20,39,False,True
PIK3R4,go,20,4,False,True
MRPL3,go,20,48,False,True
UBA5,go,20,6,False,True
SRPRB,go,19,8,False,True
ANAPC13,go,20,15,False,True
SLC35G2,go,20,134,False,True
DBR1,go,20,12,False,True
MRPS22,go,20,15,False,True
COPB2,go,20,32,False,True
U2SURP,go,20,102,False,True
GYG1,go,20,12,False,True
DHX36,go,20,4,False,True
ACTL6A,go,20,35,False,True
DNAJC19,go,20,8,False,True
EIF2B5,go,20,5,False,True
AP2M1,go,20,10,False,True
PSMD2,go,20,39,False,True
POLR2H,go,20,10,False,True
TRA2B,go,20,9,False,True
RPL35A,go,20,38,False,True
LETM1,go,20,7,False,True
NELFA,go,20,5,False,True
HAUS3,go,20,18,False,True
STX18,go,20,12,False,True
GRPEL1,go,20,22,False,True
WDR1,go,18,3,False,True
MED28,go,20,17,False,True
DHX15,go,20,15,False,True
ANAPC4,go,20,18,False,True
TBC1D1,go,20,11,False,True
RPL9,go,20,55,False,True
SRP72,go,20,5,False,True
POLR2B,go,20,31,False,True
GRSF1,go,20,12,False,True
SDAD1,go,20,9,False,True
NUP54,go,20,15,False,True
MRPL1,go,20,7,False,True
COPS4,go,20,19,False,True
COQ2,go,4,0,False,True
MRPS18C,go,20,13,False,True
EIF4E,go,20,5,False,True
METAP1,go,20,11,False,True
PPA2,go,20,8,False,True
INTS12,go,20,30,False,True
OSTC,go,20,18,False,True
GAR1,go,6,3,False,True
EXOSC9,go,20,11,False,True
PLK4,go,20,12,False,True
ANAPC10,go,20,16,False,True
LSM6,go,20,10,False,True
RPS3A,go,20,35,False,True
PLRG1,go,20,17,False,True
TMA16,go,20,126,False,True
SPCS3,go,20,30,False,True
SDHA,go,20,4,False,True
PDCD6,go,20,6,False,True
EXOC3,go,20,12,False,True
CCT5,go,20,7,False,True
DROSHA,go,20,4,False,True
BRIX1,go,20,27,False,True
SKP2,go,20,12,False,True
NUP155,go,20,23,False,False
WDR70,go,20,1,False,True
MRPS30,go,20,17,False,True
DHX29,go,20,0,False,True
MTREX,go,20,28,False,True
DIMT1,go,20,5,False,True
IPO11,go,20,17,False,True
PPWD1,go,20,4,False,True
CENPH,go,20,25,False,True
CDK7,go,20,17,False,True
GTF2H2C,go,20,6,False,True
GTF2H2,go,20,16,False,True
MRPS27,go,20,2,False,True
BTF3,go,20,13,False,True
UTP15,go,20,42,False,True
NSA2,go,20,8,False,True
TBCA,go,20,7,False,True
ZCCHC9,go,20,32,False,True
COX7C,go,20,55,False,True
CCNH,go,20,9,False,True
C5orf30,go,20,6,False,True
SRP19,go,20,5,False,True
PHAX,go,20,2,False,True
UQCRQ,go,20,4,False,True
SKP1,go,20,8,False,True
PPP2CA,go,20,3,False,True
CDC23,go,20,17,False,True
PFDN1,go,20,17,False,True
SRA1,go,2,1,False,True
SLC35A4,go,20,4,False,True
NDUFA2,go,19,17,False,True
HARS,go,20,34,False,True
ZMAT2,go,20,20,False,True
HDAC3,go,20,24,False,True
RELL2,go,15,7,False,True
TCERG1,go,20,18,False,True
PPARGC1B,go,20,0,False,True
TCOF1,go,20,3,False,True
RBM22,go,20,5,False,True
GEMIN5,go,20,6,False,True
MRPL22,go,20,8,False,True
MED7,go,20,22,False,True
THG1L,go,20,7,False,True
LSM11,go,20,3,False,True
TTC1,go,20,23,False,True
RARS,go,20,57,False,True
RPL26L1,go,20,4,False,True
BNIP1,go,20,14,False,True
THOC3,go,20,7,False,True
NOP16,go,20,26,False,True
FAF2,go,20,4,False,True
PRELID1,go,20,2,False,True
DDX41,go,20,46,False,True
NHP2,go,20,5,False,True
RACK1,go,20,2,False,True
TUBB2A,go,20,26,False,True
PSMG4,go,8,1,False,True
RPP40,go,20,7,False,True
LYRM4,go,20,26,False,True
FARS2,go,20,55,False,True
RIOK1,go,20,22,False,True
PAK1IP1,go,20,2,False,True
NOL7,go,20,66,False,True
HIST1H2BC,go,20,32,False,True
ABT1,go,20,5,False,True
ZNRD1,go,20,11,False,True
PPP1R11,go,20,8,False,True
RPP21,go,20,9,False,True
ABCF1,go,20,38,False,True
MRPS18B,go,20,25,False,True
DHX16,go,20,50,False,True
GTF2H4,go,20,10,False,True
VARS2,go,20,20,False,True
PRRC2A,go,20,174,False,True
BAG6,go,20,3,False,True
CSNK2B,go,20,11,False,True
VARS,go,20,13,False,True
LSM2,go,20,19,False,True
EHMT2,go,20,2,False,True
NELFE,go,20,17,False,True
WDR46,go,20,33,False,True
PFDN6,go,20,14,False,True
DAXX,go,20,4,False,True
UQCC2,go,20,17,False,True
RPS10,go,20,55,False,True
SNRPC,go,20,1,False,True
TAF11,go,20,21,False,True
SRSF3,go,20,20,False,True
PPIL1,go,20,13,False,True
CMTR1,go,20,8,False,True
MED20,go,20,31,False,True
BYSL,go,20,18,False,True
MRPS10,go,20,30,False,True
MRPL2,go,20,38,False,True
SRF,go,19,0,False,True
POLR1C,go,20,8,False,True
XPO5,go,20,5,False,True
MRPS18A,go,20,21,False,True
MRPL14,go,20,48,False,True
AARS2,go,20,14,False,True
CDC5L,go,20,16,False,True
PRIM2,go,20,5,False,True
UBE3D,go,20,21,False,True
RARS2,go,20,48,False,True
ORC3,go,20,4,False,True
CCNC,go,20,11,False,True
QRSL1,go,20,7,False,True
SEC63,go,20,6,False,True
CDC40,go,20,47,False,True
GTF3C6,go,20,9,False,True
RPF2,go,20,17,False,True
TUBE1,go,20,16,False,True
TBPL1,go,20,1,False,True
ADAT2,go,20,17,False,True
LTV1,go,20,15,False,True
NUP43,go,20,40,False,True
TFB1M,go,20,8,False,True
TMEM242,go,15,25,False,True
TCP1,go,20,8,False,True
PSMB1,go,20,54,False,True
TBP,go,20,15,False,True
PDCD2,go,20,18,False,True
C7orf50,go,20,45,False,True
INTS1,go,20,6,False,True
PSMG3,go,20,4,False,True
EIF3B,go,20,22,False,True
RAC1,go,8,6,False,True
C7orf26,go,0,0,True,True
MIOS,go,20,16,False,True
RPA3,go,20,12,False,True
NDUFA4,go,20,30,False,True
TWISTNB,go,20,1,False,True
MALSU1,go,20,7,False,True
CYCS,go,20,14,False,True
LSM5,go,20,13,False,True
YAE1,go,20,84,False,True
PSMA2,go,20,57,False,True
MRPL32,go,20,48,False,True
MRPS24,go,20,16,False,True
POLD2,go,20,16,False,True
YKT6,go,20,8,False,True
DDX56,go,20,36,False,True
PPIA,go,20,6,False,True
TBRG4,go,20,7,False,True
SEC61G,go,20,8,False,True
MRPS17,go,20,10,False,True
CCT6A,go,20,23,False,True
CHCHD2,go,20,6,False,True
BUD23,go,20,7,False,True
ABHD11,go,19,9,False,True
EIF4H,go,20,12,False,True
BET1,go,20,30,False,True
SEM1,go,0,0,True,True
PDAP1,go,20,69,False,True
PTCD1,go,20,63,False,True
CPSF4,go,20,15,False,True
ATP5MF,go,17,21,False,True
COPS6,go,20,56,False,True
TAF6,go,20,25,False,True
LAMTOR4,go,20,15,False,True
MEPCE,go,20,2,False,True
POP7,go,20,12,False,True
ZNHIT1,go,20,15,False,True
PMPCB,go,20,7,False,True
PSMC2,go,20,33,False,True
ORC5,go,20,21,False,True
RINT1,go,20,30,False,True
DLD,go,20,0,False,True
RBM28,go,20,12,False,True
ATP6V1F,go,20,19,False,True
TNPO3,go,20,11,False,True
CHCHD3,go,20,7,False,True
CYREN,go,20,3,False,True
NUP205,go,20,25,False,True
MRPS33,go,20,28,False,True
SSBP1,go,20,15,False,True
NOM1,go,20,20,False,True
UBE3C,go,20,15,False,True
INTS10,go,20,39,False,True
ATP6V1B2,go,20,25,False,True
POLR3D,go,20,8,False,True
ELP3,go,20,5,False,True
INTS9,go,20,78,False,True
DCTN6,go,20,7,False,True
GTF2E2,go,20,18,False,True
PPP2CB,go,20,4,False,True
TTI2,go,20,3,False,True
BRF2,go,20,3,False,True
FNTA,go,20,2,False,True
MRPL15,go,20,46,False,True
TGS1,go,20,0,False,True
RPS20,go,20,27,False,True
COPS5,go,20,2,False,True
TERF1,go,20,8,False,True
RPL7,go,20,29,False,True
MRPS28,go,20,16,False,True
DPY19L4,go,20,3,False,True
UQCRB,go,20,5,False,True
RPL30,go,20,35,False,True
POP1,go,10,1,False,True
COX6C,go,20,55,False,True
POLR2K,go,20,39,False,True
ZNF706,go,20,5,False,True
ATP6V1C1,go,20,19,False,True
ENY2,go,20,17,False,True
EIF3H,go,20,17,False,True
MED30,go,20,24,False,True
MRPL13,go,20,14,False,True
MTBP,go,9,0,False,True
NSMCE2,go,20,9,False,True
GLI4,go,20,47,False,True
ZC3H3,go,20,0,False,True
PUF60,go,20,2,False,True
EXOSC4,go,20,12,False,True
CYC1,go,20,12,False,True
HSF1,go,20,3,False,True
CPSF1,go,20,13,False,True
TONSL,go,20,15,False,True
RPL8,go,20,29,False,True
RCL1,go,20,2,False,True
NDUFB6,go,17,25,False,True
SMU1,go,20,15,False,True
NOL6,go,20,20,False,True
VCP,go,20,0,False,True
POLR1E,go,20,10,False,True
EXOSC3,go,20,11,False,True
FXN,go,13,1,False,True
HNRNPK,go,20,12,False,True
SPTLC1,go,20,6,False,True
CENPP,go,20,97,False,True
ANKS6,go,20,3,False,True
ALG2,go,20,2,False,True
SEC61B,go,20,31,False,True
TEX10,go,20,62,False,True
MRPL50,go,20,15,False,True
CDC26,go,20,20,False,True
ATP6V1G1,go,20,22,False,True
NDUFA8,go,20,37,False,True
PSMB7,go,20,42,False,True
RPL35,go,20,17,False,True
PPP6C,go,20,31,False,True
TOR2A,go,20,5,False,True
DPM2,go,20,9,False,True
COQ4,go,20,28,False,True
URM1,go,20,3,False,True
GLE1,go,20,22,False,True
SET,go,20,16,False,True
SPOUT1,go,20,7,False,True
DOLK,go,20,11,False,True
EXOSC2,go,20,13,False,True
NUP214,go,20,20,False,True
MED27,go,20,20,False,True
GTF3C5,go,20,7,False,True
MED22,go,20,19,False,True
WDR5,go,20,19,False,True
MRPS2,go,20,13,False,True
SNAPC4,go,20,4,False,True
PMPCA,go,20,23,False,True
ANAPC2,go,20,12,False,True
NELFB,go,20,7,False,True
MRPL41,go,20,5,False,True
PITRM1,go,20,10,False,True
RBM17,go,20,22,False,True
ATP5F1C,go,20,10,False,True
TAF3,go,20,15,False,True
PRPF18,go,20,5,False,True
HSPA14,go,20,21,False,True
RPP38,go,20,11,False,True
MTPAP,go,20,8,False,True
CUL2,go,20,15,False,True
TIMM23B,go,7,2,False,True
SUPV3L1,go,20,5,False,True
PPA1,go,20,11,False,True
ECD,go,20,46,False,True
MRPS16,go,20,19,False,True
CHCHD1,go,20,40,False,True
COMTD1,go,18,2,False,True
PRXL2A,go,20,7,False,True
RPP30,go,20,9,False,True
NOC3L,go,20,7,False,True
RRP12,go,20,12,False,True
PGAM1,go,20,2,False,True
EXOSC1,go,20,43,False,True
MMS19,go,20,7,False,True
COX15,go,20,14,False,True
NDUFB8,go,18,22,False,True
MRPL43,go,20,44,False,True
NPM3,go,20,42,False,True
PPRC1,go,20,5,False,True
ACTR1A,go,20,39,False,True
TAF5,go,20,24,False,True
ATP5MD,go,18,32,False,True
PDCD11,go,20,124,False,True
EIF3A,go,20,11,False,True
PSTK,go,20,4,False,True
GLRX3,go,20,8,False,True
TUBGCP2,go,20,8,False,True
PSMD13,go,20,13,False,True
RPLP2,go,20,44,False,True
MRPL23,go,20,49,False,True
TAF10,go,20,17,False,True
MRPL17,go,20,15,False,True
PSMA1,go,20,19,False,True
RPS13,go,20,47,False,True
TSG101,go,20,15,False,True
ELP4,go,20,8,False,True
EIF3M,go,20,16,False,True
NAT10,go,20,1,False,True
NDUFS3,go,18,22,False,True
PTPMT1,go,20,12,False,True
SSRP1,go,20,31,False,True
TIMM10,go,20,11,False,True
CLP1,go,2,1,False,True
TMX2,go,20,19,False,True
MRPL16,go,20,22,False,True
CCDC86,go,20,211,False,True
PRPF19,go,20,1,False,True
DDB1,go,20,6,False,True
TMEM258,go,20,60,False,True
EEF1G,go,20,75,False,True
TUT1,go,20,6,False,True
INTS5,go,20,83,False,True
POLR2G,go,20,5,False,True
TAF6L,go,20,25,False,True
STX5,go,20,22,False,True
WDR74,go,20,18,False,True
TRMT112,go,20,3,False,True
SF1,go,20,0,False,True
MEN1,go,20,2,False,True
ARL2,go,20,10,False,True
SNX15,go,20,67,False,True
VPS51,go,20,15,False,True
FAU,go,0,0,True,True
POLA2,go,20,14,False,True
PCNX3,go,20,45,False,True
KAT5,go,20,11,False,True
RNASEH2C,go,20,1,False,True
CFL1,go,20,14,False,True
DRAP1,go,20,10,False,True
SART1,go,20,34,False,True
EIF1AD,go,20,89,False,True
BANF1,go,20,8,False,True
SF3B2,go,20,81,False,True
KLC2,go,20,4,False,True
MRPL11,go,20,24,False,True
RBM4,go,20,6,False,True
PPP1CA,go,20,9,False,True
LRP5,go,1,1,False,True
MRPL21,go,20,45,False,True
LAMTOR1,go,20,7,False,True
ANAPC15,go,20,27,False,True
CLPB,go,20,30,False,True
SPCS2,go,16,22,False,True
CLNS1A,go,20,8,False,True
INTS4,go,20,47,False,True
NARS2,go,20,39,False,True
CWC15,go,20,52,False,True
DCUN1D5,go,20,1,False,True
AASDHPPT,go,20,5,False,True
SDHD,go,20,11,False,True
ZW10,go,20,7,False,True
REXO2,go,20,5,False,True
BUD13,go,20,46,False,True
TRAPPC4,go,20,13,False,True
DPAGT1,go,20,10,False,True
RPUSD4,go,20,15,False,True
MRPL51,go,20,43,False,True
GAPDH,go,20,4,False,True
NOP2,go,20,11,False,True
USP5,go,20,32,False,True
PHB2,go,5,1,False,True
EMG1,go,20,17,False,True
WBP11,go,20,20,False,True
STRAP,go,20,1,False,True
GOLT1B,go,20,66,False,True
INTS13,go,20,9,False,True
MED21,go,20,26,False,True
MRPS35,go,20,16,False,True
YARS2,go,20,23,False,True
ZCRB1,go,20,43,False,True
RPAP3,go,20,7,False,True
KANSL2,go,20,12,False,True
DDX23,go,20,17,False,True
MCRS1,go,20,22,False,True
SMAGP,go,17,37,False,True
ESPL1,go,20,8,False,True
PFDN5,go,20,16,False,True
AAAS,go,20,34,False,True
PCBP2,go,20,18,False,True
SMUG1,go,20,10,False,True
HNRNPA1,go,20,9,False,True
COPZ1,go,20,12,False,True
SARNP,go,20,19,False,True
RPS26,go,20,18,False,True
RPL41,go,20,20,False,True
CS,go,20,7,False,True
ATP5F1B,go,20,7,False,True
NACA,go,20,1,False,True
DCTN2,go,20,27,False,True
METTL1,go,20,4,False,True
TSFM,go,20,26,False,True
NUP107,go,20,23,False,True
CPSF6,go,20,4,False,True
YEATS4,go,20,22,False,True
CCT2,go,20,11,False,True
CNOT2,go,20,12,False,True
KRR1,go,20,75,False,True
UBE2N,go,20,12,False,True
MRPL42,go,20,28,False,True
METAP2,go,20,9,False,True
SNRPF,go,20,14,False,True
SLC25A3,go,20,6,False,True
C12orf45,go,20,23,False,True
POLR3B,go,20,14,False,True
PWP1,go,20,0,False,True
PRDM4,go,9,3,False,True
SART3,go,20,1,False,True
ISCU,go,20,16,False,True
ATP2A2,go,19,5,False,True
ARPC3,go,20,29,False,True
GPN3,go,20,32,False,True
VPS29,go,20,30,False,True
NAA25,go,20,33,False,True
RPL6,go,20,11,False,True
DDX54,go,20,17,False,True
RBM19,go,20,22,False,True
RPLP0,go,20,27,False,True
TRIAP1,go,20,2,False,True
COQ5,go,20,8,False,True
POP5,go,20,10,False,True
ANAPC5,go,20,14,False,True
PSMD9,go,20,23,False,True
DENR,go,20,3,False,True
SNRNP35,go,20,4,False,True
DDX55,go,20,139,False,True
EIF2B1,go,20,26,False,True
GTF2H3,go,20,16,False,True
DHX37,go,20,8,False,True
EP400,go,20,25,False,True
DDX51,go,20,43,False,True
NOC4L,go,20,44,False,True
FBRSL1,go,20,12,False,True
PGAM5,go,18,3,False,True
SAP18,go,20,25,False,True
MIPEP,go,20,21,False,True
RPL21,go,20,67,False,True
GTF3A,go,20,6,False,True
POLR1D,go,20,13,False,True
RFC3,go,20,15,False,True
MRPS31,go,20,20,False,True
NUFIP1,go,20,3,False,True
GTF2F2,go,20,26,False,True
NUDT15,go,20,0,False,True
MED4,go,20,41,False,True
TPP2,go,20,15,False,True
TUBGCP3,go,20,9,False,True
PCID2,go,20,2,False,True
CDC16,go,20,19,False,True
OSGEP,go,20,36,False,True
METTL17,go,20,3,False,True
HNRNPC,go,20,11,False,True
METTL3,go,20,1,False,True
OXA1L,go,19,3,False,True
PRMT5,go,20,2,False,True
HAUS4,go,20,17,False,True
PSMB5,go,20,28,False,True
PABPN1,go,20,8,False,True
PSME1,go,20,5,False,True
RNF31,go,20,5,False,True
NEDD8,go,20,21,False,True
TINF2,go,20,8,False,True
RABGGTA,go,20,27,False,True
NOP9,go,17,3,False,True
SPTSSA,go,20,13,False,True
PRORP,go,20,14,False,True
PSMA6,go,20,12,False,True
MBIP,go,20,6,False,True
RPS29,go,20,4,False,True
LRR1,go,20,90,False,True
RPL36AL,go,20,16,False,True
POLE2,go,20,25,False,True
RTRAF,go,20,37,False,True
PSMC6,go,20,11,False,True
GNPNAT1,go,20,16,False,True
PSMA3,go,20,44,False,True
MNAT1,go,20,8,False,True
TRMT5,go,20,3,False,True
SGPP1,go,20,0,False,True
EIF2S1,go,20,1,False,True
PIGH,go,20,13,False,True
ERH,go,20,0,False,True
MED6,go,20,32,False,True
RBM25,go,20,36,False,True
PTGR2,go,20,1,False,True
ISCA2,go,20,18,False,True
FCF1,go,20,84,False,True
EIF2B2,go,20,6,False,True
TMED10,go,20,11,False,True
SNW1,go,20,2,False,True
PSMC1,go,20,20,False,True
GLRX5,go,20,9,False,True
CCNK,go,20,12,False,True
YY1,go,20,13,False,True
WARS,go,20,11,False,True
WDR25,go,20,0,False,True
CINP,go,20,30,False,True
XRCC3,go,20,12,False,True
INF2,go,20,6,False,True
BRF1,go,6,3,False,True
TUBGCP5,go,20,24,False,True
EMC7,go,20,19,False,True
EMC4,go,20,21,False,True
NOP10,go,20,5,False,True
DPH6,go,20,10,False,True
SRP14,go,20,29,False,True
RAD51,go,20,10,False,True
DNAJC17,go,20,4,False,True
VPS18,go,20,5,False,True
INO80,go,20,16,False,True
OIP5,go,20,13,False,True
RTF1,go,20,5,False,True
RPAP1,go,20,8,False,True
SERF2,go,20,15,False,True
EIF3J,go,20,16,False,True
SPATA5L1,go,20,14,False,True
COPS2,go,20,17,False,True
LEO1,go,20,5,False,True
GTF2A2,go,20,25,False,True
INTS14,go,20,12,False,True
SNAPC5,go,20,15,False,True
RPL4,go,20,81,False,True
RPLP1,go,20,1,False,True
COX5A,go,20,15,False,True
SNUPN,go,20,7,False,True
WDR61,go,20,10,False,True
PSMA4,go,20,32,False,True
RPS17,go,20,17,False,True
RAMAC,go,20,1,False,True
MRPL46,go,20,8,False,True
MRPS11,go,20,5,False,True
TICRR,go,20,29,False,True
UNC45A,go,20,8,False,True
RCCD1,go,20,31,False,True
SNRPA1,go,20,47,False,True
POLR3K,go,20,20,False,True
SNRNP25,go,20,34,False,True
MPG,go,20,2,False,True
MRPL28,go,20,72,False,True
WDR24,go,20,13,False,True
CHTF18,go,20,50,False,True
UBE2I,go,20,8,False,True
TELO2,go,20,9,False,True
MRPS34,go,20,26,False,True
NUBP2,go,20,9,False,True
MSRB1,go,20,7,False,True
NDUFB10,go,19,19,False,True
RPS2,go,20,59,False,True
TBL3,go,20,22,False,True
GFER,go,20,0,False,True
MLST8,go,20,3,False,True
E4F1,go,20,3,False,True
RNPS1,go,20,42,False,True
SRRM2,go,20,14,False,True
ELOB,go,20,3,False,True
THOC6,go,20,5,False,True
TFAP4,go,20,24,False,True
PAM16,go,20,8,False,True
DNAJA3,go,20,2,False,True
ALG1,go,18,26,False,True
NUBP1,go,20,3,False,True
GSPT1,go,20,6,False,True
THUMPD1,go,20,33,False,True
POLR3E,go,20,10,False,True
EARS2,go,20,15,False,True
NDUFAB1,go,19,23,False,True
PALB2,go,20,8,False,True
NSMCE1,go,20,11,False,True
TUFM,go,20,19,False,True
CDIPT,go,20,22,False,True
INO80E,go,20,13,False,True
ALDOA,go,20,10,False,True
PPP4C,go,20,11,False,True
SETD1A,go,20,10,False,True
KAT8,go,20,16,False,True
VPS35,go,9,2,False,True
NUDT21,go,20,1,False,True
OGFOD1,go,20,2,False,True
NUP93,go,20,22,False,True
CIAPIN1,go,20,13,False,True
POLR2C,go,20,41,False,True
KATNB1,go,20,20,False,True
GINS3,go,20,7,False,True
CNOT1,go,20,7,False,True
NAE1,go,20,13,False,True
ACD,go,20,9,False,True
CENPT,go,20,38,False,True
THAP11,go,20,47,False,True
NUTF2,go,20,17,False,True
EDC4,go,20,180,False,True
NIP7,go,20,51,False,True
NOB1,go,20,6,False,True
SF3B3,go,20,11,False,True
DHODH,go,20,20,False,True
TXNL4B,go,20,14,False,True
PSMD7,go,20,90,False,True
KARS,go,20,5,False,True
CENPN,go,20,16,False,True
MPHOSPH6,go,20,141,False,True
TAF1C,go,20,6,False,True
USP10,go,20,3,False,True
CTU2,go,20,2,False,True
RPL13,go,20,4,False,True
GEMIN4,go,20,14,False,True
TIMM22,go,16,7,False,True
RPA1,go,20,13,False,True
SMG6,go,20,9,False,True
MYBBP1A,go,20,4,False,True
PELP1,go,20,27,False,True
ARRB2,go,1,0,False,True
MED11,go,20,20,False,True
NUP88,go,20,26,False,True
RPAIN,go,20,25,False,True
DHX33,go,20,9,False,True
MIS12,go,20,30,False,True
MED31,go,20,24,False,True
ELP5,go,20,18,False,True
EIF5A,go,20,0,False,True
EIF4A1,go,20,34,False,True
NAA38,go,20,29,False,True
TRAPPC1,go,20,16,False,True
ELAC2,go,20,14,False,True
COX10,go,20,6,False,True
COPS3,go,20,22,False,True
MED9,go,20,22,False,True
TMEM199,go,20,6,False,True
RPL23A,go,20,27,False,True
ERAL1,go,20,48,False,True
TEFM,go,20,19,False,True
UTP6,go,20,16,False,True
ZNF207,go,20,10,False,True
PSMD11,go,20,24,False,True
NLE1,go,20,0,False,True
ZNHIT3,go,20,3,False,True
AATF,go,20,5,False,True
TADA2A,go,20,17,False,True
DDX52,go,20,39,False,True
MRPL45,go,20,62,False,True
PSMB3,go,20,58,False,True
RPL19,go,20,53,False,True
PSMD3,go,20,43,False,True
MED24,go,20,18,False,True
SMARCE1,go,20,15,False,True
COASY,go,20,11,False,True
VPS25,go,20,30,False,True
RPL27,go,20,61,False,True
DHX8,go,20,33,False,True
LSM12,go,20,0,False,True
EFTUD2,go,20,23,False,True
KIF18B,go,20,24,False,True
NMT1,go,20,6,False,True
GOSR2,go,20,36,False,True
SP2,go,20,26,False,True
CBX1,go,20,19,False,True
SNF8,go,20,19,False,True
PHB,go,20,1,False,True
SLC35B1,go,20,8,False,True
MRPL27,go,20,8,False,True
UTP18,go,20,31,False,True
COX11,go,15,4,False,True
MRPS23,go,20,33,False,True
SRSF1,go,20,38,False,True
RAD51C,go,20,14,False,True
SMG8,go,20,3,False,True
TUBD1,go,20,15,False,True
FTSJ3,go,20,4,False,True
PSMC5,go,20,5,False,True
POLG2,go,20,10,False,True
DDX5,go,20,3,False,True
PSMD12,go,20,56,False,True
NOL11,go,20,14,False,True
C17orf58,go,3,1,False,True
ATP5PD,go,20,14,False,True
ARMC7,go,20,148,False,True
SUMO2,go,20,9,False,True
NUP85,go,20,27,False,True
MRPS7,go,20,6,False,True
TSEN54,go,20,3,False,True
MRPL38,go,20,65,False,True
TEN1,go,20,6,False,True
SRP68,go,20,6,False,True
PGS1,go,20,5,False,True
EIF4A3,go,20,7,False,True
RPTOR,go,20,3,False,True
SLC25A10,go,20,0,False,True
ALYREF,go,20,27,False,True
ANAPC11,go,20,27,False,True
GPS1,go,20,16,False,True
FASN,go,20,0,False,True
TBCD,go,20,3,False,True
USP14,go,20,4,False,True
THOC1,go,20,7,False,True
NDUFV2,go,20,28,False,True
TWSG1,go,3,0,False,True
NAPG,go,20,8,False,True
IMPA2,go,20,0,False,True
AFG3L2,go,20,4,False,True
PSMG2,go,20,8,False,True
SEH1L,go,20,18,False,True
SNRPD1,go,20,11,False,True
INO80C,go,20,12,False,True
C18orf21,go,0,0,True,True
ELP2,go,20,6,False,True
ATP5F1A,go,20,6,False,True
HAUS1,go,20,29,False,True
RPL17,go,20,63,False,True
CXXC1,go,20,20,False,True
NARS,go,20,10,False,True
RTTN,go,20,30,False,True
CTDP1,go,20,6,False,True
TXNL4A,go,20,19,False,True
ADNP2,go,18,3,False,True
POLRMT,go,20,22,False,True
PTBP1,go,20,8,False,True
MED16,go,20,31,False,True
WDR18,go,20,4,False,True
POLR2E,go,20,32,False,True
RPS15,go,20,9,False,True
MBD3,go,20,3,False,True
LSM7,go,20,15,False,True
DOHH,go,20,2,False,True
PIAS4,go,20,4,False,True
RPL36,go,20,24,False,True
LONP1,go,20,4,False,True
NDUFA11,go,20,44,False,True
XAB2,go,20,7,False,True
TRAPPC5,go,20,13,False,True
SNAPC2,go,20,13,False,True
TIMM44,go,20,33,False,True
HNRNPM,go,20,26,False,True
ZNF317,go,19,66,False,True
UBL5,go,3,0,False,True
EIF3G,go,20,28,False,True
MRPL4,go,20,68,False,True
TYK2,go,20,8,False,True
CDC37,go,20,10,False,True
KEAP1,go,20,2,False,True
ILF3,go,20,27,False,True
DNM2,go,20,7,False,True
SPC24,go,20,29,False,True
ELOF1,go,20,7,False,True
WDR83OS,go,20,5,False,True
DHPS,go,20,1,False,True
GET3,go,20,7,False,True
C19orf53,go,0,0,True,True
NDUFB7,go,20,42,False,True
HAUS8,go,20,34,False,True
MRPL34,go,20,29,False,True
ELL,go,20,4,False,True
KXD1,go,20,0,False,True
UBA52,go,20,18,False,True
COPE,go,20,44,False,True
DDX49,go,20,48,False,True
ARMC6,go,20,13,False,True
SUGP1,go,20,54,False,True
UQCRFS1,go,20,13,False,True
POP4,go,20,8,False,True
URI1,go,20,4,False,True
PDCD5,go,20,7,False,True
USF2,go,19,8,False,True
HAUS5,go,20,20,False,True
RBM42,go,20,51,False,True
POLR2I,go,20,16,False,True
TBCB,go,20,45,False,True
PSMD8,go,20,37,False,True
HNRNPL,go,20,24,False,True
SARS2,go,20,41,False,True
MRPS12,go,20,52,False,True
SAMD4B,go,20,39,False,True
PAF1,go,20,4,False,True
RPS16,go,20,33,False,True
FBL,go,20,4,False,True
PSMC4,go,20,23,False,True
EGLN2,go,20,2,False,True
EXOSC5,go,20,16,False,True
RPS19,go,20,2,False,True
ZNF574,go,17,27,False,True
SMG9,go,20,4,False,True
CLASRP,go,20,40,False,True
GEMIN7,go,20,13,False,True
ERCC2,go,20,2,False,True
SNRPD2,go,20,16,False,True
SYMPK,go,20,13,False,True
AP2S1,go,20,7,False,True
ZC3H4,go,20,13,False,True
SAE1,go,20,2,False,True
GRWD1,go,20,58,False,True
RPL18,go,20,52,False,True
RUVBL2,go,20,18,False,True
SNRNP70,go,20,8,False,True
RPS11,go,20,57,False,True
SCAF1,go,20,3,False,True
PRMT1,go,20,2,False,True
AP2A1,go,20,6,False,True
POLD1,go,20,19,False,True
PPP2R1A,go,20,1,False,True
TFPT,go,20,17,False,True
PRPF31,go,20,3,False,True
CNOT3,go,20,8,False,True
TSEN34,go,20,4,False,True
RPL28,go,20,35,False,True
U2AF2,go,20,4,False,True
ZNF787,go,15,0,False,True
RPS5,go,20,31,False,True
CHMP2A,go,20,12,False,True
UBE2M,go,20,20,False,True
SNRPB,go,20,8,False,True
MRPS26,go,20,16,False,True
FASTKD5,go,20,30,False,True
TRMT6,go,20,22,False,True
CRLS1,go,20,3,False,True
NDUFAF5,go,20,8,False,True
PET117,go,19,11,False,True
POLR3F,go,20,13,False,True
NAA20,go,20,61,False,True
XRN2,go,20,9,False,True
GINS1,go,20,4,False,True
EIF2S2,go,20,17,False,True
AHCY,go,20,14,False,True
DYNLRB1,go,20,20,False,True
EIF6,go,20,2,False,True
NFS1,go,20,20,False,True
AAR2,go,14,0,False,True
DSN1,go,20,14,False,True
RPN2,go,20,12,False,True
CTNNBL1,go,20,23,False,True
TTI1,go,20,3,False,True
RPRD1B,go,20,5,False,True
SRSF6,go,20,2,False,True
TP53RK,go,20,37,False,True
CSE1L,go,20,132,False,True
DDX27,go,20,42,False,True
PFDN4,go,20,48,False,True
CSTF1,go,20,26,False,True
RAE1,go,20,0,False,True
NELFCD,go,20,17,False,True
PRELID3B,go,6,2,False,True
PSMA7,go,20,78,False,True
MTG2,go,20,9,False,True
RPS21,go,20,6,False,True
MRGBP,go,20,21,False,True
ARFRP1,go,20,32,False,True
MRPL39,go,20,7,False,True
N6AMT1,go,20,1,False,True
CCT8,go,20,14,False,True
MIS18A,go,20,62,False,True
GART,go,20,4,False,True
ATP5PO,go,19,11,False,True
MRPS6,go,20,12,False,True
PSMG1,go,20,22,False,True
GET1,go,19,42,False,True
WDR4,go,20,6,False,True
RRP1,go,20,3,False,True
FAM207A,go,20,5,False,True
MCM3AP,go,20,6,False,True
ATP6V1E1,go,20,19,False,True
HIRA,go,20,9,False,True
GNB1L,go,0,0,True,True
PI4KA,go,20,46,False,True
UBE2L3,go,20,20,False,True
SMARCB1,go,20,15,False,True
CABIN1,go,20,8,False,True
GUCD1,go,20,0,False,True
SNRPD3,go,20,8,False,True
HSCB,go,20,49,False,True
EWSR1,go,20,77,False,True
THOC5,go,20,7,False,True
ZMAT5,go,20,28,False,True
SF3A1,go,20,36,False,True
PES1,go,20,18,False,True
DRG1,go,20,12,False,True
DEPDC5,go,20,8,False,True
RTCB,go,20,14,False,True
EIF3D,go,20,14,False,True
NOL12,go,20,33,False,True
EIF3L,go,20,19,False,True
POLR2F,go,20,22,False,True
TOMM22,go,20,18,False,True
ADSL,go,8,2,False,True
RBX1,go,20,21,False,True
PHF5A,go,20,23,False,True
POLR3H,go,20,23,False,True
DESI1,go,20,7,False,True
XRCC6,go,20,9,False,True
NDUFA6,go,19,17,False,True
RRP7A,go,20,6,False,True
SAMM50,go,20,15,False,True
ATXN10,go,20,66,False,True
TUBGCP6,go,20,8,False,True
GEMIN8,go,20,75,False,True
PDHA1,go,20,5,False,True
EIF1AX,go,20,65,False,True
MED14,go,20,39,False,True
RBM10,go,20,7,False,True
UBA1,go,20,25,False,True
UXT,go,20,12,False,True
GPKOW,go,20,107,False,True
KDM5C,go,20,10,False,True
HSD17B10,go,18,1,False,True
TSR2,go,20,31,False,True
GNL3L,go,20,4,False,True
LAS1L,go,20,13,False,True
MED12,go,20,5,False,True
ABCB7,go,20,4,False,True
COX7B,go,20,32,False,True
PGK1,go,20,11,False,True
CENPI,go,20,29,False,True
TIMM8A,go,20,29,False,True
ALG13,go,20,2,False,True
RPL39,go,20,2,False,True
AIFM1,go,20,3,False,True
MMGT1,go,20,10,False,True
CCNQ,go,20,7,False,True
NAA10,go,20,4,False,True
TAZ,go,20,0,False,True
FAM50A,go,20,68,False,True
F8A1,go,20,1,False,True
FUNDC2,go,20,4,False,True
CMC4,go,20,13,False,True
VBP1,go,20,16,False,True
ABCG1,go,12,1,False,True
ACOT12,go,20,4,False,True
ACSS2,go,20,5,False,True
ACTR5,go,20,15,False,True
ADAT3,go,20,19,False,True
ALG1L,go,0,0,True,True
AQP7,go,20,3,False,True
ARGFX,go,5,21,False,True
ARHGAP11B,go,20,18,False,True
ARHGAP6,go,20,6,False,True
ARL4D,go,20,49,False,True
BCAR1,go,20,11,False,True
BGLAP,go,2,2,False,True
C12orf60,go,20,131,False,True
C14orf178,go,0,0,True,True
C16orf86,go,0,0,True,True
C1QTNF4,go,20,9,False,True
C6orf15,go,20,17,False,True
CA5A,go,19,16,False,True
CACTIN,go,20,6,False,True
CADM4,go,1,0,False,True
CBLN1,go,16,0,False,True
CCDC144NL,go,0,0,True,True
CCDC78,go,20,2,False,True
CCND1,go,20,4,False,True
CD8B,go,20,23,False,True
CDAN1,go,20,28,False,True
CHTF8,go,20,7,False,True
COG3,go,20,32,False,True
CPAMD8,go,15,5,False,True
CPEB1,go,20,8,False,True
CSH2,go,20,2,False,True
CT45A5,go,20,11,False,True
CTBP2,go,20,2,False,True
CUL7,go,20,1,False,True
CYP2A13,go,3,2,False,True
CYP4F11,go,17,2,False,True
CYS1,go,20,16,False,True
DDN,go,14,4,False,True
DDX19B,go,20,62,False,True
DDX47,go,20,72,False,True
DMRTA2,go,11,0,False,True
DNAAF3,go,1,1,False,True
DNLZ,go,20,7,False,True
DNM1,go,20,16,False,True
DPH1,go,20,12,False,True
DPPA2,go,20,68,False,True
DPY19L2,go,20,4,False,True
EIF3CL,go,20,15,False,True
EPS8L1,go,20,31,False,True
ERVW-1,go,20,4,False,True
ESPN,go,9,1,False,True
ETV4,go,14,72,False,True
FAM229A,go,0,0,True,True
FAM72D,go,20,106,False,True
FBLIM1,go,20,11,False,True
FBXL14,go,20,59,False,True
FKBP9,go,20,11,False,True
FNTB,go,20,5,False,True
FOLR3,go,20,2,False,True
FOXD4,go,10,12,False,True
FOXL2,go,18,12,False,True
FOXO1,go,20,13,False,True
FOXS1,go,15,5,False,True
FRG2,go,20,24,False,True
GAB2,go,20,9,False,True
GATA1,go,20,8,False,True
GCOM1,go,20,1,False,True
GJA3,go,5,1,False,True
GOLGA6L1,go,0,0,True,True
GPR61,go,20,21,False,True
GSDMA,go,18,12,False,True
HAMP,go,0,0,True,True
HAPLN2,go,20,7,False,True
HAUS7,go,20,15,False,True
HCRTR1,go,20,10,False,True
HHEX,go,15,4,False,True
HIST1H2AB,go,20,25,False,True
HIST1H2AE,go,20,25,False,True
HIST1H2AI,go,20,34,False,True
HIST1H2BB,go,20,70,False,True
HIST1H2BE,go,20,26,False,True
HIST1H2BJ,go,20,9,False,True
HIST1H2BL,go,20,88,False,True
HIST1H2BM,go,20,41,False,True
HIST2H2AA3,go,20,44,False,True
HIST2H2BE,go,20,34,False,True
HIST2H2BF,go,20,40,False,True
HIST2H3A,go,20,46,False,True
HIST2H3D,go,20,44,False,True
HOXA3,go,16,2,False,True
HOXC10,go,14,9,False,True
HYPK,go,20,42,False,True
IFITM3,go,20,11,False,True
INPPL1,go,20,8,False,True
JAZF1,go,20,59,False,True
KCNA10,go,19,4,False,True
KDM8,go,20,9,False,True
KLF7,go,19,1,False,True
KLHL11,go,20,125,False,True
KLHL17,go,20,0,False,True
KRT17,go,20,4,False,True
KRT8,go,20,9,False,True
KRTAP4-2,go,20,56,False,True
KRTAP4-7,go,0,0,True,True
LAMB1,go,16,5,False,True
LCE1C,go,20,2,False,True
LCE1E,go,20,20,False,True
LCN10,go,19,6,False,True
LMO2,go,20,1,False,True
LPA,go,13,7,False,True
LRRC37A3,go,20,49,False,True
LTB4R2,go,20,7,False,True
LURAP1,go,20,30,False,True
MBTPS2,go,17,2,False,True
MEIS3,go,13,6,False,True
MEMO1,go,20,66,False,True
MMP17,go,20,6,False,True
MOG,go,20,9,False,True
MOK,go,20,50,False,True
MRM1,go,20,57,False,True
MRPL53,go,20,63,False,True
MST1,go,20,10,False,True
MTCP1,go,20,1,False,True
MTRNR2L1,go,0,0,True,True
MYO1H,go,20,6,False,True
MZF1,go,20,26,False,True
NAGLU,go,4,2,False,True
NANOG,go,20,51,False,True
NBPF12,go,20,30,False,True
NBPF15,go,20,30,False,True
NBPF3,go,20,30,False,True
NCKAP1,go,20,9,False,True
NDOR1,go,20,3,False,True
NEDD8-MDP1,go,0,0,True,True
NFKBIE,go,20,101,False,True
NKX6-1,go,16,0,False,True
NOMO1,go,20,53,False,True
NOMO3,go,15,40,False,True
NOS1AP,go,15,0,False,True
NPB,go,20,12,False,True
NRF1,go,20,15,False,True
OLFML3,go,20,9,False,True
OR1D2,go,20,13,False,True
OR1E2,go,20,10,False,True
OR2A1,go,20,21,False,True
OR2T29,go,20,20,False,True
OR2T5,go,20,20,False,True
OR4F4,go,0,0,True,True
OR4K1,go,20,18,False,True
OR4N2,go,20,17,False,True
OR7A10,go,20,17,False,True
OR7A17,go,20,22,False,True
OTOP1,go,20,1,False,True
OTX1,go,9,11,False,True
OVCA2,go,20,19,False,True
PARS2,go,20,28,False,True
PC,go,20,4,False,True
PIP4K2C,go,20,8,False,True
PLA2G10,go,0,0,True,True
PLEKHN1,go,20,0,False,True
POGLUT3,go,0,0,True,True
POLL,go,20,27,False,True
POT1,go,11,8,False,True
POTEI,go,20,13,False,True
POU3F1,go,17,3,False,True
POU5F1B,go,20,7,False,True
PPY,go,20,10,False,True
PRDM10,go,20,16,False,True
PRDM8,go,20,40,False,True
PRODH,go,20,2,False,True
PRSS50,go,19,2,False,True
PWP2,go,20,6,False,True
PXN,go,5,4,False,True
RBM14-RBM4,go,0,0,True,True
RFFL,go,20,10,False,True
RGPD6,go,20,11,False,True
RNF103,go,20,40,False,True
RPS10-NUDT3,go,0,0,True,True
RTEL1,go,20,14,False,True
S100A1,go,20,16,False,True
SDC1,go,20,1,False,True
SERPINB1,go,20,26,False,True
SIGLEC14,go,20,5,False,True
SLC16A5,go,20,19,False,True
SLC2A8,go,3,1,False,True
SLC35G6,go,20,43,False,True
SLC4A5,go,12,2,False,True
SLC9B1,go,20,3,False,True
SMN2,go,20,11,False,True
SPDYE2,go,20,7,False,True
SSX4,go,20,52,False,True
STRIP1,go,20,33,False,True
SYNGR3,go,17,2,False,True
TANGO6,go,20,1,False,True
TBC1D28,go,20,13,False,True
TBC1D3,go,20,28,False,True
TBX1,go,10,0,False,True
TDGF1,go,4,1,False,True
TEAD3,go,20,5,False,True
TLCD1,go,17,2,False,True
TMEM240,go,20,0,False,True
TNNT2,go,6,3,False,True
TREML2,go,16,32,False,True
TREX2,go,20,5,False,True
TRIM49C,go,20,44,False,True
TRNP1,go,20,2,False,True
TSSK3,go,20,42,False,True
TUBA3D,go,20,38,False,True
TULP1,go,20,4,False,True
TVP23C,go,14,1,False,True
UNCX,go,7,0,False,True
VPS37C,go,20,9,False,True
WDFY3,go,20,5,False,True
WDTC1,go,20,4,False,True
YJEFN3,go,19,1,False,True
YPEL5,go,20,6,False,True
ZNF133,go,19,40,False,True
ZNF253,go,20,22,False,True
ZNF284,go,20,30,False,True
ZNF468,go,16,39,False,True
ZNF492,go,20,23,False,True
ZNF506,go,20,3,False,True
ZNF658,go,17,1,False,True
ZNF674,go,16,28,False,True
ZNF676,go,20,23,False,True
ZNF687,go,20,130,False,True
ZNF718,go,20,20,False,True
ZNF763,go,17,10,False,True
LINC01409,string,0,0,True,False
LINC01128,string,0,0,True,False
HES4,string,20,11,False,False
ISG15,string,0,0,True,False
TNFRSF4,string,20,8,False,False
ACAP3,string,20,5,False,False
CCNL2,string,20,14,False,False
MRPL20-AS1,string,0,0,True,False
FNDC10,string,5,0,False,False
MIB2,string,20,10,False,False
CDK11B,string,20,7,False,False
SLC35E2B,string,20,8,False,False
CDK11A,string,20,10,False,True
SLC35E2A,string,0,0,True,False
SKI,string,20,13,False,False
AL139246.5,string,0,0,True,False
TPRG1L,string,20,4,False,False
LRRC47,string,20,21,False,False
CEP104,string,20,14,False,False
DFFB,string,20,8,False,False
KCNAB2,string,20,14,False,False
ICMT,string,20,17,False,False
ZBTB48,string,20,20,False,False
PHF13,string,20,8,False,False
THAP3,string,20,9,False,False
VAMP3,string,20,28,False,False
RERE,string,20,13,False,False
H6PD,string,20,31,False,False
PIK3CD-AS2,string,0,0,True,False
CLSTN1,string,20,9,False,False
CTNNBIP1,string,20,16,False,False
KIF1B,string,20,29,False,False
SRM,string,20,11,False,False
MAD2L2,string,20,22,False,True
MTHFR,string,20,24,False,False
CLCN6,string,20,16,False,False
VPS13D,string,20,17,False,True
PRDM2,string,20,12,False,False
EFHD2,string,20,7,False,False
DNAJC16,string,20,12,False,False
DDI2,string,20,6,False,False
AL450998.2,string,0,0,True,False
SPEN,string,20,15,False,True
FBXO42,string,20,11,False,True
NECAP2,string,20,22,False,False
NBPF1,string,20,10,False,False
RCC2,string,20,10,False,False
UBR4,string,20,21,False,True
MRTO4,string,20,64,False,True
OTUD3,string,20,8,False,False
CAMK2N1,string,20,5,False,False
PINK1,string,20,27,False,False
HP1BP3,string,20,8,False,False
EIF4G3,string,20,18,False,False
RAP1GAP,string,20,16,False,False
LINC00339,string,0,0,True,False
CDC42,string,20,172,False,True
ZBTB40,string,20,10,False,False
KDM1A,string,20,80,False,True
LUZP1,string,20,9,False,False
LINC01355,string,0,0,True,False
E2F2,string,20,15,False,False
ID3,string,20,11,False,False
PITHD1,string,20,9,False,False
LYPLA2,string,20,19,False,False
HMGCL,string,20,21,False,False
CNR2,string,20,8,False,False
PNRC2,string,20,18,False,False
SRSF10,string,20,10,False,True
NIPAL3,string,20,7,False,False
RCAN3,string,20,15,False,False
SRRM1,string,20,27,False,True
CLIC4,string,20,13,False,False
RUNX3,string,20,23,False,False
SYF2,string,20,31,False,True
RSRP1,string,20,10,False,False
MACO1,string,20,13,False,False
STMN1,string,20,21,False,False
PAFAH2,string,20,12,False,False
PDIK1L,string,20,6,False,False
SH3BGRL3,string,20,5,False,False
CD52,string,20,19,False,False
HMGN2,string,20,7,False,True
RPS6KA1,string,20,16,False,False
ARID1A,string,20,33,False,False
ZDHHC18,string,20,8,False,False
SLC9A1,string,20,22,False,False
TMEM222,string,20,4,False,False
SYTL1,string,20,10,False,False
WASF2,string,20,34,False,False
AHDC1,string,20,6,False,False
IFI6,string,20,25,False,False
FAM76A,string,20,2,False,False
STX12,string,20,34,False,False
EYA3,string,20,12,False,False
ATP5IF1,string,20,7,False,False
PHACTR4,string,20,7,False,False
SNHG3,string,0,0,True,False
SNHG12,string,0,0,True,False
TAF12,string,20,34,False,True
GMEB1,string,20,5,False,False
EPB41,string,20,18,False,False
SRSF4,string,20,16,False,False
LAPTM5,string,20,29,False,False
PUM1,string,20,32,False,True
LINC01226,string,0,0,True,False
PTP4A2,string,0,0,True,False
KPNA6,string,20,12,False,True
TXLNA,string,20,5,False,False
CCDC28B,string,20,11,False,False
MARCKSL1,string,20,5,False,False
BSDC1,string,20,17,False,False
ZBTB8A,string,20,8,False,False
YARS,string,0,0,True,True
S100PBP,string,20,5,False,False
TMEM54,string,20,10,False,False
PHC2,string,20,27,False,False
ZMYM6,string,20,7,False,False
ZMYM1,string,20,14,False,False
SFPQ,string,20,17,False,True
ZMYM4,string,20,16,False,True
KIAA0319L,string,20,17,False,False
CLSPN,string,20,16,False,True
AGO4,string,20,30,False,False
AGO1,string,20,49,False,False
AGO3,string,20,33,False,False
MAP7D1,string,20,9,False,False
SNIP1,string,20,24,False,True
CDCA8,string,20,60,False,False
C1orf122,string,20,9,False,False
MTF1,string,20,14,False,False
INPP5B,string,20,24,False,False
FHL3,string,20,9,False,False
RRAGC,string,20,38,False,False
AKIRIN1,string,20,4,False,False
MACF1,string,20,22,False,False
TRIT1,string,20,18,False,False
CAP1,string,20,16,False,True
RLF,string,20,3,False,False
ZMPSTE24,string,20,14,False,False
SMAP2,string,20,3,False,False
ZFP69B,string,20,1,False,True
RIMS3,string,20,12,False,False
HIVEP3,string,20,7,False,False
FOXJ3,string,20,9,False,False
PPCS,string,20,4,False,False
P3H1,string,20,9,False,False
C1orf50,string,20,4,False,False
SVBP,string,20,10,False,False
CDC20,string,20,113,False,True
SZT2,string,20,5,False,False
KDM4A,string,20,18,False,False
KDM4A-AS1,string,0,0,True,False
ST3GAL3,string,20,17,False,False
ATP6V0B,string,20,29,False,True
KIF2C,string,20,50,False,False
PRDX1,string,20,26,False,False
AKR1A1,string,20,9,False,False
NASP,string,20,17,False,True
GPBP1L1,string,20,10,False,False
IPP,string,20,3,False,False
PIK3R3,string,20,29,False,False
LRRC41,string,20,6,False,False
EFCAB14,string,20,8,False,False
TAL1,string,20,28,False,False
STIL,string,20,19,False,True
SPATA6,string,20,6,False,False
BEND5,string,20,2,False,False
FAF1,string,20,26,False,False
CDKN2C,string,20,8,False,False
RNF11,string,20,18,False,False
EPS15,string,20,45,False,False
NRDC,string,20,8,False,False
KTI12,string,20,13,False,True
ORC1,string,20,27,False,True
TUT4,string,20,8,False,False
ZYG11B,string,20,12,False,False
SCP2,string,20,28,False,False
LRP8,string,20,13,False,False
TMEM59,string,20,9,False,False
TCEANC2,string,20,4,False,False
SSBP3,string,0,0,True,True
DHCR24,string,20,24,False,False
USP24,string,20,10,False,False
MYSM1,string,20,21,False,True
JUN,string,20,102,False,False
NFIA,string,20,17,False,False
TM2D1,string,20,7,False,False
USP1,string,20,28,False,False
DOCK7,string,20,12,False,False
EFCAB7,string,20,9,False,False
JAK1,string,20,49,False,False
LEPROT,string,20,5,False,False
MIER1,string,20,13,False,True
GADD45A,string,20,11,False,False
ANKRD13C,string,20,14,False,False
ACADM,string,20,23,False,False
AC118549.1,string,0,0,True,True
USP33,string,20,15,False,False
MIGA1,string,20,8,False,False
AL359504.2,string,0,0,True,False
PRKACB,string,20,96,False,False
CTBS,string,20,7,False,False
SSX2IP,string,20,15,False,False
C1orf52,string,20,3,False,False
BCL10,string,0,0,True,False
ZNHIT6,string,20,19,False,True
ODF2L,string,20,11,False,False
SH3GLB1,string,20,14,False,False
HS2ST1,string,20,12,False,False
LMO4,string,20,10,False,False
PKN2,string,20,3,False,False
GTF2B,string,20,62,False,True
GBP3,string,20,1,False,False
GBP1,string,20,12,False,False
LRRC8B,string,20,13,False,False
LRRC8D,string,20,10,False,False
ZNF326,string,20,7,False,False
LINC02609,string,0,0,True,False
ZNF644,string,20,20,False,False
RPAP2,string,20,41,False,True
GFI1,string,20,20,False,False
MTF2,string,20,11,False,False
TMED5,string,20,18,False,False
CCDC18,string,20,13,False,False
CCDC18-AS1,string,0,0,True,False
DR1,string,20,19,False,True
FNBP1L,string,20,9,False,False
RWDD3,string,20,6,False,False
PTBP2,string,20,21,False,False
AGL,string,20,24,False,False
SLC35A3,string,20,9,False,False
TRMT13,string,20,13,False,False
DBT,string,20,14,False,False
RTCA-AS1,string,0,0,True,False
EXTL2,string,20,14,False,False
SLC30A7,string,20,13,False,False
AC093157.1,string,0,0,True,False
S1PR1,string,20,9,False,False
RNPC3,string,20,22,False,True
VAV3,string,20,21,False,False
SLC25A24,string,20,5,False,False
FAM102B,string,20,11,False,True
PRPF38B,string,20,15,False,True
STXBP3,string,20,23,False,False
GPSM2,string,20,16,False,False
WDR47,string,20,16,False,False
TAF13,string,20,22,False,True
TMEM167B,string,20,7,False,False
SARS,string,0,0,True,True
PSRC1,string,20,10,False,False
AMPD2,string,20,20,False,False
GSTM3,string,20,8,False,False
KCNC4,string,20,12,False,False
RBM15,string,20,18,False,True
CD53,string,20,20,False,False
LRIF1,string,20,12,False,False
CEPT1,string,20,24,False,False
CHI3L2,string,20,3,False,False
RAP1A,string,20,49,False,False
ST7L,string,20,4,False,False
RHOC,string,20,45,False,False
SLC16A1-AS1,string,0,0,True,False
LRIG2,string,20,0,False,False
RSBN1,string,20,10,False,False
PTPN22,string,20,26,False,False
HIPK1,string,20,4,False,True
TRIM33,string,20,13,False,False
NRAS,string,20,80,False,False
TSPAN2,string,20,6,False,False
VANGL1,string,20,13,False,False
CD2,string,20,50,False,False
TTF2,string,20,4,False,True
MAN1A2,string,20,26,False,False
TENT5C,string,20,7,False,False
GDAP2,string,20,6,False,False
WDR3,string,20,46,False,True
PHGDH,string,20,24,False,False
SEC22B,string,20,75,False,False
AL592494.2,string,0,0,True,False
POLR3C,string,20,30,False,True
PEX11B,string,20,14,False,False
POLR3GL,string,20,17,False,False
PRKAB2,string,20,22,False,False
BCL9,string,20,16,False,False
PDE4DIP,string,20,14,False,False
HIST2H2AC,string,0,0,True,True
SV2A,string,20,14,False,False
VPS45,string,0,0,True,False
PLEKHO1,string,20,2,False,False
ANP32E,string,20,14,False,False
PRPF3,string,20,48,False,True
RPRD2,string,20,15,False,False
MCL1,string,20,26,False,True
SETDB1,string,20,41,False,True
CDC42SE1,string,20,2,False,False
MLLT11,string,20,9,False,False
GABPB2,string,20,6,False,False
SCNM1,string,20,7,False,True
PIP5K1A,string,20,20,False,False
RFX5,string,20,15,False,False
POGZ,string,20,19,False,True
S100A10,string,20,19,False,False
S100A4,string,20,13,False,False
GATAD2B,string,20,27,False,False
DENND4B,string,20,11,False,False
CRTC2,string,20,9,False,False
RPS27,string,0,0,True,True
TPM3,string,20,21,False,False
ATP8B2,string,20,10,False,False
UBE2Q1,string,20,18,False,False
ADAR,string,20,40,False,False
PBXIP1,string,20,6,False,False
SHC1,string,20,63,False,True
CKS1B,string,20,20,False,False
DPM3,string,20,13,False,False
CLK2,string,20,17,False,True
FDPS,string,20,36,False,True
ASH1L,string,20,23,False,False
YY1AP1,string,20,8,False,False
GON4L,string,20,7,False,True
RIT1,string,20,6,False,False
KHDC4,string,20,7,False,False
ARHGEF2,string,20,21,False,False
SSR2,string,20,20,False,False
MEX3A,string,20,3,False,True
SLC25A44,string,20,10,False,False
MEF2D,string,20,26,False,False
GPATCH4,string,20,9,False,False
ISG20L2,string,20,5,False,True
HDGF,string,20,5,False,False
KIRREL1,string,20,13,False,False
CD1D,string,20,14,False,False
AL138899.1,string,0,0,True,False
CD1A,string,20,10,False,False
CD1C,string,20,14,False,False
CD1B,string,20,15,False,False
CD1E,string,20,10,False,False
AL365440.2,string,0,0,True,False
IFI16,string,20,16,False,False
TAGLN2,string,20,17,False,False
PIGM,string,20,18,False,False
DCAF8,string,20,16,False,False
COPA,string,20,30,False,True
CD84,string,20,8,False,False
CD48,string,20,21,False,False
LY9,string,20,14,False,False
TSTD1,string,20,3,False,False
USF1,string,20,15,False,False
ARHGAP30,string,20,13,False,False
DUSP12,string,20,8,False,False
ATF6,string,20,28,False,False
UHMK1,string,20,16,False,False
HSD17B7,string,20,20,False,False
NUF2,string,20,32,False,True
TMCO1,string,20,20,False,False
POGK,string,20,9,False,False
POU2F1,string,20,21,False,False
CD247,string,20,61,False,False
RCSD1,string,20,19,False,False
MPZL1,string,20,5,False,False
DCAF6,string,20,28,False,True
SFT2D2,string,20,6,False,False
BLZF1,string,20,16,False,False
SELL,string,20,36,False,False
SCYL3,string,20,1,False,False
KIFAP3,string,20,27,False,False
GORAB,string,20,10,False,False
VAMP4,string,20,37,False,False
PIGC,string,20,19,False,False
SUCO,string,20,12,False,False
KLHL20,string,20,15,False,False
CENPL,string,20,16,False,False
GAS5,string,0,0,True,False
ZBTB37,string,20,2,False,False
RC3H1,string,20,20,False,False
CACYBP,string,20,15,False,False
COP1,string,20,27,False,False
RALGPS2,string,20,7,False,False
ABL2,string,20,13,False,False
TOR1AIP2,string,20,6,False,False
TOR1AIP1,string,20,6,False,False
CEP350,string,20,23,False,False
STX6,string,20,54,False,False
MR1,string,20,3,False,False
IER5,string,20,8,False,False
GLUL,string,20,16,False,False
RNASEL,string,20,27,False,False
SMG7,string,20,17,False,True
ARPC5,string,20,31,False,False
C1orf21,string,19,4,False,False
EDEM3,string,20,23,False,False
TRMT1L,string,20,17,False,False
IVNS1ABP,string,20,9,False,False
TPR,string,20,41,False,True
ODR4,string,20,6,False,False
RO60,string,20,10,False,False
ASPM,string,20,84,False,False
ZBTB41,string,20,5,False,False
DENND1B,string,20,8,False,False
NEK7,string,20,7,False,False
PTPRC,string,20,100,False,False
MIR181A1HG,string,0,0,True,False
LINC01222,string,0,0,True,False
ZNF281,string,20,9,False,False
KIF14,string,20,19,False,True
DDX59,string,20,6,False,True
KIF21B,string,20,9,False,False
IPO9,string,20,15,False,True
ARL8A,string,20,11,False,False
PTPN7,string,20,7,False,False
UBE2T,string,0,0,True,False
PPP1R12B,string,20,15,False,False
KDM5B,string,20,18,False,False
CYB5R1,string,20,6,False,False
ATP2B4,string,20,17,False,False
LAX1,string,20,6,False,False
PPP1R15B,string,20,18,False,True
PIK3C2B,string,20,29,False,False
MDM4,string,20,14,False,False
RBBP5,string,20,45,False,True
DSTYK,string,20,4,False,True
ELK4,string,20,11,False,False
NUCKS1,string,20,10,False,False
RAB29,string,20,11,False,False
SLC41A1,string,20,13,False,False
SRGAP2,string,20,19,False,False
RASSF5,string,20,24,False,False
MAPKAPK2,string,20,17,False,False
FCMR,string,20,7,False,False
YOD1,string,20,29,False,False
CD55,string,20,9,False,False
CD46,string,20,11,False,False
MIR29B2CHG,string,0,0,True,False
TRAF3IP3,string,20,30,False,False
RCOR3,string,20,15,False,False
TRAF5,string,20,15,False,False
NEK2,string,20,25,False,False
LPGAT1,string,20,15,False,False
DTL,string,20,27,False,True
PPP2R5A,string,20,34,False,False
BATF3,string,20,12,False,False
FLVCR1,string,20,10,False,False
VASH2,string,20,7,False,False
ANGEL2,string,20,9,False,False
CENPF,string,20,48,False,False
GPATCH2,string,20,15,False,False
RAB3GAP2,string,20,23,False,False
MIA3,string,20,12,False,False
BROX,string,20,8,False,False
TP53BP2,string,20,17,False,False
FBXO28,string,20,17,False,False
WDR26,string,20,18,False,True
DNAH14,string,20,8,False,False
LBR,string,20,33,False,False
ENAH,string,20,22,False,False
EPHX1,string,20,10,False,False
TMEM63A,string,20,5,False,False
SDE2,string,20,12,False,True
H3F3A,string,0,0,True,True
ACBD3,string,20,20,False,False
ITPKB,string,20,14,False,False
CDC42BPA,string,20,13,False,False
ZNF678,string,20,3,False,False
ARF1,string,20,75,False,False
C1orf35,string,20,4,False,False
GUK1,string,20,28,False,True
IBA57,string,20,24,False,False
OBSCN,string,20,12,False,False
TRIM11,string,20,6,False,False
HIST3H2A,string,0,0,True,False
RNF187,string,20,6,False,False
RHOU,string,20,14,False,False
CCSAP,string,20,7,False,False
ABCB10,string,20,11,False,True
GALNT2,string,20,18,False,False
FAM89A,string,20,1,False,False
EXOC8,string,20,23,False,True
SPRTN,string,20,8,False,True
EGLN1,string,20,16,False,False
AL445524.1,string,0,0,True,False
TSNAX,string,20,22,False,False
SIPA1L2,string,20,10,False,False
NTPCR,string,20,10,False,False
PCNX2,string,20,5,False,False
KCNK1,string,20,9,False,False
IRF2BP2,string,20,9,False,True
TOMM20,string,20,26,False,True
ARID4B,string,20,31,False,False
TBCE,string,20,13,False,True
B3GALNT2,string,20,13,False,False
GNG4,string,20,16,False,False
LYST,string,20,18,False,False
LGALS8,string,20,17,False,False
HEATR1,string,20,49,False,True
MTR,string,20,18,False,False
FH,string,20,40,False,False
OPN3,string,20,9,False,False
CHML,string,20,50,False,False
EXO1,string,20,61,False,False
CEP170,string,20,20,False,False
SDCCAG8,string,20,22,False,False
ZBTB18,string,20,12,False,False
COX20,string,20,16,False,False
CNST,string,20,3,False,False
AHCTF1,string,20,15,False,True
ZNF669,string,20,0,False,False
ZNF124,string,20,3,False,False
ZNF496,string,20,9,False,False
ZNF672,string,20,5,False,False
FAM110C,string,20,3,False,False
SH3YL1,string,20,8,False,False
TPO,string,20,7,False,False
PXDN,string,20,5,False,False
ADI1,string,20,5,False,False
AC231981.1,string,0,0,True,False
RNASEH1-AS1,string,0,0,True,False
SOX11,string,20,8,False,False
AC010729.2,string,0,0,True,False
CMPK2,string,20,25,False,False
RSAD2,string,20,46,False,False
ID2,string,20,9,False,False
KIDINS220,string,20,9,False,False
ASAP2,string,20,18,False,False
ADAM17,string,20,16,False,False
RRM2,string,20,37,False,True
HPCAL1,string,20,7,False,False
ODC1,string,20,14,False,False
PDIA6,string,20,30,False,False
SLC66A3,string,20,11,False,False
ROCK2,string,20,30,False,False
LPIN1,string,20,24,False,True
TRIB2,string,20,13,False,False
MYCN,string,20,17,False,False
SMC6,string,20,25,False,True
TTC32,string,20,6,False,False
PUM2,string,20,24,False,False
ATAD2B,string,20,23,False,False
UBXN2A,string,20,10,False,False
TP53I3,string,20,11,False,False
ITSN2,string,20,20,False,False
NCOA1,string,20,43,False,False
DNMT3A,string,20,38,False,False
ASXL2,string,20,7,False,False
CENPA,string,20,31,False,True
EIF2B4,string,20,13,False,True
NRBP1,string,20,9,False,True
ZNF512,string,20,13,False,False
SLC4A1AP,string,0,0,True,False
PPP1CB,string,20,56,False,True
WDR43,string,20,35,False,True
CLIP4,string,20,10,False,False
LBH,string,20,2,False,False
SPAST,string,0,0,True,False
YIPF4,string,20,10,False,False
BIRC6,string,20,15,False,False
STRN,string,20,40,False,False
EIF2AK2,string,20,26,False,False
CEBPZOS,string,20,3,False,False
PRKD3,string,20,7,False,False
SRSF7,string,20,32,False,True
SOS1,string,0,0,True,False
COX7A2L,string,20,6,False,False
MTA3,string,20,22,False,False
ZFP36L2,string,20,11,False,False
LRPPRC,string,20,29,False,True
PREPL,string,20,15,False,False
TTC7A,string,20,12,False,False
CALM2,string,20,22,False,False
MSH6,string,20,30,False,False
FBXO11,string,20,15,False,False
ERLEC1,string,20,34,False,False
PSME4,string,20,17,False,False
ACYP2,string,20,11,False,False
SPTBN1,string,20,23,False,False
RTN4,string,20,27,False,False
MTIF2,string,20,23,False,False
CCDC88A,string,20,6,False,False
PPP4R3B,string,20,20,False,False
PNPT1,string,20,38,False,True
EFEMP1,string,20,15,False,False
BCL11A,string,20,13,False,False
PAPOLG,string,20,15,False,False
REL,string,20,15,False,False
PUS10,string,20,14,False,False
KIAA1841,string,0,0,True,False
USP34,string,20,16,False,False
XPO1,string,20,66,False,True
FAM161A,string,20,16,False,False
B3GNT2,string,20,22,False,False
EHBP1,string,20,26,False,False
WDPCP,string,20,12,False,False
UGP2,string,20,19,False,False
VPS54,string,20,37,False,True
PELI1,string,20,6,False,False
AFTPH,string,0,0,True,False
SERTAD2,string,20,3,False,False
LINC02245,string,0,0,True,False
CEP68,string,20,6,False,True
ACTR2,string,20,57,False,True
ETAA1,string,20,7,False,False
ARHGAP25,string,20,8,False,False
GFPT1,string,20,16,False,False
AAK1,string,20,14,False,False
ANXA4,string,20,4,False,False
PCBP1-AS1,string,0,0,True,False
TIA1,string,20,18,False,False
PCYOX1,string,20,13,False,False
ZNF638,string,20,9,False,False
EXOC6B,string,20,15,False,False
SFXN5,string,20,6,False,False
ALMS1,string,20,17,False,False
STAMBP,string,20,14,False,False
DGUOK,string,20,20,False,False
TET3,string,20,9,False,False
MOB1A,string,20,18,False,False
MTHFD2,string,20,22,False,False
WBP1,string,20,6,False,True
CCDC142,string,3,1,False,False
TTC31,string,20,7,False,False
TMSB10,string,20,3,False,True
TGOLN2,string,20,39,False,False
ELMOD3,string,20,2,False,False
CAPG,string,20,9,False,False
MAT2A,string,20,18,False,True
VAMP5,string,20,9,False,False
C2orf68,string,20,4,False,False
ST3GAL5,string,20,14,False,False
KDM3A,string,20,16,False,False
RMND5A,string,20,20,False,False
CYTOR,string,0,0,True,False
KRCC1,string,20,2,False,False
MAL,string,20,6,False,False
FAHD2A,string,20,7,False,False
LINC00342,string,0,0,True,False
ANKRD36C,string,20,10,False,False
DUSP2,string,20,5,False,False
TMEM127,string,20,12,False,True
SNRNP200,string,20,85,False,True
NCAPH,string,20,22,False,True
ARID5A,string,20,12,False,False
ANKRD36,string,20,7,False,False
AC092683.1,string,0,0,True,False
ANKRD36B,string,20,7,False,False
ZAP70,string,20,46,False,False
TMEM131,string,20,9,False,False
INPP4A,string,20,23,False,False
MGAT4A,string,20,10,False,False
LINC02611,string,0,0,True,False
TSGA10,string,20,10,False,False
REV1,string,20,14,False,False
AFF3,string,20,10,False,False
NPAS2,string,20,21,False,False
RNF149,string,20,4,False,False
MAP4K4,string,20,18,False,False
MFSD9,string,20,9,False,False
AC012360.3,string,0,0,True,False
C2orf49,string,20,6,False,False
FHL2,string,20,24,False,False
GCC2,string,20,25,False,False
RANBP2,string,20,62,False,True
BUB1,string,20,113,False,True
BCL2L11,string,20,26,False,False
TMEM87B,string,20,10,False,False
ZC3H8,string,20,19,False,True
ZC3H6,string,20,13,False,False
TTL,string,20,14,False,False
SLC20A1,string,20,12,False,False
CKAP2L,string,20,14,False,False
PSD4,string,20,4,False,False
SLC35F5,string,20,11,False,False
AC110769.2,string,0,0,True,False
ACTR3,string,20,41,False,True
AC009404.1,string,0,0,True,False
CCDC93,string,20,18,False,False
INSIG2,string,20,15,False,False
PTPN4,string,20,13,False,False
EPB41L5,string,20,12,False,False
RALB,string,20,19,False,False
CLASP1,string,20,14,False,False
NIFK-AS1,string,0,0,True,False
GYPC,string,20,15,False,False
MAP3K2,string,20,11,False,False
MYO7B,string,20,5,False,False
LIMS2,string,20,13,False,False
SFT2D3,string,20,1,False,False
AMMECR1L,string,20,6,False,False
UGGT1,string,20,20,False,False
HS6ST1,string,20,12,False,True
CCDC115,string,20,15,False,True
FAM168B,string,20,5,False,False
PLEKHB2,string,20,6,False,False
MGAT5,string,20,19,False,False
CCNT2,string,20,29,False,False
RAB3GAP1,string,20,37,False,False
AC011893.1,string,0,0,True,False
MCM6,string,20,49,False,True
CXCR4,string,20,38,False,False
ARHGAP15,string,20,24,False,False
MBD5,string,20,3,False,False
EPC2,string,20,20,False,False
RIF1,string,20,12,False,False
STAM2,string,20,15,False,False
ARL6IP6,string,20,2,False,True
BAZ2B,string,20,14,False,False
MARCH7,string,0,0,True,False
RBMS1,string,20,11,False,False
TANK,string,20,17,False,False
LINC01806,string,0,0,True,False
IFIH1,string,0,0,True,False
SCN3A,string,20,7,False,False
TTC21B,string,20,25,False,False
STK39,string,20,16,False,False
CERS6,string,20,17,False,False
SPC25,string,20,11,False,True
KLHL23,string,20,6,False,False
UBR3,string,0,0,True,False
TLK1,string,20,15,False,False
METTL8,string,20,8,False,False
DYNC1I2,string,20,28,False,True
HAT1,string,20,19,False,False
ITGA6,string,20,18,False,False
CDCA7,string,20,13,False,False
SP3,string,20,6,False,False
CIR1,string,20,4,False,False
GPR155,string,20,7,False,False
WIPF1,string,20,13,False,False
ATF2,string,20,26,False,False
HNRNPA3,string,20,19,False,False
AGPS,string,20,19,False,False
PLEKHA3,string,20,7,False,False
TTN-AS1,string,0,0,True,False
SESTD1,string,20,7,False,False
CWC22,string,20,58,False,True
LINC01934,string,0,0,True,False
ITGA4,string,20,27,False,False
ITPRID2,string,20,5,False,False
DNAJC10,string,20,29,False,False
ITGAV,string,20,28,False,False
SLC40A1,string,20,16,False,False
MFSD6,string,20,25,False,False
GLS,string,20,12,False,False
STAT1,string,20,76,False,False
MYO1B,string,20,11,False,False
NABP1,string,20,19,False,False
SLC39A10,string,20,14,False,True
STK17B,string,20,10,False,False
PGAP1,string,20,17,False,False
ANKRD44,string,20,14,False,False
SF3B1,string,20,83,False,True
COQ10B,string,20,6,False,False
HSPD1,string,20,54,False,True
HSPE1,string,20,26,False,True
TYW5,string,20,18,False,False
KCTD18,string,20,9,False,False
SGO2,string,20,9,False,False
BZW1,string,20,15,False,False
CLK1,string,20,18,False,False
FAM126B,string,20,7,False,False
CFLAR,string,20,17,False,False
CASP10,string,20,13,False,False
CASP8,string,20,49,False,False
TRAK2,string,20,15,False,False
ALS2,string,20,18,False,False
BMPR2,string,20,15,False,False
FAM117B,string,20,16,False,False
ICA1L,string,20,18,False,False
CARF,string,20,8,False,True
NBEAL1,string,20,7,False,True
ABI2,string,20,31,False,False
CD28,string,20,44,False,False
INO80D,string,20,15,False,True
EEF1B2,string,20,12,False,True
CREB1,string,20,65,False,False
CCNYL1,string,20,8,False,False
IDH1,string,20,29,False,False
PIKFYVE,string,20,34,False,False
IKZF2,string,20,7,False,False
BARD1,string,20,40,False,True
RPL37A,string,20,12,False,True
IGFBP2,string,20,5,False,False
ARPC2,string,20,31,False,True
CTDSP1,string,20,7,False,False
USP37,string,20,7,False,True
ZFAND2B,string,20,13,False,False
ANKZF1,string,20,16,False,False
STK16,string,20,11,False,False
TUBA4A,string,20,34,False,False
DNAJB2,string,20,4,False,False
ACSL3,string,20,17,False,False
WDFY1,string,20,12,False,False
CUL3,string,20,63,False,True
DOCK10,string,20,6,False,False
RHBDD1,string,20,14,False,False
AGFG1,string,20,32,False,False
TRIP12,string,20,49,False,False
SP110,string,20,11,False,False
SP140L,string,20,16,False,False
SP100,string,20,16,False,False
CAB39,string,20,25,False,False
ITM2C,string,20,11,False,False
ARMC9,string,20,14,False,False
NCL,string,20,31,False,True
PTMA,string,20,17,False,True
TIGD1,string,20,11,False,True
GIGYF2,string,20,6,False,False
INPP5D,string,20,32,False,False
ATG16L1,string,20,34,False,False
DGKD,string,20,12,False,False
HJURP,string,20,26,False,True
ARL4C,string,20,11,False,False
LRRFIP1,string,20,12,False,False
UBE2F,string,20,20,False,False
HES6,string,20,6,False,False
PER2,string,20,16,False,False
TRAF3IP1,string,20,22,False,False
HDAC4,string,20,38,False,False
DUSP28,string,20,4,False,False
RNPEPL1,string,20,9,False,False
CAPN10-DT,string,0,0,True,False
MTERF4,string,20,10,False,False
HDLBP,string,20,13,False,False
SEPTIN2,string,20,16,False,False
DTYMK,string,20,22,False,True
ING5,string,20,18,False,False
CRBN,string,20,35,False,False
ITPR1,string,20,51,False,False
ARL8B,string,20,15,False,False
EDEM1,string,20,23,False,False
RAD18,string,20,35,False,False
SRGAP3,string,20,15,False,False
THUMPD3-AS1,string,0,0,True,False
SETD5,string,20,12,False,True
BRPF1,string,20,18,False,False
OGG1,string,20,15,False,False
TADA3,string,20,35,False,True
ARPC4,string,20,29,False,True
TTLL3,string,20,7,False,False
FANCD2,string,20,35,False,False
VHL,string,20,25,False,True
TATDN2,string,20,11,False,False
VGLL4,string,20,13,False,False
IQSEC1,string,20,17,False,False
FBLN2,string,20,6,False,False
TMEM43,string,20,11,False,False
XPC,string,20,29,False,False
CCDC174,string,20,9,False,True
FGD5-AS1,string,0,0,True,False
NR2C2,string,20,26,False,False
CAPN7,string,20,4,False,False
SH3BP5,string,20,7,False,False
EAF1,string,20,14,False,False
ANKRD28,string,20,18,False,False
RFTN1,string,20,8,False,False
PLCL2,string,20,6,False,False
TBC1D5,string,20,24,False,False
SATB1,string,20,8,False,False
SATB1-AS1,string,0,0,True,False
RAB5A,string,20,73,False,False
SGO1,string,20,20,False,False
UBE2E2,string,20,32,False,False
NR1D2,string,20,9,False,False
TOP2B,string,20,10,False,False
SLC4A7,string,20,12,False,False
AZI2,string,20,9,False,False
TGFBR2,string,20,37,False,False
STT3B,string,20,27,False,True
CMTM6,string,20,9,False,False
CNOT10,string,20,18,False,True
UBP1,string,20,11,False,False
PDCD6IP,string,20,21,False,True
ARPP21,string,20,7,False,False
EPM2AIP1,string,20,5,False,False
LRRFIP2,string,20,15,False,False
GOLGA4,string,20,24,False,False
MYD88,string,20,35,False,False
OXSR1,string,20,14,False,False
ACVR2B,string,20,18,False,False
EXOG,string,20,7,False,False
WDR48,string,20,20,False,False
SLC25A38,string,0,0,True,False
EIF1B,string,20,7,False,False
ZNF621,string,20,0,False,False
CTNNB1,string,20,229,False,False
NKTR,string,20,21,False,False
SNRK,string,20,13,False,False
ABHD5,string,20,17,False,False
TCAIM,string,20,2,False,False
ZNF445,string,20,6,False,False
ZNF197,string,20,6,False,False
KIF15,string,20,32,False,False
TMEM42,string,20,4,False,False
LIMD1,string,20,12,False,False
SACM1L,string,20,48,False,True
LZTFL1,string,20,11,False,False
NBEAL2,string,20,10,False,False
SETD2,string,20,45,False,True
MAP4,string,20,14,False,False
CDC25A,string,20,20,False,False
NME6,string,20,24,False,False
SHISA5,string,20,4,False,False
IP6K2,string,20,27,False,False
PRKAR2A,string,20,22,False,False
DALRD3,string,20,5,False,False
IMPDH2,string,20,12,False,True
C3orf62,string,17,2,False,False
USP4,string,20,14,False,False
TCTA,string,18,0,False,False
IP6K1,string,20,14,False,False
RBM5,string,20,7,False,False
RASSF1,string,20,19,False,False
HEMK1,string,20,5,False,False
MANF,string,20,29,False,True
RAD54L2,string,20,4,False,False
PCBP4,string,20,3,False,False
ABHD14B,string,20,11,False,False
RPL29,string,20,20,False,True
ALAS1,string,20,20,False,False
WDR82,string,20,50,False,True
BAP1,string,20,11,False,True
PHF7,string,20,10,False,False
PBRM1,string,20,24,False,False
GNL3,string,20,30,False,True
GLT8D1,string,20,6,False,False
SPCS1,string,20,15,False,False
NEK4,string,20,18,False,False
SFMBT1,string,20,7,False,False
TKT,string,20,24,False,True
DCP1A,string,20,25,False,False
ACTR8,string,20,26,False,True
SELENOK,string,20,9,False,False
CCDC66,string,20,14,False,False
TASOR,string,20,10,False,False
ARHGEF3,string,20,8,False,False
APPL1,string,20,22,False,False
ARF4,string,20,23,False,True
DENND6A,string,20,9,False,False
SLMAP,string,20,26,False,False
FLNB,string,20,17,False,False
RPP14,string,20,14,False,True
PXK,string,20,14,False,False
ATXN7,string,0,0,True,False
TMF1,string,20,26,False,False
ARL6IP5,string,20,10,False,False
FOXP1,string,0,0,True,False
RYBP,string,20,25,False,False
GXYLT2,string,20,9,False,False
EBLN2,string,20,4,False,False
CHMP2B,string,20,42,False,False
CGGBP1,string,20,11,False,False
ZNF654,string,0,0,True,False
C3orf38,string,20,7,False,False
ARL13B,string,20,35,False,False
DHFR2,string,20,18,False,False
NSUN3,string,20,14,False,False
MTRNR2L12,string,17,2,False,False
CLDND1,string,20,5,False,False
TBC1D23,string,20,26,False,False
TOMM70,string,20,31,False,False
SENP7,string,20,22,False,False
ZBTB11,string,20,8,False,True
CEP97,string,20,22,False,True
NXPE3,string,0,0,True,False
ALCAM,string,20,13,False,False
BBX,string,20,14,False,False
AC012020.1,string,0,0,True,False
CD47,string,20,11,False,False
CIP2A,string,20,11,False,False
DZIP3,string,20,5,False,False
TRAT1,string,20,34,False,False
CD96,string,20,12,False,False
ATG3,string,20,33,False,False
SLC35A5,string,20,9,False,False
NEPRO,string,20,5,False,True
SPICE1,string,20,19,False,False
USF3,string,20,12,False,False
NAA50,string,20,23,False,True
ATP6V1A,string,20,44,False,True
LSAMP,string,20,3,False,False
B4GALT4,string,20,9,False,False
GSK3B,string,20,60,False,True
LRRC58,string,20,6,False,False
POLQ,string,20,7,False,False
HCLS1,string,20,33,False,False
GOLGB1,string,20,27,False,False
PARP9,string,20,19,False,False
DTX3L,string,20,11,False,False
PARP14,string,20,19,False,False
HSPBAP1,string,20,9,False,False
CCDC14,string,20,21,False,False
ZNF148,string,20,6,False,False
OSBPL11,string,20,7,False,False
MCM2,string,20,79,False,True
SEC61A1,string,20,36,False,True
CNBP,string,20,17,False,False
H1FX,string,0,0,True,False
TMCC1,string,20,4,False,False
ATP2C1,string,20,6,False,False
DNAJC13,string,20,12,False,False
NPHP3,string,20,22,False,False
TOPBP1,string,20,30,False,True
RYK,string,20,10,False,False
CEP63,string,0,0,True,False
MSL2,string,20,15,False,False
STAG1,string,20,36,False,False
NCK1-DT,string,0,0,True,False
NCK1,string,20,54,False,False
CEP70,string,20,11,False,False
SLC25A36,string,20,9,False,False
PXYLP1,string,20,10,False,False
RASA2,string,20,8,False,False
TFDP2,string,20,8,False,False
GK5,string,20,9,False,False
XRN1,string,20,51,False,True
ATR,string,20,52,False,True
CHST2,string,20,13,False,False
DIPK2A,string,20,9,False,False
HLTF,string,20,26,False,False
RNF13,string,20,5,False,False
PFN2,string,20,17,False,False
TSC22D2,string,20,16,False,False
SIAH2,string,20,12,False,False
MED12L,string,20,10,False,False
MBNL1,string,20,23,False,True
RAP2B,string,20,12,False,False
SLC33A1,string,0,0,True,False
GMPS,string,20,41,False,True
CCNL1,string,20,9,False,True
GFM1,string,20,16,False,True
MFSD1,string,20,10,False,False
IFT80,string,20,24,False,False
SMC4,string,20,36,False,True
TRIM59,string,20,15,False,False
KPNA4,string,20,16,False,False
PPM1L,string,20,16,False,False
NMD3,string,20,34,False,True
MYNN,string,20,23,False,False
SEC62,string,20,21,False,True
PHC3,string,20,25,False,False
PRKCI,string,20,26,False,False
SKIL,string,20,16,False,False
RPL22L1,string,20,4,False,False
TNFSF10,string,20,13,False,True
ECT2,string,20,22,False,True
TBL1XR1,string,20,34,False,False
ZMAT3,string,20,13,False,False
PIK3CA,string,20,78,False,False
MFN1,string,20,30,False,False
TTC14,string,20,11,False,False
FXR1,string,20,23,False,False
ATP11B,string,20,5,False,True
DCUN1D1,string,20,28,False,False
KLHL6,string,20,10,False,False
KLHL24,string,20,22,False,False
YEATS2,string,20,25,False,True
ABCC5,string,20,7,False,False
CAMK2N2,string,20,5,False,False
EIF4G1,string,20,73,False,True
MAGEF1,string,20,7,False,False
VPS8,string,20,15,False,False
SENP2,string,20,4,False,False
DNAJB11,string,20,19,False,False
EIF4A2,string,20,33,False,False
RFC4,string,20,48,False,True
ST6GAL1,string,20,23,False,False
RPL39L,string,20,5,False,False
LPP,string,0,0,True,False
OPA1,string,20,13,False,True
HES1,string,20,17,False,False
ATP13A3,string,20,8,False,False
TMEM44-AS1,string,0,0,True,False
TMEM44,string,20,2,False,False
LSG1,string,20,16,False,True
ACAP2,string,20,17,False,False
PPP1R2,string,20,8,False,True
TFRC,string,20,42,False,True
UBXN7,string,20,56,False,False
RNF168,string,20,19,False,True
FBXO45,string,20,14,False,False
NRROS,string,20,7,False,False
PIGX,string,20,6,False,False
CEP19,string,20,15,False,False
PAK2,string,20,32,False,False
SENP5,string,20,7,False,False
NCBP2,string,20,59,False,True
NCBP2AS2,string,0,0,True,False
MELTF-AS1,string,0,0,True,False
DLG1,string,20,24,False,False
RUBCN,string,20,13,False,False
FYTTD1,string,20,19,False,False
LRCH3,string,20,8,False,False
IQCG,string,20,14,False,False
LMLN,string,20,4,False,False
ZNF721,string,20,1,False,False
PIGG,string,20,19,False,False
ATP5ME,string,20,24,False,True
PCGF3,string,20,21,False,False
AC139887.2,string,0,0,True,False
GAK,string,20,57,False,True
FGFRL1,string,20,6,False,False
RNF212,string,20,7,False,False
SPON2,string,20,15,False,False
CTBP1-DT,string,0,0,True,False
SLBP,string,20,17,False,True
AC016773.1,string,0,0,True,False
TACC3,string,20,19,False,True
TMEM129,string,20,8,False,False
NSD2,string,20,19,False,False
C4orf48,string,20,7,False,False
MXD4,string,20,9,False,False
RNF4,string,20,60,False,True
FAM193A,string,20,7,False,False
SH3BP2,string,20,16,False,False
ADD1,string,20,16,False,False
NOP14,string,20,68,False,True
HTT,string,20,49,False,False
RGS12,string,20,13,False,False
TMEM128,string,20,5,False,False
LYAR,string,20,12,False,False
STX18-AS1,string,0,0,True,False
MAN2B2,string,20,12,False,False
MRFAP1,string,20,9,False,False
AC093323.1,string,0,0,True,False
MRFAP1L1,string,20,7,False,False
BLOC1S4,string,20,8,False,False
KIAA0232,string,20,3,False,False
TBC1D14,string,20,14,False,False
TADA2B,string,20,21,False,True
AFAP1,string,20,15,False,False
SH3TC1,string,20,9,False,False
ZNF518B,string,20,11,False,False
BOD1L1,string,20,6,False,True
FBXL5,string,20,21,False,False
FAM200B,string,0,0,True,False
CD38,string,20,27,False,False
TAPT1,string,20,10,False,False
DCAF16,string,20,7,False,False
NCAPG,string,20,65,False,True
LCORL,string,20,12,False,False
SEPSECS,string,20,18,False,True
SEPSECS-AS1,string,0,0,True,False
STIM2,string,20,13,False,False
ARAP2,string,20,7,False,False
KLF3,string,20,10,False,False
RFC1,string,20,27,False,True
SMIM14,string,20,12,False,False
PDS5A,string,20,26,False,False
N4BP2,string,20,13,False,False
RHOH,string,20,14,False,False
CHRNA9,string,20,7,False,False
TMEM33,string,20,16,False,False
SLC30A9,string,20,19,False,False
BEND4,string,20,7,False,False
GUF1,string,20,13,False,False
GNPDA2,string,20,16,False,False
NFXL1,string,20,14,False,False
SLAIN2,string,20,12,False,False
FRYL,string,20,16,False,False
OCIAD2,string,20,14,False,False
SGCB,string,20,8,False,False
DANCR,string,0,0,True,False
FIP1L1,string,20,39,False,True
CHIC2,string,20,9,False,False
CLOCK,string,20,29,False,True
EXOC1,string,20,25,False,True
CEP135,string,20,41,False,False
PAICS,string,20,28,False,False
SPINK2,string,20,4,False,False
REST,string,20,13,False,False
CENPC,string,20,28,False,True
UBA6,string,20,24,False,False
UBA6-AS1,string,0,0,True,False
YTHDC1,string,20,26,False,True
UTP3,string,20,39,False,True
RUFY3,string,20,9,False,False
MOB1B,string,20,12,False,False
DCK,string,20,21,False,False
SLC4A4,string,20,10,False,False
COX18,string,20,8,False,False
ANKRD17,string,20,14,False,True
MTHFD2L,string,20,14,False,False
THAP6,string,20,5,False,False
USO1,string,20,44,False,False
SCARB2,string,20,10,False,False
SEPTIN11,string,20,11,False,False
CCNI,string,20,7,False,False
CCNG2,string,20,10,False,False
CNOT6L,string,20,34,False,False
BMP2K,string,0,0,True,True
HNRNPDL,string,20,13,False,True
SEC31A,string,20,28,False,False
THAP9-AS1,string,0,0,True,False
LIN54,string,20,11,False,True
PLAC8,string,20,7,False,False
HELQ,string,20,6,False,False
ABRAXAS1,string,20,11,False,False
AFF1,string,20,15,False,False
PPM1K,string,20,12,False,False
HERC5,string,20,17,False,False
PYURF,string,20,12,False,True
SMARCAD1,string,20,10,False,False
RAP1GDS1,string,20,20,False,False
TSPAN5,string,20,8,False,False
LAMTOR3,string,20,24,False,True
DNAJB14,string,20,10,False,False
H2AFZ,string,0,0,True,True
PPP3CA,string,20,54,False,False
SLC39A8,string,20,18,False,False
NFKB1,string,20,36,False,False
UBE2D3,string,20,59,False,True
BDH2,string,20,11,False,False
CENPE,string,20,69,False,True
TET2,string,20,13,False,False
TBCK,string,20,19,False,False
CYP2U1,string,20,9,False,False
LEF1,string,20,34,False,False
LEF1-AS1,string,0,0,True,False
RPL34,string,20,9,False,True
MCUB,string,20,14,False,False
CASP6,string,20,16,False,False
FAM241A,string,20,13,False,False
AP1AR,string,20,10,False,False
TIFA,string,20,7,False,False
ZGRF1,string,20,9,False,False
LARP7,string,20,18,False,False
NDST3,string,20,15,False,False
SNHG8,string,0,0,True,False
METTL14,string,20,21,False,True
C4orf3,string,12,0,False,False
MAD2L1,string,20,81,False,True
ANXA5,string,20,24,False,False
CCNA2,string,20,129,False,True
KIAA1109,string,20,8,False,False
NUDT6,string,20,13,False,False
SPATA5,string,20,15,False,True
ANKRD50,string,20,12,False,False
HSPA4L,string,20,24,False,False
MFSD8,string,20,13,False,False
ABHD18,string,20,6,False,False
JADE1,string,20,12,False,False
SCLT1,string,20,18,False,False
C4orf33,string,20,4,False,False
SLC7A11,string,20,14,False,False
ELF2,string,20,6,False,False
NAA15,string,20,16,False,True
AC097376.3,string,0,0,True,False
ELMOD2,string,20,8,False,False
RNF150,string,20,9,False,False
USP38,string,20,14,False,False
SMARCA5,string,20,27,False,False
HHIP-AS1,string,0,0,True,False
HHIP,string,20,11,False,False
ABCE1,string,20,41,False,True
OTUD4,string,20,20,False,False
SMAD1,string,20,27,False,False
TMEM184C,string,20,7,False,False
PRMT9,string,20,4,False,False
LRBA,string,20,19,False,False
LINC02273,string,0,0,True,False
FBXW7,string,20,28,False,True
MIR4453HG,string,0,0,True,False
TMEM154,string,20,7,False,False
ARFIP1,string,20,17,False,False
MND1,string,20,9,False,False
TMEM131L,string,20,6,False,False
MAP9,string,20,5,False,False
GUCY1A1,string,20,10,False,False
PDGFC,string,20,4,False,False
GLRB,string,20,15,False,False
PPID,string,20,17,False,False
FNIP2,string,20,15,False,False
RAPGEF2,string,20,16,False,False
NAF1,string,20,13,False,True
TMEM192,string,20,2,False,False
MSMO1,string,20,26,False,False
DDX60,string,20,23,False,False
DDX60L,string,0,0,True,False
PALLD,string,20,8,False,False
CBR4,string,20,9,False,False
NEK1,string,20,14,False,False
CLCN3,string,20,25,False,False
HPF1,string,20,5,False,False
GALNT7,string,20,11,False,False
HMGB2,string,20,14,False,False
SAP30,string,20,29,False,False
FBXO8,string,20,15,False,False
CEP44,string,20,9,False,False
HPGD,string,20,11,False,False
NEIL3,string,20,9,False,False
CDKN2AIP,string,20,4,False,False
ING2,string,20,22,False,False
TRAPPC11,string,20,28,False,True
IRF2,string,20,23,False,False
CASP3,string,20,81,False,False
CENPU,string,20,23,False,False
CFAP97,string,20,3,False,False
CYP4V2,string,20,9,False,False
FAT1,string,20,15,False,False
BRD9,string,20,16,False,False
NKD2,string,20,2,False,False
SLC12A7,string,20,15,False,False
CLPTM1L,string,20,8,False,False
MRPL36,string,20,40,False,True
ICE1,string,20,9,False,True
MED10,string,20,34,False,True
SRD5A1,string,20,5,False,False
MARCH6,string,0,0,True,False
RETREG1,string,20,9,False,False
C5orf22,string,20,11,False,False
MTMR12,string,20,8,False,False
ZFR,string,20,11,False,True
TARS,string,0,0,True,True
AMACR,string,20,19,False,False
IL7R,string,20,27,False,False
LMBRD2,string,20,9,False,False
NIPBL-DT,string,0,0,True,False
NIPBL,string,20,59,False,False
CPLANE1,string,20,11,False,False
RICTOR,string,20,19,False,False
FYB1,string,0,0,True,False
C9,string,20,9,False,False
PTGER4,string,20,6,False,False
PRKAA1,string,20,20,False,False
RPL37,string,20,6,False,True
C5orf51,string,20,4,False,False
CCDC152,string,20,4,False,False
AC008875.3,string,0,0,True,False
AC025171.1,string,0,0,True,False
ANXA2R,string,18,4,False,False
AC025171.2,string,0,0,True,False
ZNF131,string,20,15,False,True
HMGCS1,string,20,40,False,True
NNT-AS1,string,0,0,True,False
NNT,string,20,10,False,False
EMB,string,20,10,False,False
PARP8,string,20,13,False,False
PELO,string,20,10,False,True
GZMA,string,20,16,False,False
IL6ST,string,20,17,False,False
MAP3K1,string,20,35,False,False
MIER3,string,20,9,False,False
GPBP1,string,20,10,False,False
DEPDC1B,string,20,10,False,False
SREK1IP1,string,20,14,False,False
ADAMTS6,string,20,9,False,False
CENPK,string,20,19,False,True
TRIM23,string,20,25,False,False
TRAPPC13,string,20,14,False,False
SGTB,string,20,11,False,False
NLN,string,20,6,False,False
ERBIN,string,20,18,False,False
SREK1,string,20,24,False,False
PIK3R1,string,20,109,False,False
CCNB1,string,20,121,False,True
RAD17,string,20,24,False,True
BDP1,string,20,37,False,True
PTCD2,string,20,10,False,False
TNPO1,string,20,22,False,False
ANKRA2,string,20,10,False,False
FAM169A,string,20,5,False,False
HMGCR,string,20,49,False,True
CERT1,string,20,28,False,False
POLK,string,20,8,False,False
IQGAP2,string,20,23,False,False
F2R,string,20,19,False,False
AGGF1,string,20,13,False,False
ZBED3,string,20,10,False,False
ZBED3-AS1,string,0,0,True,False
AP3B1,string,20,47,False,False
SCAMP1-AS1,string,0,0,True,False
JMY,string,20,7,False,False
HOMER1,string,20,14,False,False
TENT2,string,20,12,False,False
SERINC5,string,20,3,False,False
ZFYVE16,string,20,23,False,False
DHFR,string,20,22,False,True
MSH3,string,20,10,False,False
SSBP2,string,20,15,False,False
RPS23,string,20,35,False,True
ATP6AP1L,string,0,0,True,False
RASA1,string,20,34,False,False
TMEM161B,string,20,8,False,True
TMEM161B-AS1,string,0,0,True,False
LYSMD3,string,20,2,False,False
LUCAT1,string,0,0,True,False
FAM172A,string,20,6,False,False
TTC37,string,20,24,False,False
RHOBTB3,string,20,11,False,False
GLRX,string,20,24,False,False
CAST,string,20,6,False,True
ERAP1,string,20,14,False,False
ERAP2,string,20,9,False,False
LNPEP,string,20,26,False,False
RIOK2,string,20,27,False,True
RGMB,string,20,7,False,False
CHD1,string,20,24,False,False
ST8SIA4,string,20,13,False,False
PPIP5K2,string,20,13,False,False
FBXL17,string,20,20,False,False
FER,string,20,3,False,False
PJA2,string,20,22,False,False
MAN2A1,string,20,23,False,False
SLC25A46,string,20,12,False,False
TSLP,string,20,12,False,False
WDR36,string,0,0,True,True
CAMK4,string,20,23,False,False
STARD4,string,20,13,False,False
NREP,string,20,4,False,False
EPB41L4A-AS1,string,0,0,True,False
APC,string,20,34,False,False
REEP5,string,20,25,False,False
DCP2,string,20,27,False,False
YTHDC2,string,20,18,False,False
PGGT1B,string,20,7,False,False
CCDC112,string,20,8,False,False
FEM1C,string,20,12,False,False
TMED7,string,20,26,False,False
ATG12,string,20,35,False,False
DMXL1,string,20,21,False,False
TNFAIP8,string,20,7,False,False
SRFBP1,string,20,4,False,True
CEP120,string,20,33,False,False
CSNK1G3,string,20,7,False,False
LMNB1,string,20,31,False,False
PRRC1,string,20,11,False,False
LINC01184,string,0,0,True,False
SLC12A2,string,20,22,False,False
LYRM7,string,20,17,False,False
CDC42SE2,string,20,6,False,False
RAPGEF6,string,20,15,False,False
FNIP1,string,20,16,False,False
ACSL6,string,0,0,True,False
C5orf56,string,0,0,True,False
IRF1,string,20,35,False,False
RAD50,string,20,23,False,False
KIF3A,string,20,35,False,False
AFF4,string,20,18,False,False
HSPA4,string,20,98,False,False
VDAC1,string,20,41,False,False
TCF7,string,20,29,False,False
UBE2B,string,20,27,False,False
JADE2,string,20,8,False,False
SAR1B,string,20,24,False,False
SEC24A,string,20,33,False,False
CAMLG,string,20,11,False,True
DDX46,string,20,20,False,True
C5orf24,string,20,7,False,False
PITX1,string,20,11,False,False
H2AFY,string,0,0,True,False
SMAD5,string,20,25,False,False
AC106791.1,string,0,0,True,False
FAM13B,string,20,8,False,False
BRD8,string,20,39,False,True
KIF20A,string,20,68,False,True
FAM53C,string,20,12,False,False
KDM3B,string,20,11,False,False
ETF1,string,20,33,False,True
HSPA9,string,20,82,False,True
CTNNA1,string,20,54,False,False
SNHG4,string,0,0,True,False
MATR3,string,0,0,True,False
PAIP2,string,20,10,False,False
MZB1,string,20,4,False,False
DNAJC18,string,20,6,False,False
TMEM173,string,0,0,True,False
PURA,string,20,13,False,False
CYSTM1,string,20,5,False,False
ANKHD1,string,20,13,False,False
IK,string,20,11,False,True
WDR55,string,20,9,False,True
HARS2,string,20,18,False,True
TAF7,string,20,24,False,True
DIAPH1,string,0,0,True,False
RNF14,string,20,16,False,True
NDFIP1,string,20,6,False,False
ARHGAP26,string,20,12,False,False
NR3C1,string,20,63,False,False
YIPF5,string,20,10,False,False
LARS,string,0,0,True,True
RBM27,string,20,14,False,False
JAKMIP2,string,20,3,False,False
FBXO38,string,20,12,False,False
CSNK1A1,string,20,20,False,True
SLC26A2,string,20,12,False,False
HMGXB3,string,20,7,False,False
RPS14,string,20,34,False,True
DCTN4,string,20,31,False,True
SMIM3,string,20,2,False,False
TNIP1,string,20,13,False,False
ANXA6,string,20,11,False,False
GM2A,string,20,23,False,False
FAM114A2,string,20,13,False,False
GALNT10,string,20,9,False,False
SAP30L,string,20,22,False,False
CNOT8,string,20,30,False,False
ITK,string,20,30,False,False
CYFIP2,string,0,0,True,False
CLINT1,string,20,13,False,False
RNF145,string,20,20,False,False
UBLCP1,string,20,18,False,False
PWWP2A,string,20,11,False,False
SLU7,string,20,30,False,True
PTTG1,string,20,15,False,False
CCNG1,string,20,7,False,False
NUDCD2,string,20,13,False,False
HMMR,string,20,15,False,False
PANK3,string,20,12,False,False
SPDL1,string,20,13,False,True
DOCK2,string,0,0,True,False
LCP2,string,20,79,False,False
LINC01366,string,0,0,True,False
NPM1,string,20,29,False,True
FBXW11,string,20,31,False,False
STK10,string,20,5,False,False
DUSP1,string,20,16,False,False
ERGIC1,string,20,11,False,False
ATP6V0E1,string,20,28,False,False
CREBRF,string,20,10,False,False
CPEB4,string,20,18,False,False
KIAA1191,string,20,3,False,False
RNF44,string,20,8,False,False
TSPAN17,string,20,6,False,False
UIMC1,string,20,18,False,False
ZNF346,string,20,12,False,False
NSD1,string,20,9,False,False
MXD3,string,20,9,False,False
RGS14,string,20,12,False,False
F12,string,20,8,False,False
GRK6,string,20,10,False,False
PRR7,string,20,5,False,False
DBN1,string,20,17,False,False
FAM193B,string,20,3,False,False
HNRNPAB,string,20,8,False,False
PHYKPL,string,20,6,False,False
CLK4,string,20,15,False,False
ZNF354A,string,20,3,False,False
ZNF354B,string,20,5,False,False
RUFY1,string,20,14,False,False
HNRNPH1,string,20,78,False,True
CANX,string,20,84,False,False
MAML1,string,20,10,False,False
SQSTM1,string,20,61,False,False
MRNIP,string,20,3,False,False
RNF130,string,20,3,False,False
MAPK9,string,20,23,False,False
CNOT6,string,20,30,False,False
MGAT1,string,20,27,False,False
ZFP62,string,20,12,False,False
TRIM41,string,20,16,False,False
TRIM52,string,20,5,False,False
TRIM52-AS1,string,0,0,True,False
DUSP22,string,20,14,False,False
EXOC2,string,20,36,False,True
GMDS-DT,string,0,0,True,False
NQO2,string,20,2,False,False
RIPK1,string,20,45,False,False
PRPF4B,string,20,20,False,True
CDYL,string,20,42,False,False
NRN1,string,20,4,False,False
RREB1,string,20,9,False,False
SNRNP48,string,20,12,False,True
BLOC1S5,string,20,14,False,False
TMEM14C,string,20,11,False,False
HIVEP1,string,20,6,False,False
RANBP9,string,20,21,False,False
CD83,string,20,7,False,False
JARID2,string,20,21,False,False
DTNBP1,string,20,18,False,False
FAM8A1,string,20,11,False,False
NUP153,string,20,76,False,True
DEK,string,0,0,True,False
E2F3,string,20,20,False,False
SOX4,string,20,9,False,False
CASC15,string,0,0,True,False
ALDH5A1,string,20,19,False,False
TDP2,string,20,14,False,False
C6orf62,string,20,5,False,False
GMNN,string,20,16,False,False
RIPOR2,string,20,9,False,False
TRIM38,string,20,7,False,False
HIST1H3B,string,0,0,True,False
HIST1H1C,string,0,0,True,False
HIST1H4C,string,0,0,True,False
HIST1H2AC,string,0,0,True,False
HIST1H1E,string,0,0,True,False
HIST1H3D,string,0,0,True,False
HIST1H1D,string,0,0,True,False
HIST1H3G,string,0,0,True,False
BTN3A2,string,20,4,False,False
BTN2A2,string,20,2,False,False
BTN3A1,string,20,2,False,False
BTN2A1,string,20,3,False,False
HMGN4,string,20,10,False,False
ZNF322,string,20,8,False,False
HIST1H2AG,string,0,0,True,False
HIST1H2AH,string,0,0,True,False
ZNF184,string,20,5,False,False
HIST1H2BN,string,0,0,True,True
HIST1H1B,string,0,0,True,False
HIST1H2AM,string,0,0,True,False
ZSCAN16-AS1,string,0,0,True,False
ZKSCAN8,string,20,14,False,False
HLA-A,string,20,36,False,False
TRIM26,string,20,16,False,False
HCG18,string,0,0,True,False
HLA-E,string,20,23,False,False
PPP1R10,string,20,23,False,True
ATAT1,string,20,2,False,False
PPP1R18,string,20,18,False,False
MDC1,string,20,38,False,False
TUBB,string,20,26,False,True
FLOT1,string,20,7,False,False
IER3,string,20,7,False,False
TCF19,string,20,17,False,False
HLA-C,string,20,33,False,True
HLA-B,string,20,31,False,False
LST1,string,20,4,False,True
AIF1,string,20,10,False,False
C6orf47,string,20,4,False,False
GPANK1,string,20,10,False,False
DDAH2,string,20,10,False,False
CLIC1,string,20,19,False,False
SNHG32,string,0,0,True,False
NEU1,string,20,10,False,False
STK19,string,20,9,False,False
ATF6B,string,20,21,False,False
AGPAT1,string,20,22,False,False
RNF5,string,20,20,False,False
PBX2,string,20,22,False,False
GPSM3,string,20,4,False,False
PSMB8,string,20,48,False,False
PSMB8-AS1,string,0,0,True,False
PSMB9,string,20,33,False,False
TAP1,string,20,8,False,False
BRD2,string,0,0,True,True
RXRB,string,20,18,False,False
SLC39A7,string,20,15,False,True
RPS18,string,20,18,False,True
TAPBP,string,20,22,False,False
KIFC1,string,20,22,False,False
PHF1,string,20,19,False,False
SYNGAP1,string,20,26,False,False
BAK1,string,20,20,False,False
LEMD2,string,20,14,False,False
HMGA1,string,20,10,False,True
SMIM29,string,20,3,False,False
NUDT3,string,20,19,False,False
ILRUN,string,20,17,False,False
UHRF1BP1,string,20,14,False,False
ANKS1A,string,20,9,False,False
DEF6,string,20,4,False,False
RPL10A,string,20,85,False,True
FKBP5,string,20,17,False,False
KCTD20,string,20,7,False,False
STK38,string,20,36,False,False
C6orf89,string,20,5,False,False
PI16,string,20,7,False,False
MTCH1,string,20,6,False,False
RNF8,string,20,29,False,True
ZFAND3,string,20,14,False,False
OARD1,string,20,12,False,False
NFYA,string,20,34,False,False
MDFI,string,20,14,False,False
USP49,string,20,14,False,False
CCND3,string,20,24,False,True
TAF8,string,20,18,False,True
UBR2,string,20,20,False,False
TBCC,string,20,9,False,True
RPL7L1,string,20,7,False,True
PTK7,string,20,12,False,False
DNPH1,string,20,5,False,False
ZNF318,string,20,4,False,False
YIPF3,string,20,7,False,False
POLH,string,20,25,False,False
C6orf223,string,0,0,True,False
HSP90AB1,string,20,55,False,False
ENPP4,string,20,10,False,False
CD2AP,string,20,25,False,False
MMUT,string,20,12,False,False
MCM3,string,20,67,False,True
EFHC1,string,20,12,False,False
TRAM2-AS1,string,0,0,True,False
GSTA4,string,20,8,False,False
ICK,string,0,0,True,False
ELOVL5,string,20,20,False,False
GCLC,string,0,0,True,True
LRRC1,string,20,12,False,False
DST,string,20,8,False,False
BEND6,string,20,6,False,False
KIAA1586,string,20,3,False,False
ZNF451,string,20,21,False,False
BAG2,string,20,16,False,False
AL021368.2,string,0,0,True,False
PHF3,string,20,19,False,False
LMBRD1,string,0,0,True,False
SMAP1,string,20,6,False,False
KHDC1,string,20,2,False,False
AC019205.1,string,0,0,True,False
MTO1,string,20,9,False,False
EEF1A1,string,20,21,False,True
TMEM30A,string,20,17,False,False
SENP6,string,20,19,False,True
IRAK1BP1,string,20,4,False,False
PHIP,string,20,13,False,False
ELOVL4,string,20,11,False,False
TTK,string,20,58,False,True
IBTK,string,20,12,False,False
DOP1A,string,20,11,False,False
CYB5R4,string,20,15,False,False
CEP162,string,20,17,False,False
SNX14,string,20,10,False,False
SNHG5,string,0,0,True,False
ZNF292,string,20,15,False,True
SMIM8,string,20,4,False,False
AKIRIN2,string,20,8,False,True
RNGTT,string,20,16,False,True
PNRC1,string,20,9,False,False
PM20D2,string,20,3,False,False
UBE2J1,string,20,29,False,False
MDN1,string,20,11,False,True
CASP8AP2,string,20,10,False,True
BACH2,string,20,12,False,False
UFL1,string,20,10,False,True
MMS22L,string,20,6,False,True
POU3F2,string,20,11,False,False
FBXL4,string,20,11,False,False
PNISR,string,20,29,False,True
ASCC3,string,20,21,False,True
ATG5,string,20,46,False,False
CRYBG1,string,0,0,True,False
SOBP,string,20,5,False,False
OSTM1,string,20,15,False,False
FOXO3,string,20,55,False,False
CEP57L1,string,20,3,False,False
CD164,string,20,9,False,False
MICAL1,string,20,11,False,False
AK9,string,20,22,False,False
FIG4,string,20,23,False,False
WASF1,string,20,35,False,False
CDK19,string,20,22,False,False
MFSD4B,string,20,14,False,False
REV3L,string,20,28,False,True
TRAF3IP2-AS1,string,0,0,True,False
TRAF3IP2,string,20,10,False,False
FYN,string,20,83,False,True
FAM229B,string,6,0,False,False
TSPYL4,string,20,5,False,False
DSE,string,20,10,False,False
TSPYL1,string,20,8,False,False
ZUP1,string,20,4,False,False
KPNA5,string,20,15,False,False
NUS1,string,20,22,False,True
CEP85L,string,20,4,False,False
MCM9,string,20,8,False,False
ASF1A,string,20,25,False,False
FAM184A,string,20,3,False,False
MAN1A1,string,20,19,False,False
SERINC1,string,20,15,False,False
NCOA7,string,20,9,False,False
HINT3,string,20,3,False,False
CENPW,string,20,16,False,True
RNF146,string,20,16,False,False
THEMIS,string,20,6,False,False
PTPRK,string,20,8,False,False
L3MBTL3,string,0,0,True,False
EPB41L2,string,20,10,False,True
MED23,string,20,17,False,False
STX7,string,20,34,False,False
RPS12,string,20,16,False,True
HBS1L,string,20,28,False,True
MYB,string,20,28,False,True
AHI1,string,20,20,False,False
BCLAF1,string,20,14,False,True
IFNGR1,string,20,17,False,False
WAKMAR2,string,0,0,True,False
TNFAIP3,string,20,35,False,False
CCDC28A,string,0,0,True,False
ABRACL,string,20,14,False,False
HECA,string,20,7,False,False
VTA1,string,20,20,False,False
HIVEP2,string,20,10,False,False
SF3B5,string,20,30,False,True
UTRN,string,20,21,False,False
EPM2A,string,20,14,False,False
FBXO30,string,20,2,False,False
SHPRH,string,20,7,False,False
STXBP5,string,20,14,False,False
TAB2,string,20,37,False,False
PPIL4,string,20,5,False,True
LATS1,string,20,23,False,False
ULBP2,string,20,10,False,False
ZBTB2,string,20,7,False,False
SYNE1,string,20,26,False,False
FBXO5,string,20,15,False,True
AL080276.2,string,0,0,True,False
MTRF1L,string,20,7,False,False
SCAF8,string,20,15,False,False
ARID1B,string,20,25,False,False
SNX9,string,20,25,False,False
SYNJ2,string,20,31,False,False
TULP4,string,20,9,False,False
EZR,string,20,44,False,False
SOD2,string,20,29,False,True
WTAP,string,20,14,False,True
ACAT2,string,20,34,False,False
MRPL18,string,20,12,False,True
IGF2R,string,20,37,False,False
MAP3K4,string,20,12,False,False
QKI,string,20,28,False,False
SFT2D1,string,20,7,False,False
FGFR1OP,string,0,0,True,True
AFDN,string,20,32,False,False
C6orf120,string,20,5,False,False
PHF10,string,20,24,False,True
FAM120B,string,20,4,False,False
COX19,string,20,27,False,False
ZFAND2A,string,20,5,False,False
AC091729.3,string,0,0,True,False
MAFK,string,20,13,False,False
MAD1L1,string,20,20,False,False
CHST12,string,20,18,False,False
IQCE,string,20,9,False,False
TTYH3,string,20,14,False,False
GNA12,string,20,27,False,False
AP5Z1,string,0,0,True,False
RBAK,string,20,6,False,False
SLC29A4,string,20,8,False,False
TNRC18,string,20,15,False,False
ACTB,string,0,0,True,True
ZNF316,string,20,3,False,False
ZNF12,string,20,2,False,False
C1GALT1,string,20,23,False,False
UMAD1,string,0,0,True,False
GLCCI1,string,20,13,False,False
ICA1,string,20,16,False,False
PHF14,string,20,9,False,False
TMEM106B,string,20,10,False,False
ANKMY2,string,20,8,False,False
SNX13,string,20,8,False,False
SP4,string,20,6,False,False
SNHG26,string,0,0,True,False
FAM126A,string,20,7,False,False
IGF2BP3,string,20,1,False,False
TRA2A,string,20,14,False,False
CCDC126,string,20,13,False,False
FAM221A,string,20,3,False,False
OSBPL3,string,20,11,False,False
NFE2L3,string,20,11,False,False
SNX10,string,20,13,False,False
HOTAIRM1,string,0,0,True,False
HOXA7,string,20,12,False,False
TAX1BP1,string,20,15,False,False
SCRN1,string,20,6,False,False
FKBP14,string,20,14,False,False
PLEKHA8,string,20,12,False,False
MTURN,string,20,8,False,False
GARS-DT,string,0,0,True,False
GARS,string,0,0,True,True
AVL9,string,20,15,False,False
NT5C3A,string,0,0,True,False
RP9,string,20,8,False,False
HERPUD2,string,20,8,False,False
AC018647.2,string,0,0,True,False
SEPTIN7,string,20,23,False,False
EEPD1,string,20,8,False,False
ANLN,string,20,34,False,True
ELMO1,string,20,24,False,False
TRG-AS1,string,0,0,True,False
VPS41,string,20,15,False,True
CDK13,string,20,15,False,False
MPLKIP,string,20,10,False,False
STK17A,string,20,2,False,False
URGCP,string,20,1,False,False
POLM,string,20,13,False,False
AEBP1,string,20,9,False,False
NUDCD3,string,20,11,False,True
TMED4,string,20,13,False,False
PURB,string,20,6,False,False
AC004847.1,string,0,0,True,False
MYO1G,string,20,21,False,False
SNHG15,string,0,0,True,False
CCM2,string,20,15,False,False
HUS1,string,20,19,False,True
IKZF1,string,20,29,False,False
FIGNL1,string,20,14,False,False
VOPP1,string,20,7,False,False
ZNF736,string,20,7,False,False
ZNF680,string,20,4,False,False
ZNF107,string,20,9,False,False
ZNF138,string,20,4,False,False
ZNF273,string,20,5,False,False
ZNF117,string,20,9,False,False
ERV3-1,string,20,8,False,False
ZNF92,string,20,4,False,False
CRCP,string,20,20,False,True
LINC00174,string,0,0,True,False
AC008267.5,string,0,0,True,False
RABGEF1,string,0,0,True,False
AC027644.3,string,0,0,True,False
SBDS,string,20,7,False,True
AUTS2,string,20,20,False,False
BAZ1B,string,20,18,False,False
RFC2,string,20,33,False,True
GTF2I,string,20,17,False,False
CASTOR2,string,20,12,False,False
TRIM73,string,20,8,False,False
RHBDD2,string,20,4,False,False
STYXL1,string,20,4,False,False
HSPB1,string,20,12,False,False
YWHAG,string,20,38,False,False
APTR,string,0,0,True,False
DMTF1,string,20,8,False,False
TMEM243,string,20,6,False,False
TP53TG1,string,0,0,True,False
DBF4,string,20,13,False,True
GTPBP10,string,20,3,False,False
AKAP9,string,20,37,False,False
KRIT1,string,20,12,False,False
ANKIB1,string,20,12,False,False
GATAD1,string,20,10,False,False
PEX1,string,20,7,False,True
RBM48,string,20,7,False,True
FAM133B,string,20,10,False,True
CDK6,string,20,34,False,True
AC002454.1,string,0,0,True,False
SAMD9,string,20,15,False,False
SAMD9L,string,20,12,False,False
VPS50,string,20,15,False,False
CASD1,string,20,5,False,False
LMTK2,string,20,10,False,False
TECPR1,string,20,4,False,False
TRRAP,string,20,74,False,True
ARPC1B,string,20,28,False,True
BUD31,string,20,47,False,True
ZNF789,string,20,2,False,False
ZNF394,string,20,5,False,False
ZKSCAN5,string,20,12,False,False
FAM200A,string,12,3,False,False
ZNF655,string,20,4,False,False
TRIM4,string,20,11,False,False
ZKSCAN1,string,20,4,False,False
ZNF3,string,20,2,False,False
MCM7,string,20,68,False,True
AP4M1,string,20,29,False,False
GPC2,string,20,13,False,False
CASTOR3,string,0,0,True,False
PILRB,string,20,7,False,False
PPP1R35,string,20,18,False,False
TSC22D4,string,20,13,False,False
LRCH4,string,20,19,False,False
PCOLCE,string,20,8,False,False
MOSPD3,string,20,5,False,False
GIGYF1,string,20,11,False,False
SLC12A9,string,20,11,False,False
SRRT,string,20,20,False,True
TRIM56,string,20,17,False,False
CUX1,string,20,30,False,False
PRKRIP1,string,20,10,False,True
ORAI2,string,20,13,False,False
POLR2J3,string,20,6,False,False
NAPEPLD,string,20,5,False,False
DNAJC2,string,20,19,False,False
KMT2E-AS1,string,0,0,True,False
KMT2E,string,20,19,False,False
SRPK2,string,20,27,False,False
PUS7,string,20,15,False,False
CCDC71L,string,20,5,False,False
PIK3CG,string,20,36,False,False
HBP1,string,20,4,False,False
COG5,string,20,28,False,False
DUS4L,string,20,8,False,False
BCAP29,string,0,0,True,False
CBLL1,string,20,11,False,True
PNPLA8,string,20,6,False,False
THAP5,string,20,4,False,False
DNAJB9,string,20,9,False,False
ZNF277,string,20,11,False,False
IFRD1,string,20,9,False,False
TMEM168,string,20,6,False,False
ING3,string,20,28,False,True
AASS,string,20,4,False,False
WASL,string,20,61,False,False
ZNF800,string,20,5,False,False
GCC1,string,20,18,False,False
HILPDA,string,20,6,False,False
AC090114.2,string,0,0,True,False
CCDC136,string,20,6,False,False
AHCYL2,string,20,13,False,False
AC078846.1,string,0,0,True,False
UBE2H,string,20,25,False,True
KLHDC10,string,20,14,False,False
CEP41,string,20,11,False,False
MKLN1,string,20,20,False,False
EXOC4,string,20,32,False,True
BPGM,string,20,13,False,False
CNOT4,string,20,26,False,False
TRIM24,string,20,23,False,False
ZC3HAV1,string,20,25,False,False
UBN2,string,20,17,False,False
FMC1,string,20,9,False,False
LUC7L2,string,20,18,False,False
HIPK2,string,20,25,False,False
MKRN1,string,20,17,False,True
BRAF,string,20,29,False,False
DENND11,string,20,12,False,False
TRBC1,string,0,0,True,False
TRBC2,string,0,0,True,False
EPHB6,string,20,6,False,False
GSTK1,string,20,16,False,False
CASP2,string,20,22,False,False
ZYX,string,20,25,False,False
TCAF1,string,20,2,False,False
CUL1,string,20,65,False,True
EZH2,string,20,90,False,False
PDIA4,string,20,26,False,False
ZNF398,string,20,8,False,False
ZNF783,string,20,4,False,False
ATP6V0E2,string,20,24,False,False
REPIN1,string,20,7,False,False
GIMAP7,string,20,15,False,False
GIMAP4,string,20,9,False,False
GIMAP6,string,20,5,False,False
GIMAP2,string,20,6,False,False
GIMAP1,string,20,6,False,False
GIMAP5,string,0,0,True,False
KCNH2,string,20,13,False,False
TMUB1,string,20,8,False,False
CHPF2,string,20,17,False,False
SMARCD3,string,20,35,False,False
NUB1,string,20,8,False,True
PRKAG2,string,20,20,False,False
KMT2C,string,20,30,False,False
LINC01003,string,0,0,True,False
XRCC2,string,20,8,False,True
PAXIP1-AS2,string,0,0,True,False
PAXIP1,string,20,28,False,False
PAXIP1-AS1,string,0,0,True,False
AC144652.1,string,0,0,True,False
INSIG1,string,20,24,False,False
AC009403.1,string,0,0,True,False
RBM33,string,20,10,False,True
LINC01006,string,0,0,True,False
DNAJB6,string,20,14,False,False
NCAPG2,string,20,16,False,True
ESYT2,string,20,18,False,True
WDR60,string,0,0,True,False
ERICH1,string,20,8,False,False
AC100810.1,string,0,0,True,False
MCPH1,string,20,19,False,False
AGPAT5,string,20,24,False,False
MFHAS1,string,20,5,False,False
PPP1R3B,string,20,19,False,False
TNKS,string,20,30,False,False
MTMR9,string,20,6,False,False
BLK,string,20,29,False,False
FDFT1,string,20,39,False,False
CTSB,string,20,22,False,False
AC068587.4,string,0,0,True,False
MICU3,string,20,10,False,False
VPS37A,string,20,31,False,True
PCM1,string,20,17,False,True
ASAH1,string,20,20,False,False
DOK2,string,20,9,False,False
FAM160B2,string,0,0,True,False
PDLIM2,string,20,9,False,False
CHMP7,string,20,27,False,True
ENTPD4,string,20,10,False,False
SLC25A37,string,20,25,False,False
NKX3-1,string,20,9,False,False
CDCA2,string,20,6,False,False
BNIP3L,string,20,12,False,False
PNMA2,string,20,7,False,False
DPYSL2,string,20,16,False,False
PTK2B,string,20,36,False,False
EPHX2,string,20,20,False,False
ESCO2,string,20,29,False,False
PBK,string,20,26,False,False
FZD3,string,20,15,False,False
HMBOX1,string,20,16,False,True
SARAF,string,20,18,False,False
LEPROTL1,string,20,8,False,False
GSR,string,20,30,False,False
WRN,string,20,47,False,False
AC090204.1,string,0,0,True,False
MAK16,string,20,29,False,True
PLPBP,string,20,13,False,False
RAB11FIP1,string,20,18,False,False
EIF4EBP1,string,20,17,False,False
DDHD2,string,20,16,False,False
PLPP5,string,20,20,False,False
NSD3,string,20,23,False,False
FGFR1,string,20,29,False,False
TACC1,string,20,13,False,False
PLEKHA2,string,20,5,False,False
GOLGA7,string,20,19,False,False
GINS4,string,20,18,False,True
KAT6A,string,20,23,False,False
IKBKB,string,20,54,False,False
POLB,string,20,17,False,False
THAP1,string,20,16,False,True
RNF170,string,20,19,False,False
HOOK3,string,20,13,False,False
HGSNAT,string,20,17,False,False
PRKDC,string,20,36,False,False
MCM4,string,20,70,False,True
PCMTD1,string,20,13,False,False
AC064807.1,string,0,0,True,False
RB1CC1,string,20,33,False,False
ATP6V1H,string,20,31,False,True
TCEA1,string,20,53,False,False
IMPAD1,string,0,0,True,False
SDCBP,string,20,19,False,False
TOX,string,20,1,False,False
AC090152.1,string,0,0,True,False
CA8,string,20,8,False,False
CHD7,string,20,16,False,False
YTHDF3,string,20,9,False,False
PDE7A,string,20,9,False,False
RRS1,string,20,39,False,True
MYBL1,string,20,9,False,False
VCPIP1,string,20,20,False,False
SGK3,string,20,6,False,False
SNHG6,string,0,0,True,False
CSPP1,string,20,22,False,False
ARFGEF1,string,20,25,False,False
PREX2,string,20,7,False,False
NCOA2,string,20,35,False,False
TRAM1,string,20,11,False,False
STAU2,string,20,8,False,False
UBE2W,string,20,16,False,False
LY96,string,20,9,False,False
GDAP1,string,20,18,False,False
PKIA,string,20,8,False,False
TPD52,string,20,7,False,False
ZBTB10,string,20,13,False,False
PAG1,string,20,8,False,False
FABP5,string,20,5,False,False
SNX16,string,20,9,False,False
LRRCC1,string,20,3,False,False
CPNE3,string,20,8,False,False
DECR1,string,20,15,False,False
PIP4P2,string,20,14,False,False
OTUD6B-AS1,string,0,0,True,False
RBM12B,string,20,7,False,False
TMEM67,string,20,26,False,False
PDP1,string,20,13,False,False
VIRMA,string,20,68,False,False
INTS8,string,20,23,False,True
CCNE2,string,20,25,False,False
PLEKHF2,string,20,8,False,False
TSPYL5,string,20,9,False,True
MTDH,string,20,5,False,False
VPS13B,string,20,20,False,False
RNF19A,string,20,12,False,False
PABPC1,string,20,73,False,True
YWHAZ,string,20,69,False,False
RRM2B,string,20,27,False,False
UBR5,string,20,25,False,True
AZIN1,string,20,13,False,False
FZD6,string,20,12,False,False
LRP12,string,20,7,False,False
OXR1,string,20,8,False,False
EIF3E,string,20,24,False,True
EBAG9,string,20,7,False,False
UTP23,string,20,10,False,True
RAD21,string,20,47,False,True
TAF2,string,20,30,False,True
DSCC1,string,20,20,False,False
TBC1D31,string,20,19,False,False
ZHX1,string,20,5,False,False
ATAD2,string,20,8,False,False
FAM91A1,string,20,10,False,False
RNF139,string,20,21,False,False
SQLE,string,20,37,False,False
AC016074.2,string,0,0,True,False
MYC,string,0,0,True,True
CCDC26,string,0,0,True,False
ASAP1,string,20,17,False,False
EFR3A,string,20,13,False,True
PHF20L1,string,20,21,False,False
SLA,string,20,14,False,False
ST3GAL1,string,20,18,False,False
KHDRBS3,string,20,13,False,False
AGO2,string,20,73,False,False
PTK2,string,20,75,False,True
JRK,string,20,9,False,False
LY6E,string,20,7,False,False
MINCR,string,0,0,True,False
ZNF696,string,20,2,False,False
RHPN1,string,20,10,False,True
ZNF623,string,20,3,False,False
PLEC,string,20,19,False,False
GRINA,string,20,7,False,False
BOP1,string,20,83,False,True
VPS28,string,20,31,False,True
CYHR1,string,20,11,False,False
LRRC14,string,20,9,False,False
ZNF251,string,20,5,False,False
ZNF7,string,20,4,False,False
COMMD5,string,20,30,False,False
C8orf33,string,20,6,False,False
SMARCA2,string,20,37,False,False
RFX3,string,20,12,False,False
CDC37L1,string,20,14,False,False
AK3,string,20,27,False,False
RIC1,string,20,28,False,False
KIAA2026,string,20,7,False,False
RANBP6,string,20,13,False,False
UHRF2,string,20,11,False,False
KDM4C,string,20,10,False,False
ZDHHC21,string,20,12,False,False
SNAPC3,string,20,13,False,True
PSIP1,string,20,19,False,False
CCDC171,string,20,8,False,False
CNTLN,string,20,24,False,False
HAUS6,string,20,16,False,True
DENND4C,string,20,9,False,False
RPS6,string,20,36,False,True
MLLT3,string,20,22,False,False
HACD4,string,20,9,False,False
C9orf72,string,20,34,False,False
DDX58,string,20,49,False,False
TOPORS,string,20,17,False,False
SMIM27,string,4,1,False,False
DNAJA1,string,20,23,False,True
B4GALT1,string,20,27,False,False
CHMP5,string,20,26,False,True
NFX1,string,20,13,False,False
AQP3,string,20,9,False,False
UBAP1,string,20,32,False,True
FAM219A,string,20,4,False,False
ENHO,string,20,4,False,False
DCTN3,string,20,25,False,True
GALT,string,20,8,False,False
SIT1,string,20,3,False,False
CCDC107,string,20,3,False,False
ARHGEF39,string,20,6,False,False
TLN1,string,20,47,False,True
GBA2,string,20,21,False,False
RGP1,string,20,12,False,True
HINT2,string,20,11,False,False
RECK,string,20,6,False,False
GLIPR2,string,20,2,False,False
RNF38,string,20,6,False,False
MELK,string,20,18,False,False
EBLN3P,string,0,0,True,False
ZCCHC7,string,20,12,False,False
ZBTB5,string,20,5,False,False
TRMT10B,string,20,2,False,False
DCAF10,string,20,18,False,False
FAM27C,string,0,0,True,False
FAM122A,string,0,0,True,False
PTAR1,string,20,18,False,False
SMC5,string,20,34,False,True
ABHD17B,string,20,15,False,False
C9orf85,string,20,4,False,False
ZFAND5,string,20,10,False,False
ANXA1,string,20,17,False,False
RORB,string,20,7,False,False
CARNMT1,string,20,13,False,False
NMRK1,string,20,5,False,False
OSTF1,string,20,9,False,False
VPS13A,string,20,16,False,False
GNAQ,string,20,38,False,False
CEP78,string,20,11,False,False
PSAT1,string,20,22,False,True
TLE4,string,20,28,False,False
TLE1,string,20,33,False,False
GKAP1,string,20,9,False,False
KIF27,string,20,10,False,False
C9orf64,string,20,3,False,False
RMI1,string,20,23,False,True
AGTPBP1,string,20,14,False,False
NAA35,string,20,19,False,True
GOLM1,string,20,5,False,False
TUT7,string,20,11,False,False
SPIN1,string,20,9,False,False
S1PR3,string,20,11,False,False
CKS2,string,20,18,False,False
SECISBP2,string,20,15,False,False
SEMA4D,string,20,11,False,False
SYK,string,20,64,False,False
AUH,string,20,18,False,False
NFIL3,string,20,13,False,False
IARS,string,0,0,True,True
NOL8,string,20,7,False,True
OGN,string,20,15,False,False
BICD2,string,20,25,False,False
FGD3,string,20,4,False,False
NINJ1,string,20,3,False,False
FAM120AOS,string,20,6,False,False
PHF2,string,20,7,False,False
PTPDC1,string,20,8,False,False
AL158152.1,string,0,0,True,False
ZNF169,string,20,1,False,False
LINC00476,string,0,0,True,False
ERCC6L2,string,20,3,False,False
ZNF367,string,20,11,False,False
PRXL2C,string,20,11,False,False
ZNF510,string,20,2,False,False
ZNF782,string,20,3,False,False
MFSD14C,string,0,0,True,False
TSTD2,string,20,4,False,False
NCBP1,string,20,68,False,True
XPA,string,20,31,False,False
CORO2A,string,20,12,False,False
TGFBR1,string,20,44,False,False
STX17,string,20,39,False,False
ERP44,string,20,12,False,False
ZNF189,string,20,4,False,False
RNF20,string,20,19,False,True
SMC2,string,20,31,False,True
ZNF462,string,20,13,False,False
ABITRAM,string,20,7,False,False
CTNNAL1,string,20,15,False,False
TMEM245,string,20,8,False,False
PALM2-AKAP2,string,0,0,True,False
TXN,string,20,39,False,True
DNAJC25,string,20,4,False,False
PTBP3,string,20,9,False,False
KIAA1958,string,20,6,False,False
FKBP15,string,20,17,False,False
PRPF4,string,20,32,False,True
POLE3,string,20,30,False,False
AKNA,string,20,16,False,False
CDK5RAP2,string,20,37,False,False
MEGF9,string,20,7,False,False
FBXW2,string,20,10,False,False
PHF19,string,20,11,False,False
CNTRL,string,20,19,False,False
RAB14,string,20,28,False,False
RBM18,string,20,4,False,False
RC3H2,string,20,25,False,False
ZBTB6,string,20,6,False,False
RABGAP1,string,20,12,False,False
ARPC5L,string,20,14,False,False
GOLGA1,string,20,32,False,False
SCAI,string,20,8,False,False
HSPA5,string,20,96,False,True
GAPVD1,string,20,21,False,False
MVB12B,string,20,28,False,False
ZBTB43,string,20,5,False,False
RALGPS1,string,20,12,False,False
RPL12,string,20,89,False,True
TTC16,string,20,3,False,False
CDK9,string,20,35,False,True
FAM102A,string,20,14,False,False
C9orf16,string,0,0,True,True
GOLGA2,string,20,35,False,False
SWI5,string,0,0,True,False
ODF2,string,20,13,False,False
SPTAN1,string,20,24,False,False
WDR34,string,0,0,True,False
LRRC8A,string,20,10,False,False
C9orf78,string,20,4,False,True
USP20,string,20,9,False,False
FNBP1,string,20,18,False,False
GPR107,string,20,9,False,False
FUBP3,string,20,8,False,False
ABL1,string,20,49,False,False
PRRC2B,string,0,0,True,False
RAPGEF1,string,20,18,False,False
SETX,string,20,20,False,True
TTF1,string,20,10,False,False
GTF3C4,string,20,8,False,True
SPACA9,string,20,5,False,False
TSC1,string,20,27,False,False
RALGDS,string,20,20,False,False
SURF6,string,20,15,False,True
RPL7A,string,20,18,False,True
SURF1,string,20,11,False,False
SLC2A6,string,20,6,False,False
BRD3OS,string,0,0,True,False
BRD3,string,20,6,False,False
CAMSAP1,string,20,13,False,False
SEC16A,string,20,19,False,True
NOTCH1,string,0,0,True,False
SNHG7,string,0,0,True,False
PHPT1,string,20,10,False,False
PAXX,string,20,8,False,False
NPDC1,string,20,8,False,False
MAN1B1,string,20,25,False,False
TMEM203,string,20,2,False,False
TUBB4B,string,20,21,False,False
ARRDC1-AS1,string,0,0,True,False
EHMT1,string,20,18,False,False
ZMYND11,string,20,9,False,False
GTPBP4,string,20,79,False,True
IDI1,string,20,23,False,False
WDR37,string,20,11,False,False
PFKP,string,20,18,False,False
KLF6,string,20,6,False,False
TASOR2,string,20,6,False,False
PRKCQ,string,20,27,False,False
PRKCQ-AS1,string,0,0,True,False
SFMBT2,string,20,9,False,False
KIN,string,20,7,False,True
GATA3,string,20,40,False,False
CELF2,string,20,9,False,False
UPF2,string,20,22,False,True
DHTKD1,string,20,12,False,False
CDC123,string,20,9,False,True
CAMK1D,string,20,20,False,False
MCM10,string,20,32,False,True
AL157392.3,string,0,0,True,False
FAM107B,string,20,6,False,False
HSPA14__ENSG00000187522,string,0,0,True,False
DCLRE1C,string,20,17,False,False
NMT2,string,20,6,False,False
TRDMT1,string,20,8,False,False
VIM,string,20,18,False,False
HACD1,string,20,11,False,False
STAM,string,20,22,False,False
ARL5B,string,20,6,False,False
DNAJC1,string,20,4,False,False
COMMD3,string,20,27,False,False
BMI1,string,20,27,False,False
PIP4K2A,string,20,27,False,False
MSRB2,string,20,7,False,False
ARHGAP21,string,20,13,False,False
APBB1IP,string,20,23,False,False
ABI1,string,20,38,False,False
ANKRD26,string,20,9,False,False
YME1L1,string,20,21,False,False
MASTL,string,20,10,False,True
ACBD5,string,20,27,False,False
RAB18,string,20,28,False,True
WAC-AS1,string,0,0,True,False
WAC,string,20,11,False,True
SVIL,string,20,12,False,False
ZEB1-AS1,string,0,0,True,False
ZEB1,string,0,0,True,False
ARHGAP12,string,20,9,False,False
KIF5B,string,20,33,False,False
EPC1,string,20,26,False,False
ITGB1,string,20,88,False,False
CREM,string,20,20,False,False
CCNY,string,20,12,False,False
ZNF248,string,20,5,False,False
ZNF33A,string,20,5,False,False
ZNF37A,string,20,1,False,False
ZNF33B,string,20,1,False,False
BMS1,string,20,68,False,True
CSGALNACT2,string,20,20,False,False
AL450326.1,string,0,0,True,False
MARCH8,string,0,0,True,False
ZFAND4,string,20,22,False,False
WASHC2C,string,20,16,False,False
NCOA4,string,20,10,False,True
MAPK8,string,20,53,False,False
ERCC6,string,20,3,False,False
PARG,string,20,14,False,False
WASHC2A,string,20,11,False,False
CSTF2T,string,20,25,False,False
ZWINT,string,20,23,False,True
IPMK,string,20,13,False,False
TFAM,string,20,25,False,True
CCDC6,string,20,15,False,True
CDK1,string,20,180,False,True
CABCOCO1,string,20,5,False,False
ARID5B,string,20,12,False,True
RTKN2,string,20,9,False,False
NRBF2,string,20,6,False,False
JMJD1C,string,20,14,False,False
REEP3,string,20,7,False,False
SIRT1,string,20,63,False,False
HERC4,string,20,13,False,False
HNRNPH3,string,20,9,False,False
RUFY2,string,20,8,False,False
DNA2,string,20,28,False,False
SLC25A16,string,20,11,False,False
TET1,string,20,11,False,False
CCAR1,string,20,14,False,True
STOX1,string,20,5,False,False
DDX21,string,20,17,False,True
SRGN,string,20,17,False,False
VPS26A,string,20,27,False,False
HK1,string,20,14,False,False
FAM241B,string,20,4,False,False
SAR1A,string,20,15,False,False
EIF4EBP2,string,20,8,False,False
SGPL1,string,20,27,False,False
PSAP,string,20,20,False,False
AC073370.1,string,0,0,True,False
DDIT4,string,20,5,False,False
MICU1,string,20,17,False,False
DNAJC9,string,20,9,False,True
PPP3CB,string,20,49,False,False
SEC24C,string,20,33,False,False
ZSWIM8,string,20,4,False,False
NDST2,string,20,12,False,False
KAT6B,string,20,21,False,False
SAMD8,string,20,9,False,False
POLR3A,string,20,37,False,True
RPS24,string,20,20,False,True
ZMIZ1,string,20,7,False,False
NUTM2B-AS1,string,0,0,True,False
TSPAN14,string,20,8,False,False
CCSER2,string,20,4,False,False
WAPL,string,20,18,False,False
SHLD2,string,20,3,False,False
NUTM2A-AS1,string,0,0,True,False
ATAD1,string,20,11,False,False
PTEN,string,20,83,False,True
LIPA,string,20,7,False,False
IFIT5,string,20,26,False,False
KIF20B,string,20,13,False,False
HECTD2,string,20,1,False,False
TNKS2,string,20,22,False,False
BTAF1,string,20,19,False,True
KIF11,string,20,102,False,True
CEP55,string,20,33,False,False
FRA10AC1,string,20,9,False,False
SLC35G1,string,20,15,False,False
HELLS,string,20,15,False,False
PDLIM1,string,20,16,False,False
ZNF518A,string,20,8,False,False
DNTT,string,20,20,False,False
TM9SF3,string,20,11,False,False
LCOR,string,20,13,False,False
SLIT1,string,20,15,False,False
ARHGAP19,string,20,6,False,False
FRAT2,string,20,5,False,False
ZFYVE27,string,20,12,False,False
R3HCC1L,string,20,6,False,False
HPS1,string,20,5,False,False
SCD,string,20,34,False,True
SEC31B,string,20,10,False,False
HIF1AN,string,20,16,False,False
SLF2,string,20,14,False,False
TWNK,string,20,16,False,True
FBXW4,string,20,6,False,False
OGA,string,20,20,False,False
LDB1,string,20,27,False,True
NOLC1,string,20,20,False,True
GBF1,string,20,34,False,True
FBXL15,string,0,0,True,False
RPARP-AS1,string,0,0,True,False
TRIM8,string,20,9,False,False
ARL3,string,20,20,False,False
WBP1L,string,20,12,False,True
BORCS7,string,20,11,False,False
NT5C2,string,20,38,False,False
INA,string,20,6,False,False
SH3PXD2A,string,20,8,False,False
AL121929.2,string,0,0,True,False
ADD3,string,20,8,False,False
MXI1,string,20,10,False,False
SMNDC1,string,20,15,False,True
SMC3,string,20,55,False,True
PDCD4,string,20,5,False,False
SHOC2,string,20,20,False,True
GPAM,string,20,17,False,False
VTI1A,string,20,43,False,False
TCF7L2,string,20,35,False,False
DCLRE1A,string,20,10,False,False
NHLRC2,string,20,10,False,True
CCDC186,string,20,13,False,False
ABLIM1,string,0,0,True,False
FAM160B1,string,0,0,True,False
GFRA1,string,20,6,False,False
SHTN1,string,20,7,False,False
PDZD8,string,20,9,False,False
RAB11FIP2,string,20,16,False,False
FAM204A,string,20,4,False,False
CACUL1,string,20,7,False,False
DENND10,string,20,9,False,False
BAG3,string,20,30,False,False
MCMBP,string,20,13,False,True
WDR11,string,20,4,False,False
ATE1,string,20,6,False,False
PLEKHA1,string,20,11,False,False
FAM24B,string,14,3,False,False
C10orf88,string,20,11,False,False
IKZF5,string,20,7,False,False
ACADSB,string,20,17,False,False
HMX3,string,20,1,False,True
BUB3,string,20,32,False,True
FAM53B,string,20,6,False,False
ZRANB1,string,20,10,False,False
EDRF1,string,20,7,False,False
PTPRE,string,20,14,False,False
MKI67,string,20,27,False,False
PPP2R2D,string,20,25,False,False
STK32C,string,20,11,False,False
IFITM2,string,20,19,False,True
SIGIRR,string,20,2,False,False
RASSF7,string,20,11,False,False
PHRF1,string,20,7,False,False
TMEM80,string,20,4,False,False
AP006621.3,string,0,0,True,False
PIDD1,string,20,15,False,False
PNPLA2,string,20,25,False,False
POLR2L,string,20,66,False,True
AP2A2,string,20,41,False,False
TOLLIP,string,20,11,False,False
MOB2,string,20,11,False,False
CTSD,string,20,35,False,False
KCNQ1OT1,string,0,0,True,False
CARS,string,0,0,True,True
ZNF195,string,20,2,False,False
NUP98,string,20,67,False,True
RHOG,string,20,16,False,False
STIM1,string,20,28,False,False
RRM1,string,20,41,False,True
TRIM21,string,20,19,False,False
TRIM34,string,20,3,False,False
FAM160A2,string,0,0,True,False
TPP1,string,20,12,False,False
EIF3F,string,20,21,False,True
TRIM66,string,20,11,False,False
RPL27A,string,20,88,False,True
TMEM9B,string,20,6,False,False
DENND5A,string,20,15,False,False
TMEM41B,string,20,8,False,False
IPO7,string,20,14,False,True
AC132192.2,string,0,0,True,False
ZNF143,string,20,11,False,True
WEE1,string,20,9,False,True
SWAP70,string,20,8,False,False
SBF2,string,20,14,False,False
CTR9,string,20,25,False,True
EIF4G2,string,20,19,False,True
ZBED5,string,20,4,False,False
USP47,string,20,9,False,False
TEAD1,string,20,14,False,False
ARNTL,string,20,20,False,False
BTBD10,string,20,7,False,False
FAR1,string,20,9,False,False
COPB1,string,20,51,False,True
PDE3B,string,20,22,False,False
CYP2R1,string,20,10,False,False
PIK3C2A,string,20,35,False,False
NUCB2,string,20,14,False,False
NCR3LG1,string,20,6,False,False
HPS5,string,20,13,False,True
GTF2H1,string,20,33,False,True
LDHA,string,20,29,False,False
SPTY2D1,string,20,7,False,False
E2F8,string,20,7,False,False
FANCF,string,20,14,False,False
SVIP,string,20,6,False,False
CCDC34,string,20,13,False,False
LIN7C,string,20,13,False,False
KIF18A,string,20,18,False,True
ARL14EP,string,20,10,False,False
MPPED2,string,20,17,False,False
RCN1,string,20,15,False,False
QSER1,string,20,19,False,False
CSTF3,string,20,28,False,True
HIPK3,string,20,14,False,False
CD59,string,20,13,False,False
FBXO3,string,20,10,False,False
CAPRIN1,string,20,14,False,False
CAT,string,20,53,False,False
TRIM44,string,20,15,False,False
TRAF6,string,20,90,False,False
RAG2,string,20,5,False,False
API5,string,20,12,False,False
TTC17,string,20,4,False,False
HSD17B12,string,20,21,False,True
ALKBH3,string,20,11,False,False
C11orf96,string,12,3,False,False
CD82,string,20,7,False,False
PHF21A,string,20,17,False,False
DGKZ,string,20,17,False,False
ATG13,string,20,33,False,False
ARHGAP1,string,20,15,False,False
ZNF408,string,20,9,False,False
CKAP5,string,20,33,False,True
ARFGAP2,string,20,24,False,False
DDB2,string,20,36,False,False
SLC39A13,string,20,14,False,False
PSMC3,string,20,57,False,True
CELF1,string,20,18,False,False
FNBP4,string,20,7,False,True
NUP160,string,20,25,False,True
SLC43A3,string,20,5,False,False
MED19,string,20,36,False,True
LPXN,string,20,12,False,False
ZFP91,string,20,8,False,False
FAM111B,string,20,4,False,False
FAM111A-DT,string,0,0,True,False
FAM111A,string,20,4,False,False
OSBP,string,20,21,False,True
CD6,string,20,13,False,False
CD5,string,20,28,False,False
CYB561A3,string,20,9,False,False
SDHAF2,string,20,6,False,True
FEN1,string,20,59,False,True
FADS2,string,20,11,False,False
FADS1,string,20,19,False,False
FADS3,string,20,5,False,False
FTH1,string,20,20,False,False
INCENP,string,20,23,False,True
ASRGL1,string,20,13,False,False
MTA2,string,20,35,False,False
B3GAT3,string,20,17,False,False
UQCC3,string,20,6,False,False
BSCL2,string,20,12,False,False
HNRNPUL2,string,20,9,False,False
TTC9C,string,20,5,False,False
TMEM223,string,20,2,False,False
NXF1,string,20,55,False,True
SNHG1,string,0,0,True,False
SLC3A2,string,20,16,False,False
PLAAT4,string,20,2,False,False
RTN3,string,20,13,False,False
MARK2,string,20,17,False,False
STIP1,string,20,34,False,False
FERMT3,string,20,22,False,False
TRPT1,string,20,8,False,False
NUDT22,string,20,14,False,False
DNAJC4,string,20,5,False,False
VEGFB,string,20,5,False,False
PPP1R14B,string,20,11,False,False
ESRRA,string,20,13,False,False
RASGRP2,string,20,12,False,False
MAP4K2,string,20,10,False,False
EHD1,string,20,12,False,False
ATG2A,string,20,13,False,False
SAC3D1,string,20,9,False,False
CDCA5,string,20,17,False,True
TM7SF2,string,20,19,False,True
ZNHIT2,string,20,21,False,True
SYVN1,string,20,42,False,False
MRPL49,string,20,25,False,True
CAPN1,string,20,18,False,False
DPF2,string,20,26,False,False
SLC25A45,string,20,10,False,False
FRMD8,string,20,12,False,False
NEAT1,string,0,0,True,False
MALAT1,string,0,0,True,False
LTBP3,string,20,10,False,True
FAM89B,string,20,17,False,False
EHBP1L1,string,20,12,False,False
MAP3K11,string,20,26,False,False
MUS81,string,20,39,False,False
CTSW,string,20,10,False,False
CCDC85B,string,20,10,False,False
C11orf68,string,20,3,False,False
PACS1,string,20,7,False,False
ZDHHC24,string,20,11,False,False
CCS,string,20,8,False,False
RBM4B,string,20,5,False,False
KDM2A,string,20,19,False,True
ANKRD13D,string,20,6,False,False
RAD9A,string,20,16,False,True
POLD4,string,20,5,False,False
TBC1D10C,string,20,10,False,False
CORO1B,string,20,13,False,False
TMEM134,string,20,10,False,False
CDK2AP2,string,20,5,False,False
GSTP1,string,20,22,False,False
NUDT8,string,20,11,False,False
KMT5B,string,20,11,False,False
PPP6R3,string,20,25,False,False
CPT1A,string,20,22,False,False
IGHMBP2,string,20,9,False,False
LTO1,string,20,7,False,False
PPFIA1,string,20,16,False,False
DHCR7,string,20,27,False,False
AP002387.2,string,0,0,True,False
NADSYN1,string,20,14,False,False
NUMA1,string,20,27,False,True
ARAP1,string,20,15,False,False
FCHSD2,string,20,15,False,False
FAM168A,string,20,10,False,False
RAB6A,string,20,46,False,True
COA4,string,20,11,False,False
UCP2,string,20,5,False,False
PPME1,string,20,23,False,True
PGM2L1,string,20,12,False,False
POLD3,string,20,31,False,True
RNF169,string,20,2,False,False
XRRA1,string,20,16,False,False
RPS3,string,20,45,False,True
UVRAG,string,20,25,False,False
THAP12,string,20,20,False,False
GVQW3,string,2,0,False,False
AP002360.1,string,0,0,True,False
EMSY,string,20,19,False,False
ACER3,string,20,19,False,False
RSF1,string,20,17,False,False
AAMDC,string,20,8,False,False
PRCP,string,20,16,False,False
RAB30-DT,string,0,0,True,False
PCF11,string,20,39,False,True
AP000873.2,string,0,0,True,False
CREBZF,string,20,8,False,False
PICALM,string,20,30,False,False
CTSC,string,20,14,False,False
CHORDC1,string,20,17,False,True
SMCO4,string,20,3,False,False
CEP295,string,20,19,False,False
TAF1D,string,20,13,False,True
C11orf54,string,20,10,False,False
MED17,string,20,41,False,True
MRE11,string,20,36,False,False
ANKRD49,string,20,15,False,True
SRSF8,string,20,5,False,False
ENDOD1,string,20,16,False,False
FAM76B,string,20,7,False,False
CEP57,string,20,9,False,False
CCDC82,string,20,4,False,False
JRKL,string,20,10,False,False
BIRC3,string,20,33,False,False
BIRC2,string,20,35,False,False
TMEM123,string,20,4,False,False
DYNC2H1,string,0,0,True,False
MSANTD4,string,20,7,False,False
CWF19L2,string,20,12,False,True
CUL5,string,20,31,False,False
NPAT,string,20,8,False,True
ATM,string,20,100,False,False
DDX10,string,20,30,False,True
RDX,string,0,0,True,False
NKAPD1,string,20,8,False,True
C11orf71,string,20,4,False,False
RBM7,string,20,17,False,False
SIK3,string,20,6,False,False
PAFAH1B2,string,20,23,False,False
PCSK7,string,20,9,False,False
RNF214,string,20,13,False,False
CEP164,string,20,38,False,False
FXYD2,string,20,19,False,False
CD3E,string,20,48,False,False
CD3D,string,20,39,False,False
CD3G,string,20,33,False,False
KMT2A,string,20,46,False,False
ARCN1,string,20,33,False,True
DDX6,string,20,67,False,True
CCDC84,string,0,0,True,True
RPS25,string,20,19,False,True
HYOU1,string,20,42,False,True
H2AFX,string,0,0,True,True
C2CD2L,string,20,11,False,False
HINFP,string,20,15,False,True
CBL,string,20,72,False,False
THY1,string,20,19,False,False
TLCD5,string,20,4,False,False
ARHGEF12,string,20,23,False,False
SC5D,string,20,24,False,False
UBASH3B,string,20,14,False,False
HSPA8,string,20,90,False,True
TBRG1,string,20,8,False,False
MSANTD2,string,10,0,False,False
CCDC15-DT,string,0,0,True,False
CCDC15,string,20,2,False,False
CHEK1,string,20,52,False,True
ETS1,string,20,30,False,False
FLI1,string,20,10,False,False
ARHGAP32,string,20,11,False,False
NFRKB,string,20,16,False,True
APLP2,string,20,7,False,False
ZBTB44,string,20,5,False,True
SNX19,string,20,5,False,False
NCAPD3,string,20,17,False,True
GLB1L3,string,20,2,False,False
KDM5A,string,20,20,False,False
WNK1,string,20,13,False,True
ERC1,string,20,25,False,False
FKBP4,string,20,40,False,False
FOXM1,string,20,24,False,False
CRACR2A,string,20,18,False,False
PARP11,string,20,18,False,False
TIGAR,string,20,15,False,False
C12orf4,string,20,10,False,False
RAD51AP1,string,20,14,False,False
AC005833.2,string,0,0,True,False
TNFRSF1A,string,20,52,False,False
CD27-AS1,string,0,0,True,False
TAPBPL,string,20,9,False,False
NCAPD2,string,20,18,False,True
CHD4,string,20,60,False,True
ING4,string,20,15,False,False
ZNF384,string,20,12,False,False
PTMS,string,0,0,True,False
CDCA3,string,20,10,False,False
TPI1,string,20,38,False,True
SPSB2,string,20,6,False,False
ENO2,string,20,19,False,False
ATN1,string,20,13,False,False
C12orf57,string,20,7,False,False
PTPN6,string,20,33,False,False
FOXJ2,string,20,9,False,False
NECAP1,string,20,18,False,False
RIMKLB,string,20,9,False,False
PHC1,string,20,28,False,False
M6PR,string,20,19,False,False
CD69,string,20,26,False,False
CLEC2B,string,20,4,False,False
GABARAPL1,string,20,44,False,False
YBX3,string,20,3,False,True
PRH1,string,20,7,False,False
SMIM10L1,string,0,0,True,False
ETV6,string,20,25,False,False
LRP6,string,20,27,False,False
CDKN1B,string,20,40,False,False
ATF7IP,string,20,20,False,False
ARHGDIB,string,20,21,False,False
PLEKHA5,string,20,8,False,False
AEBP2,string,20,28,False,False
PYROXD1,string,20,13,False,True
RECQL,string,20,11,False,False
C2CD5,string,20,17,False,False
ETNK1,string,20,12,False,False
BCAT1,string,20,15,False,False
LRMP,string,0,0,True,False
ETFRF1,string,20,9,False,False
KRAS,string,20,104,False,False
ITPR2,string,20,24,False,False
FGFR1OP2,string,20,19,False,False
TM7SF3,string,20,12,False,False
STK38L,string,20,27,False,False
PPFIBP1,string,20,17,False,False
KLHL42,string,20,25,False,False
CCDC91,string,20,12,False,False
IPO8,string,20,10,False,False
CAPRIN2,string,20,7,False,False
DDX11,string,20,12,False,True
SINHCAF,string,20,13,False,False
RESF1,string,20,5,False,False
BICD1,string,0,0,True,False
AC026356.2,string,0,0,True,False
DNM1L,string,20,31,False,True
ALG10B,string,20,16,False,False
GXYLT1,string,20,18,False,False
YAF2,string,20,13,False,False
PUS7L,string,20,15,False,False
IRAK4,string,0,0,True,False
TWF1,string,20,12,False,True
ANO6,string,20,16,False,False
AC008124.1,string,0,0,True,False
ARID2,string,20,23,False,False
SLC38A1,string,20,11,False,False
SLC38A2,string,20,13,False,False
SLC48A1,string,20,9,False,False
HDAC7,string,20,11,False,True
TMEM106C,string,20,6,False,False
SENP1,string,20,16,False,False
ASB8,string,20,10,False,False
ZNF641,string,20,2,False,False
CCNT1,string,20,33,False,False
CACNB3,string,20,11,False,True
FKBP11,string,20,9,False,False
KMT2D,string,20,33,False,False
LMBR1L,string,20,10,False,False
TUBA1B,string,20,31,False,True
TUBA1A,string,20,34,False,False
TUBA1C,string,20,30,False,True
TROAP,string,20,5,False,False
SPATS2,string,20,6,False,False
FMNL3,string,20,12,False,False
TMBIM6,string,20,11,False,False
NCKAP5L,string,20,9,False,False
BCDIN3D,string,20,15,False,False
RACGAP1,string,20,34,False,True
ASIC1,string,20,7,False,False
LIMA1,string,20,11,False,False
LARP4,string,20,15,False,False
DIP2B,string,20,11,False,False
ATF1,string,20,8,False,False
SLC11A2,string,20,26,False,False
LETMD1,string,20,3,False,False
CSRNP2,string,20,11,False,False
TFCP2,string,20,12,False,False
DAZAP2,string,20,6,False,False
BIN2,string,0,0,True,False
GALNT6,string,20,13,False,False
SLC4A8,string,20,10,False,False
SCN8A,string,20,17,False,False
KRT1,string,20,5,False,False
EIF4B,string,20,36,False,True
IGFBP6,string,20,2,False,False
ZNF740,string,20,17,False,False
SP1,string,20,53,False,True
CALCOCO1,string,20,5,False,False
CBX5,string,20,54,False,False
NCKAP1L,string,20,24,False,False
TESPA1,string,20,5,False,False
CD63,string,20,24,False,False
GDF11,string,20,7,False,False
PYM1,string,20,12,False,False
DGKA,string,20,12,False,False
CDK2,string,20,83,False,True
RAB5B,string,20,18,False,False
PA2G4,string,20,20,False,False
ESYT1,string,20,20,False,True
ZC3H10,string,20,11,False,False
MYL6,string,20,25,False,False
SMARCC2,string,20,35,False,False
CNPY2,string,20,5,False,False
TIMELESS,string,20,38,False,True
BAZ2A,string,20,16,False,False
PRIM1,string,20,32,False,True
ZBTB39,string,20,14,False,False
STAT6,string,20,17,False,False
R3HDM2,string,20,10,False,False
MARS,string,0,0,True,True
DDIT3,string,20,28,False,False
MBD6,string,20,7,False,False
OS9,string,20,41,False,False
AGAP2,string,20,8,False,False
MARCH9,string,0,0,True,False
CTDSP2,string,20,7,False,False
GIHCG,string,0,0,True,False
SLC16A7,string,20,9,False,False
USP15,string,20,15,False,False
MON2,string,20,38,False,False
PPM1H,string,20,8,False,False
RXYLT1,string,20,12,False,False
XPOT,string,20,21,False,False
TBK1,string,20,45,False,False
GNS,string,20,13,False,False
LEMD3,string,20,31,False,False
TMBIM4,string,20,13,False,False
HELB,string,20,6,False,False
CAND1,string,20,18,False,False
DYRK2,string,20,13,False,False
MDM1,string,20,6,False,False
RAP1B,string,20,43,False,False
SLC35E3,string,20,13,False,False
MDM2,string,20,79,False,False
FRS2,string,20,17,False,False
RAB3IP,string,20,33,False,False
AC025159.1,string,0,0,True,False
ZFC3H1,string,20,41,False,True
THAP2,string,20,4,False,False
RAB21,string,20,12,False,False
TBC1D15,string,20,11,False,False
ATXN7L3B,string,20,3,False,False
OSBPL8,string,20,19,False,False
ZDHHC17,string,20,14,False,False
E2F7,string,20,5,False,False
PAWR,string,20,15,False,False
PPP1R12A,string,20,34,False,True
CCDC59,string,20,7,False,True
CEP290,string,20,50,False,False
TMTC3,string,20,8,False,False
ATP2B1,string,20,15,False,False
BTG1,string,20,9,False,False
EEA1,string,20,35,False,False
NUDT4,string,20,12,False,False
CEP83,string,20,21,False,False
NR2C1,string,20,13,False,False
FGD6,string,20,10,False,False
VEZT,string,20,8,False,True
USP44,string,20,8,False,False
ELK3,string,20,1,False,False
CDK17,string,20,9,False,False
NEDD1,string,20,28,False,True
TMPO-AS1,string,0,0,True,False
TMPO,string,20,15,False,False
APAF1,string,20,29,False,False
UHRF1BP1L,string,20,5,False,False
ACTR6,string,20,16,False,True
SCYL2,string,20,5,False,False
UTP20,string,20,28,False,True
GNPTAB,string,20,17,False,False
WASHC3,string,20,21,False,False
HELLPAR,string,0,0,True,False
HSP90B1,string,20,49,False,True
HCFC2,string,20,8,False,False
NFYB,string,20,34,False,True
TXNRD1,string,20,51,False,False
CHST11,string,20,17,False,False
WASHC4,string,20,20,False,False
APPL2,string,20,3,False,False
C12orf75,string,15,2,False,False
RIC8B,string,20,7,False,False
TMEM263,string,20,4,False,False
CRY1,string,20,20,False,False
SELPLG,string,20,12,False,False
CORO1C,string,20,9,False,False
SSH1,string,20,4,False,False
ALKBH2,string,20,10,False,False
UNG,string,20,13,False,False
KCTD10,string,20,17,False,True
MVK,string,20,26,False,True
GLTP,string,20,12,False,False
TCHP,string,20,19,False,False
GIT2,string,20,15,False,True
ANKRD13A,string,20,15,False,False
C12orf76,string,0,0,True,False
IFT81,string,20,20,False,False
FAM216A,string,20,8,False,False
PPTC7,string,20,16,False,False
ATXN2,string,0,0,True,False
MAPKAPK5-AS1,string,0,0,True,False
MAPKAPK5,string,20,13,False,False
TMEM116,string,20,8,False,False
HECTD4,string,20,7,False,False
PTPN11,string,20,80,False,True
DTX1,string,20,13,False,False
SLC8B1,string,20,10,False,False
MED13L,string,20,31,False,False
C12orf49,string,0,0,True,False
KSR2,string,20,6,False,False
RFC5,string,20,30,False,True
WSB2,string,20,8,False,False
TAOK3,string,20,12,False,False
SUDS3,string,20,21,False,True
PRKAB1,string,20,18,False,False
CIT,string,20,17,False,False
RAB35,string,20,15,False,False
GATC,string,20,3,False,False
DYNLL1,string,20,46,False,True
UNC119B,string,20,8,False,False
SPPL3,string,20,15,False,False
P2RX4,string,20,6,False,False
ORAI1,string,0,0,True,False
TMEM120B,string,20,9,False,False
RHOF,string,20,10,False,False
LINC01089,string,0,0,True,False
SETD1B,string,20,31,False,False
BCL7A,string,20,13,False,False
MLXIP,string,20,8,False,False
VPS33A,string,20,30,False,True
CLIP1,string,20,29,False,False
ZCCHC8,string,20,22,False,False
RSRC2,string,20,12,False,True
KNTC1,string,20,11,False,False
VPS37B,string,20,30,False,False
PITPNM2,string,20,14,False,False
MPHOSPH9,string,20,14,False,False
C12orf65,string,0,0,True,False
SBNO1,string,20,14,False,True
RILPL2,string,20,7,False,False
TMED2,string,20,33,False,True
ATP6V0A2,string,20,29,False,False
CCDC92,string,20,7,False,False
ZNF664,string,20,6,False,False
NCOR2,string,20,54,False,False
UBC,string,20,208,False,True
BRI3BP,string,20,10,False,False
SLC15A4,string,20,10,False,False
RAN,string,20,55,False,True
SFSWAP,string,20,13,False,True
ULK1,string,20,38,False,False
POLE,string,20,55,False,True
PXMP2,string,20,9,False,False
ANKLE2,string,20,16,False,True
GOLGA3,string,20,18,False,False
ZNF605,string,20,6,False,False
ZNF26,string,20,3,False,False
ZNF84,string,20,1,False,True
ZNF891,string,20,0,False,False
ZNF268,string,20,2,False,False
ZMYM5,string,20,12,False,False
ZMYM2,string,20,25,False,False
CRYL1,string,20,11,False,False
IFT88,string,20,47,False,False
SKA3,string,20,12,False,True
LINC00539,string,0,0,True,False
ZDHHC20,string,20,10,False,False
MICU2,string,20,15,False,False
FGF9,string,20,9,False,False
SACS,string,0,0,True,False
PARP4,string,20,11,False,False
CENPJ,string,20,36,False,True
MTMR6,string,20,19,False,False
NUP58,string,20,18,False,False
ATP8A2,string,20,12,False,False
SHISA2,string,20,6,False,False
RNF6,string,20,5,False,False
USP12,string,20,7,False,False
MTIF3,string,20,18,False,False
LNX2,string,20,11,False,False
PAN3,string,20,8,False,False
FLT1,string,20,23,False,False
SLC46A3,string,20,15,False,False
UBL3,string,20,4,False,False
LINC00426,string,0,0,True,False
HMGB1,string,20,22,False,True
USPL1,string,20,7,False,True
ALOX5AP,string,20,15,False,False
HSPH1,string,20,34,False,True
BRCA2,string,20,34,False,True
N4BP2L1,string,20,7,False,False
N4BP2L2,string,20,8,False,False
PDS5B,string,20,30,False,False
NBEA,string,20,17,False,False
SPART,string,20,12,False,False
RFXAP,string,20,12,False,False
EXOSC8,string,20,28,False,True
SUPT20H,string,20,29,False,True
UFM1,string,20,19,False,True
PROSER1,string,20,4,False,False
NHLRC3,string,20,10,False,False
COG6,string,20,38,False,True
ELF1,string,20,4,False,False
WBP4,string,20,8,False,False
KBTBD6,string,20,4,False,False
NAA16,string,20,14,False,False
RGCC,string,20,4,False,False
DGKH,string,20,13,False,False
AKAP11,string,20,16,False,False
TSC22D1,string,20,15,False,False
GPALPP1,string,20,3,False,False
TPT1,string,20,14,False,True
TPT1-AS1,string,0,0,True,False
ZC3H13,string,20,24,False,True
LCP1,string,20,24,False,False
RUBCNL,string,20,13,False,False
ITM2B,string,0,0,True,False
RB1,string,20,64,False,False
RCBTB2,string,20,3,False,False
FNDC3A,string,20,10,False,False
SETDB2,string,20,25,False,False
RCBTB1,string,20,8,False,False
DLEU2,string,0,0,True,False
TRIM13,string,20,10,False,False
DLEU1,string,0,0,True,False
RNASEH2B,string,20,19,False,False
INTS6,string,20,26,False,True
WDFY2,string,20,8,False,False
ALG11,string,20,23,False,True
CKAP2,string,20,3,False,False
SUGT1,string,20,29,False,True
DIAPH3,string,20,16,False,False
TDRD3,string,0,0,True,False
PCDH9,string,20,10,False,False
MZT1,string,20,19,False,True
BORA,string,20,9,False,True
DIS3,string,20,37,False,True
PIBF1,string,20,16,False,False
KLF12,string,20,14,False,False
TBC1D4,string,20,8,False,False
LMO7,string,20,13,False,False
CLN5,string,20,13,False,False
FBXL3,string,20,17,False,False
MYCBP2,string,20,13,False,False
POU4F1,string,20,8,False,False
OBI1,string,20,10,False,False
RBM26,string,20,12,False,False
NDFIP2,string,20,9,False,False
MIR17HG,string,0,0,True,False
GPR180,string,20,5,False,False
DNAJC3,string,20,32,False,False
MBNL2,string,20,9,False,False
RAP2A,string,20,28,False,False
IPO5,string,20,19,False,False
STK24,string,20,34,False,False
UBAC2,string,20,23,False,False
TM9SF2,string,20,17,False,False
PCCA,string,20,23,False,False
FGF14-AS2,string,0,0,True,False
BIVM,string,20,7,False,False
ERCC5,string,0,0,True,False
ARGLU1,string,20,8,False,True
LIG4,string,20,28,False,False
ABHD13,string,20,12,False,False
NAXD,string,20,12,False,False
ING1,string,20,14,False,False
ANKRD10,string,20,16,False,False
ARHGEF7,string,20,30,False,False
ATP11A,string,20,8,False,False
CUL4A,string,20,46,False,False
LAMP1,string,20,37,False,False
TMCO3,string,20,11,False,False
TFDP1,string,20,25,False,True
RASA3,string,20,9,False,False
UPF3A,string,20,16,False,True
CHAMP1,string,20,12,False,False
CCNB1IP1,string,20,6,False,False
PIP4P1,string,20,18,False,False
PNP,string,20,21,False,False
ZNF219,string,20,21,False,False
SUPT16H,string,20,58,False,True
CHD8,string,0,0,True,False
RAB2B,string,20,11,False,False
TOX4,string,20,17,False,True
TRAC,string,0,0,True,False
DAD1,string,20,28,False,True
MRPL52,string,20,9,False,False
LRP10,string,20,7,False,False
RBM23,string,20,9,False,False
ACIN1,string,20,17,False,True
C14orf119,string,20,5,False,False
CEBPE,string,20,13,False,False
PPP1R3E,string,20,6,False,False
AP1G2,string,20,14,False,False
DHRS4-AS1,string,0,0,True,False
DCAF11,string,20,31,False,False
EMC9,string,20,9,False,False
PSME2,string,20,10,False,True
LTB4R,string,20,6,False,False
SDR39U1,string,20,10,False,True
CTSG,string,20,7,False,False
NOVA1,string,20,9,False,False
G2E3,string,20,10,False,False
SCFD1,string,20,38,False,True
COCH,string,20,6,False,False
STRN3,string,20,30,False,False
HECTD1,string,20,7,False,True
ARHGAP5,string,20,13,False,False
EAPP,string,20,10,False,False
SNX6,string,20,23,False,False
BAZ1A,string,20,12,False,False
AL121603.2,string,0,0,True,False
SRP54,string,20,20,False,True
PPP2R3C,string,20,11,False,True
NFKBIA,string,20,45,False,False
RALGAPA1,string,20,8,False,False
SEC23A,string,20,39,False,False
TRAPPC6B,string,20,27,False,False
PNN,string,20,24,False,True
MIA2,string,20,6,False,False
FBXO33,string,20,10,False,False
KLHL28,string,20,10,False,False
PRPF39,string,20,17,False,True
FANCM,string,20,37,False,False
MIS18BP1,string,20,15,False,True
NEMF,string,20,8,False,True
VCPKMT,string,20,8,False,False
SOS2,string,20,10,False,False
MAP4K5,string,20,2,False,False
NIN,string,20,25,False,False
GNG2,string,20,31,False,False
ERO1A,string,20,11,False,False
FERMT2,string,20,22,False,False
DDHD1,string,20,14,False,False
AL365295.1,string,0,0,True,False
CDKN3,string,20,7,False,False
GMFB,string,20,5,False,False
WDHD1,string,20,33,False,True
SOCS4,string,20,11,False,False
DLGAP5,string,20,60,False,False
KTN1,string,20,12,False,False
PELI2,string,20,5,False,False
TMEM260,string,20,4,False,False
EXOC5,string,20,23,False,True
AP5M1,string,20,13,False,False
NAA30,string,20,13,False,True
ACTR10,string,20,39,False,True
PSMA3-AS1,string,0,0,True,False
ARID4A,string,20,21,False,False
TIMM9,string,20,20,False,True
KIAA0586,string,20,14,False,True
DAAM1,string,20,16,False,False
PCNX4,string,20,4,False,False
DHRS7,string,20,3,False,False
PPM1A,string,20,25,False,False
SIX6,string,20,9,False,False
PRKCH,string,20,14,False,False
HIF1A,string,20,79,False,False
SNAPC1,string,20,16,False,True
SYNE2,string,20,16,False,False
MTHFD1,string,0,0,True,True
ZBTB25,string,20,15,False,False
ZBTB1,string,20,12,False,False
MAX,string,20,28,False,True
FUT8,string,20,25,False,False
ATP6V1D,string,20,37,False,True
ZFP36L1,string,20,9,False,False
ACTN1,string,20,32,False,False
DCAF5,string,20,14,False,False
SLC39A9,string,20,14,False,True
SRSF5,string,20,20,False,False
SYNJ2BP,string,20,9,False,False
PCNX1,string,20,9,False,False
SIPA1L1,string,20,8,False,False
DPF3,string,0,0,True,False
ZFYVE1,string,20,5,False,False
PSEN1,string,20,32,False,False
NUMB,string,20,17,False,False
DNAL1,string,20,4,False,False
ELMSAN1,string,0,0,True,False
LIN52,string,20,11,False,True
ABCD4,string,20,16,False,False
NPC2,string,20,19,False,False
AREL1,string,20,15,False,False
ACYP1,string,20,13,False,False
NEK9,string,20,16,False,False
BATF,string,20,13,False,False
ERG28,string,20,23,False,False
GPATCH2L,string,20,4,False,False
IRF2BPL,string,20,5,False,False
CIPC,string,20,5,False,False
TMED8,string,20,3,False,False
AHSA1,string,20,26,False,False
CEP128,string,20,12,False,False
TSHR,string,20,8,False,False
GTF2A1,string,20,36,False,True
SEL1L,string,20,31,False,False
SPATA7,string,20,15,False,False
FOXN3,string,20,11,False,False
NRDE2,string,20,8,False,True
CALM1,string,20,30,False,False
RPS6KA5,string,20,10,False,False
CCDC88C,string,20,8,False,False
PPP4R3A,string,20,13,False,False
TRIP11,string,20,22,False,False
NDUFB1,string,20,8,False,False
CPSF2,string,20,39,False,True
LGMN,string,20,14,False,False
GOLGA5,string,20,24,False,False
MOAP1,string,20,7,False,False
GON7,string,20,6,False,False
UBR7,string,20,12,False,False
BTBD7,string,20,9,False,False
DDX24,string,20,40,False,True
IFI27L2,string,20,2,False,False
DICER1,string,20,54,False,True
SNHG10,string,0,0,True,False
ATG2B,string,20,14,False,False
GSKIP,string,20,2,False,False
PAPOLA,string,20,27,False,False
LINC01550,string,0,0,True,False
BCL11B,string,20,10,False,False
EVL,string,20,12,False,False
SLC25A29,string,20,8,False,False
DYNC1H1,string,20,42,False,True
HSP90AA1,string,20,140,False,False
WDR20,string,20,4,False,False
ZNF839,string,12,0,False,False
RCOR1,string,20,28,False,True
TRAF3,string,20,39,False,False
EIF5,string,20,22,False,True
MARK3,string,20,16,False,False
CKB,string,20,9,False,False
BAG5,string,20,10,False,False
KLC1,string,20,27,False,False
ZFYVE21,string,20,7,False,False
SIVA1,string,20,10,False,False
CDCA4,string,20,4,False,False
NUDT14,string,20,9,False,False
PACS2,string,20,7,False,False
AL928654.1,string,0,0,True,False
CRIP1,string,20,6,False,False
CYFIP1,string,20,29,False,True
SNRPN,string,20,23,False,False
SNHG14,string,0,0,True,False
UBE3A,string,0,0,True,False
GABRB3,string,20,16,False,False
HERC2,string,20,31,False,False
APBA2,string,20,15,False,False
NSMCE3,string,20,15,False,False
FAN1,string,20,7,False,False
KLF13,string,20,2,False,False
ARHGAP11A,string,20,11,False,False
PGBD4,string,20,3,False,False
LPCAT4,string,20,12,False,False
GOLGA8B,string,20,4,False,False
AQR,string,20,24,False,True
ZNF770,string,20,11,False,False
MEIS2,string,20,16,False,False
SPRED1,string,20,8,False,False
RASGRP1,string,20,16,False,False
BUB1B,string,20,83,False,True
KNSTRN,string,20,10,False,False
IVD,string,20,14,False,False
CCDC32,string,20,6,False,False
KNL1,string,20,40,False,False
RAD51-AS1,string,0,0,True,False
GCHFR,string,20,8,False,False
NUSAP1,string,20,40,False,False
MGA,string,20,20,False,False
MAPKBP1,string,20,5,False,False
VPS39,string,20,24,False,False
TMEM87A,string,20,13,False,False
ZNF106,string,20,10,False,False
SNAP23,string,20,48,False,False
LRRC57,string,20,13,False,False
HAUS2,string,20,22,False,False
TTBK2,string,20,19,False,False
UBR1,string,20,34,False,False
CCNDBP1,string,20,12,False,False
ADAL,string,20,22,False,False
ZSCAN29,string,20,10,False,False
TUBGCP4,string,20,18,False,True
TP53BP1,string,20,63,False,False
MAP1A,string,20,4,False,False
CATSPER2,string,20,6,False,False
PDIA3,string,20,34,False,False
MFAP1,string,20,35,False,True
WDR76,string,20,9,False,False
CASC4,string,0,0,True,False
CTDSPL2,string,20,10,False,False
EIF3J-DT,string,0,0,True,False
SPG11,string,20,20,False,False
B2M,string,0,0,True,False
TRIM69,string,20,9,False,False
MYEF2,string,20,4,False,False
DUT,string,20,41,False,True
CEP152,string,20,35,False,True
EID1,string,20,7,False,False
SECISBP2L,string,20,8,False,False
DTWD1,string,20,11,False,False
GABPB1,string,20,19,False,True
GABPB1-IT1,string,0,0,True,False
GABPB1-AS1,string,0,0,True,False
USP8,string,20,25,False,True
TRPM7,string,0,0,True,True
SPPL2A,string,20,14,False,False
AP4E1,string,20,41,False,False
DMXL2,string,20,17,False,False
TMOD2,string,20,14,False,False
TMOD3,string,20,13,False,False
MAPK6,string,20,21,False,False
GNB5,string,20,35,False,False
MYO5A,string,20,37,False,False
FAM214A,string,20,15,False,False
RSL24D1,string,20,39,False,True
RAB27A,string,20,18,False,False
PIGBOS1,string,7,1,False,False
RFX7,string,20,13,False,False
ZNF280D,string,20,9,False,False
TCF12,string,20,20,False,False
POLR2M,string,20,11,False,True
ALDH1A2,string,20,9,False,False
ADAM10,string,20,26,False,True
MINDY2,string,20,8,False,False
RNF111,string,20,9,False,False
SLTM,string,20,12,False,False
CCNB2,string,20,83,False,False
BNIP2,string,20,8,False,False
ANXA2,string,20,27,False,False
ICE2,string,20,10,False,False
RORA,string,20,29,False,False
VPS13C,string,0,0,True,False
TLN2,string,20,7,False,False
TPM1,string,20,21,False,False
LACTB,string,20,14,False,False
RPS27L,string,20,11,False,False
RAB8B,string,20,24,False,False
USP3,string,20,7,False,False
HERC1,string,20,5,False,True
PPIB,string,20,20,False,False
CSNK1G1,string,20,9,False,False
PCLAF,string,20,7,False,False
TRIP4,string,20,12,False,False
ZNF609,string,20,14,False,False
OAZ2,string,20,2,False,False
PIF1,string,20,13,False,False
PDCD7,string,20,12,False,True
CLPX,string,20,15,False,False
PARP16,string,20,15,False,False
DPP8,string,20,5,False,False
TIPIN,string,20,23,False,True
MAP2K1,string,20,35,False,False
SMAD3,string,20,94,False,False
AAGAB,string,20,6,False,False
PIAS1,string,20,29,False,True
CALML4,string,20,13,False,False
CLN6,string,20,12,False,False
FEM1B,string,20,10,False,False
KIF23,string,20,43,False,True
TLE3,string,20,22,False,False
UACA,string,20,9,False,False
MYO9A,string,20,7,False,False
PKM,string,20,45,False,True
PARP6,string,20,15,False,False
HEXA,string,20,20,False,False
ARIH1,string,20,18,False,True
BBS4,string,20,25,False,False
UBL7-AS1,string,0,0,True,False
ARID3B,string,20,14,False,False
CLK3,string,20,20,False,False
MAN2C1,string,20,25,False,False
SIN3A,string,20,106,False,True
PTPN9,string,20,19,False,False
IMP3,string,20,22,False,True
UBE2Q2,string,20,15,False,False
SCAPER,string,20,5,False,False
TSPAN3,string,20,9,False,False
PEAK1,string,20,6,False,False
HMG20A,string,20,22,False,False
TBC1D2B,string,20,11,False,False
IREB2,string,20,28,False,False
CHRNA3,string,20,9,False,False
TMED3,string,20,15,False,False
AC015871.7,string,0,0,True,False
ZFAND6,string,20,14,False,False
EFL1,string,20,3,False,False
SNHG21,string,0,0,True,False
WHAMM,string,20,11,False,False
BTBD1,string,20,13,False,False
HDGFL3,string,20,6,False,False
ZSCAN2,string,20,6,False,False
WDR73,string,20,14,False,False
NMB,string,20,6,False,False
AKAP13,string,20,21,False,False
AEN,string,20,11,False,False
ISG20,string,20,22,False,False
MFGE8,string,20,8,False,False
ABHD2,string,20,16,False,False
FANCI,string,20,18,False,False
POLG,string,20,27,False,True
MESP1,string,20,0,False,False
AP3S2,string,20,17,False,False
IDH2,string,20,20,False,False
IQGAP1,string,20,44,False,False
CRTC3,string,20,4,False,False
BLM,string,20,51,False,False
MAN2A2,string,20,24,False,False
PRC1,string,20,34,False,True
LINC01578,string,0,0,True,False
CHD2,string,20,9,False,False
IGF1R,string,0,0,True,False
LRRC28,string,20,10,False,False
MEF2A,string,20,24,False,True
LINS1,string,20,10,False,False
ASB7,string,20,17,False,False
CHSY1,string,20,15,False,False
TARSL2,string,0,0,True,False
NPRL3,string,0,0,True,False
AXIN1,string,20,53,False,False
TMEM8A,string,0,0,True,False
NME4,string,20,25,False,False
MCRIP2,string,20,4,False,False
JMJD8,string,0,0,True,False
METRN,string,20,7,False,False
ANTKMT,string,20,6,False,False
HAGHL,string,20,9,False,False
CIAO3,string,20,27,False,False
GNPTG,string,20,18,False,False
C16orf91,string,20,2,False,False
CLCN7,string,20,17,False,False
CRAMP1,string,20,10,False,False
SPSB3,string,20,11,False,False
FAHD1,string,20,9,False,False
SNHG9,string,0,0,True,False
TSC2,string,20,37,False,False
PKD1,string,20,10,False,False
SNHG19,string,0,0,True,False
CCNF,string,20,12,False,False
ATP6V0C,string,20,30,False,True
PDPK1,string,20,22,False,True
ERVK13-1,string,0,0,True,False
KCTD5,string,20,14,False,False
PKMYT1,string,20,14,False,True
PAQR4,string,20,10,False,False
MMP25-AS1,string,0,0,True,False
IL32,string,20,0,False,False
ZNF213-AS1,string,0,0,True,False
ZNF263,string,20,7,False,False
ZNF75A,string,20,3,False,False
ZSCAN32,string,0,0,True,False
NAA60,string,20,11,False,False
CLUAP1,string,20,22,False,False
NLRC3,string,20,7,False,False
DNASE1,string,20,4,False,False
CREBBP,string,20,134,False,False
CORO7,string,20,5,False,False
MGRN1,string,20,9,False,False
NUDT16L1,string,20,4,False,False
ZNF500,string,20,10,False,False
ROGDI,string,20,7,False,False
GLYR1,string,20,14,False,False
CARHSP1,string,20,11,False,False
USP7,string,20,49,False,True
C16orf72,string,20,6,False,False
ATF7IP2,string,20,1,False,False
RMI2,string,20,11,False,False
SNN,string,20,8,False,False
ZC3H7A,string,20,7,False,False
RSL1D1,string,20,33,False,True
SNX29,string,20,4,False,False
ERCC4,string,20,32,False,False
MRTFB,string,20,9,False,False
PARN,string,20,14,False,True
BFAR,string,20,13,False,False
PDXDC1,string,20,17,False,False
RRN3,string,20,21,False,True
MARF1,string,20,6,False,False
NDE1,string,20,17,False,False
FOPNL,string,0,0,True,False
RPS15A,string,20,13,False,True
ARL6IP1,string,20,10,False,False
SMG1,string,20,26,False,True
COQ7,string,20,11,False,False
GDE1,string,20,6,False,False
CCP110,string,20,32,False,True
LYRM1,string,20,7,False,False
UQCRC2,string,20,39,False,True
MOSMO,string,20,6,False,False
AC092338.3,string,0,0,True,False
NPIPB5,string,7,1,False,False
UBFD1,string,20,11,False,False
DCTN5,string,20,29,False,True
PLK1,string,20,108,False,True
PRKCB,string,0,0,True,False
RBBP6,string,20,31,False,True
TNRC6A,string,20,40,False,True
ZKSCAN2-DT,string,0,0,True,False
GTF3C1,string,20,16,False,True
SBK1,string,20,10,False,False
SULT1A1,string,0,0,True,False
SH2B1,string,20,13,False,False
ATP2A1-AS1,string,0,0,True,False
RABEP2,string,20,10,False,False
NFATC2IP,string,20,13,False,True
LAT,string,20,25,False,False
SPN,string,20,19,False,False
QPRT,string,20,11,False,False
C16orf54,string,19,3,False,False
KIF22,string,20,15,False,False
KCTD13,string,20,18,False,False
TAOK2,string,20,13,False,False
HIRIP3,string,20,8,False,False
CORO1A,string,20,30,False,False
CD2BP2,string,20,12,False,True
SEPTIN1,string,20,6,False,False
DCTPP1,string,20,18,False,False
SEPHS2,string,20,11,False,True
ITGAL,string,20,29,False,False
AC002310.1,string,0,0,True,False
ZNF764,string,20,4,False,False
ZNF688,string,20,2,False,False
ZNF689,string,20,2,False,False
FBRS,string,20,4,False,False
SRCAP,string,20,22,False,True
RNF40,string,20,14,False,True
STX4,string,20,34,False,False
ZNF646,string,20,10,False,False
FUS,string,20,38,False,False
AC026471.1,string,0,0,True,False
C16orf58,string,0,0,True,False
ZNF720,string,0,0,True,True
ZNF267,string,20,3,False,False
SHCBP1,string,20,8,False,False
ORC6,string,20,19,False,True
C16orf87,string,20,7,False,False
NETO2,string,20,4,False,False
ITFG1,string,20,11,False,False
LONP2,string,20,21,False,False
SIAH1,string,20,19,False,False
N4BP1,string,20,9,False,False
CNEP1R1,string,20,15,False,False
CYLD,string,20,26,False,False
CHD9,string,20,19,False,False
RBL2,string,20,23,False,False
AKTIP,string,20,20,False,False
IRX3,string,20,14,False,False
IRX5,string,20,7,False,False
AMFR,string,20,42,False,False
BBS2,string,20,24,False,False
MT2A,string,20,7,False,True
MT1X,string,20,7,False,False
HERPUD1,string,20,11,False,False
NLRC5,string,20,9,False,False
RSPRY1,string,20,17,False,False
ARL2BP,string,20,14,False,False
AC009107.2,string,0,0,True,False
SLC38A7,string,20,16,False,False
TK2,string,20,11,False,False
CKLF,string,20,3,False,False
CMTM1,string,20,3,False,False
CMTM3,string,20,12,False,False
DYNC1LI2,string,20,22,False,False
PDP2,string,20,7,False,False
CES2,string,20,4,False,False
CBFB,string,20,26,False,False
FBXL8,string,20,1,False,False
KIAA0895L,string,1,0,False,False
FHOD1,string,20,7,False,False
ATP6V0D1,string,20,38,False,True
AC009061.2,string,0,0,True,False
CTCF,string,20,50,False,True
GFOD2,string,20,7,False,True
RANBP10,string,20,22,False,False
PSMB10,string,20,25,False,False
NFATC3,string,20,17,False,False
SLC7A6,string,20,16,False,False
SLC7A6OS,string,20,8,False,True
ZFP90,string,20,4,False,False
SNTB2,string,20,9,False,True
COG8,string,20,24,False,True
TERF2,string,20,31,False,True
NFAT5,string,20,9,False,False
NQO1,string,20,15,False,False
PDPR,string,20,11,False,False
EXOSC6,string,20,31,False,True
AARS,string,0,0,True,True
DDX19A,string,20,9,False,True
ST3GAL2,string,20,15,False,False
COG4,string,20,28,False,True
CMTR2,string,20,5,False,True
ZNF23,string,20,6,False,False
AP1G1,string,20,39,False,False
ATXN1L,string,20,10,False,False
IST1,string,20,27,False,True
DHX38,string,20,23,False,False
AC009120.2,string,0,0,True,False
GLG1,string,20,9,False,False
RFWD3,string,20,4,False,False
ZFP1,string,20,1,False,False
CFDP1,string,20,10,False,True
ADAT1,string,20,12,False,False
TERF2IP,string,20,28,False,False
MON1B,string,20,15,False,False
ATMIN,string,20,4,False,False
CMIP,string,20,13,False,False
PLCG2,string,20,48,False,False
MLYCD,string,20,17,False,False
MBTPS1,string,20,13,False,True
COTL1,string,20,21,False,True
KLHL36,string,20,2,False,False
ZDHHC7,string,20,11,False,True
GSE1,string,20,13,False,False
GINS2,string,20,22,False,True
MAP1LC3B,string,20,29,False,False
SLC7A5,string,20,18,False,True
BANP,string,20,10,False,True
ZFPM1,string,20,17,False,False
ZC3H18,string,20,20,False,True
CYBA,string,20,7,False,False
MVD,string,20,28,False,True
RNF166,string,20,13,False,False
PIEZO1,string,20,7,False,False
CDT1,string,20,27,False,True
APRT,string,20,36,False,False
GALNS,string,20,19,False,False
CBFA2T3,string,20,13,False,True
ACSF3,string,20,20,False,False
ANKRD11,string,20,5,False,True
SPG7,string,20,34,False,True
CPNE7,string,20,4,False,True
CHMP1A,string,20,30,False,True
SPATA33,string,20,3,False,False
ZNF276,string,20,16,False,False
FANCA,string,20,21,False,False
TCF25,string,20,15,False,False
TUBB3,string,20,14,False,False
CENPBD1,string,0,0,True,False
C17orf97,string,20,11,False,False
RFLNB,string,20,3,False,False
VPS53,string,20,44,False,False
NXN,string,20,15,False,False
ABR,string,20,2,False,False
CRK,string,20,51,False,False
INPP5K,string,20,10,False,False
PITPNA-AS1,string,0,0,True,False
PRPF8,string,20,105,False,True
SMYD4,string,20,9,False,False
TSR1,string,20,27,False,True
SGSM2,string,20,21,False,False
MNT,string,20,9,False,False
METTL16,string,20,15,False,True
PAFAH1B1,string,20,49,False,True
TAX1BP3,string,20,5,False,False
ITGAE,string,20,14,False,False
NCBP3,string,20,20,False,False
ATP2A3,string,20,15,False,False
ZZEF1,string,20,8,False,False
CYB5D2,string,20,10,False,False
ANKFY1,string,20,22,False,False
SPNS3,string,20,9,False,False
PSMB6,string,20,42,False,True
RNF167,string,20,7,False,False
PFN1,string,20,24,False,True
SPAG7,string,20,5,False,True
AC012146.1,string,0,0,True,False
ZNF594,string,20,3,False,False
RABEP1,string,20,28,False,False
C1QBP,string,20,23,False,True
DERL2,string,20,25,False,True
PIMREG,string,20,3,False,False
KIAA0753,string,20,13,False,False
XAF1,string,20,32,False,False
ALOX12-AS1,string,0,0,True,False
C17orf49,string,20,9,False,False
ACADVL,string,20,13,False,False
PHF23,string,20,6,False,False
GABARAP,string,20,50,False,False
GPS2,string,20,15,False,True
ACAP1,string,20,16,False,False
TMEM256,string,20,13,False,False
CHRNB1,string,20,5,False,False
ZBTB4,string,20,5,False,True
POLR2A,string,0,0,True,True
AC016876.1,string,0,0,True,False
SAT2,string,20,4,False,False
TP53,string,20,337,False,False
KDM6B,string,20,23,False,False
CYB5D1,string,20,7,False,False
CHD3,string,20,46,False,False
VAMP2,string,20,54,False,False
TMEM107,string,20,10,False,False
BORCS6,string,20,8,False,False
AURKB,string,20,91,False,True
RANGRF,string,20,9,False,False
RPL26,string,20,84,False,True
NDEL1,string,20,21,False,False
MYH10,string,20,38,False,False
GAS7,string,20,22,False,False
MAP2K4,string,20,22,False,False
TRIM16,string,20,12,False,False
ZNF286A,string,20,0,False,False
TTC19,string,20,11,False,False
NCOR1,string,20,71,False,False
PIGL,string,20,16,False,False
CENPV,string,20,5,False,False
UBB,string,20,144,False,False
SNHG29,string,0,0,True,False
LRRC75A,string,17,1,False,False
ZNF287,string,20,9,False,False
CCDC144A,string,20,6,False,True
MPRIP,string,20,12,False,False
FLCN,string,20,18,False,False
NT5M,string,20,31,False,False
TOP3A,string,20,25,False,True
SMCR8,string,20,14,False,False
FAM106A,string,0,0,True,False
EPN2,string,20,13,False,False
AKAP10,string,20,8,False,False
USP22,string,20,24,False,False
MAP2K3,string,20,24,False,False
LINC02693,string,0,0,True,False
WSB1,string,20,10,False,False
LGALS9,string,20,8,False,False
NLK,string,20,17,False,False
TMEM97,string,20,3,False,False
IFT20,string,20,24,False,False
UNC119,string,20,11,False,False
PIGS,string,20,6,False,False
SPAG5,string,20,24,False,False
SDF2,string,20,10,False,False
SUPT6H,string,20,40,False,True
TRAF4,string,20,12,False,False
FAM222B,string,13,0,False,False
PHF12,string,20,19,False,True
MYO18A,string,20,16,False,False
NUFIP2,string,20,18,False,False
TAOK1,string,20,20,False,False
TP53I13,string,20,6,False,True
SSH2,string,20,12,False,False
NSRP1,string,20,9,False,True
CPD,string,20,18,False,False
GOSR1,string,20,49,False,False
ATAD5,string,20,21,False,False
NF1,string,20,28,False,True
EVI2B,string,20,14,False,False
SUZ12,string,20,56,False,False
LRRC37B,string,20,3,False,True
RHOT1,string,20,16,False,False
C17orf75,string,20,8,False,False
TMEM98,string,20,8,False,False
ZNF830,string,20,8,False,True
RAD51D,string,20,4,False,True
SLFN5,string,20,7,False,False
SLFN11,string,20,3,False,False
SNHG30,string,0,0,True,False
TAF15,string,20,9,False,False
MYO19,string,20,10,False,False
PIGW,string,20,22,False,False
GGNBP2,string,20,6,False,False
SYNRG,string,20,25,False,False
SOCS7,string,20,10,False,False
AC006449.6,string,0,0,True,False
MLLT6,string,20,13,False,True
PCGF2,string,20,27,False,False
CWC25,string,20,24,False,True
RPL23,string,20,104,False,True
LASP1,string,20,16,False,False
FBXL20,string,20,9,False,False
MED1,string,20,52,False,True
CDK12,string,20,14,False,True
ORMDL3,string,20,14,False,False
THRA,string,20,13,False,False
NR1D1,string,20,14,False,False
MSL1,string,20,10,False,True
CASC3,string,20,19,False,True
WIPF2,string,20,16,False,False
CDC6,string,20,71,False,True
TOP2A,string,20,79,False,True
KRT10,string,20,4,False,True
TMEM99,string,0,0,True,False
EIF1,string,20,23,False,True
ACLY,string,20,30,False,False
NKIRAS2,string,20,7,False,False
STAT5B,string,20,32,False,True
STAT5A,string,20,40,False,True
STAT3,string,20,95,False,False
ATP6V0A1,string,20,23,False,False
PSMC3IP,string,20,5,False,False
RETREG3,string,20,9,False,False
TUBG1,string,20,32,False,True
EZH1,string,20,28,False,False
BECN1,string,20,77,False,False
RUNDC1,string,20,11,False,False
IFI35,string,20,31,False,False
VAT1,string,20,1,False,False
BRCA1,string,20,130,False,True
NBR2,string,0,0,True,False
AC060780.1,string,0,0,True,False
NBR1,string,0,0,True,False
TMEM106A,string,20,10,False,False
ASB16-AS1,string,0,0,True,False
TMUB2,string,20,10,False,False
ATXN7L3,string,20,22,False,False
UBTF,string,20,32,False,True
AC003102.1,string,0,0,True,False
GRN,string,20,23,False,False
GPATCH8,string,20,6,False,False
GJC1,string,0,0,True,False
C1QL1,string,20,5,False,False
HEXIM1,string,20,14,False,True
AC008105.3,string,0,0,True,False
FMNL1,string,20,13,False,False
ARHGAP27,string,20,19,False,False
PLEKHM1,string,20,11,False,False
MAPT,string,20,57,False,False
KANSL1,string,20,32,False,True
KANSL1-AS1,string,0,0,True,False
ARL17B,string,20,12,False,False
ARL17A,string,20,7,False,False
FAM215B,string,0,0,True,False
NSF,string,20,36,False,True
AC005670.3,string,0,0,True,False
CDC27,string,20,36,False,True
AC002558.3,string,0,0,True,False
NPEPPS,string,20,16,False,True
KPNB1,string,20,44,False,True
MRPL10,string,20,11,False,True
AC018521.5,string,0,0,True,False
PNPO,string,20,18,False,False
CDK5RAP3,string,20,15,False,False
NFE2L1,string,20,16,False,False
SKAP1,string,20,11,False,False
HOXB3,string,20,8,False,False
HOXB4,string,20,14,False,False
HOXB7,string,20,10,False,False
CALCOCO2,string,20,29,False,False
UBE2Z,string,20,20,False,True
IGF2BP1,string,20,10,False,False
ZNF652,string,20,13,False,False
FAM117A,string,20,4,False,False
KAT7,string,20,16,False,True
LUC7L3,string,20,21,False,True
TOB1,string,20,17,False,False
SPAG9,string,20,13,False,False
NME1,string,20,34,False,False
NME2,string,20,24,False,False
MBTD1,string,20,13,False,False
AC006141.1,string,0,0,True,False
STXBP4,string,20,10,False,True
MMD,string,20,5,False,False
C17orf67,string,20,7,False,False
DGKE,string,20,14,False,False
TRIM25,string,20,28,False,False
MSI2,string,20,8,False,False
VEZF1,string,20,3,False,False
AC015813.1,string,0,0,True,False
DYNLL2,string,20,25,False,True
TSPOAP1-AS1,string,0,0,True,False
AC004687.1,string,0,0,True,False
SUPT4H1,string,20,36,False,True
MTMR4,string,20,14,False,False
TRIM37,string,20,12,False,False
SKA2,string,20,11,False,False
PRR11,string,20,11,False,False
DHX40,string,20,9,False,False
CLTC,string,20,76,False,True
VMP1,string,20,16,False,True
RPS6KB1,string,20,35,False,False
RNFT1,string,20,9,False,False
USP32,string,20,9,False,False
APPBP2,string,20,17,False,False
PPM1D,string,20,10,False,False
BRIP1,string,20,15,False,True
INTS2,string,20,31,False,True
MED13,string,20,39,False,False
TLK2,string,20,17,False,False
TANC2,string,20,5,False,False
DCAF7,string,20,32,False,False
MAP3K3,string,20,24,False,False
LIMD2,string,20,4,False,False
DDX42,string,20,6,False,True
SNHG25,string,0,0,True,False
PECAM1,string,20,30,False,False
CEP95,string,20,7,False,False
SMURF2,string,20,33,False,False
GNA13,string,20,31,False,False
CEP112,string,20,5,False,False
PRKCA,string,20,57,False,True
HELZ,string,20,11,False,False
BPTF,string,20,104,False,True
KPNA2,string,20,38,False,False
AMZ2,string,20,6,False,False
PRKAR1A,string,20,22,False,False
MAP2K6,string,20,36,False,False
COG1,string,20,38,False,True
C17orf80,string,20,4,False,False
RPL38,string,20,19,False,True
RAB37,string,20,8,False,False
SLC9A3R1,string,20,25,False,False
NAT9,string,20,10,False,False
FDXR,string,20,22,False,True
JPT1,string,20,1,False,False
GRB2,string,20,125,False,True
SAP30BP,string,20,15,False,True
H3F3B,string,0,0,True,False
UNC13D,string,20,15,False,False
WBP2,string,20,7,False,False
FBF1,string,20,22,False,False
ACOX1,string,20,45,False,False
EXOC7,string,20,38,False,True
UBALD2,string,20,9,False,False
SNHG16,string,0,0,True,False
MXRA7,string,20,13,False,False
JMJD6,string,20,13,False,True
METTL23,string,20,6,False,True
SRSF2,string,20,41,False,True
MFSD11,string,20,15,False,False
SNHG20,string,0,0,True,False
SEC14L1,string,20,6,False,False
SEPTIN9,string,20,18,False,False
AC021683.3,string,0,0,True,False
TNRC6C,string,0,0,True,False
TMC6,string,20,6,False,False
TMC8,string,20,4,False,False
TK1,string,20,17,False,False
BIRC5,string,20,29,False,True
CYTH1,string,20,18,False,False
USP36,string,20,3,False,True
TIMP2,string,20,7,False,False
LGALS3BP,string,20,19,False,False
CBX2,string,20,30,False,False
CBX8,string,20,30,False,False
CBX4,string,20,29,False,False
GAA,string,20,15,False,False
RNF213,string,20,17,False,False
ENDOV,string,20,7,False,False
CHMP6,string,20,40,False,True
NDUFAF8,string,20,5,False,False
AC027601.6,string,0,0,True,False
BAHCC1,string,20,5,False,False
ACTG1,string,20,69,False,False
NPLOC4,string,20,36,False,True
OXLD1,string,20,4,False,False
CCDC137,string,20,6,False,True
HGS,string,20,39,False,True
AC139530.1,string,0,0,True,False
MCRIP1,string,20,6,False,False
P4HB,string,20,41,False,False
SIRT7,string,20,20,False,True
MAFG,string,20,8,False,False
CENPX,string,20,22,False,False
RAC3,string,20,43,False,True
RFNG,string,20,10,False,False
CCDC57,string,20,11,False,False
CSNK1D,string,20,28,False,False
CD7,string,20,15,False,False
NARF,string,20,4,False,False
WDR45B,string,20,7,False,False
TYMSOS,string,0,0,True,False
TYMS,string,20,37,False,False
ENOSF1,string,20,12,False,False
YES1,string,20,22,False,False
ADCYAP1,string,20,12,False,False
NDC80,string,20,81,False,True
SMCHD1,string,20,15,False,False
EMILIN2,string,20,6,False,False
LPIN2,string,20,20,False,False
MYL12A,string,20,23,False,False
TGIF1,string,20,9,False,False
ZBTB14,string,20,16,False,True
MTCL1,string,20,7,False,False
ANKRD12,string,20,16,False,False
PPP4R1,string,20,21,False,False
CHMP1B,string,20,35,False,False
MPPE1,string,20,12,False,False
AP005482.1,string,0,0,True,False
PTPN2,string,20,25,False,False
CEP192,string,20,22,False,True
LDLRAD4,string,20,5,False,False
RNMT,string,20,17,False,True
ZNF519,string,20,1,False,False
ROCK1,string,20,29,False,False
ESCO1,string,20,20,False,False
MIB1,string,20,13,False,False
RBBP8,string,20,31,False,True
RIOK3,string,20,14,False,False
NPC1,string,20,15,False,False
TTC39C,string,20,10,False,False
ZNF521,string,20,8,False,False
SS18,string,20,22,False,False
PSMA8,string,20,9,False,False
PCAT18,string,0,0,True,False
CDH2,string,20,35,False,False
DSG2,string,20,6,False,False
B4GALT6,string,20,11,False,False
TRAPPC8,string,20,25,False,True
RNF125,string,20,9,False,False
MAPRE2,string,20,14,False,False
ZNF397,string,20,16,False,False
ZSCAN30,string,20,7,False,False
ZNF24,string,20,20,False,True
RPRD1A,string,20,27,False,False
KIAA1328,string,20,21,False,False
PIK3C3,string,20,70,False,True
EPG5,string,20,11,False,False
C18orf25,string,20,6,False,False
RNF165,string,20,2,False,False
PIAS2,string,20,22,False,False
HDHD2,string,20,8,False,False
SMAD2,string,20,74,False,False
C18orf32,string,0,0,True,False
ACAA2,string,20,26,False,False
SKA1,string,20,12,False,True
ME2,string,20,8,False,False
ELAC1,string,20,13,False,False
SMAD4,string,20,72,False,False
MEX3C,string,20,13,False,False
POLI,string,20,18,False,False
TCF4,string,20,26,False,False
WDR7,string,20,15,False,True
ONECUT2,string,20,9,False,False
MALT1,string,0,0,True,False
LMAN1,string,20,50,False,False
PMAIP1,string,20,10,False,False
RELCH,string,20,15,False,False
BCL2,string,20,24,False,False
KDSR,string,0,0,True,False
VPS4B,string,20,24,False,False
SERPINB8,string,20,6,False,False
TMX3,string,20,8,False,False
CCDC102B,string,20,10,False,False
CD226,string,20,12,False,False
CNDP2,string,20,23,False,False
LINC00909,string,0,0,True,False
ZNF407,string,20,9,False,True
ZADH2,string,20,15,False,False
TSHZ1,string,20,7,False,False
ZNF236,string,20,4,False,True
MBP,string,20,21,False,False
ATP9B,string,20,17,False,False
NFATC1,string,20,20,False,False
TPGS1,string,20,7,False,False
CDC34,string,20,39,False,False
BSG,string,20,26,False,False
CFD,string,20,9,False,False
ARID3A,string,20,8,False,True
TMEM259,string,20,5,False,False
CNN2,string,20,9,False,True
ARHGAP45,string,20,17,False,False
MIDN,string,20,5,False,False
CIRBP,string,20,5,False,False
C19orf25,string,20,2,False,True
REXO1,string,20,14,False,False
ABHD17A,string,20,16,False,True
SCAMP4,string,20,5,False,False
BTBD2,string,20,11,False,False
MKNK2,string,20,4,False,False
MOB3A,string,20,8,False,False
SF3A2,string,20,68,False,True
AMH,string,20,7,False,False
SPPL2B,string,20,9,False,False
TIMM13,string,20,28,False,True
SGTA,string,20,20,False,False
TLE2,string,20,16,False,False
TLE5,string,20,13,False,False
GNA15,string,20,20,False,False
NFIC,string,20,18,False,False
SMIM24,string,15,4,False,False
HMG20B,string,20,24,False,False
PIP5K1C,string,20,28,False,False
MRPL54,string,20,4,False,True
EEF2,string,20,67,False,True
ZBTB7A,string,20,10,False,False
CHAF1A,string,20,13,False,True
UBXN6,string,20,13,False,False
TNFAIP8L1,string,20,6,False,False
FEM1A,string,20,11,False,False
UHRF1,string,20,19,False,True
KDM4B,string,20,15,False,False
SAFB2,string,20,6,False,False
ALKBH7,string,20,6,False,False
GTF2F1,string,20,53,False,True
DENND1C,string,20,15,False,False
GPR108,string,20,5,False,False
VAV1,string,20,59,False,False
ZNF557,string,20,2,False,False
INSR,string,20,26,False,False
ARHGEF18,string,20,8,False,False
PET100,string,20,6,False,False
STXBP2,string,20,26,False,False
RETN,string,20,4,False,False
MAP2K7,string,20,26,False,True
CTXN1,string,20,7,False,False
RPS28,string,20,28,False,True
RAB11B,string,20,16,False,False
MARCH2,string,0,0,True,False
ZNF699,string,20,3,False,False
ZNF559,string,20,2,False,True
ZNF266,string,20,7,False,False
ZNF426,string,20,5,False,False
ZNF121,string,20,2,False,False
ZNF561,string,20,2,False,False
ZNF561-AS1,string,0,0,True,False
ZNF562,string,20,9,False,False
FBXL12,string,20,12,False,False
SHFL,string,20,6,False,False
PPAN,string,20,13,False,True
DNMT1,string,20,50,False,True
ICAM4,string,20,6,False,False
ICAM3,string,20,7,False,False
ATG4D,string,20,13,False,False
KRI1,string,20,16,False,True
CDKN2D,string,20,6,False,False
ILF3-DT,string,0,0,True,False
LDLR,string,20,17,False,False
CCDC159,string,6,0,False,False
ZNF439,string,20,2,False,False
ZNF433-AS1,string,0,0,True,False
ZNF136,string,20,2,False,False
ZNF44,string,20,3,False,False
ZNF564,string,20,2,False,False
ZNF791,string,20,2,False,False
HOOK2,string,20,10,False,False
JUNB,string,20,18,False,False
PRDX2,string,20,20,False,False
FARSA,string,20,12,False,True
CALR,string,20,55,False,True
RAD23A,string,20,26,False,False
IER2,string,20,4,False,False
CCDC130,string,0,0,True,True
CC2D1A,string,20,7,False,False
RFX1,string,20,13,False,False
SAMD1,string,20,5,False,False
PRKACA,string,20,103,False,False
ASF1B,string,20,23,False,True
ADGRL1,string,20,6,False,False
DDX39A,string,20,21,False,False
GIPC1,string,20,13,False,False
DNAJB1,string,20,33,False,False
BRD4,string,20,21,False,True
AKAP8,string,20,13,False,False
AKAP8L,string,20,5,False,False
RASAL3,string,20,19,False,False
TPM4,string,20,16,False,False
FAM32A,string,20,9,False,True
AP1M1,string,20,26,False,False
KLF2,string,20,7,False,False
CHERP,string,20,25,False,True
SLC35E1,string,20,17,False,False
MED26,string,20,22,False,True
MYO9B,string,20,17,False,False
OCEL1,string,20,4,False,False
ABHD8,string,20,14,False,False
BST2,string,20,24,False,False
AC010618.3,string,0,0,True,False
RPL18A,string,20,84,False,True
JUND,string,20,20,False,False
LSM4,string,20,43,False,True
PGPEP1,string,20,8,False,True
SSBP4,string,20,6,False,False
REX1BD,string,20,9,False,False
UPF1,string,20,51,False,True
HOMER3,string,20,13,False,False
SUGP2,string,20,10,False,False
SLC25A42,string,20,11,False,True
NR2C2AP,string,20,7,False,True
MAU2,string,20,8,False,True
GMIP,string,20,10,False,True
ZNF101,string,20,4,False,False
ZNF430,string,20,5,False,False
ZNF714,string,20,5,False,False
ZNF431,string,20,0,False,False
ZNF708,string,20,3,False,False
ZNF429,string,20,7,False,False
AC123912.4,string,0,0,True,False
ZNF100,string,20,2,False,True
ZNF43,string,20,0,False,False
ZNF91,string,20,3,False,False
ZNF675,string,20,5,False,False
AC092279.1,string,0,0,True,False
ZNF254,string,20,8,False,False
LINC00662,string,0,0,True,False
AC006504.5,string,0,0,True,False
PLEKHF1,string,20,8,False,False
C19orf12,string,0,0,True,False
CCNE1,string,20,46,False,False
ZNF507,string,20,10,False,False
CEP89,string,20,24,False,False
CEBPG,string,20,18,False,True
KIAA0355,string,0,0,True,False
UBA2,string,20,35,False,True
ZNF302,string,20,2,False,False
ZNF181,string,20,2,False,False
ZNF599,string,20,2,False,False
ZNF30,string,20,3,False,False
GRAMD1A,string,20,2,False,False
FXYD5,string,20,4,False,False
TMEM147-AS1,string,0,0,True,False
KMT2B,string,20,32,False,False
U2AF1L4,string,20,10,False,False
PSENEN,string,20,17,False,False
ARHGAP33,string,20,12,False,False
HCST,string,20,12,False,False
SDHAF1,string,20,13,False,False
CLIP3,string,20,11,False,False
ZNF146,string,20,4,False,False
ZFP14,string,20,9,False,False
ZFP82,string,20,2,False,False
ZNF566,string,20,2,False,False
ZNF260,string,20,4,False,False
ZNF529,string,20,0,False,False
ZNF567,string,20,3,False,False
ZNF420,string,20,1,False,False
ZNF383,string,20,6,False,False
ZNF875,string,20,1,False,False
ZNF569,string,20,5,False,False
ZNF570,string,20,2,False,False
ZFP30,string,20,5,False,False
SPINT2,string,20,7,False,False
KCNK6,string,20,4,False,False
ACTN4,string,20,29,False,False
RINL,string,20,6,False,False
SIRT2,string,20,20,False,False
GMFG,string,20,12,False,False
MED29,string,20,28,False,True
ZFP36,string,20,15,False,False
PLEKHG2,string,20,5,False,False
SUPT5H,string,20,56,False,True
EID2B,string,20,5,False,False
EID2,string,20,8,False,False
ZNF546,string,20,2,False,False
ZNF780B,string,20,2,False,False
PLD3,string,20,21,False,False
BLVRB,string,20,8,False,False
LTBP4,string,20,9,False,True
SNRPA,string,20,21,False,True
RAB4B,string,20,18,False,True
TGFB1,string,20,40,False,False
CD79A,string,20,34,False,False
ARHGEF1,string,20,19,False,False
RABAC1,string,20,15,False,False
POU2F2,string,20,8,False,False
DEDD2,string,20,10,False,False
GSK3A,string,20,21,False,False
ERF,string,20,6,False,False
CIC,string,20,5,False,False
ETHE1,string,20,10,False,False
XRCC1,string,20,24,False,True
IRGQ,string,20,6,False,False
ZNF576,string,20,1,False,False
ZNF428,string,20,2,False,False
ZNF224,string,20,0,False,False
ZNF226,string,20,6,False,False
TOMM40,string,20,43,False,True
MARK4,string,20,12,False,False
PPP1R37,string,20,7,False,True
TRAPPC6A,string,20,22,False,False
CD3EAP,string,0,0,True,True
VASP,string,20,17,False,False
OPA3,string,20,7,False,False
DMWD,string,20,2,False,False
CALM3,string,20,25,False,False
PRKD2,string,20,7,False,False
SLC1A5,string,20,12,False,True
ARHGAP35,string,20,21,False,False
CCDC9,string,20,7,False,False
NAPA,string,20,43,False,True
NOP53,string,20,10,False,False
SELENOW,string,20,12,False,False
LIG1,string,20,28,False,False
EMP3,string,20,7,False,False
CYTH2,string,20,13,False,False
SPHK2,string,20,12,False,False
DBP,string,20,6,False,False
PPP1R15A,string,20,20,False,False
BAX,string,20,22,False,False
FTL,string,20,15,False,False
FLT3LG,string,20,6,False,False
RPL13A,string,20,95,False,True
FCGRT,string,20,9,False,False
PRR12,string,20,19,False,False
PNKP,string,20,19,False,True
AKT1S1,string,20,18,False,False
TBC1D17,string,20,7,False,False
NUP62,string,20,42,False,True
ATF5,string,20,11,False,True
VRK3,string,20,8,False,False
NR1H2,string,20,14,False,False
EMC10,string,20,9,False,False
C19orf81,string,5,0,False,False
CLEC11A,string,20,6,False,False
C19orf48,string,0,0,True,False
NKG7,string,20,11,False,False
ZNF175,string,20,7,False,False
ZNF766,string,20,0,False,False
ZNF480,string,20,0,False,False
ZNF83,string,20,5,False,False
ZNF611,string,20,3,False,False
ZNF160,string,20,1,False,False
ZNF765,string,20,4,False,False
ZNF761,string,20,3,False,False
MYADM,string,20,12,False,False
NDUFA3,string,20,23,False,True
LENG1,string,20,6,False,False
MBOAT7,string,20,13,False,False
RPS9,string,20,17,False,True
LAIR1,string,20,5,False,False
LENG8,string,20,8,False,True
TNNT1,string,20,13,False,False
KMT5C,string,20,4,False,False
TMEM238,string,15,1,False,False
UBE2S,string,20,40,False,False
NAT14,string,20,5,False,False
ZNF524,string,20,9,False,False
ZNF580,string,20,3,False,False
ZNF581,string,20,2,False,False
CCDC106,string,20,6,False,False
EPN1,string,20,24,False,False
ZNF583,string,20,3,False,False
ZNF71,string,20,5,False,False
ZIM3,string,20,1,False,False
ZNF264,string,20,5,False,False
ZNF805,string,20,6,False,False
ZNF460,string,20,2,False,False
AC005261.1,string,0,0,True,False
ZNF543,string,20,2,False,False
TRAPPC2B,string,20,11,False,False
ZNF749,string,20,1,False,False
ZNF549,string,20,3,False,False
ZNF530,string,20,1,False,False
ZNF134,string,20,4,False,False
ZNF776,string,20,2,False,False
ZNF586,string,20,1,False,False
ZNF587,string,20,2,False,False
ZNF8,string,20,21,False,False
AC010642.2,string,0,0,True,False
A1BG,string,20,10,False,False
ZNF324,string,20,5,False,False
C20orf96,string,20,3,False,False
ZCCHC3,string,20,5,False,False
SOX12,string,20,9,False,False
TRIB3,string,20,18,False,False
RBCK1,string,20,20,False,False
TBC1D20,string,20,17,False,False
FKBP1A,string,20,35,False,False
SIRPG,string,20,4,False,False
NOP56,string,20,72,False,True
PTPRA,string,0,0,True,False
ATRN,string,20,6,False,False
CENPB,string,20,7,False,False
CDC25B,string,20,17,False,False
MAVS,string,20,39,False,False
PANK2,string,20,14,False,False
RNF24,string,20,11,False,False
PCNA,string,20,104,False,True
CDS2,string,20,26,False,False
GPCPD1,string,20,9,False,False
MCM8,string,20,11,False,False
TMX4,string,20,17,False,False
PLCB1,string,20,34,False,False
SLX4IP,string,20,5,False,False
ESF1,string,20,25,False,True
KIF16B,string,20,9,False,False
RRBP1,string,20,5,False,False
MGME1,string,20,12,False,False
RBBP9,string,20,17,False,False
SMIM26,string,20,1,False,False
CRNKL1,string,20,60,False,True
RALGAPA2,string,20,10,False,False
KIZ,string,20,3,False,False
GZF1,string,20,13,False,False
NAPB,string,20,18,False,False
CST3,string,20,15,False,False
CST7,string,20,14,False,False
APMAP,string,20,13,False,False
ACSS1,string,20,17,False,False
NINL,string,20,9,False,False
ZNF337-AS1,string,0,0,True,False
ID1,string,20,11,False,False
BCL2L1,string,20,56,False,True
TPX2,string,20,35,False,True
PDRG1,string,20,10,False,True
KIF3B,string,20,23,False,False
NOL4L,string,20,12,False,False
COMMD7,string,20,31,False,False
CBFA2T2,string,20,11,False,False
E2F1,string,20,47,False,False
CHMP4B,string,20,55,False,True
ITCH,string,0,0,True,False
NCOA6,string,20,29,False,False
TRPC4AP,string,20,11,False,False
MMP24OS,string,0,0,True,False
UQCC1,string,20,16,False,False
CEP250,string,20,15,False,False
CPNE1,string,20,11,False,True
RBM12,string,20,9,False,True
ROMO1,string,20,7,False,True
RBM39,string,20,34,False,True
SCAND1,string,20,8,False,False
NORAD,string,0,0,True,False
DLGAP4,string,20,6,False,False
TGIF2,string,20,5,False,False
SLA2,string,20,14,False,False
SOGA1,string,20,2,False,False
RBL1,string,20,26,False,False
BLCAP,string,20,11,False,False
SNHG17,string,0,0,True,False
SNHG11,string,0,0,True,False
RALGAPB,string,20,12,False,False
TOP1,string,20,16,False,True
PLCG1,string,20,78,False,False
CHD6,string,20,5,False,False
MYBL2,string,20,13,False,True
OSER1,string,20,7,False,False
TTPAL,string,20,4,False,False
SERINC3,string,20,6,False,False
PKIG,string,20,5,False,False
ADA,string,20,25,False,False
LINC01260,string,0,0,True,False
STK4,string,20,23,False,False
SYS1,string,20,16,False,True
DBNDD2,string,20,4,False,False
UBE2C,string,20,75,False,False
PCIF1,string,20,6,False,False
ZNF335,string,20,4,False,True
ELMO2,string,20,12,False,False
ZMYND8,string,20,14,False,False
NCOA3,string,20,27,False,False
PREX1,string,20,12,False,False
ARFGEF2,string,20,15,False,False
ZNFX1,string,20,15,False,False
ZFAS1,string,0,0,True,False
RNF114,string,20,9,False,False
CEBPB,string,20,34,False,False
PTPN1,string,20,22,False,True
PARD6B,string,20,4,False,False
ADNP,string,20,16,False,False
MOCS3,string,20,21,False,True
NFATC2,string,20,25,False,False
ZNF217,string,20,17,False,False
AURKA,string,20,60,False,True
TFAP2C,string,20,9,False,False
RBM38,string,20,7,False,False
PMEPA1,string,20,10,False,False
RAB22A,string,20,18,False,False
VAPB,string,20,40,False,False
STX16,string,20,54,False,False
SYCP2,string,20,7,False,False
FAM217B,string,20,6,False,False
C20orf197,string,0,0,True,False
MIR646HG,string,0,0,True,False
CDH4,string,20,8,False,False
LSM14B,string,20,13,False,False
SS18L1,string,20,19,False,False
OSBPL2,string,20,3,False,False
ADRM1,string,20,36,False,True
DIDO1,string,20,19,False,False
GID8,string,20,14,False,False
YTHDF1,string,20,15,False,False
ARFGAP1,string,20,39,False,False
PPDPF,string,20,5,False,False
MHENCR,string,0,0,True,False
STMN3,string,20,5,False,False
ZGPAT,string,20,15,False,False
LIME1,string,20,7,False,False
ZNF512B,string,0,0,True,False
PRPF6,string,20,51,False,True
TCEA2,string,20,13,False,False
PCMTD2,string,20,6,False,False
CU638689.4,string,0,0,True,False
HSPA13,string,20,30,False,False
SAMSN1,string,20,13,False,False
USP25,string,20,22,False,False
BTG3,string,20,2,False,False
C21orf91,string,20,8,False,False
GABPA,string,20,21,False,True
ADAMTS1,string,20,8,False,False
LTN1,string,20,20,False,False
RWDD2B,string,20,10,False,False
USP16,string,20,10,False,False
BACH1,string,20,7,False,False
TIAM1,string,20,19,False,False
SOD1,string,20,55,False,True
HUNK,string,20,8,False,False
URB1,string,20,9,False,True
SYNJ1,string,20,46,False,False
PAXBP1,string,20,17,False,True
IFNAR2,string,20,8,False,False
IL10RB,string,20,9,False,False
IFNAR1,string,20,12,False,False
SON,string,20,10,False,True
DONSON,string,20,12,False,True
LINC00649,string,0,0,True,False
SLC5A3,string,20,6,False,False
RCAN1,string,20,12,False,False
RUNX1,string,20,30,False,False
SETD4,string,20,17,False,False
DOP1B,string,20,14,False,False
MORC3,string,20,9,False,False
CHAF1B,string,20,17,False,True
HLCS,string,20,11,False,False
TTC3,string,20,7,False,False
DYRK1A,string,20,33,False,False
ETS2,string,20,12,False,False
BRWD1,string,20,18,False,False
ZBTB21,string,20,11,False,False
UBASH3A,string,20,10,False,False
SLC37A1,string,20,12,False,False
PKNOX1,string,20,10,False,False
U2AF1,string,20,20,False,True
AGPAT3,string,20,32,False,False
TRAPPC10,string,20,23,False,False
UBE2G2,string,20,28,False,False
PTTG1IP,string,20,7,False,False
ITGB2,string,20,60,False,False
ADARB1,string,20,9,False,False
LINC00205,string,0,0,True,False
LSS,string,20,28,False,False
MCM3AP-AS1,string,0,0,True,False
YBEY,string,20,10,False,False
C21orf58,string,20,3,False,False
PCNT,string,20,37,False,False
DIP2A,string,20,7,False,False
PRMT2,string,20,7,False,False
DUXAP8,string,0,0,True,False
IL17RA,string,20,8,False,False
ADA2,string,20,10,False,False
LINC00528,string,0,0,True,False
PEX26,string,20,14,False,False
C22orf39,string,17,5,False,False
CDC45,string,20,60,False,True
RTL10,string,20,4,False,False
DGCR8,string,20,21,False,True
RANBP1,string,20,22,False,False
MED15,string,20,33,False,False
CRKL,string,20,49,False,True
LZTR1,string,0,0,True,True
HIC2,string,20,8,False,False
SDF2L1,string,20,16,False,False
PPIL2,string,20,9,False,True
YPEL1,string,20,11,False,True
MAPK1,string,20,113,False,False
AC245060.5,string,0,0,True,False
ZNF280B,string,20,12,False,False
PRAME,string,20,10,False,False
BCR,string,20,16,False,True
IGLL1,string,20,8,False,False
RGL4,string,20,6,False,False
CHCHD10,string,20,19,False,False
SLC2A11,string,20,5,False,False
MIF,string,20,6,False,False
SPECC1L,string,20,9,False,False
GRK3,string,20,14,False,False
HPS4,string,20,11,False,False
TFIP11,string,20,11,False,True
TPST2,string,20,7,False,False
MIATNB,string,0,0,True,False
TTC28,string,20,12,False,False
CCDC117,string,20,6,False,False
XBP1,string,20,50,False,False
KREMEN1,string,20,6,False,False
GAS2L1,string,20,2,False,False
NIPSNAP1,string,20,11,False,False
CASTOR1,string,20,12,False,False
TBC1D10A,string,20,9,False,False
DUSP18,string,20,3,False,False
MORC2,string,20,5,False,False
TUG1,string,0,0,True,False
RNF185,string,20,9,False,False
LINC01521,string,0,0,True,False
EIF4ENIF1,string,20,29,False,False
SFI1,string,20,8,False,False
PRR14L,string,20,10,False,False
TOM1,string,20,7,False,False
MCM5,string,20,76,False,True
APOL6,string,20,6,False,False
MYH9,string,20,39,False,False
RAC2,string,20,71,False,False
MFNG,string,20,5,False,False
GGA1,string,20,18,False,False
LGALS1,string,20,15,False,False
TRIOBP,string,0,0,True,False
H1F0,string,0,0,True,False
ANKRD54,string,20,10,False,False
AL022311.1,string,0,0,True,False
CSNK1E,string,20,26,False,False
DDX17,string,20,20,False,True
FAM227A,string,20,2,False,False
JOSD1,string,20,6,False,False
SUN2,string,20,17,False,False
DNAL4,string,20,7,False,False
CBX6,string,20,26,False,False
RPL3,string,20,26,False,True
SYNGR1,string,20,7,False,False
MIEF1,string,20,17,False,False
ATF4,string,20,35,False,True
RPS19BP1,string,20,5,False,True
GRAP2,string,20,39,False,False
Z82206.1,string,0,0,True,False
TNRC6B,string,20,20,False,False
XPNPEP3,string,20,12,False,False
EP300,string,20,194,False,False
RANGAP1,string,20,37,False,True
TOB2,string,20,5,False,False
SREBF2,string,20,36,False,False
CENPM,string,20,17,False,False
TCF20,string,20,14,False,False
ARFGAP3,string,20,25,False,False
PACSIN2,string,20,13,False,False
BIK,string,20,8,False,False
PARVG,string,20,14,False,False
RTL6,string,20,8,False,False
PHF21B,string,20,13,False,False
NUP50,string,20,23,False,False
SMC1B,string,20,20,False,False
Z95331.1,string,0,0,True,False
PPARA,string,20,60,False,False
GTSE1,string,20,11,False,False
GRAMD4,string,20,7,False,False
AL118516.1,string,0,0,True,False
BRD1,string,20,20,False,False
ZBED4,string,20,3,False,False
CRELD2,string,20,17,False,False
HDAC10,string,20,7,False,False
PPP6R2,string,20,13,False,False
NCAPH2,string,20,10,False,True
CHKB,string,20,10,False,False
CHKB-DT,string,0,0,True,False
ARSA,string,20,11,False,False
RABL2B,string,20,7,False,False
PLCXD1,string,20,6,False,False
GTPBP6,string,20,12,False,False
LINC00685,string,0,0,True,False
SLC25A6,string,20,16,False,False
P2RY8,string,20,10,False,False
AKAP17A,string,20,15,False,False
ZBED1,string,20,21,False,False
CD99,string,20,7,False,False
PRKX,string,20,50,False,False
PUDP,string,20,14,False,False
TBL1X,string,0,0,True,False
MSL3,string,20,30,False,False
TMSB4X,string,20,9,False,False
TRAPPC2,string,20,22,False,False
OFD1,string,20,37,False,False
MOSPD2,string,20,12,False,False
ZRSR2,string,20,21,False,True
AP1S2,string,20,21,False,False
SYAP1,string,20,10,False,False
SH3KBP1,string,20,32,False,True
BCLAF3,string,20,4,False,False
RPS6KA3,string,20,18,False,False
SAT1,string,20,11,False,False
EIF2S3,string,20,39,False,True
ZFX,string,20,12,False,False
PDK3,string,0,0,True,False
POLA1,string,20,59,False,True
RPGR,string,0,0,True,False
TSPAN7,string,20,3,False,False
MID1IP1,string,20,3,False,False
BCOR,string,20,11,False,False
ATP6AP2,string,20,20,False,True
CXorf38,string,20,4,False,False
USP9X,string,20,28,False,True
DDX3X,string,20,39,False,True
KDM6A,string,20,46,False,True
USP11,string,20,9,False,False
ZNF182,string,20,3,False,False
EBP,string,20,8,False,False
WAS,string,20,84,False,False
HDAC6,string,20,35,False,False
OTUD5,string,20,14,False,False
GRIPAP1,string,20,14,False,False
PRAF2,string,20,9,False,False
WDR45,string,20,7,False,False
PLP2,string,20,3,False,False
CLCN5,string,20,14,False,False
GSPT2,string,20,20,False,False
MAGED1,string,20,8,False,False
TSPYL2,string,20,11,False,False
SMC1A,string,20,38,False,True
HUWE1,string,20,30,False,True
MAGED2,string,20,6,False,False
RRAGB,string,20,34,False,False
UBQLN2,string,20,28,False,False
NBDY,string,0,0,True,False
SPIN2B,string,20,3,False,False
LINC01278,string,0,0,True,False
ARHGEF9,string,20,12,False,False
ZC4H2,string,20,12,False,False
MSN,string,20,18,False,False
AL034397.3,string,0,0,True,False
IGBP1,string,20,14,False,True
KIF4A,string,20,30,False,True
IL2RG,string,20,31,False,False
TAF1,string,20,37,False,True
OGT,string,20,41,False,True
LINC00891,string,0,0,True,False
ERCC6L,string,20,8,False,False
RPS4X,string,20,31,False,True
HDAC8,string,20,18,False,False
FTX,string,0,0,True,False
JPX,string,0,0,True,False
Z83843.1,string,0,0,True,False
RLIM,string,20,13,False,False
NEXMIF,string,20,18,False,False
ATRX,string,20,32,False,False
MAGT1,string,20,23,False,False
ATP7A,string,20,17,False,False
GPR174,string,0,0,True,False
ITM2A,string,20,6,False,False
BRWD3,string,20,18,False,False
HMGN5,string,20,8,False,False
SH3BGRL,string,20,6,False,False
APOOL,string,20,16,False,False
ZNF711,string,20,13,False,False
CHM,string,20,53,False,False
DIAPH2,string,20,11,False,False
RPL36A,string,20,5,False,True
HNRNPH2,string,20,22,False,False
ARMCX6,string,20,1,False,False
ARMCX3,string,20,8,False,False
BEX5,string,20,10,False,False
BEX1,string,20,8,False,False
BEX4,string,20,5,False,False
TCEAL8,string,20,7,False,False
BEX2,string,20,9,False,False
TCEAL9,string,20,14,False,False
BEX3,string,20,11,False,False
FAM199X,string,20,3,False,False
RBM41,string,20,6,False,False
PSMD10,string,20,17,False,False
ATG4A,string,20,22,False,False
ACSL4,string,20,16,False,False
WDR44,string,20,11,False,True
DOCK11,string,20,7,False,False
UBE2A,string,20,30,False,False
SEPTIN6,string,20,15,False,False
UPF3B,string,20,26,False,False
RNF113A,string,20,16,False,True
NDUFA1,string,20,27,False,False
NKAP,string,20,14,False,True
ZBTB33,string,20,5,False,False
LAMP2,string,20,19,False,False
CUL4B,string,20,41,False,False
THOC2,string,20,27,False,True
XIAP,string,20,36,False,False
STAG2,string,20,38,False,True
SH2D1A,string,20,12,False,False
SMARCA1,string,20,17,False,False
SASH3,string,20,20,False,False
UTP14A,string,20,17,False,False
RBMX2,string,20,21,False,True
STK26,string,20,26,False,False
RAP2C,string,20,11,False,False
PHF6,string,20,14,False,False
MOSPD1,string,20,9,False,False
RTL8A,string,19,6,False,False
MAP7D3,string,20,13,False,False
HTATSF1,string,20,22,False,True
CD40LG,string,20,24,False,False
ARHGEF6,string,20,29,False,False
AL683813.1,string,0,0,True,False
RBMX,string,20,33,False,True
ATP11C,string,20,9,False,False
FMR1,string,20,43,False,False
AFF2,string,20,6,False,False
IDS,string,20,13,False,False
TMEM185A,string,20,11,False,False
CXorf40B,string,0,0,True,False
MTM1,string,20,18,False,False
MTMR1,string,20,14,False,False
HMGB3,string,20,7,False,True
ZNF275,string,20,4,False,False
SSR4,string,20,27,False,False
HCFC1,string,20,54,False,True
IRAK1,string,20,28,False,False
MECP2,string,20,43,False,False
FLNA,string,20,38,False,False
RPL10,string,0,0,True,True
ATP6AP1,string,20,28,False,True
GDI1,string,20,64,False,False
UBL4A,string,20,18,False,False
G6PD,string,20,28,False,False
DKC1,string,20,45,False,True
MPP1,string,20,9,False,False
BRCC3,string,20,21,False,False
RAB39B,string,20,12,False,False
VAMP7,string,20,44,False,False
RPS4Y1,string,0,0,True,False
ZFY,string,0,0,True,False
PRKY,string,0,0,True,False
USP9Y,string,0,0,True,False
DDX3Y,string,0,0,True,False
UTY,string,0,0,True,False
TTTY14,string,0,0,True,False
KDM5D,string,0,0,True,False
EIF1AY,string,0,0,True,False
MT-ND1,string,20,39,False,False
MT-ND2,string,20,28,False,False
MT-CO1,string,20,31,False,False
MT-ATP8,string,20,15,False,False
MT-ATP6,string,20,34,False,False
MT-ND3,string,20,22,False,False
MT-ND4L,string,20,12,False,False
MT-ND4,string,20,30,False,False
MT-ND5,string,20,27,False,False
MT-ND6,string,20,16,False,False
MT-CYB,string,20,40,False,False
AC240274.1,string,0,0,True,False
NOC2L,string,20,41,False,True
INTS11,string,20,25,False,True
AURKAIP1,string,20,12,False,True
MRPL20,string,20,30,False,True
SSU72,string,20,35,False,True
NOL9,string,20,11,False,True
DNAJC11,string,20,15,False,True
ENO1,string,20,38,False,True
PGD,string,20,14,False,True
TARDBP,string,20,29,False,True
EXOSC10,string,20,54,False,True
MTOR,string,20,73,False,True
MFN2,string,20,27,False,True
ZBTB17,string,20,20,False,True
EMC1,string,20,18,False,True
CAPZB,string,20,58,False,True
MICOS10,string,20,16,False,True
DDOST,string,20,37,False,True
HNRNPR,string,20,38,False,True
RPL11,string,20,104,False,True
CEP85,string,20,17,False,True
DHDDS,string,20,30,False,True
GPN2,string,20,7,False,True
NUDC,string,20,14,False,True
PPP1R8,string,20,21,False,True
RPA2,string,20,45,False,True
DNAJC8,string,20,9,False,True
MED18,string,20,35,False,True
RCC1,string,20,26,False,True
SNRNP40,string,20,31,False,True
PEF1,string,20,20,False,True
EIF3I,string,20,35,False,True
RBBP4,string,20,113,False,True
PSMB2,string,20,49,False,True
TRAPPC3,string,20,21,False,True
THRAP3,string,20,16,False,True
LSM10,string,20,17,False,True
GNL2,string,20,38,False,True
C1orf109,string,20,14,False,True
YRDC,string,20,22,False,True
SF3A3,string,20,50,False,True
UTP11,string,20,40,False,True
MYCBP,string,20,3,False,True
NDUFS5,string,20,40,False,True
PABPC4,string,20,12,False,True
PPIE,string,20,16,False,True
NFYC,string,20,32,False,True
CTPS1,string,0,0,True,True
PPIH,string,20,11,False,True
YBX1,string,20,34,False,True
EBNA1BP2,string,20,62,False,True
ELOVL1,string,20,15,False,True
MED8,string,20,31,False,True
IPO13,string,20,9,False,True
DPH2,string,20,15,False,True
DMAP1,string,20,49,False,True
RPS8,string,20,33,False,True
EIF2B3,string,20,18,False,True
UROD,string,20,12,False,True
TOE1,string,20,13,False,True
UQCRH,string,20,26,False,True
NSUN4,string,20,16,False,True
CMPK1,string,20,27,False,True
BTF3L4,string,20,7,False,True
PRPF38A,string,20,22,False,True
MAGOH,string,20,31,False,True
NDC1,string,20,8,False,True
MRPL37,string,20,21,False,True
TTC4,string,20,17,False,True
SERBP1,string,20,11,False,True
SRSF11,string,20,35,False,True
ZRANB2,string,20,22,False,True
RABGGTB,string,20,18,False,True
RPF1,string,20,17,False,True
RBMXL1,string,20,7,False,True
CDC7,string,20,23,False,True
GLMN,string,20,23,False,True
RPL5,string,20,40,False,True
DNTTIP2,string,20,7,False,True
ALG14,string,20,21,False,True
SASS6,string,20,29,False,True
CLCC1,string,20,19,False,True
PSMA5,string,20,51,False,True
WDR77,string,20,30,False,True
DDX20,string,20,23,False,True
DCLRE1B,string,0,0,True,True
BCAS2,string,20,29,False,True
CSDE1,string,20,23,False,True
ATP1A1,string,20,16,False,True
RBM8A,string,20,33,False,True
SF3B4,string,20,40,False,True
MRPS21,string,20,24,False,True
TARS2,string,20,17,False,True
VPS72,string,20,16,False,True
PSMD4,string,20,42,False,True
PSMB4,string,20,57,False,True
MRPL9,string,20,34,False,True
CHTOP,string,20,16,False,True
ILF2,string,20,24,False,True
INTS3,string,20,27,False,True
MSTO1,string,20,3,False,True
DAP3,string,20,48,False,True
UBQLN4,string,20,15,False,True
LAMTOR2,string,20,27,False,True
PMF1,string,20,12,False,True
SMG5,string,20,17,False,True
CCT3,string,20,40,False,True
MRPL24,string,20,27,False,True
PEX19,string,20,17,False,True
PFDN2,string,20,26,False,True
SDHC,string,20,22,False,True
TADA1,string,20,17,False,True
MRPS14,string,20,30,False,True
DHX9,string,20,46,False,True
UCHL5,string,20,33,False,True
CDC73,string,20,25,False,True
SNRPE,string,20,100,False,True
UTP25,string,20,24,False,True
INTS7,string,20,21,False,True
NSL1,string,20,19,False,True
RRP15,string,20,20,False,True
EPRS,string,0,0,True,True
IARS2,string,20,21,False,True
TAF1A,string,20,15,False,True
NVL,string,20,3,False,True
CNIH4,string,20,12,False,True
SRP9,string,20,15,False,True
MRPL55,string,20,16,False,True
RAB4A,string,20,21,False,True
NUP133,string,20,32,False,True
URB2,string,20,7,False,True
COG2,string,20,30,False,True
C1orf131,string,20,2,False,True
GNPAT,string,20,31,False,True
GGPS1,string,20,25,False,True
HNRNPU,string,20,38,False,True
TFB2M,string,20,19,False,True
RPS7,string,0,0,True,True
ITGB1BP1,string,20,8,False,True
CPSF3,string,20,41,False,True
TAF1B,string,20,22,False,True
NOL10,string,20,23,False,True
E2F6,string,20,30,False,True
NBAS,string,20,16,False,True
DDX1,string,20,15,False,True
TMEM214,string,20,6,False,True
AGBL5,string,20,7,False,True
PREB,string,20,24,False,True
CAD,string,20,9,False,True
GTF3C2,string,20,14,False,True
GPN1,string,20,13,False,True
MRPL33,string,20,17,False,True
TTC27,string,20,9,False,True
CEBPZ,string,20,21,False,True
NDUFAF7,string,20,8,False,True
ATL2,string,20,7,False,True
GEMIN6,string,20,16,False,True
SRBD1,string,20,20,False,True
RHOQ,string,20,28,False,True
RPS27A,string,20,175,False,True
CCT4,string,20,39,False,True
C1D,string,20,25,False,True
WDR92,string,0,0,True,True
PNO1,string,20,33,False,True
SNRNP27,string,20,11,False,True
PCBP1,string,20,22,False,True
SNRPG,string,20,101,False,True
FAM136A,string,20,8,False,True
MCEE,string,20,11,False,True
MPHOSPH10,string,20,54,False,True
CCT7,string,20,41,False,True
TPRKB,string,20,12,False,True
DCTN1,string,20,67,False,True
WDR54,string,20,9,False,True
INO80B,string,20,22,False,True
MRPL19,string,20,51,False,True
KCMF1,string,20,5,False,True
USP39,string,20,18,False,True
POLR1A,string,20,38,False,True
PTCD3,string,20,30,False,True
MRPL35,string,20,7,False,True
CHMP3,string,0,0,True,True
RPIA,string,20,14,False,True
MRPS5,string,20,51,False,True
STARD7,string,20,12,False,True
CIAO1,string,20,28,False,True
KANSL3,string,20,12,False,True
ANKRD39,string,20,7,False,True
COX5B,string,20,30,False,True
ACTR1B,string,20,27,False,True
COA5,string,20,13,False,True
UNC50,string,20,14,False,True
RPL31,string,20,32,False,True
CNOT11,string,20,23,False,True
MRPS9,string,20,48,False,True
UXS1,string,20,17,False,True
LIMS1,string,20,14,False,True
ANAPC1,string,20,30,False,True
POLR1B,string,20,41,False,True
DDX18,string,20,47,False,True
NIFK,string,20,61,False,True
ERCC3,string,20,47,False,True
IWS1,string,20,23,False,True
WDR33,string,20,26,False,True
POLR2D,string,20,47,False,True
SAP130,string,20,19,False,True
IMP4,string,20,42,False,True
DARS,string,0,0,True,True
ORC4,string,20,24,False,True
PRPF40A,string,20,24,False,True
PSMD14,string,20,41,False,True
PRKRA,string,20,10,False,True
NUP35,string,20,27,False,True
WDR75,string,20,23,False,True
GTF3C3,string,20,20,False,True
MOB4,string,20,20,False,True
MARS2,string,20,21,False,True
NDUFB3,string,20,24,False,True
NOP58,string,20,84,False,True
WDR12,string,20,80,False,True
METTL21A,string,20,10,False,True
RPE,string,20,12,False,True
ATIC,string,20,35,False,True
XRCC5,string,20,38,False,True
AAMP,string,20,9,False,True
CNOT9,string,20,27,False,True
BCS1L,string,20,19,False,True
FARSB,string,20,19,False,True
MRPL44,string,20,35,False,True
PSMD1,string,20,27,False,True
COPS8,string,20,39,False,True
PPP1R7,string,20,12,False,True
TRNT1,string,20,13,False,True
RPUSD3,string,20,13,False,True
EMC3,string,20,14,False,True
BRK1,string,20,22,False,True
SEC13,string,20,78,False,True
TAMM41,string,20,19,False,True
TSEN2,string,20,19,False,True
RPL32,string,20,17,False,True
CHCHD4,string,20,30,False,True
LSM3,string,20,46,False,True
MRPS25,string,20,20,False,True
DPH3,string,20,24,False,True
RPL15,string,20,96,False,True
GLB1,string,20,29,False,True
RPSA,string,20,18,False,True
RPL14,string,20,89,False,True
SS18L2,string,20,7,False,True
KIAA1143,string,20,3,False,True
EXOSC7,string,20,25,False,True
LARS2,string,0,0,True,True
PTPN23,string,20,20,False,True
SCAP,string,20,13,False,True
ELP6,string,20,16,False,True
SMARCC1,string,20,42,False,True
DHX30,string,20,7,False,True
ATRIP,string,20,16,False,True
UQCRC1,string,20,34,False,True
NDUFAF3,string,20,13,False,True
QARS,string,0,0,True,True
USP19,string,20,8,False,True
RNF123,string,20,24,False,True
GMPPB,string,20,32,False,True
TRAIP,string,20,9,False,True
MON1A,string,20,23,False,True
RRP9,string,20,63,False,True
NISCH,string,20,8,False,True
RFT1,string,20,6,False,True
THOC7,string,20,17,False,True
PSMD6,string,20,29,False,True
SLC25A26,string,20,9,False,True
UBA3,string,20,36,False,True
SHQ1,string,20,14,False,True
PPP4R2,string,20,32,False,True
CPOX,string,0,0,True,True
TRMT10C,string,20,22,False,True
RPL24,string,20,89,False,True
COX17,string,20,33,False,True
NDUFB4,string,20,25,False,True
GTF2E1,string,20,40,False,True
UMPS,string,20,30,False,True
RUVBL1,string,20,90,False,True
EEFSEC,string,20,16,False,True
RPN1,string,20,25,False,True
ISY1,string,20,11,False,True
COPG1,string,20,23,False,True
PIK3R4,string,20,43,False,True
MRPL3,string,20,49,False,True
UBA5,string,20,21,False,True
SRPRB,string,20,26,False,True
ANAPC13,string,20,15,False,True
SLC35G2,string,20,8,False,True
DBR1,string,20,5,False,True
MRPS22,string,20,30,False,True
COPB2,string,20,28,False,True
U2SURP,string,20,13,False,True
GYG1,string,20,14,False,True
DHX36,string,20,12,False,True
ACTL6A,string,20,65,False,True
DNAJC19,string,20,29,False,True
EIF2B5,string,0,0,True,True
AP2M1,string,20,49,False,True
PSMD2,string,20,29,False,True
POLR2H,string,20,46,False,True
TRA2B,string,20,36,False,True
RPL35A,string,0,0,True,True
LETM1,string,20,22,False,True
NELFA,string,20,16,False,True
HAUS3,string,20,8,False,True
STX18,string,20,32,False,True
GRPEL1,string,20,41,False,True
WDR1,string,20,26,False,True
MED28,string,20,11,False,True
DHX15,string,20,49,False,True
ANAPC4,string,20,26,False,True
TBC1D1,string,20,19,False,True
RPL9,string,20,31,False,True
SRP72,string,0,0,True,True
POLR2B,string,20,75,False,True
GRSF1,string,20,16,False,True
SDAD1,string,20,36,False,True
NUP54,string,20,26,False,True
MRPL1,string,20,24,False,True
COPS4,string,20,41,False,True
COQ2,string,20,15,False,True
MRPS18C,string,20,19,False,True
EIF4E,string,20,77,False,True
METAP1,string,20,16,False,True
PPA2,string,20,5,False,True
INTS12,string,20,27,False,True
OSTC,string,20,15,False,True
GAR1,string,20,22,False,True
EXOSC9,string,20,33,False,True
PLK4,string,20,33,False,True
ANAPC10,string,20,25,False,True
LSM6,string,20,42,False,True
RPS3A,string,20,32,False,True
PLRG1,string,20,35,False,True
TMA16,string,20,8,False,True
SPCS3,string,20,13,False,True
SDHA,string,20,26,False,True
PDCD6,string,20,28,False,True
EXOC3,string,20,27,False,True
CCT5,string,20,49,False,True
DROSHA,string,20,32,False,True
BRIX1,string,20,53,False,True
SKP2,string,20,32,False,True
NUP155,string,20,44,False,False
WDR70,string,20,11,False,True
MRPS30,string,20,15,False,True
DHX29,string,20,8,False,True
MTREX,string,20,71,False,True
DIMT1,string,20,18,False,True
IPO11,string,20,11,False,True
PPWD1,string,20,5,False,True
CENPH,string,20,17,False,True
CDK7,string,20,46,False,True
GTF2H2C,string,20,8,False,True
GTF2H2,string,20,24,False,True
MRPS27,string,20,36,False,True
BTF3,string,20,4,False,True
UTP15,string,20,34,False,True
NSA2,string,20,36,False,True
TBCA,string,20,11,False,True
ZCCHC9,string,20,14,False,True
COX7C,string,20,24,False,True
CCNH,string,20,42,False,True
C5orf30,string,0,0,True,True
SRP19,string,20,17,False,True
PHAX,string,20,17,False,True
UQCRQ,string,20,39,False,True
SKP1,string,20,68,False,True
PPP2CA,string,20,91,False,True
CDC23,string,20,26,False,True
PFDN1,string,20,26,False,True
SRA1,string,20,9,False,True
SLC35A4,string,20,12,False,True
NDUFA2,string,20,44,False,True
HARS,string,0,0,True,True
ZMAT2,string,20,17,False,True
HDAC3,string,20,54,False,True
RELL2,string,20,4,False,True
TCERG1,string,20,13,False,True
PPARGC1B,string,20,11,False,True
TCOF1,string,20,11,False,True
RBM22,string,20,40,False,True
GEMIN5,string,20,18,False,True
MRPL22,string,20,28,False,True
MED7,string,20,29,False,True
THG1L,string,20,13,False,True
LSM11,string,20,13,False,True
TTC1,string,20,7,False,True
RARS,string,0,0,True,True
RPL26L1,string,20,14,False,True
BNIP1,string,20,15,False,True
THOC3,string,20,15,False,True
NOP16,string,20,14,False,True
FAF2,string,20,45,False,True
PRELID1,string,20,15,False,True
DDX41,string,20,12,False,True
NHP2,string,20,47,False,True
RACK1,string,20,126,False,True
TUBB2A,string,20,32,False,True
PSMG4,string,20,5,False,True
RPP40,string,20,20,False,True
LYRM4,string,20,31,False,True
FARS2,string,20,21,False,True
RIOK1,string,20,13,False,True
PAK1IP1,string,20,14,False,True
NOL7,string,20,11,False,True
HIST1H2BC,string,0,0,True,True
ABT1,string,20,21,False,True
ZNRD1,string,0,0,True,True
PPP1R11,string,20,20,False,True
RPP21,string,20,16,False,True
ABCF1,string,20,9,False,True
MRPS18B,string,20,32,False,True
DHX16,string,20,27,False,True
GTF2H4,string,20,31,False,True
VARS2,string,20,23,False,True
PRRC2A,string,20,17,False,True
BAG6,string,20,18,False,True
CSNK2B,string,20,20,False,True
VARS,string,0,0,True,True
LSM2,string,20,46,False,True
EHMT2,string,20,42,False,True
NELFE,string,20,14,False,True
WDR46,string,20,44,False,True
PFDN6,string,20,29,False,True
DAXX,string,20,32,False,True
UQCC2,string,20,9,False,True
RPS10,string,20,12,False,True
SNRPC,string,20,35,False,True
TAF11,string,20,19,False,True
SRSF3,string,20,64,False,True
PPIL1,string,20,16,False,True
CMTR1,string,20,14,False,True
MED20,string,20,14,False,True
BYSL,string,20,74,False,True
MRPS10,string,20,46,False,True
MRPL2,string,20,44,False,True
SRF,string,20,37,False,True
POLR1C,string,0,0,True,True
XPO5,string,20,23,False,True
MRPS18A,string,20,29,False,True
MRPL14,string,20,10,False,True
AARS2,string,20,25,False,True
CDC5L,string,20,104,False,True
PRIM2,string,20,25,False,True
UBE3D,string,20,8,False,True
RARS2,string,20,32,False,True
ORC3,string,20,17,False,True
CCNC,string,20,31,False,True
QRSL1,string,20,17,False,True
SEC63,string,20,39,False,True
CDC40,string,20,58,False,True
GTF3C6,string,20,12,False,True
RPF2,string,20,64,False,True
TUBE1,string,20,8,False,True
TBPL1,string,20,10,False,True
ADAT2,string,20,13,False,True
LTV1,string,20,21,False,True
NUP43,string,20,28,False,True
TFB1M,string,20,18,False,True
TMEM242,string,20,3,False,True
TCP1,string,20,46,False,True
PSMB1,string,20,62,False,True
TBP,string,20,81,False,True
PDCD2,string,20,10,False,True
C7orf50,string,20,3,False,True
INTS1,string,20,27,False,True
PSMG3,string,20,4,False,True
EIF3B,string,20,38,False,True
RAC1,string,20,120,False,True
C7orf26,string,20,5,False,True
MIOS,string,20,22,False,True
RPA3,string,20,22,False,True
NDUFA4,string,20,14,False,True
TWISTNB,string,0,0,True,True
MALSU1,string,20,10,False,True
CYCS,string,20,84,False,True
LSM5,string,20,35,False,True
YAE1,string,20,4,False,True
PSMA2,string,20,58,False,True
MRPL32,string,20,43,False,True
MRPS24,string,20,13,False,True
POLD2,string,20,39,False,True
YKT6,string,20,57,False,True
DDX56,string,20,32,False,True
PPIA,string,20,15,False,True
TBRG4,string,20,9,False,True
SEC61G,string,20,26,False,True
MRPS17,string,20,11,False,True
CCT6A,string,20,37,False,True
CHCHD2,string,20,22,False,True
BUD23,string,20,22,False,True
ABHD11,string,20,17,False,True
EIF4H,string,20,6,False,True
BET1,string,20,32,False,True
SEM1,string,20,8,False,True
PDAP1,string,20,9,False,True
PTCD1,string,20,17,False,True
CPSF4,string,20,32,False,True
ATP5MF,string,20,24,False,True
COPS6,string,20,44,False,True
TAF6,string,20,38,False,True
LAMTOR4,string,20,24,False,True
MEPCE,string,20,14,False,True
POP7,string,20,19,False,True
ZNHIT1,string,20,17,False,True
PMPCB,string,20,27,False,True
PSMC2,string,20,50,False,True
ORC5,string,20,19,False,True
RINT1,string,20,14,False,True
DLD,string,20,20,False,True
RBM28,string,20,35,False,True
ATP6V1F,string,20,31,False,True
TNPO3,string,20,16,False,True
CHCHD3,string,20,23,False,True
CYREN,string,20,6,False,True
NUP205,string,20,33,False,True
MRPS33,string,20,31,False,True
SSBP1,string,20,20,False,True
NOM1,string,20,7,False,True
UBE3C,string,20,11,False,True
INTS10,string,20,24,False,True
ATP6V1B2,string,20,34,False,True
POLR3D,string,20,40,False,True
ELP3,string,20,21,False,True
INTS9,string,20,21,False,True
DCTN6,string,20,28,False,True
GTF2E2,string,20,41,False,True
PPP2CB,string,20,54,False,True
TTI2,string,20,9,False,True
BRF2,string,20,18,False,True
FNTA,string,20,20,False,True
MRPL15,string,20,42,False,True
TGS1,string,20,20,False,True
RPS20,string,20,35,False,True
COPS5,string,20,76,False,True
TERF1,string,20,35,False,True
RPL7,string,20,10,False,True
MRPS28,string,20,9,False,True
DPY19L4,string,20,8,False,True
UQCRB,string,20,30,False,True
RPL30,string,20,34,False,True
POP1,string,20,25,False,True
COX6C,string,20,21,False,True
POLR2K,string,20,56,False,True
ZNF706,string,20,14,False,True
ATP6V1C1,string,20,33,False,True
ENY2,string,20,32,False,True
EIF3H,string,20,17,False,True
MED30,string,20,24,False,True
MRPL13,string,20,57,False,True
MTBP,string,20,4,False,True
NSMCE2,string,20,24,False,True
GLI4,string,20,3,False,True
ZC3H3,string,20,5,False,True
PUF60,string,20,19,False,True
EXOSC4,string,20,32,False,True
CYC1,string,20,49,False,True
HSF1,string,20,17,False,True
CPSF1,string,20,53,False,True
TONSL,string,20,11,False,True
RPL8,string,20,37,False,True
RCL1,string,20,19,False,True
NDUFB6,string,20,41,False,True
SMU1,string,20,14,False,True
NOL6,string,20,51,False,True
VCP,string,20,73,False,True
POLR1E,string,20,20,False,True
EXOSC3,string,20,32,False,True
FXN,string,20,30,False,True
HNRNPK,string,20,73,False,True
SPTLC1,string,20,25,False,True
CENPP,string,20,17,False,True
ANKS6,string,20,7,False,True
ALG2,string,20,19,False,True
SEC61B,string,20,40,False,True
TEX10,string,20,16,False,True
MRPL50,string,20,19,False,True
CDC26,string,20,16,False,True
ATP6V1G1,string,20,23,False,True
NDUFA8,string,20,46,False,True
PSMB7,string,20,42,False,True
RPL35,string,20,27,False,True
PPP6C,string,20,30,False,True
TOR2A,string,20,10,False,True
DPM2,string,20,22,False,True
COQ4,string,20,5,False,True
URM1,string,0,0,True,True
GLE1,string,20,39,False,True
SET,string,20,12,False,True
SPOUT1,string,20,5,False,True
DOLK,string,20,13,False,True
EXOSC2,string,20,27,False,True
NUP214,string,20,55,False,True
MED27,string,20,22,False,True
GTF3C5,string,20,16,False,True
MED22,string,20,24,False,True
WDR5,string,20,71,False,True
MRPS2,string,20,42,False,True
SNAPC4,string,20,13,False,True
PMPCA,string,20,22,False,True
ANAPC2,string,20,30,False,True
NELFB,string,20,12,False,True
MRPL41,string,20,39,False,True
PITRM1,string,20,22,False,True
RBM17,string,20,22,False,True
ATP5F1C,string,20,39,False,True
TAF3,string,20,25,False,True
PRPF18,string,20,7,False,True
HSPA14,string,20,32,False,True
RPP38,string,20,30,False,True
MTPAP,string,20,19,False,True
CUL2,string,20,39,False,True
TIMM23B,string,0,0,True,True
SUPV3L1,string,20,22,False,True
PPA1,string,20,12,False,True
ECD,string,20,7,False,True
MRPS16,string,20,48,False,True
CHCHD1,string,20,13,False,True
COMTD1,string,20,16,False,True
PRXL2A,string,20,3,False,True
RPP30,string,20,21,False,True
NOC3L,string,20,33,False,True
RRP12,string,20,19,False,True
PGAM1,string,20,17,False,True
EXOSC1,string,20,27,False,True
MMS19,string,20,32,False,True
COX15,string,20,27,False,True
NDUFB8,string,20,43,False,True
MRPL43,string,20,34,False,True
NPM3,string,20,6,False,True
PPRC1,string,20,9,False,True
ACTR1A,string,20,30,False,True
TAF5,string,20,29,False,True
ATP5MD,string,0,0,True,True
PDCD11,string,20,70,False,True
EIF3A,string,20,42,False,True
PSTK,string,20,12,False,True
GLRX3,string,20,31,False,True
TUBGCP2,string,20,23,False,True
PSMD13,string,20,17,False,True
RPLP2,string,20,10,False,True
MRPL23,string,20,6,False,True
TAF10,string,20,28,False,True
MRPL17,string,20,55,False,True
PSMA1,string,20,60,False,True
RPS13,string,20,32,False,True
TSG101,string,20,61,False,True
ELP4,string,20,20,False,True
EIF3M,string,20,25,False,True
NAT10,string,20,44,False,True
NDUFS3,string,20,49,False,True
PTPMT1,string,20,8,False,True
SSRP1,string,20,36,False,True
TIMM10,string,20,29,False,True
CLP1,string,20,27,False,True
TMX2,string,20,8,False,True
MRPL16,string,20,46,False,True
CCDC86,string,20,7,False,True
PRPF19,string,20,73,False,True
DDB1,string,20,64,False,True
TMEM258,string,20,22,False,True
EEF1G,string,20,33,False,True
TUT1,string,20,13,False,True
INTS5,string,20,27,False,True
POLR2G,string,20,61,False,True
TAF6L,string,20,22,False,True
STX5,string,20,70,False,True
WDR74,string,20,25,False,True
TRMT112,string,20,32,False,True
SF1,string,20,28,False,True
MEN1,string,0,0,True,True
ARL2,string,20,14,False,True
SNX15,string,20,11,False,True
VPS51,string,20,32,False,True
FAU,string,20,95,False,True
POLA2,string,20,46,False,True
PCNX3,string,20,10,False,True
KAT5,string,20,79,False,True
RNASEH2C,string,20,3,False,True
CFL1,string,20,49,False,True
DRAP1,string,20,14,False,True
SART1,string,20,58,False,True
EIF1AD,string,20,10,False,True
BANF1,string,20,33,False,True
SF3B2,string,20,58,False,True
KLC2,string,20,21,False,True
MRPL11,string,20,42,False,True
RBM4,string,20,9,False,True
PPP1CA,string,20,86,False,True
LRP5,string,20,24,False,True
MRPL21,string,20,36,False,True
LAMTOR1,string,20,29,False,True
ANAPC15,string,20,22,False,True
CLPB,string,20,27,False,True
SPCS2,string,20,19,False,True
CLNS1A,string,20,24,False,True
INTS4,string,20,26,False,True
NARS2,string,20,21,False,True
CWC15,string,20,33,False,True
DCUN1D5,string,20,22,False,True
AASDHPPT,string,20,14,False,True
SDHD,string,20,18,False,True
ZW10,string,20,22,False,True
REXO2,string,20,12,False,True
BUD13,string,20,24,False,True
TRAPPC4,string,20,25,False,True
DPAGT1,string,20,28,False,True
RPUSD4,string,20,12,False,True
MRPL51,string,20,12,False,True
GAPDH,string,20,75,False,True
NOP2,string,20,47,False,True
USP5,string,20,23,False,True
PHB2,string,20,26,False,True
EMG1,string,20,34,False,True
WBP11,string,20,8,False,True
STRAP,string,20,17,False,True
GOLT1B,string,20,23,False,True
INTS13,string,20,29,False,True
MED21,string,20,35,False,True
MRPS35,string,20,29,False,True
YARS2,string,20,28,False,True
ZCRB1,string,20,17,False,True
RPAP3,string,20,25,False,True
KANSL2,string,20,11,False,True
DDX23,string,20,23,False,True
MCRS1,string,20,32,False,True
SMAGP,string,20,6,False,True
ESPL1,string,20,29,False,True
PFDN5,string,20,29,False,True
AAAS,string,20,4,False,True
PCBP2,string,20,26,False,True
SMUG1,string,20,11,False,True
HNRNPA1,string,20,56,False,True
COPZ1,string,20,20,False,True
SARNP,string,20,23,False,True
RPS26,string,20,14,False,True
RPL41,string,20,3,False,True
CS,string,20,40,False,True
ATP5F1B,string,20,57,False,True
NACA,string,20,4,False,True
DCTN2,string,20,48,False,True
METTL1,string,20,26,False,True
TSFM,string,20,20,False,True
NUP107,string,20,53,False,True
CPSF6,string,20,25,False,True
YEATS4,string,20,47,False,True
CCT2,string,20,54,False,True
CNOT2,string,20,24,False,True
KRR1,string,20,57,False,True
UBE2N,string,20,82,False,True
MRPL42,string,20,43,False,True
METAP2,string,20,14,False,True
SNRPF,string,20,99,False,True
SLC25A3,string,20,16,False,True
C12orf45,string,0,0,True,True
POLR3B,string,20,36,False,True
PWP1,string,20,31,False,True
PRDM4,string,20,10,False,True
SART3,string,20,19,False,True
ISCU,string,20,31,False,True
ATP2A2,string,20,20,False,True
ARPC3,string,20,29,False,True
GPN3,string,20,21,False,True
VPS29,string,20,28,False,True
NAA25,string,20,23,False,True
RPL6,string,20,25,False,True
DDX54,string,20,15,False,True
RBM19,string,20,8,False,True
RPLP0,string,20,20,False,True
TRIAP1,string,20,7,False,True
COQ5,string,20,10,False,True
POP5,string,20,16,False,True
ANAPC5,string,20,22,False,True
PSMD9,string,20,10,False,True
DENR,string,20,7,False,True
SNRNP35,string,20,11,False,True
DDX55,string,20,50,False,True
EIF2B1,string,20,12,False,True
GTF2H3,string,20,20,False,True
DHX37,string,20,35,False,True
EP400,string,0,0,True,True
DDX51,string,20,11,False,True
NOC4L,string,20,55,False,True
FBRSL1,string,20,6,False,True
PGAM5,string,20,11,False,True
SAP18,string,20,24,False,True
MIPEP,string,20,11,False,True
RPL21,string,20,91,False,True
GTF3A,string,20,14,False,True
POLR1D,string,20,36,False,True
RFC3,string,20,34,False,True
MRPS31,string,20,34,False,True
NUFIP1,string,20,13,False,True
GTF2F2,string,20,39,False,True
NUDT15,string,20,8,False,True
MED4,string,20,42,False,True
TPP2,string,20,14,False,True
TUBGCP3,string,20,17,False,True
PCID2,string,20,14,False,True
CDC16,string,20,47,False,True
OSGEP,string,20,16,False,True
METTL17,string,20,9,False,True
HNRNPC,string,20,60,False,True
METTL3,string,20,34,False,True
OXA1L,string,20,23,False,True
PRMT5,string,20,40,False,True
HAUS4,string,20,13,False,True
PSMB5,string,20,40,False,True
PABPN1,string,20,26,False,True
PSME1,string,20,3,False,True
RNF31,string,20,15,False,True
NEDD8,string,20,91,False,True
TINF2,string,20,19,False,True
RABGGTA,string,20,11,False,True
NOP9,string,20,9,False,True
SPTSSA,string,20,10,False,True
PRORP,string,20,20,False,True
PSMA6,string,20,50,False,True
MBIP,string,20,13,False,True
RPS29,string,20,22,False,True
LRR1,string,20,8,False,True
RPL36AL,string,20,3,False,True
POLE2,string,20,44,False,True
RTRAF,string,20,10,False,True
PSMC6,string,20,40,False,True
GNPNAT1,string,20,11,False,True
PSMA3,string,20,64,False,True
MNAT1,string,20,33,False,True
TRMT5,string,20,25,False,True
SGPP1,string,20,10,False,True
EIF2S1,string,20,51,False,True
PIGH,string,20,23,False,True
ERH,string,20,25,False,True
MED6,string,20,38,False,True
RBM25,string,20,61,False,True
PTGR2,string,20,11,False,True
ISCA2,string,20,19,False,True
FCF1,string,20,25,False,True
EIF2B2,string,20,14,False,True
TMED10,string,20,51,False,True
SNW1,string,20,50,False,True
PSMC1,string,20,59,False,True
GLRX5,string,20,27,False,True
CCNK,string,20,24,False,True
YY1,string,20,61,False,True
WARS,string,0,0,True,True
WDR25,string,20,3,False,True
CINP,string,20,10,False,True
XRCC3,string,20,19,False,True
INF2,string,20,10,False,True
BRF1,string,0,0,True,True
TUBGCP5,string,20,20,False,True
EMC7,string,20,15,False,True
EMC4,string,20,17,False,True
NOP10,string,20,24,False,True
DPH6,string,20,16,False,True
SRP14,string,20,12,False,True
RAD51,string,20,70,False,True
DNAJC17,string,20,8,False,True
VPS18,string,20,29,False,True
INO80,string,0,0,True,True
OIP5,string,20,17,False,True
RTF1,string,20,25,False,True
RPAP1,string,20,10,False,True
SERF2,string,20,6,False,True
EIF3J,string,20,24,False,True
SPATA5L1,string,20,12,False,True
COPS2,string,20,49,False,True
LEO1,string,20,35,False,True
GTF2A2,string,20,36,False,True
INTS14,string,20,21,False,True
SNAPC5,string,20,10,False,True
RPL4,string,20,29,False,True
RPLP1,string,20,5,False,True
COX5A,string,20,42,False,True
SNUPN,string,20,9,False,True
WDR61,string,20,22,False,True
PSMA4,string,20,63,False,True
RPS17,string,0,0,True,True
RAMAC,string,20,6,False,True
MRPL46,string,20,41,False,True
MRPS11,string,20,43,False,True
TICRR,string,20,4,False,True
UNC45A,string,20,8,False,True
RCCD1,string,20,9,False,True
SNRPA1,string,20,73,False,True
POLR3K,string,20,33,False,True
SNRNP25,string,20,8,False,True
MPG,string,20,8,False,True
MRPL28,string,20,19,False,True
WDR24,string,20,22,False,True
CHTF18,string,20,27,False,True
UBE2I,string,20,106,False,True
TELO2,string,20,17,False,True
MRPS34,string,20,23,False,True
NUBP2,string,20,20,False,True
MSRB1,string,20,11,False,True
NDUFB10,string,20,43,False,True
RPS2,string,20,48,False,True
TBL3,string,20,59,False,True
GFER,string,20,38,False,True
MLST8,string,20,40,False,True
E4F1,string,20,7,False,True
RNPS1,string,20,31,False,True
SRRM2,string,20,39,False,True
ELOB,string,20,47,False,True
THOC6,string,20,15,False,True
TFAP4,string,20,10,False,True
PAM16,string,20,19,False,True
DNAJA3,string,20,12,False,True
ALG1,string,20,15,False,True
NUBP1,string,20,28,False,True
GSPT1,string,20,23,False,True
THUMPD1,string,20,8,False,True
POLR3E,string,20,29,False,True
EARS2,string,20,25,False,True
NDUFAB1,string,20,63,False,True
PALB2,string,20,16,False,True
NSMCE1,string,20,10,False,True
TUFM,string,20,21,False,True
CDIPT,string,20,42,False,True
INO80E,string,20,35,False,True
ALDOA,string,0,0,True,True
PPP4C,string,20,27,False,True
SETD1A,string,20,46,False,True
KAT8,string,20,28,False,True
VPS35,string,20,41,False,True
NUDT21,string,20,29,False,True
OGFOD1,string,20,12,False,True
NUP93,string,20,35,False,True
CIAPIN1,string,20,28,False,True
POLR2C,string,20,57,False,True
KATNB1,string,20,4,False,True
GINS3,string,20,18,False,True
CNOT1,string,20,52,False,True
NAE1,string,20,20,False,True
ACD,string,0,0,True,True
CENPT,string,20,22,False,True
THAP11,string,20,15,False,True
NUTF2,string,20,21,False,True
EDC4,string,20,17,False,True
NIP7,string,20,70,False,True
NOB1,string,20,25,False,True
SF3B3,string,20,49,False,True
DHODH,string,20,17,False,True
TXNL4B,string,20,5,False,True
PSMD7,string,20,18,False,True
KARS,string,0,0,True,True
CENPN,string,20,20,False,True
MPHOSPH6,string,20,22,False,True
TAF1C,string,20,12,False,True
USP10,string,20,14,False,True
CTU2,string,20,16,False,True
RPL13,string,20,87,False,True
GEMIN4,string,20,21,False,True
TIMM22,string,20,25,False,True
RPA1,string,20,71,False,True
SMG6,string,20,18,False,True
MYBBP1A,string,20,17,False,True
PELP1,string,20,10,False,True
ARRB2,string,20,48,False,True
MED11,string,20,24,False,True
NUP88,string,20,30,False,True
RPAIN,string,20,5,False,True
DHX33,string,20,20,False,True
MIS12,string,20,14,False,True
MED31,string,20,18,False,True
ELP5,string,20,10,False,True
EIF5A,string,20,8,False,True
EIF4A1,string,20,48,False,True
NAA38,string,20,19,False,True
TRAPPC1,string,20,31,False,True
ELAC2,string,20,22,False,True
COX10,string,20,18,False,True
COPS3,string,20,40,False,True
MED9,string,20,11,False,True
TMEM199,string,20,18,False,True
RPL23A,string,20,116,False,True
ERAL1,string,20,21,False,True
TEFM,string,20,10,False,True
UTP6,string,20,49,False,True
ZNF207,string,20,19,False,True
PSMD11,string,20,19,False,True
NLE1,string,20,17,False,True
ZNHIT3,string,20,22,False,True
AATF,string,20,29,False,True
TADA2A,string,20,36,False,True
DDX52,string,20,37,False,True
MRPL45,string,20,22,False,True
PSMB3,string,20,67,False,True
RPL19,string,20,90,False,True
PSMD3,string,20,32,False,True
MED24,string,20,13,False,True
SMARCE1,string,20,34,False,True
COASY,string,20,24,False,True
VPS25,string,20,26,False,True
RPL27,string,20,87,False,True
DHX8,string,20,41,False,True
LSM12,string,20,9,False,True
EFTUD2,string,20,108,False,True
KIF18B,string,20,8,False,True
NMT1,string,20,10,False,True
GOSR2,string,20,41,False,True
SP2,string,20,4,False,True
CBX1,string,20,34,False,True
SNF8,string,20,23,False,True
PHB,string,20,29,False,True
SLC35B1,string,20,24,False,True
MRPL27,string,20,48,False,True
UTP18,string,20,58,False,True
COX11,string,20,20,False,True
MRPS23,string,20,26,False,True
SRSF1,string,20,99,False,True
RAD51C,string,20,19,False,True
SMG8,string,20,12,False,True
TUBD1,string,20,19,False,True
FTSJ3,string,20,63,False,True
PSMC5,string,20,46,False,True
POLG2,string,20,20,False,True
DDX5,string,20,38,False,True
PSMD12,string,20,24,False,True
NOL11,string,20,3,False,True
C17orf58,string,20,2,False,True
ATP5PD,string,20,29,False,True
ARMC7,string,20,9,False,True
SUMO2,string,20,66,False,True
NUP85,string,20,32,False,True
MRPS7,string,20,45,False,True
TSEN54,string,20,18,False,True
MRPL38,string,20,23,False,True
TEN1,string,20,9,False,True
SRP68,string,20,13,False,True
PGS1,string,20,14,False,True
EIF4A3,string,0,0,True,True
RPTOR,string,20,53,False,True
SLC25A10,string,20,9,False,True
ALYREF,string,20,57,False,True
ANAPC11,string,20,25,False,True
GPS1,string,20,42,False,True
FASN,string,20,45,False,True
TBCD,string,20,27,False,True
USP14,string,20,21,False,True
THOC1,string,20,24,False,True
NDUFV2,string,20,42,False,True
TWSG1,string,20,5,False,True
NAPG,string,20,19,False,True
IMPA2,string,20,12,False,True
AFG3L2,string,20,27,False,True
PSMG2,string,20,6,False,True
SEH1L,string,20,40,False,True
SNRPD1,string,20,70,False,True
INO80C,string,20,22,False,True
C18orf21,string,20,9,False,True
ELP2,string,20,28,False,True
ATP5F1A,string,20,59,False,True
HAUS1,string,20,19,False,True
RPL17,string,0,0,True,True
CXXC1,string,20,11,False,True
NARS,string,0,0,True,True
RTTN,string,20,15,False,True
CTDP1,string,20,28,False,True
TXNL4A,string,20,22,False,True
ADNP2,string,20,6,False,True
POLRMT,string,20,24,False,True
PTBP1,string,20,51,False,True
MED16,string,20,32,False,True
WDR18,string,20,18,False,True
POLR2E,string,20,85,False,True
RPS15,string,20,35,False,True
MBD3,string,20,30,False,True
LSM7,string,20,36,False,True
DOHH,string,20,8,False,True
PIAS4,string,20,24,False,True
RPL36,string,20,19,False,True
LONP1,string,20,18,False,True
NDUFA11,string,20,35,False,True
XAB2,string,20,38,False,True
TRAPPC5,string,20,28,False,True
SNAPC2,string,20,4,False,True
TIMM44,string,20,37,False,True
HNRNPM,string,20,56,False,True
ZNF317,string,20,2,False,True
UBL5,string,20,9,False,True
EIF3G,string,20,24,False,True
MRPL4,string,20,54,False,True
TYK2,string,20,23,False,True
CDC37,string,20,21,False,True
KEAP1,string,20,40,False,True
ILF3,string,20,29,False,True
DNM2,string,20,34,False,True
SPC24,string,20,17,False,True
ELOF1,string,20,5,False,True
WDR83OS,string,20,7,False,True
DHPS,string,20,11,False,True
GET3,string,20,21,False,True
C19orf53,string,20,4,False,True
NDUFB7,string,20,57,False,True
HAUS8,string,20,16,False,True
MRPL34,string,20,5,False,True
ELL,string,20,25,False,True
KXD1,string,20,17,False,True
UBA52,string,20,144,False,True
COPE,string,20,15,False,True
DDX49,string,20,41,False,True
ARMC6,string,20,7,False,True
SUGP1,string,20,15,False,True
UQCRFS1,string,20,43,False,True
POP4,string,20,24,False,True
URI1,string,20,18,False,True
PDCD5,string,20,8,False,True
USF2,string,20,15,False,True
HAUS5,string,20,15,False,True
RBM42,string,20,7,False,True
POLR2I,string,20,58,False,True
TBCB,string,20,16,False,True
PSMD8,string,20,22,False,True
HNRNPL,string,20,77,False,True
SARS2,string,20,24,False,True
MRPS12,string,20,26,False,True
SAMD4B,string,20,5,False,True
PAF1,string,20,15,False,True
RPS16,string,20,25,False,True
FBL,string,20,67,False,True
PSMC4,string,20,57,False,True
EGLN2,string,20,14,False,True
EXOSC5,string,20,38,False,True
RPS19,string,20,31,False,True
ZNF574,string,20,7,False,True
SMG9,string,20,11,False,True
CLASRP,string,20,17,False,True
GEMIN7,string,20,20,False,True
ERCC2,string,20,35,False,True
SNRPD2,string,20,116,False,True
SYMPK,string,20,37,False,True
AP2S1,string,20,36,False,True
ZC3H4,string,20,15,False,True
SAE1,string,20,23,False,True
GRWD1,string,20,29,False,True
RPL18,string,20,85,False,True
RUVBL2,string,20,85,False,True
SNRNP70,string,20,46,False,True
RPS11,string,20,24,False,True
SCAF1,string,20,9,False,True
PRMT1,string,20,24,False,True
AP2A1,string,20,46,False,True
POLD1,string,20,54,False,True
PPP2R1A,string,20,64,False,True
TFPT,string,20,18,False,True
PRPF31,string,20,59,False,True
CNOT3,string,20,29,False,True
TSEN34,string,20,16,False,True
RPL28,string,20,53,False,True
U2AF2,string,20,82,False,True
ZNF787,string,20,11,False,True
RPS5,string,20,30,False,True
CHMP2A,string,20,46,False,True
UBE2M,string,20,35,False,True
SNRPB,string,20,71,False,True
MRPS26,string,20,18,False,True
FASTKD5,string,20,10,False,True
TRMT6,string,20,28,False,True
CRLS1,string,20,24,False,True
NDUFAF5,string,20,13,False,True
PET117,string,20,4,False,True
POLR3F,string,20,33,False,True
NAA20,string,20,22,False,True
XRN2,string,20,26,False,True
GINS1,string,20,25,False,True
EIF2S2,string,20,37,False,True
AHCY,string,20,16,False,True
DYNLRB1,string,20,21,False,True
EIF6,string,20,20,False,True
NFS1,string,20,33,False,True
AAR2,string,20,13,False,True
DSN1,string,20,19,False,True
RPN2,string,20,24,False,True
CTNNBL1,string,20,21,False,True
TTI1,string,20,16,False,True
RPRD1B,string,20,16,False,True
SRSF6,string,20,27,False,True
TP53RK,string,20,13,False,True
CSE1L,string,20,23,False,True
DDX27,string,0,0,True,True
PFDN4,string,20,15,False,True
CSTF1,string,20,25,False,True
RAE1,string,20,40,False,True
NELFCD,string,20,6,False,True
PRELID3B,string,20,9,False,True
PSMA7,string,20,50,False,True
MTG2,string,20,10,False,True
RPS21,string,20,11,False,True
MRGBP,string,20,29,False,True
ARFRP1,string,20,21,False,True
MRPL39,string,20,29,False,True
N6AMT1,string,20,22,False,True
CCT8,string,20,37,False,True
MIS18A,string,20,11,False,True
GART,string,20,55,False,True
ATP5PO,string,20,25,False,True
MRPS6,string,20,41,False,True
PSMG1,string,20,17,False,True
GET1,string,0,0,True,True
WDR4,string,20,22,False,True
RRP1,string,20,12,False,True
FAM207A,string,0,0,True,True
MCM3AP,string,20,19,False,True
ATP6V1E1,string,20,31,False,True
HIRA,string,20,14,False,True
GNB1L,string,20,4,False,True
PI4KA,string,20,38,False,True
UBE2L3,string,20,27,False,True
SMARCB1,string,20,45,False,True
CABIN1,string,20,18,False,True
GUCD1,string,19,1,False,True
SNRPD3,string,20,103,False,True
HSCB,string,20,37,False,True
EWSR1,string,20,27,False,True
THOC5,string,20,21,False,True
ZMAT5,string,20,21,False,True
SF3A1,string,20,50,False,True
PES1,string,20,69,False,True
DRG1,string,20,7,False,True
DEPDC5,string,20,18,False,True
RTCB,string,20,14,False,True
EIF3D,string,20,21,False,True
NOL12,string,20,9,False,True
EIF3L,string,20,15,False,True
POLR2F,string,20,76,False,True
TOMM22,string,20,34,False,True
ADSL,string,20,30,False,True
RBX1,string,20,97,False,True
PHF5A,string,20,45,False,True
POLR3H,string,20,31,False,True
DESI1,string,20,4,False,True
XRCC6,string,20,54,False,True
NDUFA6,string,20,54,False,True
RRP7A,string,20,10,False,True
SAMM50,string,20,23,False,True
ATXN10,string,20,7,False,True
TUBGCP6,string,20,17,False,True
GEMIN8,string,20,17,False,True
PDHA1,string,0,0,True,True
EIF1AX,string,20,35,False,True
MED14,string,20,36,False,True
RBM10,string,20,24,False,True
UBA1,string,20,44,False,True
UXT,string,20,17,False,True
GPKOW,string,20,5,False,True
KDM5C,string,20,28,False,True
HSD17B10,string,20,30,False,True
TSR2,string,20,3,False,True
GNL3L,string,20,22,False,True
LAS1L,string,20,16,False,True
MED12,string,20,38,False,True
ABCB7,string,20,35,False,True
COX7B,string,0,0,True,True
PGK1,string,20,27,False,True
CENPI,string,20,21,False,True
TIMM8A,string,20,26,False,True
ALG13,string,20,23,False,True
RPL39,string,20,11,False,True
AIFM1,string,20,19,False,True
MMGT1,string,20,11,False,True
CCNQ,string,20,2,False,True
NAA10,string,20,19,False,True
TAZ,string,0,0,True,True
FAM50A,string,20,2,False,True
F8A1,string,20,2,False,True
FUNDC2,string,20,12,False,True
CMC4,string,20,17,False,True
VBP1,string,20,26,False,True
ABCG1,string,20,14,False,True
ACOT12,string,20,18,False,True
ACSS2,string,20,17,False,True
ACTR5,string,20,21,False,True
ADAT3,string,20,15,False,True
ALG1L,string,0,0,True,True
AQP7,string,20,5,False,True
ARGFX,string,20,5,False,True
ARHGAP11B,string,0,0,True,True
ARHGAP6,string,20,18,False,True
ARL4D,string,20,7,False,True
BCAR1,string,20,40,False,True
BGLAP,string,20,8,False,True
C12orf60,string,20,2,False,True
C14orf178,string,0,0,True,True
C16orf86,string,0,0,True,True
C1QTNF4,string,20,7,False,True
C6orf15,string,20,2,False,True
CA5A,string,0,0,True,True
CACTIN,string,20,10,False,True
CADM4,string,20,7,False,True
CBLN1,string,20,5,False,True
CCDC144NL,string,0,0,True,True
CCDC78,string,20,8,False,True
CCND1,string,20,64,False,True
CD8B,string,20,16,False,True
CDAN1,string,20,10,False,True
CHTF8,string,20,8,False,True
COG3,string,20,42,False,True
CPAMD8,string,20,10,False,True
CPEB1,string,20,16,False,True
CSH2,string,20,6,False,True
CT45A5,string,20,2,False,True
CTBP2,string,20,31,False,True
CUL7,string,0,0,True,True
CYP2A13,string,20,10,False,True
CYP4F11,string,20,5,False,True
CYS1,string,20,5,False,True
DDN,string,20,6,False,True
DDX19B,string,20,5,False,True
DDX47,string,20,17,False,True
DMRTA2,string,20,4,False,True
DNAAF3,string,20,4,False,True
DNLZ,string,20,6,False,True
DNM1,string,20,43,False,True
DPH1,string,20,13,False,True
DPPA2,string,20,3,False,True
DPY19L2,string,20,8,False,True
EIF3CL,string,20,11,False,True
EPS8L1,string,20,3,False,True
ERVW-1,string,20,13,False,True
ESPN,string,0,0,True,True
ETV4,string,20,12,False,True
FAM229A,string,5,0,False,True
FAM72D,string,20,3,False,True
FBLIM1,string,20,16,False,True
FBXL14,string,20,9,False,True
FKBP9,string,20,12,False,True
FNTB,string,20,14,False,True
FOLR3,string,20,5,False,True
FOXD4,string,20,4,False,True
FOXL2,string,0,0,True,True
FOXO1,string,20,51,False,True
FOXS1,string,20,11,False,True
FRG2,string,20,1,False,True
GAB2,string,20,22,False,True
GATA1,string,20,43,False,True
GCOM1,string,15,0,False,True
GJA3,string,20,3,False,True
GOLGA6L1,string,20,0,False,True
GPR61,string,20,3,False,True
GSDMA,string,20,4,False,True
HAMP,string,20,12,False,True
HAPLN2,string,20,8,False,True
HAUS7,string,20,8,False,True
HCRTR1,string,20,3,False,True
HHEX,string,20,13,False,True
HIST1H2AB,string,0,0,True,True
HIST1H2AE,string,0,0,True,True
HIST1H2AI,string,0,0,True,True
HIST1H2BB,string,0,0,True,True
HIST1H2BE,string,0,0,True,True
HIST1H2BJ,string,0,0,True,True
HIST1H2BL,string,0,0,True,True
HIST1H2BM,string,0,0,True,True
HIST2H2AA3,string,0,0,True,True
HIST2H2BE,string,0,0,True,True
HIST2H2BF,string,0,0,True,True
HIST2H3A,string,0,0,True,True
HIST2H3D,string,0,0,True,True
HOXA3,string,20,10,False,True
HOXC10,string,20,8,False,True
HYPK,string,20,21,False,True
IFITM3,string,20,24,False,True
INPPL1,string,20,28,False,True
JAZF1,string,20,28,False,True
KCNA10,string,20,7,False,True
KDM8,string,20,14,False,True
KLF7,string,20,7,False,True
KLHL11,string,20,12,False,True
KLHL17,string,20,8,False,True
KRT17,string,20,5,False,True
KRT8,string,20,12,False,True
KRTAP4-2,string,17,4,False,True
KRTAP4-7,string,20,2,False,True
LAMB1,string,20,13,False,True
LCE1C,string,10,2,False,True
LCE1E,string,15,4,False,True
LCN10,string,20,1,False,True
LMO2,string,20,29,False,True
LPA,string,20,6,False,True
LRRC37A3,string,20,7,False,True
LTB4R2,string,20,6,False,True
LURAP1,string,20,5,False,True
MBTPS2,string,20,14,False,True
MEIS3,string,20,5,False,True
MEMO1,string,20,15,False,True
MMP17,string,20,7,False,True
MOG,string,20,8,False,True
MOK,string,20,4,False,True
MRM1,string,20,16,False,True
MRPL53,string,20,10,False,True
MST1,string,20,5,False,True
MTCP1,string,19,0,False,True
MTRNR2L1,string,20,4,False,True
MYO1H,string,20,10,False,True
MZF1,string,20,5,False,True
NAGLU,string,20,9,False,True
NANOG,string,20,40,False,True
NBPF12,string,20,9,False,True
NBPF15,string,20,4,False,True
NBPF3,string,16,2,False,True
NCKAP1,string,20,34,False,True
NDOR1,string,20,20,False,True
NEDD8-MDP1,string,20,6,False,True
NFKBIE,string,20,9,False,True
NKX6-1,string,20,8,False,True
NOMO1,string,20,6,False,True
NOMO3,string,20,2,False,True
NOS1AP,string,20,18,False,True
NPB,string,20,2,False,True
NRF1,string,20,13,False,True
OLFML3,string,20,8,False,True
OR1D2,string,0,0,True,True
OR1E2,string,20,11,False,True
OR2A1,string,0,0,True,True
OR2T29,string,8,1,False,True
OR2T5,string,0,0,True,True
OR4F4,string,0,0,True,True
OR4K1,string,18,5,False,True
OR4N2,string,20,2,False,True
OR7A10,string,0,0,True,True
OR7A17,string,0,0,True,True
OTOP1,string,20,4,False,True
OTX1,string,20,13,False,True
OVCA2,string,20,16,False,True
PARS2,string,20,23,False,True
PC,string,20,25,False,True
PIP4K2C,string,20,15,False,True
PLA2G10,string,20,8,False,True
PLEKHN1,string,20,11,False,True
POGLUT3,string,20,10,False,True
POLL,string,20,11,False,True
POT1,string,20,19,False,True
POTEI,string,20,5,False,True
POU3F1,string,20,16,False,True
POU5F1B,string,20,7,False,True
PPY,string,20,5,False,True
PRDM10,string,20,15,False,True
PRDM8,string,20,15,False,True
PRODH,string,20,8,False,True
PRSS50,string,0,0,True,True
PWP2,string,20,15,False,True
PXN,string,20,74,False,True
RBM14-RBM4,string,20,0,False,True
RFFL,string,20,11,False,True
RGPD6,string,20,6,False,True
RNF103,string,20,7,False,True
RPS10-NUDT3,string,20,3,False,True
RTEL1,string,20,35,False,True
S100A1,string,20,10,False,True
SDC1,string,20,30,False,True
SERPINB1,string,20,6,False,True
SIGLEC14,string,20,3,False,True
SLC16A5,string,20,16,False,True
SLC2A8,string,20,10,False,True
SLC35G6,string,20,7,False,True
SLC4A5,string,20,12,False,True
SLC9B1,string,20,3,False,True
SMN2,string,20,14,False,True
SPDYE2,string,20,2,False,True
SSX4,string,20,6,False,True
STRIP1,string,20,19,False,True
SYNGR3,string,20,6,False,True
TANGO6,string,20,7,False,True
TBC1D28,string,20,4,False,True
TBC1D3,string,20,3,False,True
TBX1,string,20,10,False,True
TDGF1,string,20,13,False,True
TEAD3,string,20,10,False,True
TLCD1,string,20,3,False,True
TMEM240,string,20,6,False,True
TNNT2,string,20,20,False,True
TREML2,string,20,3,False,True
TREX2,string,20,3,False,True
TRIM49C,string,20,0,False,True
TRNP1,string,20,3,False,True
TSSK3,string,20,4,False,True
TUBA3D,string,20,8,False,True
TULP1,string,20,7,False,True
TVP23C,string,20,8,False,True
UNCX,string,20,11,False,True
VPS37C,string,20,23,False,True
WDFY3,string,20,27,False,True
WDTC1,string,20,26,False,True
YJEFN3,string,20,4,False,True
YPEL5,string,20,20,False,True
ZNF133,string,20,2,False,True
ZNF253,string,20,2,False,True
ZNF284,string,20,1,False,True
ZNF468,string,20,0,False,True
ZNF492,string,20,5,False,True
ZNF506,string,20,1,False,True
ZNF658,string,20,5,False,True
ZNF674,string,20,3,False,True
ZNF676,string,20,6,False,True
ZNF687,string,20,12,False,True
ZNF718,string,20,4,False,True
ZNF763,string,20,3,False,True
