gene_id,source,incoming_nonself,outgoing_nonself,self_loop_only,candidate_target
PLEKHN1,go,20,0,False,True
HES4,go,6,10,False,False
ISG15,go,20,0,False,False
DVL1,go,2,1,False,False
MXRA8,go,20,10,False,False
CCNL2,go,20,9,False,False
ATAD3B,go,20,16,False,False
ATAD3A,go,20,35,False,False
MIB2,go,20,51,False,False
CDK11A,go,20,26,False,True
SKI,go,20,3,False,False
MEGF6,go,20,37,False,False
TPRG1L,go,0,0,True,False
LRRC47,go,20,7,False,False
CEP104,go,20,7,False,False
C1orf174,go,20,69,False,False
RNF207,go,20,1,False,False
ICMT,go,20,29,False,False
NOL9,go,20,21,False,True
KLHL21,go,20,7,False,False
PHF13,go,20,11,False,False
THAP3,go,20,29,False,False
PER3,go,19,5,False,False
ERRFI1,go,0,0,True,False
RERE,go,20,8,False,False
ENO1,go,20,11,False,True
SPSB1,go,0,0,True,False
SLC25A33,go,11,1,False,False
UBE4B,go,20,1,False,False
KIF1B,go,20,17,False,False
CENPS,go,20,16,False,False
EXOSC10,go,20,15,False,True
MAD2L2,go,20,2,False,True
AGTRAP,go,20,45,False,False
PLOD1,go,20,3,False,False
VPS13D,go,12,1,False,True
DHRS3,go,6,2,False,False
PRDM2,go,12,5,False,False
DDI2,go,20,0,False,False
PLEKHM2,go,20,1,False,False
FBLIM1,go,20,15,False,True
SPEN,go,20,5,False,True
EPHA2,go,0,0,True,False
NECAP2,go,14,3,False,False
MFAP2,go,0,0,True,False
ATP13A2,go,1,0,False,False
RCC2,go,20,2,False,False
IFFO2,go,0,0,True,False
UBR4,go,20,36,False,True
MRTO4,go,20,19,False,True
SLC66A1,go,16,3,False,False
CAMK2N1,go,0,0,True,False
PINK1,go,12,1,False,False
HP1BP3,go,20,1,False,False
EPHB2,go,0,0,True,False
KDM1A,go,20,0,False,True
HNRNPR,go,20,74,False,True
ID3,go,20,3,False,False
RPL11,go,20,5,False,True
ELOA,go,20,7,False,False
PITHD1,go,20,0,False,False
LYPLA2,go,20,4,False,False
GALE,go,20,7,False,False
HMGCL,go,20,4,False,False
FUCA1,go,20,27,False,False
PNRC2,go,20,44,False,False
SRSF10,go,20,7,False,True
NIPAL3,go,20,27,False,False
RCAN3,go,0,0,True,False
SRRM1,go,20,85,False,True
CLIC4,go,20,1,False,False
SYF2,go,20,15,False,True
RSRP1,go,0,0,True,False
MACO1,go,20,6,False,False
STMN1,go,20,0,False,False
SH3BGRL3,go,20,61,False,False
HMGN2,go,20,18,False,True
ARID1A,go,20,14,False,False
NUDC,go,20,21,False,True
SLC9A1,go,0,0,True,False
TMEM222,go,20,55,False,False
AHDC1,go,18,26,False,False
IFI6,go,0,0,True,False
RPA2,go,20,5,False,True
SESN2,go,20,1,False,False
PHACTR4,go,16,1,False,False
RCC1,go,20,4,False,True
SNHG3,go,0,0,True,False
SNHG12,go,0,0,True,False
EPB41,go,20,5,False,False
SRSF4,go,20,66,False,False
SNRNP40,go,20,32,False,True
SERINC2,go,0,0,True,False
PEF1,go,20,3,False,True
SPOCD1,go,0,0,True,False
KHDRBS1,go,20,6,False,False
KPNA6,go,20,6,False,True
TXLNA,go,20,44,False,False
CCDC28B,go,20,73,False,False
HDAC1,go,20,15,False,False
MARCKSL1,go,20,35,False,False
BSDC1,go,16,123,False,False
ZBTB8A,go,6,2,False,False
RBBP4,go,20,18,False,True
SYNC,go,20,6,False,False
KIAA1522,go,10,0,False,False
YARS,go,20,13,False,True
S100PBP,go,20,56,False,False
TMEM54,go,20,51,False,False
PHC2,go,20,45,False,False
TMEM35B,go,0,0,True,False
ZMYM1,go,20,5,False,False
SFPQ,go,20,14,False,True
KIAA0319L,go,18,91,False,False
C1orf216,go,19,104,False,False
CLSPN,go,20,7,False,True
AGO3,go,20,8,False,False
THRAP3,go,20,10,False,True
SH3D21,go,0,0,True,False
EVA1B,go,20,114,False,False
SNIP1,go,20,33,False,True
DNALI1,go,0,0,True,False
GNL2,go,20,20,False,True
CDCA8,go,20,4,False,True
YRDC,go,20,0,False,True
MTF1,go,14,5,False,False
FHL3,go,20,3,False,False
RRAGC,go,20,7,False,False
AKIRIN1,go,20,3,False,False
MACF1,go,20,9,False,False
PPIE,go,20,29,False,True
TRIT1,go,20,14,False,False
RLF,go,11,2,False,False
CITED4,go,0,0,True,False
CTPS1,go,20,7,False,True
FOXJ3,go,8,40,False,False
PPCS,go,20,30,False,False
PPIH,go,20,12,False,True
P3H1,go,0,0,True,False
SVBP,go,0,0,True,False
SLC2A1,go,20,8,False,False
EBNA1BP2,go,20,27,False,True
CDC20,go,20,8,False,True
MED8,go,20,28,False,True
SZT2,go,15,3,False,False
HYI,go,20,0,False,False
PTPRF,go,10,2,False,False
ATP6V0B,go,20,22,False,True
KIF2C,go,20,36,False,False
PLK3,go,20,7,False,False
TOE1,go,20,18,False,True
NASP,go,20,10,False,True
GPBP1L1,go,20,34,False,False
PIK3R3,go,0,0,True,False
STIL,go,20,4,False,True
FAF1,go,20,7,False,False
CDKN2C,go,20,16,False,False
RNF11,go,20,8,False,False
EPS15,go,20,24,False,False
OSBPL9,go,20,17,False,False
RAB3B,go,0,0,True,False
KTI12,go,20,11,False,True
ORC1,go,20,11,False,True
PRPF38A,go,20,61,False,True
TUT4,go,20,1,False,False
COA7,go,0,0,True,False
NDC1,go,20,10,False,True
HSPB11,go,20,12,False,False
LRRC42,go,0,0,True,False
TMEM59,go,20,29,False,False
SSBP3,go,17,26,False,True
DHCR24,go,20,1,False,False
USP24,go,20,41,False,False
PLPP3,go,0,0,True,False
MYSM1,go,20,10,False,True
JUN,go,20,14,False,False
NFIA,go,16,11,False,False
TM2D1,go,20,16,False,False
PATJ,go,0,0,True,False
USP1,go,20,25,False,False
ITGB3BP,go,20,65,False,False
PGM1,go,0,0,True,False
AK4,go,20,5,False,False
LEPROT,go,20,11,False,False
SGIP1,go,0,0,True,False
GADD45A,go,20,1,False,False
GNG12,go,20,17,False,False
WLS,go,0,0,True,False
DEPDC1,go,20,16,False,False
ANKRD13C,go,18,22,False,False
NEGR1,go,0,0,True,False
TYW3,go,17,17,False,False
RABGGTB,go,20,6,False,True
AK5,go,0,0,True,False
AC118549.1,go,0,0,True,True
USP33,go,20,8,False,False
MIGA1,go,0,0,True,False
NEXN,go,20,2,False,False
FUBP1,go,20,72,False,False
DNAJB4,go,20,10,False,False
ADGRL4,go,0,0,True,False
TTLL7,go,0,0,True,False
RPF1,go,7,2,False,True
CTBS,go,9,1,False,False
SSX2IP,go,20,7,False,False
C1orf52,go,20,33,False,False
BCL10,go,18,2,False,False
DDAH1,go,0,0,True,False
AC092807.3,go,0,0,True,False
CCN1,go,0,0,True,False
ZNHIT6,go,20,2,False,True
ODF2L,go,20,14,False,False
LMO4,go,1,0,False,False
GTF2B,go,20,8,False,True
GBP1,go,0,0,True,False
ZNF326,go,20,25,False,False
ZNF644,go,5,0,False,False
RPAP2,go,20,32,False,True
EVI5,go,20,27,False,False
MTF2,go,20,14,False,False
CCDC18,go,0,0,True,False
CCDC18-AS1,go,0,0,True,False
DR1,go,20,6,False,True
FNBP1L,go,0,0,True,False
BCAR3,go,0,0,True,False
DNTTIP2,go,20,84,False,True
GCLM,go,1,1,False,False
ARHGAP29,go,0,0,True,False
F3,go,0,0,True,False
CNN3,go,0,0,True,False
PTBP2,go,20,1,False,False
DPYD,go,0,0,True,False
MIR137HG,go,0,0,True,False
SNX7,go,0,0,True,False
PALMD,go,0,0,True,False
AGL,go,20,2,False,False
SASS6,go,20,12,False,True
DBT,go,20,6,False,False
EXTL2,go,20,3,False,False
SLC30A7,go,18,2,False,False
DPH5,go,20,3,False,False
RNPC3,go,20,4,False,True
NTNG1,go,0,0,True,False
SLC25A24,go,19,9,False,False
PRPF38B,go,20,7,False,True
STXBP3,go,20,5,False,False
GPSM2,go,20,6,False,False
TAF13,go,20,29,False,True
SARS,go,20,10,False,True
PSRC1,go,20,29,False,False
SORT1,go,20,3,False,False
GSTM3,go,20,13,False,False
CSF1,go,0,0,True,False
SLC16A4,go,0,0,True,False
LRIF1,go,20,4,False,False
CTTNBP2NL,go,0,0,True,False
ST7L,go,20,1,False,False
SLC16A1,go,20,13,False,False
SLC16A1-AS1,go,0,0,True,False
LRIG2,go,16,3,False,False
PHTF1,go,19,14,False,False
RSBN1,go,16,9,False,False
HIPK1,go,20,16,False,True
TRIM33,go,20,23,False,False
NGF,go,0,0,True,False
VANGL1,go,0,0,True,False
ATP1A1,go,0,0,True,True
CD58,go,20,38,False,False
TTF2,go,17,0,False,True
MAN1A2,go,20,17,False,False
WDR3,go,20,12,False,True
PHGDH,go,8,2,False,False
NOTCH2,go,0,0,True,False
SEC22B,go,20,29,False,False
LINC02802,go,0,0,True,False
SRGAP2B,go,0,0,True,False
POLR3GL,go,20,81,False,False
TXNIP,go,20,2,False,False
NBPF10,go,0,0,True,False
NOTCH2NLA,go,0,0,True,False
PRKAB2,go,20,33,False,False
NBPF14,go,0,0,True,False
PDE4DIP,go,20,11,False,False
AC245297.3,go,0,0,True,False
HIST2H2AC,go,20,26,False,True
SV2A,go,0,0,True,False
OTUD7B,go,20,12,False,False
PLEKHO1,go,20,2,False,False
ANP32E,go,20,4,False,False
APH1A,go,20,14,False,False
PRPF3,go,20,82,False,True
RPRD2,go,20,2,False,False
ECM1,go,20,12,False,False
MCL1,go,20,15,False,True
CTSK,go,0,0,True,False
CERS2,go,20,12,False,False
C1orf56,go,20,28,False,False
CDC42SE1,go,20,7,False,False
MLLT11,go,20,6,False,False
SCNM1,go,19,12,False,True
PIP5K1A,go,20,7,False,False
POGZ,go,20,1,False,True
TUFT1,go,0,0,True,False
SNX27,go,20,22,False,False
S100A10,go,20,7,False,False
S100A11,go,20,20,False,False
S100A6,go,20,30,False,False
S100A2,go,0,0,True,False
S100A13,go,20,20,False,False
CHTOP,go,20,7,False,True
ILF2,go,20,27,False,True
GATAD2B,go,20,14,False,False
RAB13,go,20,7,False,False
RPS27,go,20,12,False,True
TPM3,go,20,24,False,False
PBXIP1,go,20,0,False,False
SHC1,go,14,4,False,True
CKS1B,go,20,6,False,False
ADAM15,go,20,5,False,False
EFNA4,go,17,4,False,False
DPM3,go,20,21,False,False
FDPS,go,20,17,False,True
RUSC1,go,20,13,False,False
ASH1L,go,20,3,False,False
YY1AP1,go,20,30,False,False
SYT11,go,0,0,True,False
RIT1,go,14,0,False,False
KHDC4,go,20,191,False,False
ARHGEF2,go,20,2,False,False
PMF1,go,20,9,False,True
GLMP,go,0,0,True,False
MEF2D,go,16,23,False,False
IQGAP3,go,20,1,False,False
GPATCH4,go,20,40,False,False
MRPL24,go,20,48,False,True
HDGF,go,16,2,False,False
IFI16,go,0,0,True,False
DUSP23,go,20,8,False,False
PEA15,go,20,0,False,False
DCAF8,go,20,266,False,False
COPA,go,20,25,False,True
PFDN2,go,20,29,False,True
DUSP12,go,20,27,False,False
UAP1,go,20,15,False,False
DDR2,go,0,0,True,False
RGS4,go,0,0,True,False
NUF2,go,20,22,False,True
PBX1,go,17,9,False,False
ALDH9A1,go,20,1,False,False
UCK2,go,20,15,False,False
POGK,go,20,140,False,False
POU2F1,go,12,39,False,False
DCAF6,go,20,97,False,True
GPR161,go,0,0,True,False
ATP1B1,go,0,0,True,False
NME7,go,20,9,False,False
BLZF1,go,20,29,False,False
GORAB,go,20,35,False,False
PRRX1,go,19,3,False,False
VAMP4,go,20,15,False,False
PIGC,go,20,30,False,False
SUCO,go,20,2,False,False
CENPL,go,20,116,False,False
DARS2,go,20,26,False,False
GAS5,go,0,0,True,False
ZBTB37,go,15,22,False,False
RC3H1,go,15,1,False,False
CACYBP,go,20,10,False,False
RASAL2,go,0,0,True,False
RALGPS2,go,17,15,False,False
TOR3A,go,20,9,False,False
ABL2,go,20,2,False,False
SOAT1,go,20,7,False,False
TOR1AIP1,go,20,5,False,False
CEP350,go,20,29,False,False
STX6,go,20,28,False,False
IER5,go,20,49,False,False
GLUL,go,20,0,False,False
DHX9,go,20,4,False,True
LAMC1,go,0,0,True,False
SMG7,go,20,8,False,True
RGL1,go,20,39,False,False
TSEN15,go,20,16,False,False
C1orf21,go,0,0,True,False
EDEM3,go,20,7,False,False
NIBAN1,go,0,0,True,False
TRMT1L,go,20,7,False,False
IVNS1ABP,go,20,3,False,False
TPR,go,20,3,False,True
ODR4,go,20,22,False,False
PLA2G4A,go,0,0,True,False
UCHL5,go,20,14,False,True
CFH,go,20,19,False,False
ASPM,go,3,0,False,False
ZBTB41,go,4,39,False,False
DENND1B,go,20,6,False,False
NEK7,go,20,13,False,False
MIR181A1HG,go,0,0,True,False
ZNF281,go,14,47,False,False
KIF14,go,20,6,False,True
CAMSAP2,go,0,0,True,False
TMEM9,go,20,7,False,False
PHLDA3,go,0,0,True,False
CSRP1,go,20,11,False,False
NAV1,go,20,4,False,False
IPO9,go,20,33,False,True
SHISA4,go,0,0,True,False
ARL8A,go,20,18,False,False
UBE2T,go,20,22,False,False
KDM5B,go,20,3,False,False
CYB5R1,go,20,41,False,False
ATP2B4,go,3,1,False,False
SNRPE,go,20,8,False,True
PPP1R15B,go,18,2,False,True
MDM4,go,20,6,False,False
NFASC,go,0,0,True,False
DSTYK,go,20,5,False,True
ELK4,go,15,179,False,False
NUCKS1,go,20,1,False,False
RAB29,go,0,0,True,False
SRGAP2,go,20,7,False,False
DYRK3,go,20,22,False,False
MAPKAPK2,go,20,19,False,False
CD55,go,20,6,False,False
CD46,go,20,9,False,False
PLXNA2,go,0,0,True,False
G0S2,go,19,5,False,False
UTP25,go,20,13,False,True
SYT14,go,0,0,True,False
SERTAD4-AS1,go,0,0,True,False
RCOR3,go,20,17,False,False
TRAF5,go,20,8,False,False
LINC00467,go,0,0,True,False
SLC30A1,go,20,3,False,False
NEK2,go,20,19,False,False
LPGAT1,go,20,7,False,False
DTL,go,20,3,False,True
PPP2R5A,go,20,10,False,False
ATF3,go,20,42,False,False
NSL1,go,20,12,False,True
ANGEL2,go,20,1,False,False
RPS6KC1,go,20,29,False,False
PTPN14,go,0,0,True,False
CENPF,go,20,9,False,False
KCNK2,go,0,0,True,False
KCTD3,go,20,1,False,False
GPATCH2,go,20,5,False,False
RRP15,go,6,2,False,True
TGFB2,go,0,0,True,False
LYPLAL1,go,20,12,False,False
EPRS,go,20,9,False,True
RAB3GAP2,go,20,7,False,False
MIA3,go,20,4,False,False
BROX,go,19,69,False,False
TP53BP2,go,20,29,False,False
FBXO28,go,20,14,False,False
CNIH4,go,20,64,False,True
WDR26,go,20,135,False,True
LBR,go,20,7,False,False
ENAH,go,0,0,True,False
EPHX1,go,20,1,False,False
SDE2,go,20,13,False,True
ACBD3,go,20,23,False,False
PARP1,go,20,3,False,False
CDC42BPA,go,20,41,False,False
C1orf35,go,20,31,False,False
TRIM11,go,20,18,False,False
HIST3H2A,go,20,27,False,False
GALNT2,go,20,8,False,False
C1orf198,go,20,26,False,False
EGLN1,go,20,1,False,False
AL445524.1,go,0,0,True,False
TSNAX,go,20,12,False,False
NTPCR,go,20,8,False,False
IRF2BP2,go,9,33,False,True
ARID4B,go,20,16,False,False
B3GALNT2,go,20,47,False,False
LYST,go,0,0,True,False
NID1,go,0,0,True,False
LGALS8,go,20,12,False,False
HEATR1,go,20,19,False,True
MTR,go,20,0,False,False
FH,go,5,2,False,False
OPN3,go,20,2,False,False
CHML,go,20,14,False,False
EXO1,go,20,5,False,False
CEP170,go,20,49,False,False
AKT3,go,0,0,True,False
DESI2,go,20,8,False,False
HNRNPU,go,20,1,False,True
TFB2M,go,20,7,False,True
CNST,go,20,31,False,False
AHCTF1,go,20,23,False,True
SH3YL1,go,0,0,True,False
TMEM18,go,20,9,False,False
PXDN,go,0,0,True,False
RNASEH1-AS1,go,0,0,True,False
SOX11,go,20,1,False,False
ID2,go,20,4,False,False
KIDINS220,go,20,3,False,False
MBOAT2,go,20,5,False,False
ASAP2,go,0,0,True,False
CPSF3,go,20,3,False,True
ADAM17,go,12,5,False,False
RRM2,go,20,2,False,True
HPCAL1,go,19,32,False,False
ODC1,go,20,1,False,False
NOL10,go,20,20,False,True
PDIA6,go,20,42,False,False
ROCK2,go,20,1,False,False
E2F6,go,11,33,False,True
LPIN1,go,20,1,False,True
NBAS,go,20,29,False,True
SMC6,go,20,12,False,True
GEN1,go,16,1,False,False
RDH14,go,20,15,False,False
TTC32,go,20,0,False,False
SDC1,go,20,2,False,True
PUM2,go,20,6,False,False
RHOB,go,0,0,True,False
HS1BP3,go,0,0,True,False
UBXN2A,go,20,2,False,False
FAM228B,go,0,0,True,False
TP53I3,go,20,4,False,False
ITSN2,go,20,19,False,False
NCOA1,go,20,10,False,False
ASXL2,go,20,2,False,False
SLC35F6,go,20,59,False,False
CENPA,go,20,13,False,True
MAPRE3,go,20,1,False,False
EIF2B4,go,20,6,False,True
PPM1G,go,20,46,False,False
FNDC4,go,20,18,False,False
SLC4A1AP,go,20,68,False,False
FOSL2,go,15,52,False,False
WDR43,go,20,4,False,True
CLIP4,go,0,0,True,False
YPEL5,go,20,6,False,True
LBH,go,19,0,False,False
SPAST,go,20,8,False,False
YIPF4,go,20,52,False,False
LTBP1,go,20,10,False,False
CRIM1-DT,go,0,0,True,False
CRIM1,go,19,6,False,False
STRN,go,20,6,False,False
GPATCH11,go,20,7,False,False
CEBPZ,go,20,4,False,True
NDUFAF7,go,20,9,False,True
PRKD3,go,20,18,False,False
CDC42EP3,go,20,37,False,False
CYP1B1,go,0,0,True,False
ATL2,go,20,14,False,True
HNRNPLL,go,20,18,False,False
SRSF7,go,20,51,False,True
GEMIN6,go,20,14,False,True
MORN2,go,14,10,False,False
SOS1,go,19,3,False,False
MAP4K3,go,20,37,False,False
THUMPD2,go,20,6,False,False
SLC8A1,go,0,0,True,False
EML4,go,20,49,False,False
MTA3,go,20,25,False,False
ZFP36L2,go,20,3,False,False
LRPPRC,go,20,2,False,True
PPM1B,go,20,8,False,False
PREPL,go,20,5,False,False
LINC01833,go,0,0,True,False
SIX3,go,9,0,False,False
EPAS1,go,14,1,False,False
RHOQ,go,20,8,False,True
CRIPT,go,20,6,False,False
SOCS5,go,0,0,True,False
TTC7A,go,20,5,False,False
CALM2,go,2,1,False,False
MSH2,go,20,3,False,False
MSH6,go,20,5,False,False
FBXO11,go,20,54,False,False
ASB3,go,20,11,False,False
ERLEC1,go,20,5,False,False
PSME4,go,20,5,False,False
ACYP2,go,20,17,False,False
SPTBN1,go,20,12,False,False
RTN4,go,8,0,False,False
MTIF2,go,20,5,False,False
CCDC88A,go,20,1,False,False
PPP4R3B,go,0,0,True,False
PNPT1,go,20,1,False,True
EFEMP1,go,0,0,True,False
FANCL,go,20,30,False,False
KIAA1841,go,0,0,True,False
C2orf74,go,0,0,True,False
XPO1,go,20,6,False,True
FAM161A,go,20,9,False,False
EHBP1,go,20,18,False,False
AFTPH,go,20,20,False,False
SERTAD2,go,20,112,False,False
PNO1,go,20,222,False,True
CNRIP1,go,0,0,True,False
ANTXR1,go,0,0,True,False
GFPT1,go,20,2,False,False
AAK1,go,20,4,False,False
ANXA4,go,16,19,False,False
TIA1,go,20,23,False,False
PCYOX1,go,19,3,False,False
SNRPG,go,20,9,False,True
NAGK,go,20,16,False,False
MPHOSPH10,go,20,24,False,True
ZNF638,go,20,19,False,False
EXOC6B,go,0,0,True,False
SFXN5,go,18,6,False,False
ALMS1,go,20,9,False,False
DUSP11,go,20,6,False,False
MTHFD2,go,20,10,False,False
WDR54,go,3,0,False,True
WBP1,go,20,23,False,True
AUP1,go,20,3,False,False
DOK1,go,20,5,False,False
HK2,go,6,2,False,False
EVA1A,go,0,0,True,False
TMSB10,go,20,8,False,True
MAT2A,go,20,9,False,True
VAMP5,go,0,0,True,False
ATOH8,go,14,2,False,False
PTCD3,go,20,15,False,True
KDM3A,go,20,4,False,False
RNF103,go,19,30,False,True
RMND5A,go,20,66,False,False
CYTOR,go,0,0,True,False
KRCC1,go,20,0,False,False
MRPS5,go,20,31,False,True
LINC00342,go,0,0,True,False
ANKRD36C,go,0,0,True,False
TMEM127,go,20,5,False,True
NCAPH,go,20,7,False,True
ARID5A,go,20,7,False,False
ANKRD36,go,0,0,True,False
AC092683.1,go,0,0,True,False
TMEM131,go,17,27,False,False
COA5,go,16,44,False,True
UNC50,go,20,3,False,True
MITD1,go,20,5,False,False
REV1,go,20,12,False,False
AFF3,go,0,0,True,False
PDCL3,go,20,5,False,False
NPAS2,go,16,17,False,False
MAP4K4,go,20,5,False,False
MRPS9,go,20,21,False,True
C2orf49,go,20,31,False,False
FHL2,go,20,2,False,False
NCK2,go,12,1,False,False
GCC2,go,20,9,False,False
RANBP2,go,20,8,False,True
CCDC138,go,0,0,True,False
SEPTIN10,go,0,0,True,False
BUB1,go,20,40,False,True
MIR4435-2HG,go,0,0,True,False
TMEM87B,go,0,0,True,False
ZC3H8,go,20,3,False,True
ZC3H6,go,0,0,True,False
TTL,go,1,0,False,False
CHCHD5,go,18,59,False,False
SLC20A1,go,19,8,False,False
CKAP2L,go,20,15,False,False
IL1B,go,0,0,True,False
PAX8-AS1,go,0,0,True,False
SLC35F5,go,20,0,False,False
CCDC93,go,19,18,False,False
INSIG2,go,20,3,False,False
PTPN4,go,20,14,False,False
RALB,go,20,10,False,False
NIFK,go,20,10,False,True
TSN,go,20,20,False,False
BIN1,go,20,0,False,False
CYP27C1,go,0,0,True,False
MAP3K2,go,20,83,False,False
IWS1,go,20,6,False,True
WDR33,go,20,5,False,True
UGGT1,go,20,13,False,False
CCDC115,go,20,7,False,True
PLEKHB2,go,20,2,False,False
CCDC74A,go,19,80,False,False
C2orf27A,go,0,0,True,False
CCNT2,go,20,8,False,False
RAB3GAP1,go,19,4,False,False
R3HDM1,go,20,13,False,False
MCM6,go,20,18,False,True
ZEB2,go,17,5,False,False
MBD5,go,20,1,False,False
EPC2,go,20,13,False,False
RND3,go,0,0,True,False
NMI,go,20,2,False,False
RIF1,go,20,3,False,False
STAM2,go,20,31,False,False
FMNL2,go,0,0,True,False
ARL6IP6,go,20,47,False,True
ACVR1,go,0,0,True,False
PKP4,go,20,9,False,False
TANC1,go,0,0,True,False
WDSUB1,go,20,6,False,False
BAZ2B,go,13,68,False,False
MARCH7,go,20,0,False,False
PLA2R1,go,0,0,True,False
RBMS1,go,20,9,False,False
TANK,go,20,1,False,False
FAP,go,0,0,True,False
COBLL1,go,0,0,True,False
TTC21B,go,20,3,False,False
SCN9A,go,0,0,True,False
STK39,go,0,0,True,False
CERS6,go,20,49,False,False
SPC25,go,20,29,False,True
PPIG,go,20,58,False,False
KLHL23,go,20,0,False,False
UBR3,go,20,20,False,False
DCAF17,go,20,51,False,False
CYBRD1,go,20,16,False,False
HAT1,go,20,9,False,False
ITGA6,go,0,0,True,False
PDK1,go,20,5,False,False
MAP3K20,go,0,0,True,False
CDCA7,go,20,91,False,False
SP3,go,18,9,False,False
CIR1,go,20,9,False,False
CHN1,go,0,0,True,False
ATF2,go,8,1,False,False
LNPK,go,19,2,False,False
HNRNPA3,go,20,26,False,False
NFE2L2,go,20,5,False,False
AGPS,go,20,16,False,False
FKBP7,go,20,12,False,False
TTN-AS1,go,0,0,True,False
SESTD1,go,0,0,True,False
CWC22,go,20,85,False,True
ITGA4,go,0,0,True,False
ITPRID2,go,20,29,False,False
DNAJC10,go,20,11,False,False
ZNF804A,go,20,1,False,False
ITGAV,go,6,4,False,False
FAM171B,go,0,0,True,False
TFPI,go,20,15,False,False
GULP1,go,20,4,False,False
COL5A2,go,0,0,True,False
INPP1,go,20,6,False,False
NAB1,go,20,3,False,False
GLS,go,20,0,False,False
STAT1,go,20,2,False,False
MYO1B,go,0,0,True,False
NABP1,go,20,46,False,False
SLC39A10,go,3,2,False,True
STK17B,go,20,26,False,False
PGAP1,go,0,0,True,False
ANKRD44,go,0,0,True,False
SF3B1,go,20,18,False,True
COQ10B,go,20,15,False,False
HSPD1,go,20,8,False,True
HSPE1,go,20,36,False,True
TYW5,go,20,0,False,False
KCTD18,go,0,0,True,False
SGO2,go,20,17,False,False
BZW1,go,20,12,False,False
CLK1,go,20,1,False,False
NIF3L1,go,20,24,False,False
CFLAR,go,3,2,False,False
TRAK2,go,0,0,True,False
TMEM237,go,20,3,False,False
NOP58,go,20,12,False,True
BMPR2,go,1,1,False,False
WDR12,go,20,8,False,True
CYP20A1,go,20,6,False,False
RAPH1,go,0,0,True,False
NRP2,go,0,0,True,False
INO80D,go,20,14,False,True
ZDBF2,go,0,0,True,False
ADAM23,go,0,0,True,False
FASTKD2,go,20,15,False,False
KLF7,go,12,2,False,True
CREB1,go,18,3,False,False
IDH1,go,20,8,False,False
PIKFYVE,go,20,0,False,False
BARD1,go,20,2,False,True
FN1,go,17,6,False,False
XRCC5,go,20,8,False,True
RPL37A,go,20,81,False,True
IGFBP5,go,0,0,True,False
TNS1,go,0,0,True,False
AAMP,go,20,12,False,True
TMBIM1,go,20,53,False,False
CTDSP1,go,16,10,False,False
USP37,go,20,32,False,True
CNOT9,go,20,6,False,True
RETREG2,go,20,74,False,False
ABCB6,go,20,1,False,False
ANKZF1,go,19,28,False,False
TUBA4A,go,20,46,False,False
DNAJB2,go,0,0,True,False
DNPEP,go,20,48,False,False
CHPF,go,20,9,False,False
FARSB,go,20,25,False,True
ACSL3,go,20,7,False,False
AP1S3,go,0,0,True,False
WDFY1,go,20,17,False,False
MRPL44,go,20,6,False,True
SERPINE2,go,0,0,True,False
CUL3,go,20,5,False,True
DOCK10,go,0,0,True,False
IRS1,go,0,0,True,False
AGFG1,go,20,16,False,False
DNER,go,0,0,True,False
TRIP12,go,20,19,False,False
SLC16A14,go,0,0,True,False
SP110,go,7,32,False,False
SP140,go,13,4,False,False
CAB39,go,20,7,False,False
ITM2C,go,20,33,False,False
ARMC9,go,0,0,True,False
NCL,go,20,1,False,True
PTMA,go,20,48,False,True
GIGYF2,go,20,1,False,False
DGKD,go,20,6,False,False
USP40,go,20,22,False,False
HJURP,go,20,6,False,True
ARL4C,go,0,0,True,False
SH3BP4,go,0,0,True,False
MLPH,go,0,0,True,False
LRRFIP1,go,15,30,False,False
ILKAP,go,20,127,False,False
TRAF3IP1,go,20,14,False,False
ASB1,go,18,18,False,False
GPC1,go,0,0,True,False
RNPEPL1,go,20,6,False,False
DTYMK,go,20,4,False,True
TRNT1,go,20,5,False,True
CRBN,go,20,14,False,False
ITPR1,go,20,3,False,False
BHLHE40,go,19,21,False,False
ARL8B,go,20,8,False,False
OXTR,go,0,0,True,False
RAD18,go,20,18,False,False
THUMPD3-AS1,go,0,0,True,False
THUMPD3,go,20,25,False,False
SETD5,go,20,1,False,True
JAGN1,go,20,4,False,False
FANCD2,go,20,2,False,False
VHL,go,20,3,False,True
HRH1,go,0,0,True,False
VGLL4,go,20,1,False,False
PPARG,go,20,2,False,False
TMEM43,go,20,8,False,False
XPC,go,20,4,False,False
SLC6A6,go,12,8,False,False
CCDC174,go,20,208,False,True
CAPN7,go,20,11,False,False
SH3BP5,go,20,3,False,False
EAF1,go,20,12,False,False
ANKRD28,go,20,265,False,False
RFTN1,go,0,0,True,False
TBC1D5,go,20,15,False,False
RAB5A,go,20,14,False,False
SGO1,go,20,15,False,False
RPL15,go,20,74,False,True
NR1D2,go,16,27,False,False
RARB,go,14,5,False,False
TOP2B,go,20,1,False,False
SLC4A7,go,19,14,False,False
CMC1,go,20,1,False,False
AZI2,go,20,0,False,False
RBMS3,go,0,0,True,False
TGFBR2,go,3,2,False,False
CMTM7,go,20,20,False,False
GLB1,go,20,9,False,True
EPM2AIP1,go,17,2,False,False
LRRFIP2,go,20,2,False,False
GOLGA4,go,18,51,False,False
CTDSPL,go,20,11,False,False
OXSR1,go,20,20,False,False
WDR48,go,20,4,False,False
SLC25A38,go,20,11,False,False
EIF1B,go,20,21,False,False
ZNF621,go,4,6,False,False
NKTR,go,20,18,False,False
SNRK,go,20,34,False,False
ABHD5,go,20,6,False,False
ZNF445,go,8,6,False,False
ZNF197,go,9,21,False,False
KIAA1143,go,20,0,False,True
KIF15,go,20,42,False,False
CDCP1,go,0,0,True,False
TMEM158,go,20,0,False,False
CCDC12,go,20,2,False,False
SETD2,go,20,0,False,True
KIF9,go,20,21,False,False
CDC25A,go,20,28,False,False
CCDC51,go,20,2,False,False
SHISA5,go,17,73,False,False
PFKFB4,go,20,4,False,False
IP6K2,go,20,2,False,False
ARIH2,go,20,73,False,False
P4HTM,go,0,0,True,False
DALRD3,go,20,10,False,False
IMPDH2,go,20,25,False,True
LAMB2,go,2,1,False,False
TCTA,go,20,0,False,False
DAG1,go,3,3,False,False
IP6K1,go,20,5,False,False
RBM6,go,20,34,False,False
RBM5,go,20,24,False,False
HYAL2,go,3,1,False,False
RASSF1,go,20,21,False,False
NPRL2,go,20,4,False,False
CYB561D2,go,20,18,False,False
TMEM115,go,20,39,False,False
MANF,go,20,22,False,True
RBM15B,go,20,42,False,False
TEX264,go,20,9,False,False
RRP9,go,20,41,False,True
POC1A,go,20,70,False,False
ALAS1,go,20,24,False,False
WDR82,go,20,2,False,True
GNL3,go,20,2,False,True
GLT8D1,go,19,27,False,False
TKT,go,5,3,False,True
DCP1A,go,20,4,False,False
SELENOK,go,20,1,False,False
WNT5A,go,0,0,True,False
CCDC66,go,20,16,False,False
TASOR,go,20,2,False,False
ARF4,go,20,13,False,True
SLMAP,go,17,0,False,False
FLNB,go,20,64,False,False
PXK,go,20,1,False,False
PRICKLE2,go,0,0,True,False
MAGI1,go,20,2,False,False
SUCLG2,go,20,9,False,False
TMF1,go,20,2,False,False
MITF,go,19,24,False,False
FOXP1,go,19,0,False,False
RYBP,go,20,55,False,False
ROBO1,go,0,0,True,False
VGLL3,go,0,0,True,False
CHMP2B,go,20,20,False,False
CGGBP1,go,20,26,False,False
ZNF654,go,7,17,False,False
PROS1,go,20,29,False,False
ARL13B,go,20,10,False,False
DHFR2,go,0,0,True,False
MTRNR2L12,go,0,0,True,False
CRYBG3,go,0,0,True,False
CLDND1,go,20,13,False,False
ST3GAL6,go,0,0,True,False
DCBLD2,go,20,15,False,False
LINC00973,go,0,0,True,False
COL8A1,go,0,0,True,False
CMSS1,go,20,45,False,False
FILIP1L,go,0,0,True,False
TBC1D23,go,20,14,False,False
TMEM45A,go,0,0,True,False
TRMT10C,go,20,6,False,True
ZBTB11,go,18,14,False,True
CEP97,go,20,20,False,True
NXPE3,go,0,0,True,False
NFKBIZ,go,0,0,True,False
ALCAM,go,0,0,True,False
CBLB,go,0,0,True,False
CIP2A,go,17,169,False,False
DZIP3,go,0,0,True,False
NECTIN3,go,0,0,True,False
PHLDB2,go,0,0,True,False
CCDC80,go,0,0,True,False
NEPRO,go,20,4,False,True
USF3,go,0,0,True,False
NAA50,go,20,4,False,True
ATP6V1A,go,20,23,False,True
ZBTB20,go,14,1,False,False
GSK3B,go,20,3,False,True
LRRC58,go,0,0,True,False
FSTL1,go,0,0,True,False
POLQ,go,20,22,False,False
GOLGB1,go,20,29,False,False
IQCB1,go,20,17,False,False
FAM162A,go,20,19,False,False
KPNA1,go,20,10,False,False
PARP9,go,0,0,True,False
DTX3L,go,0,0,True,False
PARP14,go,20,6,False,False
HACD2,go,20,5,False,False
MYLK,go,0,0,True,False
CCDC14,go,20,25,False,False
UMPS,go,20,1,False,True
HEG1,go,0,0,True,False
TPRA1,go,20,20,False,False
MCM2,go,20,12,False,True
PODXL2,go,19,8,False,False
ABTB1,go,0,0,True,False
MGLL,go,0,0,True,False
H1FX,go,20,4,False,False
MBD4,go,20,15,False,False
ATP2C1,go,20,6,False,False
DNAJC13,go,20,67,False,False
NPHP3,go,0,0,True,False
CDV3,go,18,82,False,False
TOPBP1,go,20,4,False,True
SRPRB,go,20,6,False,True
RYK,go,20,6,False,False
AMOTL2,go,0,0,True,False
CEP63,go,20,35,False,False
PPP2R3A,go,0,0,True,False
MSL2,go,20,29,False,False
STAG1,go,20,1,False,False
MRAS,go,20,23,False,False
CEP70,go,20,49,False,False
FAIM,go,20,12,False,False
MRPS22,go,20,13,False,True
RBP1,go,0,0,True,False
CLSTN2,go,0,0,True,False
SLC25A36,go,20,12,False,False
ZBTB38,go,17,8,False,False
RASA2,go,20,10,False,False
TFDP2,go,17,19,False,False
XRN1,go,20,5,False,True
ATR,go,20,1,False,True
DIPK2A,go,11,2,False,False
PLOD2,go,20,3,False,False
PLSCR1,go,20,3,False,False
GYG1,go,20,10,False,True
HLTF,go,20,26,False,False
HPS3,go,19,5,False,False
TM4SF18,go,0,0,True,False
TM4SF1,go,0,0,True,False
WWTR1,go,0,0,True,False
RNF13,go,20,26,False,False
TSC22D2,go,8,1,False,False
SERP1,go,20,1,False,False
SELENOT,go,20,2,False,False
MBNL1,go,20,25,False,True
MBNL1-AS1,go,0,0,True,False
RAP2B,go,20,22,False,False
MME,go,0,0,True,False
SLC33A1,go,20,7,False,False
GMPS,go,20,3,False,True
AC091607.2,go,0,0,True,False
TIPARP,go,8,2,False,False
CCNL1,go,20,7,False,True
PTX3,go,0,0,True,False
SHOX2,go,6,0,False,False
RSRC1,go,20,6,False,False
MLF1,go,20,2,False,False
LXN,go,0,0,True,False
RARRES1,go,0,0,True,False
MFSD1,go,20,12,False,False
IFT80,go,20,10,False,False
SMC4,go,20,14,False,True
TRIM59,go,20,25,False,False
KPNA4,go,20,16,False,False
NMD3,go,20,3,False,True
GOLIM4,go,20,34,False,False
MECOM,go,14,15,False,False
MYNN,go,12,18,False,False
PHC3,go,20,54,False,False
PRKCI,go,20,2,False,False
SKIL,go,19,1,False,False
RPL22L1,go,20,4,False,False
EIF5A2,go,20,3,False,False
TNIK,go,20,26,False,False
FNDC3B,go,20,34,False,False
NCEH1,go,0,0,True,False
ECT2,go,20,6,False,True
ZMAT3,go,20,15,False,False
PIK3CA,go,20,3,False,False
ZNF639,go,11,10,False,False
MFN1,go,20,10,False,False
GNB4,go,20,24,False,False
ACTL6A,go,20,34,False,True
MRPL47,go,20,33,False,False
USP13,go,20,17,False,False
TTC14,go,14,2,False,False
ATP11B,go,20,7,False,True
YEATS2,go,20,7,False,True
DVL3,go,20,3,False,False
ALG3,go,20,51,False,False
CAMK2N2,go,0,0,True,False
EIF4G1,go,20,3,False,True
MAGEF1,go,20,5,False,False
MAP3K13,go,0,0,True,False
IGF2BP2,go,20,19,False,False
TRA2B,go,20,9,False,True
DNAJB11,go,20,13,False,False
EIF4A2,go,20,19,False,False
RFC4,go,20,27,False,True
RPL39L,go,20,4,False,False
LPP,go,0,0,True,False
P3H2,go,0,0,True,False
AC073365.1,go,0,0,True,False
OPA1,go,20,2,False,True
HES1,go,5,0,False,False
ATP13A3,go,20,6,False,False
TMEM44,go,20,36,False,False
LSG1,go,20,8,False,True
ACAP2,go,20,2,False,False
PPP1R2,go,19,4,False,True
TFRC,go,20,8,False,True
TCTEX1D2,go,20,8,False,False
UBXN7,go,20,28,False,False
RNF168,go,20,11,False,True
PIGX,go,7,5,False,False
NCBP2AS2,go,0,0,True,False
DLG1,go,5,2,False,False
FYTTD1,go,20,33,False,False
LRCH3,go,20,138,False,False
ZNF718,go,14,17,False,True
ZNF721,go,9,19,False,False
PCGF3,go,16,7,False,False
GAK,go,20,4,False,True
FGFRL1,go,20,2,False,False
CTBP1-DT,go,0,0,True,False
MAEA,go,20,4,False,False
SLBP,go,20,27,False,True
TACC3,go,20,9,False,True
NSD2,go,20,6,False,False
MXD4,go,16,24,False,False
ZFYVE28,go,20,19,False,False
TNIP2,go,20,3,False,False
NOP14,go,20,7,False,True
HTT,go,0,0,True,False
RGS12,go,0,0,True,False
LRPAP1,go,14,0,False,False
LYAR,go,20,21,False,False
EVC,go,0,0,True,False
BLOC1S4,go,20,5,False,False
KIAA0232,go,20,7,False,False
TBC1D14,go,20,17,False,False
AFAP1,go,0,0,True,False
ZNF518B,go,4,3,False,False
BOD1L1,go,20,3,False,True
FAM200B,go,0,0,True,False
MED28,go,20,20,False,True
NCAPG,go,20,10,False,True
LCORL,go,17,32,False,False
ADGRA3,go,0,0,True,False
CCDC149,go,0,0,True,False
STIM2,go,20,17,False,False
PCDH7,go,0,0,True,False
ARAP2,go,0,0,True,False
TBC1D1,go,20,14,False,True
KLF3,go,14,32,False,False
FAM114A1,go,0,0,True,False
TMEM156,go,0,0,True,False
KLHL5,go,20,115,False,False
WDR19,go,20,4,False,False
RFC1,go,4,0,False,True
UGDH,go,20,3,False,False
SMIM14,go,20,146,False,False
PDS5A,go,20,44,False,False
N4BP2,go,20,24,False,False
APBB2,go,0,0,True,False
UCHL1,go,0,0,True,False
LIMCH1,go,0,0,True,False
TMEM33,go,20,11,False,False
SLC30A9,go,20,0,False,False
GUF1,go,20,8,False,False
ATP10D,go,0,0,True,False
SLAIN2,go,20,19,False,False
FRYL,go,20,0,False,False
SGCB,go,0,0,True,False
DANCR,go,0,0,True,False
FIP1L1,go,20,19,False,True
CHIC2,go,19,45,False,False
CLOCK,go,19,14,False,True
NMU,go,15,1,False,False
EXOC1,go,20,9,False,True
CEP135,go,20,19,False,False
PPAT,go,20,7,False,False
PAICS,go,20,26,False,False
REST,go,20,4,False,False
NOA1,go,20,6,False,False
IGFBP7,go,0,0,True,False
EPHA5,go,0,0,True,False
CENPC,go,20,24,False,True
UBA6,go,20,5,False,False
UBA6-AS1,go,0,0,True,False
YTHDC1,go,20,8,False,True
AMTN,go,0,0,True,False
UTP3,go,20,38,False,True
RUFY3,go,20,4,False,False
DCK,go,20,21,False,False
CXCL8,go,0,0,True,False
MTHFD2L,go,20,5,False,False
RCHY1,go,20,79,False,False
USO1,go,20,13,False,False
SDAD1,go,20,10,False,True
NUP54,go,20,15,False,True
SCARB2,go,20,9,False,False
STBD1,go,0,0,True,False
SHROOM3,go,0,0,True,False
CCNG2,go,0,0,True,False
CNOT6L,go,20,15,False,False
MRPL1,go,20,5,False,True
ANXA3,go,19,1,False,False
ANTXR2,go,18,48,False,False
PRDM8,go,20,39,False,True
FGF5,go,0,0,True,False
HNRNPD,go,20,0,False,False
HNRNPDL,go,20,19,False,True
ENOPH1,go,20,2,False,False
THAP9-AS1,go,0,0,True,False
COQ2,go,6,0,False,True
HELQ,go,20,23,False,False
ABRAXAS1,go,20,2,False,False
GPAT3,go,0,0,True,False
ARHGAP24,go,20,8,False,False
PTPN13,go,20,41,False,False
AFF1,go,20,4,False,False
HSD17B11,go,20,5,False,False
NUDT9,go,20,2,False,False
SPP1,go,0,0,True,False
PKD2,go,0,0,True,False
PPM1K,go,20,57,False,False
FAM13A,go,20,33,False,False
SNCA,go,0,0,True,False
SMARCAD1,go,20,23,False,False
PDLIM5,go,20,6,False,False
RAP1GDS1,go,20,3,False,False
LAMTOR3,go,20,8,False,True
DNAJB14,go,20,21,False,False
H2AFZ,go,20,17,False,True
PPP3CA,go,3,1,False,False
NFKB1,go,20,9,False,False
BDH2,go,20,0,False,False
CENPE,go,20,21,False,True
TET2,go,20,2,False,False
PAPSS1,go,20,8,False,False
SGMS2,go,0,0,True,False
CYP2U1,go,0,0,True,False
HADH,go,20,5,False,False
RPL34,go,20,46,False,True
OSTC,go,20,16,False,True
MCUB,go,20,5,False,False
CASP6,go,20,9,False,False
GAR1,go,8,4,False,True
ELOVL6,go,20,7,False,False
AP1AR,go,20,2,False,False
TIFA,go,20,7,False,False
ZGRF1,go,0,0,True,False
LARP7,go,20,5,False,False
CAMK2D,go,0,0,True,False
ARSJ,go,0,0,True,False
SNHG8,go,0,0,True,False
SEC24D,go,20,13,False,False
USP53,go,17,3,False,False
C4orf3,go,20,10,False,False
PDE5A,go,0,0,True,False
MAD2L1,go,20,15,False,True
EXOSC9,go,20,12,False,True
CCNA2,go,20,10,False,True
KIAA1109,go,20,1,False,False
FGF2,go,4,3,False,False
NUDT6,go,20,3,False,False
SPATA5,go,20,9,False,True
ANKRD50,go,0,0,True,False
FAT4,go,0,0,True,False
INTU,go,20,4,False,False
HSPA4L,go,20,44,False,False
PLK4,go,20,12,False,True
LARP1B,go,20,66,False,False
PGRMC2,go,20,6,False,False
JADE1,go,0,0,True,False
SCLT1,go,20,6,False,False
PCDH10,go,0,0,True,False
SLC7A11,go,0,0,True,False
ELF2,go,10,44,False,False
NAA15,go,20,14,False,True
MGST2,go,20,11,False,False
CLGN,go,0,0,True,False
TBC1D9,go,0,0,True,False
ZNF330,go,20,38,False,False
INPP4B,go,0,0,True,False
USP38,go,20,32,False,False
SMARCA5,go,20,6,False,False
HHIP-AS1,go,0,0,True,False
HHIP,go,0,0,True,False
ABCE1,go,20,14,False,True
OTUD4,go,20,14,False,False
SMAD1,go,20,5,False,False
ZNF827,go,20,7,False,False
LSM6,go,20,10,False,True
ARHGAP10,go,0,0,True,False
LRBA,go,20,30,False,False
MAB21L2,go,0,0,True,False
FBXW7,go,20,2,False,True
ARFIP1,go,20,10,False,False
TRIM2,go,0,0,True,False
MND1,go,20,13,False,False
PLRG1,go,20,16,False,True
MAP9,go,0,0,True,False
PDGFC,go,0,0,True,False
PPID,go,20,10,False,False
FNIP2,go,20,5,False,False
RAPGEF2,go,7,1,False,False
NAF1,go,20,3,False,True
TMA16,go,20,138,False,True
TMEM192,go,20,17,False,False
MSMO1,go,20,57,False,False
CPE,go,0,0,True,False
ANXA10,go,0,0,True,False
DDX60L,go,0,0,True,False
PALLD,go,0,0,True,False
SH3RF1,go,20,3,False,False
NEK1,go,20,98,False,False
CLCN3,go,20,3,False,False
HPF1,go,12,3,False,False
GALNT7,go,18,23,False,False
HMGB2,go,20,9,False,False
SAP30,go,20,29,False,False
CEP44,go,20,39,False,False
SPCS3,go,20,30,False,True
VEGFC,go,0,0,True,False
NEIL3,go,20,4,False,False
TENM3,go,0,0,True,False
WWC2,go,20,0,False,False
CDKN2AIP,go,20,5,False,False
ING2,go,20,16,False,False
IRF2,go,14,113,False,False
CASP3,go,6,3,False,False
PRIMPOL,go,20,1,False,False
CENPU,go,0,0,True,False
SLC25A4,go,20,4,False,False
CFAP97,go,0,0,True,False
ANKRD37,go,0,0,True,False
UFSP2,go,20,7,False,False
SORBS2,go,0,0,True,False
FAT1,go,20,21,False,False
FRG1,go,20,0,False,False
EXOC3-AS1,go,0,0,True,False
EXOC3,go,20,13,False,True
TRIP13,go,20,2,False,False
LPCAT1,go,20,7,False,False
ICE1,go,20,5,False,True
MED10,go,20,28,False,True
MIR4458HG,go,0,0,True,False
SEMA5A,go,0,0,True,False
SNHG18,go,0,0,True,False
CCT5,go,20,7,False,True
CMBL,go,20,11,False,False
MARCH6,go,20,17,False,False
DAP,go,20,3,False,False
TRIO,go,0,0,True,False
ZNF622,go,20,4,False,False
RETREG1,go,0,0,True,False
MYO10,go,0,0,True,False
CDH6,go,0,0,True,False
ZFR,go,20,32,False,True
TARS,go,20,50,False,True
ADAMTS12,go,0,0,True,False
RAI14,go,20,17,False,False
RAD1,go,14,2,False,False
BRIX1,go,20,25,False,True
IL7R,go,0,0,True,False
NIPBL,go,20,0,False,False
CPLANE1,go,0,0,True,False
NUP155,go,20,23,False,True
OSMR,go,0,0,True,False
RICTOR,go,12,4,False,False
DAB2,go,11,1,False,False
CARD6,go,0,0,True,False
OXCT1,go,8,0,False,False
C5orf51,go,20,47,False,False
CCDC152,go,0,0,True,False
ZNF131,go,11,11,False,True
HMGCS1,go,20,12,False,True
NNT-AS1,go,0,0,True,False
NNT,go,20,5,False,False
MRPS30,go,20,18,False,True
EMB,go,0,0,True,False
PARP8,go,0,0,True,False
PELO,go,20,0,False,True
ITGA1,go,0,0,True,False
ITGA2,go,0,0,True,False
FST,go,0,0,True,False
ESM1,go,0,0,True,False
MTREX,go,20,30,False,True
PLPP1,go,0,0,True,False
IL6ST,go,2,2,False,False
GPBP1,go,20,30,False,False
PLK2,go,0,0,True,False
DEPDC1B,go,20,9,False,False
NDUFAF2,go,20,44,False,False
LINC02057,go,0,0,True,False
ZSWIM6,go,0,0,True,False
DIMT1,go,20,7,False,True
SREK1IP1,go,20,18,False,False
CWC27,go,20,6,False,False
ADAMTS6,go,0,0,True,False
CENPK,go,20,28,False,True
SGTB,go,20,5,False,False
NLN,go,20,3,False,False
ERBIN,go,20,1,False,False
SREK1,go,20,69,False,False
MAST4,go,20,23,False,False
PIK3R1,go,9,3,False,False
CCNB1,go,20,18,False,True
CENPH,go,20,25,False,True
CDK7,go,20,18,False,True
AK6,go,0,0,True,False
BDP1,go,20,4,False,True
MAP1B,go,10,1,False,False
FCHO2,go,0,0,True,False
FOXD1,go,12,2,False,False
ANKRA2,go,20,21,False,False
ARHGEF28,go,0,0,True,False
ENC1,go,0,0,True,False
HMGCR,go,20,7,False,True
CERT1,go,20,1,False,False
POLK,go,20,1,False,False
F2RL2,go,0,0,True,False
F2R,go,0,0,True,False
AGGF1,go,20,17,False,False
ZBED3,go,8,0,False,False
SCAMP1,go,15,9,False,False
LHFPL2,go,0,0,True,False
BHMT2,go,0,0,True,False
JMY,go,20,4,False,False
SERINC5,go,0,0,True,False
ZFYVE16,go,20,18,False,False
DHFR,go,5,2,False,True
MSH3,go,20,5,False,False
XRCC4,go,20,3,False,False
VCAN,go,0,0,True,False
EDIL3,go,0,0,True,False
AC113383.1,go,0,0,True,False
RASA1,go,20,3,False,False
CCNH,go,20,10,False,True
TMEM161B-AS1,go,0,0,True,False
POLR3G,go,20,13,False,False
LYSMD3,go,15,34,False,False
LUCAT1,go,0,0,True,False
ARRDC3,go,20,2,False,False
NR2F1-AS1,go,0,0,True,False
NR2F1,go,15,22,False,False
SLF1,go,0,0,True,False
MCTP1,go,0,0,True,False
RHOBTB3,go,20,20,False,False
GLRX,go,20,2,False,False
ELL2,go,20,10,False,False
ERAP1,go,20,25,False,False
LNPEP,go,20,13,False,False
RIOK2,go,20,50,False,True
RGMB,go,0,0,True,False
CHD1,go,20,62,False,False
FAM174A,go,20,111,False,False
PAM,go,20,0,False,False
PPIP5K2,go,17,2,False,False
C5orf30,go,18,6,False,True
FER,go,0,0,True,False
PJA2,go,20,1,False,False
MAN2A1,go,20,5,False,False
TSLP,go,0,0,True,False
WDR36,go,20,18,False,True
CAMK4,go,0,0,True,False
NREP,go,0,0,True,False
EPB41L4A-AS1,go,0,0,True,False
APC,go,1,0,False,False
DCP2,go,20,4,False,False
MCC,go,0,0,True,False
YTHDC2,go,20,0,False,False
CCDC112,go,19,89,False,False
ATG12,go,20,9,False,False
DMXL1,go,0,0,True,False
TNFAIP8,go,20,23,False,False
HSD17B4,go,10,1,False,False
PRR16,go,0,0,True,False
SRFBP1,go,20,4,False,True
LOX,go,0,0,True,False
SNX2,go,20,17,False,False
PPIC,go,20,25,False,False
CSNK1G3,go,20,25,False,False
ALDH7A1,go,0,0,True,False
LMNB1,go,20,5,False,False
PRRC1,go,20,12,False,False
SLC12A2,go,3,0,False,False
FBN2,go,0,0,True,False
FNIP1,go,20,3,False,False
P4HA2,go,20,3,False,False
PDLIM4,go,20,7,False,False
IRF1,go,16,17,False,False
RAD50,go,20,16,False,False
KIF3A,go,20,23,False,False
AFF4,go,20,4,False,False
HSPA4,go,20,66,False,False
C5orf15,go,20,49,False,False
TCF7,go,14,1,False,False
PPP2CA,go,20,3,False,True
UBE2B,go,20,9,False,False
CDKN2AIPNL,go,20,92,False,False
SEC24A,go,20,11,False,False
CAMLG,go,20,12,False,True
DDX46,go,20,32,False,True
TGFBI,go,0,0,True,False
SMAD5,go,17,7,False,False
SPOCK1,go,0,0,True,False
HNRNPA0,go,20,2,False,False
FAM13B,go,20,32,False,False
BRD8,go,20,16,False,True
KIF20A,go,20,29,False,True
CDC25C,go,20,23,False,False
FAM53C,go,20,49,False,False
KDM3B,go,20,8,False,False
EGR1,go,16,12,False,False
HSPA9,go,20,10,False,True
SIL1,go,20,21,False,False
SNHG4,go,0,0,True,False
DNAJC18,go,0,0,True,False
TMEM173,go,20,5,False,False
CXXC5,go,20,10,False,False
PURA,go,9,1,False,False
CYSTM1,go,19,123,False,False
HBEGF,go,0,0,True,False
ANKHD1,go,20,82,False,False
SRA1,go,3,2,False,True
TAF7,go,20,15,False,True
DIAPH1,go,20,12,False,False
GNPDA1,go,18,12,False,False
FGF1,go,0,0,True,False
ARHGAP26,go,0,0,True,False
NR3C1,go,20,16,False,False
YIPF5,go,20,27,False,False
DPYSL3,go,0,0,True,False
C5orf46,go,0,0,True,False
ADRB2,go,0,0,True,False
ABLIM3,go,0,0,True,False
SLC26A2,go,0,0,True,False
HMGXB3,go,20,36,False,False
PDGFRB,go,0,0,True,False
TCOF1,go,20,3,False,True
NDST1,go,20,1,False,False
SYNPO,go,0,0,True,False
RBM22,go,20,5,False,True
DCTN4,go,20,21,False,True
SMIM3,go,20,67,False,False
TNIP1,go,20,2,False,False
SPARC,go,20,14,False,False
G3BP1,go,20,12,False,False
GALNT10,go,17,18,False,False
SAP30L,go,20,20,False,False
GEMIN5,go,20,6,False,True
CYFIP2,go,0,0,True,False
ADAM19,go,0,0,True,False
RNF145,go,20,21,False,False
PWWP2A,go,20,1,False,False
SLU7,go,20,12,False,True
PTTG1,go,20,4,False,False
CCNG1,go,20,16,False,False
NUDCD2,go,20,38,False,False
HMMR,go,20,47,False,False
MAT2B,go,20,16,False,False
WWC1,go,0,0,True,False
PANK3,go,20,17,False,False
SPDL1,go,20,7,False,True
INSYN2B,go,0,0,True,False
NPM1,go,20,2,False,True
FBXW11,go,20,2,False,False
DUSP1,go,20,13,False,False
ATP6V0E1,go,20,23,False,False
CREBRF,go,0,0,True,False
NKX2-5,go,17,6,False,False
STC2,go,8,0,False,False
BOD1,go,20,1,False,False
CPEB4,go,20,4,False,False
SFXN1,go,16,1,False,False
KIAA1191,go,18,61,False,False
NOP16,go,20,28,False,True
CLTB,go,20,6,False,False
FAF2,go,20,4,False,True
UIMC1,go,20,8,False,False
MXD3,go,15,15,False,False
F12,go,20,19,False,False
GRK6,go,18,11,False,False
PRR7,go,20,1,False,False
DBN1,go,20,3,False,False
PDLIM7,go,20,14,False,False
HNRNPAB,go,20,3,False,False
CLK4,go,20,79,False,False
RUFY1,go,20,26,False,False
HNRNPH1,go,20,57,False,True
CANX,go,20,9,False,False
SQSTM1,go,20,1,False,False
MRNIP,go,20,22,False,False
CNOT6,go,20,13,False,False
HEIH,go,0,0,True,False
TRIM7,go,20,68,False,False
TRIM41,go,20,8,False,False
TRIM52,go,0,0,True,False
TRIM52-AS1,go,0,0,True,False
NQO2,go,20,6,False,False
TUBB2A,go,20,25,False,True
PSMG4,go,8,1,False,True
PXDC1,go,0,0,True,False
PRPF4B,go,20,22,False,True
ECI2,go,20,27,False,False
RREB1,go,16,0,False,False
RIOK1,go,20,26,False,True
DSP,go,0,0,True,False
SNRNP48,go,20,49,False,True
EEF1E1,go,20,19,False,False
TFAP2A,go,17,27,False,False
PAK1IP1,go,20,3,False,True
ADTRP,go,20,2,False,False
HIVEP1,go,13,69,False,False
EDN1,go,0,0,True,False
GFOD1,go,20,24,False,False
JARID2,go,20,1,False,False
ATXN1,go,20,13,False,False
CAP2,go,0,0,True,False
FAM8A1,go,20,6,False,False
NUP153,go,20,22,False,True
KIF13A,go,20,20,False,False
DEK,go,20,12,False,False
E2F3,go,12,28,False,False
SOX4,go,15,1,False,False
ACOT13,go,20,5,False,False
C6orf62,go,0,0,True,False
GMNN,go,20,14,False,False
TRIM38,go,20,12,False,False
HIST1H1C,go,20,5,False,False
HIST1H4C,go,20,10,False,False
HIST1H2AC,go,20,54,False,False
HIST1H1E,go,20,5,False,False
HIST1H1D,go,20,4,False,False
BTN3A2,go,19,21,False,False
BTN2A1,go,17,11,False,False
ZNF322,go,9,5,False,False
HIST1H2AH,go,20,28,False,False
HIST1H1B,go,20,8,False,False
ZSCAN16-AS1,go,0,0,True,False
TRIM27,go,20,10,False,False
HLA-A,go,0,0,True,False
PPP1R11,go,20,10,False,True
HCG18,go,0,0,True,False
RPP21,go,20,9,False,True
HLA-E,go,5,4,False,False
GNL1,go,20,7,False,False
PPP1R10,go,20,14,False,True
PPP1R18,go,18,21,False,False
NRM,go,20,45,False,False
MDC1,go,20,25,False,False
TUBB,go,20,15,False,True
FLOT1,go,5,1,False,False
IER3,go,20,33,False,False
DDR1,go,18,8,False,False
TCF19,go,17,53,False,False
HLA-C,go,20,27,False,True
HLA-B,go,20,10,False,False
MICA,go,19,5,False,False
NFKBIL1,go,20,5,False,False
PRRC2A,go,20,181,False,True
BAG6,go,20,2,False,True
GPANK1,go,20,10,False,False
DDAH2,go,20,4,False,False
LSM2,go,20,20,False,True
HSPA1A,go,0,0,True,False
HSPA1B,go,20,15,False,False
SNHG32,go,0,0,True,False
NEU1,go,20,11,False,False
EHMT2,go,20,2,False,True
ATF6B,go,15,15,False,False
RNF5,go,20,5,False,False
PSMB9,go,0,0,True,False
TAP1,go,0,0,True,False
BRD2,go,20,17,False,True
RPS18,go,20,59,False,True
WDR46,go,20,35,False,True
RGL2,go,18,11,False,False
TAPBP,go,20,1,False,False
DAXX,go,20,3,False,True
KIFC1,go,20,22,False,False
PHF1,go,20,30,False,False
BAK1,go,6,2,False,False
ITPR3,go,20,3,False,False
HMGA1,go,20,17,False,True
SMIM29,go,20,40,False,False
NUDT3,go,20,1,False,False
ILRUN,go,20,3,False,False
FKBP5,go,20,34,False,False
KCTD20,go,20,15,False,False
STK38,go,20,91,False,False
SRSF3,go,20,17,False,True
CDKN1A,go,16,2,False,False
PIM1,go,20,1,False,False
RNF8,go,20,10,False,True
CCDC167,go,20,121,False,False
ZFAND3,go,19,27,False,False
OARD1,go,20,1,False,False
FOXP4,go,4,59,False,False
BYSL,go,20,20,False,True
CCND3,go,20,17,False,True
UBR2,go,20,3,False,False
TBCC,go,20,17,False,True
C6orf226,go,0,0,True,False
KLHDC3,go,20,14,False,False
MRPL2,go,20,37,False,True
ZNF318,go,20,7,False,False
POLR1C,go,20,7,False,True
YIPF3,go,15,47,False,False
GTPBP2,go,20,17,False,False
MAD2L1BP,go,20,34,False,False
VEGFA,go,4,4,False,False
SLC29A1,go,9,6,False,False
HSP90AB1,go,20,6,False,False
SUPT3H,go,20,17,False,False
RUNX2,go,17,6,False,False
CENPQ,go,20,8,False,False
MCM3,go,20,15,False,True
EFHC1,go,0,0,True,False
TRAM2,go,20,4,False,False
TRAM2-AS1,go,0,0,True,False
TMEM14A,go,20,11,False,False
ICK,go,20,69,False,False
ELOVL5,go,20,5,False,False
GCLC,go,2,1,False,True
DST,go,20,4,False,False
BEND6,go,17,3,False,False
ZNF451,go,20,3,False,False
BAG2,go,20,3,False,False
PRIM2,go,20,4,False,True
PHF3,go,16,20,False,False
LMBRD1,go,20,3,False,False
SMAP1,go,20,8,False,False
OGFRL1,go,0,0,True,False
LINC00472,go,0,0,True,False
EEF1A1,go,20,22,False,True
SLC17A5,go,20,8,False,False
CD109,go,0,0,True,False
COL12A1,go,0,0,True,False
TMEM30A,go,20,5,False,False
SENP6,go,20,6,False,True
MYO6,go,20,21,False,False
PHIP,go,15,3,False,False
HMGN3,go,20,63,False,False
LCA5,go,0,0,True,False
TTK,go,20,12,False,True
TENT5A,go,0,0,True,False
IBTK,go,20,3,False,False
TPBG,go,0,0,True,False
PGM3,go,10,2,False,False
ME1,go,2,1,False,False
CYB5R4,go,7,0,False,False
CEP162,go,0,0,True,False
NT5E,go,0,0,True,False
SNX14,go,20,17,False,False
SYNCRIP,go,20,15,False,False
SNHG5,go,0,0,True,False
ZNF292,go,12,26,False,True
AKIRIN2,go,20,12,False,True
PNRC1,go,18,78,False,False
PM20D2,go,0,0,True,False
MDN1,go,20,60,False,True
CASP8AP2,go,20,5,False,True
UFL1,go,20,5,False,True
NDUFAF4,go,20,22,False,False
MMS22L,go,20,3,False,True
ASCC3,go,20,25,False,True
POPDC3,go,20,1,False,False
OSTM1,go,20,8,False,False
FOXO3,go,20,11,False,False
SESN1,go,20,6,False,False
CEP57L1,go,20,60,False,False
ZBTB24,go,13,10,False,False
WASF1,go,20,7,False,False
CDK19,go,20,9,False,False
AMD1,go,8,0,False,False
RPF2,go,20,16,False,True
MFSD4B,go,20,2,False,False
REV3L,go,20,24,False,True
FYN,go,8,4,False,True
FAM229B,go,19,59,False,False
LAMA4,go,0,0,True,False
NT5DC1,go,15,3,False,False
TSPYL4,go,20,35,False,False
DSE,go,0,0,True,False
TSPYL1,go,20,27,False,False
KPNA5,go,20,27,False,False
DCBLD1,go,0,0,True,False
GOPC,go,20,9,False,False
NUS1,go,20,2,False,True
CEP85L,go,20,10,False,False
ASF1A,go,20,28,False,False
MAN1A1,go,20,13,False,False
GJA1,go,0,0,True,False
HSF2,go,9,105,False,False
SERINC1,go,20,13,False,False
RNF217,go,20,29,False,False
TPD52L1,go,20,10,False,False
NCOA7,go,14,2,False,False
HINT3,go,20,19,False,False
TRMT11,go,18,6,False,False
CENPW,go,20,20,False,True
RNF146,go,20,71,False,False
PTPRK,go,0,0,True,False
ARHGAP18,go,20,12,False,False
TMEM200A,go,0,0,True,False
EPB41L2,go,20,24,False,True
ENPP1,go,0,0,True,False
CCN2,go,0,0,True,False
MOXD1,go,0,0,True,False
STX7,go,20,22,False,False
TBPL1,go,20,1,False,True
SGK1,go,20,12,False,False
AHI1,go,20,3,False,False
BCLAF1,go,20,16,False,True
IFNGR1,go,17,3,False,False
ARFGEF3,go,0,0,True,False
CCDC28A,go,19,81,False,False
CITED2,go,20,1,False,False
ADGRG6,go,0,0,True,False
HIVEP2,go,6,29,False,False
AIG1,go,19,64,False,False
PHACTR2,go,20,8,False,False
LTV1,go,20,21,False,True
PLAGL1,go,10,15,False,False
UTRN,go,20,13,False,False
FBXO30,go,0,0,True,False
SHPRH,go,20,19,False,False
RAB32,go,20,10,False,False
STXBP5,go,20,3,False,False
SASH1,go,20,1,False,False
TAB2,go,20,9,False,False
PPIL4,go,20,42,False,True
GINM1,go,20,108,False,False
KATNA1,go,20,36,False,False
LATS1,go,20,3,False,False
MTHFD1L,go,20,7,False,False
AKAP12,go,0,0,True,False
SYNE1,go,0,0,True,False
FBXO5,go,20,2,False,True
MTRF1L,go,20,17,False,False
RGS17,go,0,0,True,False
ARID1B,go,20,14,False,False
SNX9,go,20,12,False,False
SYNJ2,go,20,4,False,False
TULP4,go,20,36,False,False
EZR,go,17,5,False,False
RSPH3,go,0,0,True,False
SOD2,go,1,1,False,True
ACAT2,go,20,4,False,False
IGF2R,go,20,12,False,False
MAP3K4,go,20,5,False,False
AGPAT4,go,20,15,False,False
QKI,go,20,4,False,False
MPC1,go,20,22,False,False
RPS6KA2,go,0,0,True,False
RNASET2,go,20,15,False,False
AFDN,go,0,0,True,False
C6orf120,go,20,6,False,False
PHF10,go,20,14,False,True
FAM20C,go,0,0,True,False
COX19,go,20,47,False,False
ZFAND2A,go,20,7,False,False
MAFK,go,18,97,False,False
PSMG3,go,20,4,False,True
MRM2,go,20,3,False,False
NUDT1,go,20,7,False,False
IQCE,go,18,2,False,False
TTYH3,go,0,0,True,False
RBAK,go,7,45,False,False
TNRC18,go,20,14,False,False
ACTB,go,20,14,False,True
FSCN1,go,20,17,False,False
CCZ1,go,13,22,False,False
AIMP2,go,20,4,False,False
ZNF12,go,14,32,False,False
RPA3,go,20,11,False,True
NDUFA4,go,20,26,False,True
PHF14,go,12,11,False,False
TMEM106B,go,20,16,False,False
ARL4A,go,20,106,False,False
ETV1,go,11,29,False,False
TSPAN13,go,20,9,False,False
AHR,go,20,15,False,False
SNX13,go,20,5,False,False
HDAC9,go,20,10,False,False
TWIST1,go,20,0,False,False
TWISTNB,go,20,1,False,True
ITGB8,go,0,0,True,False
CDCA7L,go,20,108,False,False
STEAP1B,go,17,89,False,False
FAM126A,go,20,23,False,False
KLHL7,go,20,75,False,False
GPNMB,go,0,0,True,False
MALSU1,go,20,8,False,True
IGF2BP3,go,20,19,False,False
TRA2A,go,20,49,False,False
GSDME,go,0,0,True,False
OSBPL3,go,20,10,False,False
CYCS,go,20,14,False,True
NFE2L3,go,15,21,False,False
HNRNPA2B1,go,20,8,False,False
CBX3,go,20,9,False,False
TAX1BP1,go,20,25,False,False
CREB5,go,8,22,False,False
FKBP14,go,20,14,False,False
GGCT,go,20,15,False,False
GARS-DT,go,0,0,True,False
GARS,go,20,25,False,True
PDE1C,go,0,0,True,False
LSM5,go,20,13,False,True
AVL9,go,20,12,False,False
FKBP9,go,20,10,False,True
NT5C3A,go,20,6,False,False
RP9,go,20,17,False,False
EEPD1,go,0,0,True,False
ANLN,go,20,0,False,True
EPDR1,go,0,0,True,False
VPS41,go,20,12,False,True
RALA,go,20,11,False,False
CDK13,go,20,7,False,False
SUGCT,go,0,0,True,False
INHBA,go,0,0,True,False
MRPL32,go,20,50,False,True
STK17A,go,20,23,False,False
BLVRA,go,20,9,False,False
YKT6,go,20,7,False,True
DDX56,go,20,33,False,True
H2AFV,go,20,23,False,False
PURB,go,9,8,False,False
SNHG15,go,0,0,True,False
IGFBP3,go,0,0,True,False
TNS3,go,20,10,False,False
UPP1,go,0,0,True,False
FIGNL1,go,20,1,False,False
GRB10,go,20,3,False,False
EGFR,go,0,0,True,False
VOPP1,go,5,1,False,False
PSPH,go,20,6,False,False
ERV3-1,go,0,0,True,False
ZNF92,go,11,14,False,False
GUSB,go,20,17,False,False
ASL,go,20,5,False,False
CRCP,go,20,12,False,True
TPST1,go,0,0,True,False
RABGEF1,go,20,1,False,False
AC027644.3,go,0,0,True,False
NSUN5,go,20,1,False,False
BAZ1B,go,20,4,False,False
BCL7B,go,20,13,False,False
STX1A,go,13,5,False,False
ABHD11,go,20,12,False,True
LIMK1,go,20,27,False,False
RFC2,go,20,32,False,True
GTF2I,go,18,10,False,False
HIP1,go,0,0,True,False
RHBDD2,go,18,3,False,False
POR,go,1,0,False,False
HSPB1,go,20,3,False,False
RSBN1L,go,15,13,False,False
MAGI2-AS3,go,0,0,True,False
GNAI1,go,0,0,True,False
SEMA3C,go,1,1,False,False
CACNA2D1,go,0,0,True,False
SEMA3A,go,0,0,True,False
DMTF1,go,16,13,False,False
TMEM243,go,20,53,False,False
TP53TG1,go,0,0,True,False
DBF4,go,20,3,False,True
STEAP1,go,0,0,True,False
AKAP9,go,6,0,False,False
CYP51A1,go,20,7,False,False
ANKIB1,go,20,22,False,False
GATAD1,go,20,15,False,False
CDK6,go,20,4,False,True
SAMD9L,go,0,0,True,False
TFPI2,go,0,0,True,False
GNG11,go,0,0,True,False
BET1,go,20,29,False,True
CASD1,go,0,0,True,False
SGCE,go,0,0,True,False
PEG10,go,0,0,True,False
PPP1R9A,go,0,0,True,False
SLC25A13,go,14,0,False,False
SMURF1,go,20,6,False,False
ZNF394,go,11,37,False,False
ZNF655,go,12,22,False,False
TRIM4,go,20,38,False,False
ZKSCAN1,go,11,51,False,False
ZNF3,go,7,8,False,False
MCM7,go,20,20,False,True
AP4M1,go,20,6,False,False
PPP1R35,go,20,10,False,False
TSC22D4,go,15,13,False,False
MOSPD3,go,18,18,False,False
GIGYF1,go,20,46,False,False
POP7,go,20,12,False,True
TRIP6,go,20,37,False,False
SRRT,go,20,3,False,True
TRIM56,go,20,22,False,False
SERPINE1,go,0,0,True,False
PLOD3,go,20,6,False,False
ZNHIT1,go,20,16,False,True
IFT22,go,0,0,True,False
CUX1,go,11,5,False,False
ORAI2,go,20,25,False,False
POLR2J3,go,20,12,False,False
LRRC17,go,0,0,True,False
NAPEPLD,go,20,0,False,False
PMPCB,go,20,6,False,True
DNAJC2,go,20,13,False,False
KMT2E,go,20,7,False,False
SRPK2,go,20,16,False,False
PUS7,go,20,3,False,False
NAMPT,go,20,6,False,False
CCDC71L,go,2,0,False,False
PRKAR2B,go,20,4,False,False
HBP1,go,7,20,False,False
SLC26A4,go,0,0,True,False
CBLL1,go,20,24,False,True
LAMB1,go,20,8,False,True
PNPLA8,go,20,2,False,False
THAP5,go,20,14,False,False
DNAJB9,go,20,20,False,False
ZNF277,go,4,5,False,False
IFRD1,go,20,10,False,False
AC018464.1,go,0,0,True,False
MDFIC,go,0,0,True,False
TES,go,20,50,False,False
CAV2,go,8,0,False,False
CAV1,go,0,0,True,False
MET,go,0,0,True,False
FAM3C,go,20,52,False,False
AASS,go,0,0,True,False
WASL,go,20,4,False,False
ZNF800,go,20,30,False,False
RBM28,go,20,11,False,True
HILPDA,go,20,4,False,False
FLNC,go,20,44,False,False
UBE2H,go,20,34,False,True
CPA4,go,0,0,True,False
MEST,go,20,73,False,False
AUXG01000058.1,go,0,0,True,False
AC016831.7,go,0,0,True,False
AC016831.1,go,0,0,True,False
AC016831.5,go,0,0,True,False
LINC-PINT,go,0,0,True,False
MKLN1,go,20,14,False,False
PODXL,go,0,0,True,False
AKR1B1,go,0,0,True,False
CALD1,go,0,0,True,False
CNOT4,go,20,41,False,False
NUP205,go,20,28,False,True
PTN,go,0,0,True,False
DGKI,go,0,0,True,False
TRIM24,go,20,1,False,False
ZC3HAV1,go,20,13,False,False
UBN2,go,20,13,False,False
FMC1,go,20,14,False,False
LUC7L2,go,20,10,False,False
HIPK2,go,20,5,False,False
MKRN1,go,19,65,False,True
BRAF,go,20,9,False,False
CASP2,go,20,15,False,False
AC093673.1,go,0,0,True,False
ZYX,go,20,28,False,False
TCAF1,go,0,0,True,False
CUL1,go,20,12,False,True
EZH2,go,20,1,False,False
PDIA4,go,20,17,False,False
REPIN1,go,20,4,False,False
SLC4A2,go,18,5,False,False
CHPF2,go,20,12,False,False
NUB1,go,20,10,False,True
RHEB,go,20,33,False,False
PRKAG2,go,20,3,False,False
KMT2C,go,20,19,False,False
XRCC2,go,20,6,False,True
PAXIP1,go,20,1,False,False
INSIG1,go,20,1,False,False
RBM33,go,20,11,False,True
NOM1,go,20,21,False,True
NCAPG2,go,20,5,False,True
ESYT2,go,20,12,False,True
WDR60,go,20,14,False,False
FBXO25,go,20,18,False,False
ERICH1,go,19,73,False,False
CLN8,go,19,1,False,False
AC100810.1,go,0,0,True,False
ARHGEF10,go,20,3,False,False
AGPAT5,go,18,6,False,False
MFHAS1,go,20,1,False,False
ERI1,go,20,2,False,False
TNKS,go,20,2,False,False
FAM167A,go,0,0,True,False
FDFT1,go,20,31,False,False
CTSB,go,20,12,False,False
DLC1,go,20,4,False,False
ZDHHC2,go,0,0,True,False
VPS37A,go,20,21,False,True
PCM1,go,20,5,False,True
ASAH1,go,20,6,False,False
PSD3,go,0,0,True,False
SH2D4A,go,0,0,True,False
ATP6V1B2,go,20,31,False,True
FAM160B2,go,0,0,True,False
REEP4,go,20,24,False,False
BMP1,go,20,16,False,False
POLR3D,go,20,9,False,True
SLC39A14,go,10,4,False,False
SORBS3,go,20,13,False,False
TNFRSF10B,go,18,4,False,False
TNFRSF10D,go,0,0,True,False
R3HCC1,go,14,2,False,False
LOXL2,go,0,0,True,False
SLC25A37,go,20,32,False,False
STC1,go,0,0,True,False
DOCK5,go,0,0,True,False
KCTD9,go,20,10,False,False
CDCA2,go,20,15,False,False
BNIP3L,go,20,9,False,False
PNMA2,go,0,0,True,False
DPYSL2,go,20,29,False,False
SCARA3,go,0,0,True,False
ESCO2,go,20,1,False,False
PBK,go,20,7,False,False
ZNF395,go,16,25,False,False
KIF13B,go,0,0,True,False
DUSP4,go,0,0,True,False
SARAF,go,0,0,True,False
RBPMS,go,0,0,True,False
GSR,go,20,9,False,False
PPP2CB,go,20,7,False,True
WRN,go,20,11,False,False
NRG1,go,0,0,True,False
MAK16,go,20,9,False,True
ZNF703,go,20,0,False,False
RAB11FIP1,go,20,7,False,False
EIF4EBP1,go,20,5,False,False
PLPP5,go,0,0,True,False
FGFR1,go,20,10,False,False
TACC1,go,20,7,False,False
PLEKHA2,go,18,9,False,False
TM2D2,go,20,66,False,False
ADAM9,go,14,9,False,False
SFRP1,go,0,0,True,False
GINS4,go,20,7,False,True
KAT6A,go,20,20,False,False
AP3M2,go,11,2,False,False
PLAT,go,0,0,True,False
POLB,go,20,3,False,False
SLC20A2,go,20,18,False,False
SMIM19,go,20,71,False,False
THAP1,go,17,13,False,True
FNTA,go,20,1,False,True
PRKDC,go,20,6,False,False
MCM4,go,20,22,False,True
SNAI2,go,20,1,False,False
PCMTD1,go,20,23,False,False
RB1CC1,go,20,5,False,False
ATP6V1H,go,20,19,False,True
RGS20,go,17,22,False,False
TCEA1,go,20,52,False,False
MRPL15,go,20,42,False,True
TMEM68,go,20,0,False,False
TGS1,go,20,0,False,True
CHCHD7,go,8,2,False,False
SDCBP,go,20,6,False,False
CHD7,go,20,2,False,False
ASPH,go,20,2,False,False
GGH,go,20,21,False,False
YTHDF3,go,20,10,False,False
ARMC1,go,20,72,False,False
RRS1,go,20,8,False,True
MYBL1,go,14,3,False,False
VCPIP1,go,20,1,False,False
SNHG6,go,0,0,True,False
CSPP1,go,20,31,False,False
ARFGEF1,go,20,9,False,False
SULF1,go,0,0,True,False
NCOA2,go,20,17,False,False
TRAM1,go,20,7,False,False
LACTB2,go,20,6,False,False
MSC-AS1,go,0,0,True,False
TERF1,go,20,9,False,True
RDH10,go,20,2,False,False
TMEM70,go,20,8,False,False
ZFHX4,go,5,9,False,False
PKIA,go,0,0,True,False
ZC2HC1A,go,0,0,True,False
MRPS28,go,20,16,False,True
FABP5,go,20,3,False,False
IMPA1,go,20,5,False,False
LRRCC1,go,20,18,False,False
MMP16,go,0,0,True,False
AF117829.1,go,0,0,True,False
RIPK2,go,18,5,False,False
OSGIN2,go,14,2,False,False
NBN,go,3,2,False,False
C8orf88,go,0,0,True,False
PIP4P2,go,19,22,False,False
OTUD6B-AS1,go,0,0,True,False
FAM92A,go,20,5,False,False
RBM12B,go,20,27,False,False
TMEM67,go,0,0,True,False
PDP1,go,0,0,True,False
GEM,go,0,0,True,False
VIRMA,go,20,54,False,False
CCNE2,go,20,29,False,False
TP53INP1,go,0,0,True,False
PLEKHF2,go,15,11,False,False
GDF6,go,0,0,True,False
SDC2,go,0,0,True,False
CPQ,go,20,15,False,False
POP1,go,11,1,False,True
VPS13B,go,16,3,False,False
RNF19A,go,20,10,False,False
RRM2B,go,20,3,False,False
UBR5,go,20,8,False,True
KLF10,go,15,12,False,False
AZIN1,go,20,17,False,False
ATP6V1C1,go,20,18,False,True
FZD6,go,0,0,True,False
LRP12,go,20,7,False,False
AC027031.2,go,0,0,True,False
ANGPT1,go,8,6,False,False
EMC2,go,20,18,False,False
NUDCD1,go,20,75,False,False
TRPS1,go,12,15,False,False
UTP23,go,20,6,False,True
RAD21,go,20,7,False,True
EXT1,go,0,0,True,False
CCN3,go,0,0,True,False
DSCC1,go,20,11,False,False
ZHX1,go,14,78,False,False
ATAD2,go,20,70,False,False
FBXO32,go,0,0,True,False
FAM91A1,go,18,8,False,False
TATDN1,go,20,12,False,False
SQLE,go,20,12,False,False
NSMCE2,go,20,9,False,True
MYC,go,20,2,False,True
PVT1,go,0,0,True,False
EFR3A,go,20,11,False,True
NDRG1,go,0,0,True,False
ST3GAL1,go,0,0,True,False
KHDRBS3,go,0,0,True,False
CHRAC1,go,20,5,False,False
AGO2,go,20,6,False,False
PTK2,go,20,10,False,True
JRK,go,20,20,False,False
LY6E,go,20,2,False,False
GSDMD,go,0,0,True,False
GRINA,go,20,27,False,False
EXOSC4,go,20,13,False,True
BOP1,go,20,11,False,True
SLC52A2,go,15,15,False,False
CYHR1,go,20,92,False,False
ZNF7,go,5,9,False,False
C8orf33,go,19,97,False,False
WASHC1,go,0,0,True,False
SMARCA2,go,20,21,False,False
VLDLR,go,0,0,True,False
PUM3,go,0,0,True,False
GLIS3,go,6,45,False,False
CDC37L1,go,0,0,True,False
AK3,go,20,4,False,False
RCL1,go,20,2,False,True
KIAA2026,go,0,0,True,False
RANBP6,go,20,28,False,False
UHRF2,go,20,13,False,False
KDM4C,go,20,4,False,False
LURAP1L,go,0,0,True,False
MPDZ,go,0,0,True,False
NFIB,go,9,0,False,False
PSIP1,go,20,8,False,False
BNC2,go,19,9,False,False
CNTLN,go,0,0,True,False
HAUS6,go,20,18,False,True
PLIN2,go,20,4,False,False
DENND4C,go,20,12,False,False
RPS6,go,20,6,False,True
MLLT3,go,20,4,False,False
KLHL9,go,0,0,True,False
MIR31HG,go,0,0,True,False
MTAP,go,0,0,True,False
CDKN2A,go,0,0,True,False
CDKN2B,go,0,0,True,False
DMRTA1,go,7,3,False,False
IFT74,go,0,0,True,False
DDX58,go,0,0,True,False
TOPORS,go,20,0,False,False
DNAJA1,go,20,18,False,True
SMU1,go,20,14,False,True
B4GALT1,go,10,1,False,False
BAG1,go,20,82,False,False
CHMP5,go,20,12,False,True
NFX1,go,20,17,False,False
UBAP1,go,20,62,False,True
RPP25L,go,20,23,False,False
FANCG,go,20,8,False,False
FAM214B,go,0,0,True,False
CCDC107,go,20,125,False,False
CA9,go,0,0,True,False
TPM2,go,0,0,True,False
TLN1,go,20,26,False,True
CREB3,go,14,7,False,False
GBA2,go,3,0,False,False
HINT2,go,20,2,False,False
MELK,go,20,16,False,False
EBLN3P,go,0,0,True,False
ZCCHC7,go,20,74,False,False
POLR1E,go,20,8,False,True
EXOSC3,go,20,12,False,True
DCAF10,go,20,19,False,False
SHB,go,20,23,False,False
ALDH1B1,go,20,19,False,False
CNTNAP3,go,0,0,True,False
CNTNAP3B,go,0,0,True,False
TJP2,go,20,1,False,False
KLF9,go,12,3,False,False
CEMIP2,go,20,11,False,False
ZFAND5,go,20,1,False,False
ANXA1,go,6,2,False,False
C9orf40,go,0,0,True,False
RFK,go,20,27,False,False
GCNT1,go,0,0,True,False
PRUNE2,go,0,0,True,False
VPS13A,go,20,6,False,False
GNAQ,go,19,3,False,False
CEP78,go,20,17,False,False
PSAT1,go,20,54,False,True
TLE4,go,20,28,False,False
TLE1,go,0,0,True,False
GKAP1,go,20,26,False,False
RMI1,go,20,6,False,True
GOLM1,go,20,22,False,False
TUT7,go,20,3,False,False
DAPK1,go,20,10,False,False
CTSL,go,20,8,False,False
SPIN1,go,20,6,False,False
SHC3,go,0,0,True,False
CKS2,go,20,4,False,False
SECISBP2,go,20,3,False,False
NFIL3,go,18,23,False,False
NOL8,go,20,30,False,True
CARD19,go,0,0,True,False
NINJ1,go,15,2,False,False
FAM120AOS,go,19,68,False,False
AL158152.1,go,0,0,True,False
AOPEP,go,20,11,False,False
ERCC6L2,go,20,18,False,False
SLC35D2,go,13,3,False,False
ZNF367,go,5,19,False,False
HABP4,go,0,0,True,False
MFSD14C,go,0,0,True,False
XPA,go,20,6,False,False
ANP32B,go,20,1,False,False
NANS,go,20,3,False,False
TBC1D2,go,0,0,True,False
TGFBR1,go,3,1,False,False
ALG2,go,20,2,False,True
STX17,go,20,22,False,False
ERP44,go,20,10,False,False
TEX10,go,20,64,False,True
RNF20,go,20,13,False,True
SMC2,go,20,2,False,True
ABCA1,go,0,0,True,False
SLC44A1,go,0,0,True,False
TMEM38B,go,20,0,False,False
ZNF462,go,20,33,False,False
CTNNAL1,go,20,39,False,False
TMEM245,go,20,37,False,False
PALM2-AKAP2,go,0,0,True,False
LPAR1,go,0,0,True,False
ECPAS,go,20,5,False,False
PTGR1,go,0,0,True,False
DNAJC25,go,20,20,False,False
UGCG,go,20,0,False,False
PTBP3,go,20,7,False,False
HSDL2,go,20,15,False,False
SNX30,go,0,0,True,False
SLC31A1,go,14,3,False,False
PRPF4,go,20,14,False,True
POLE3,go,20,7,False,False
RGS3,go,0,0,True,False
ZNF618,go,15,9,False,False
ATP6V1G1,go,20,21,False,True
TNC,go,0,0,True,False
PAPPA,go,0,0,True,False
TLR4,go,0,0,True,False
CDK5RAP2,go,20,5,False,False
MEGF9,go,0,0,True,False
PHF19,go,20,53,False,False
CNTRL,go,20,3,False,False
GSN,go,20,6,False,False
STOM,go,20,22,False,False
RC3H2,go,13,1,False,False
RABGAP1,go,20,17,False,False
NEK6,go,20,29,False,False
ARPC5L,go,20,14,False,False
HSPA5,go,20,10,False,True
GAPVD1,go,20,17,False,False
PBX3,go,8,4,False,False
ZBTB43,go,4,9,False,False
RPL12,go,20,44,False,True
NIBAN2,go,0,0,True,False
ST6GALNAC6,go,18,2,False,False
DPM2,go,20,8,False,True
FAM102A,go,0,0,True,False
C9orf16,go,19,93,False,True
DNM1,go,20,17,False,True
GOLGA2,go,20,2,False,False
SWI5,go,20,1,False,False
COQ4,go,20,25,False,True
URM1,go,20,4,False,True
CERCAM,go,20,27,False,False
ODF2,go,20,7,False,False
SPTAN1,go,20,30,False,False
WDR34,go,20,38,False,False
ZDHHC12,go,17,11,False,False
AL441992.1,go,0,0,True,False
ENDOG,go,20,0,False,False
LRRC8A,go,19,1,False,False
NUP188,go,20,21,False,False
PTPA,go,20,2,False,False
IER5L,go,0,0,True,False
LINC00963,go,0,0,True,False
NTMT1,go,20,1,False,False
EXOSC2,go,20,14,False,True
ABL1,go,1,1,False,False
FIBCD1,go,0,0,True,False
UCK1,go,20,12,False,False
RAPGEF1,go,20,13,False,False
SETX,go,20,7,False,True
TTF1,go,20,30,False,False
GTF3C4,go,20,5,False,True
TSC1,go,7,1,False,False
RALGDS,go,17,19,False,False
SURF6,go,20,35,False,True
SURF1,go,20,13,False,False
REXO4,go,20,9,False,False
BRD3,go,11,28,False,False
MRPS2,go,20,13,False,True
CAMSAP1,go,20,0,False,False
NACC2,go,17,8,False,False
EGFL7,go,20,23,False,False
AGPAT2,go,20,4,False,False
SNHG7,go,0,0,True,False
PHPT1,go,20,0,False,False
FBXW5,go,19,25,False,False
NPDC1,go,0,0,True,False
SAPCD2,go,20,2,False,False
MAN1B1-DT,go,0,0,True,False
MAN1B1,go,20,6,False,False
DPP7,go,20,13,False,False
TPRN,go,19,3,False,False
TUBB4B,go,20,24,False,False
NELFB,go,20,6,False,True
TOR4A,go,20,8,False,False
NSMF,go,20,3,False,False
ZMYND19,go,18,62,False,False
ARRDC1-AS1,go,0,0,True,False
EHMT1,go,20,6,False,False
ZMYND11,go,20,13,False,False
LARP4B,go,20,22,False,False
GTPBP4,go,20,15,False,True
IDI1,go,20,4,False,False
PFKP,go,20,22,False,False
KLF6,go,10,74,False,False
MANCR,go,0,0,True,False
NET1,go,8,0,False,False
LINC02657,go,0,0,True,False
TASOR2,go,20,185,False,False
ANKRD16,go,20,41,False,False
PFKFB3,go,0,0,True,False
KIN,go,20,80,False,True
TAF3,go,20,16,False,True
SFTA1P,go,0,0,True,False
UPF2,go,20,16,False,True
CAMK1D,go,0,0,True,False
OPTN,go,20,4,False,False
MCM10,go,20,20,False,True
PHYH,go,20,5,False,False
SEPHS1,go,19,30,False,False
BEND7,go,0,0,True,False
FRMD4A,go,20,0,False,False
FAM107B,go,0,0,True,False
HSPA14_ENSG00000187522,go,0,0,True,False
RPP38,go,20,11,False,True
VIM,go,20,2,False,False
HACD1,go,0,0,True,False
ARL5B,go,18,35,False,False
DNAJC1,go,20,32,False,False
COMMD3,go,20,27,False,False
BMI1,go,20,2,False,False
PIP4K2A,go,20,5,False,False
MSRB2,go,20,11,False,False
KIAA1217,go,0,0,True,False
ARHGAP21,go,20,14,False,False
PRTFDC1,go,20,7,False,False
APBB1IP,go,0,0,True,False
ANKRD26,go,20,14,False,False
MASTL,go,20,13,False,True
ACBD5,go,20,19,False,False
WAC-AS1,go,0,0,True,False
BAMBI,go,19,4,False,False
SVIL,go,0,0,True,False
ZEB1,go,20,8,False,False
ARHGAP12,go,20,3,False,False
KIF5B,go,20,8,False,False
EPC1,go,20,18,False,False
ITGB1,go,3,3,False,False
NRP1,go,0,0,True,False
PARD3,go,18,0,False,False
CUL2,go,20,17,False,True
CREM,go,12,20,False,False
FZD8,go,0,0,True,False
ZNF248,go,5,27,False,False
ZNF33A,go,9,22,False,False
ZNF37A,go,15,25,False,False
ZNF33B,go,8,46,False,False
CSGALNACT2,go,0,0,True,False
HNRNPF,go,20,54,False,False
ZNF32,go,11,0,False,False
WASHC2C,go,20,14,False,False
NCOA4,go,20,0,False,True
ARHGAP22,go,20,33,False,False
ERCC6,go,0,0,True,False
PARG,go,20,5,False,False
WASHC2A,go,20,19,False,False
DKK1,go,0,0,True,False
ZWINT,go,20,20,False,True
UBE2D1,go,20,59,False,False
TFAM,go,20,10,False,True
BICC1,go,0,0,True,False
CCDC6,go,20,27,False,True
ANK3,go,4,2,False,False
CDK1,go,20,7,False,True
ARID5B,go,17,4,False,True
RTKN2,go,19,5,False,False
ADO,go,20,90,False,False
NRBF2,go,20,4,False,False
JMJD1C,go,17,6,False,False
LINC01515,go,0,0,True,False
SIRT1,go,4,1,False,False
HERC4,go,20,16,False,False
HNRNPH3,go,20,49,False,False
RUFY2,go,20,9,False,False
DNA2,go,20,15,False,False
TET1,go,20,9,False,False
DDX21,go,20,6,False,True
SRGN,go,12,0,False,False
VPS26A,go,20,18,False,False
SUPV3L1,go,20,4,False,True
HK1,go,3,2,False,False
COL13A1,go,0,0,True,False
H2AFY2,go,0,0,True,False
AIFM2,go,20,14,False,False
EIF4EBP2,go,20,1,False,False
PCBD1,go,20,12,False,False
VSIR,go,0,0,True,False
PSAP,go,1,0,False,False
CHST3,go,0,0,True,False
DDIT4,go,20,1,False,False
DNAJB12,go,20,11,False,False
MICU1,go,20,5,False,False
P4HA1,go,20,11,False,False
DNAJC9,go,20,42,False,True
PPP3CB,go,18,3,False,False
FUT11,go,20,22,False,False
ZSWIM8,go,20,6,False,False
CAMK2G,go,20,9,False,False
PLAU,go,0,0,True,False
VCL,go,20,7,False,False
KAT6B,go,20,31,False,False
SAMD8,go,0,0,True,False
ZNF503,go,20,9,False,False
KCNMA1,go,0,0,True,False
POLR3A,go,20,15,False,True
ZMIZ1,go,0,0,True,False
PPIF,go,20,4,False,False
ZCCHC24,go,0,0,True,False
NUTM2B-AS1,go,0,0,True,False
PLAC9,go,0,0,True,False
PRXL2A,go,18,3,False,True
TSPAN14,go,17,17,False,False
WAPL,go,0,0,True,False
GLUD1,go,20,4,False,False
SHLD2,go,20,6,False,False
LINC00863,go,0,0,True,False
PAPSS2,go,0,0,True,False
ATAD1,go,20,5,False,False
PTEN,go,0,0,True,True
ACTA2,go,0,0,True,False
FAS,go,0,0,True,False
LIPA,go,0,0,True,False
IFIT3,go,0,0,True,False
IFIT5,go,0,0,True,False
KIF20B,go,20,23,False,False
RPP30,go,20,10,False,True
ANKRD1,go,0,0,True,False
PCGF5,go,11,7,False,False
PPP1R3C,go,0,0,True,False
BTAF1,go,20,8,False,True
IDE,go,20,3,False,False
KIF11,go,20,46,False,True
MYOF,go,0,0,True,False
CEP55,go,20,5,False,False
FRA10AC1,go,18,20,False,False
PLCE1,go,0,0,True,False
NOC3L,go,20,6,False,True
HELLS,go,20,2,False,False
PDLIM1,go,20,7,False,False
ZNF518A,go,4,3,False,False
TM9SF3,go,17,15,False,False
ARHGAP19,go,20,162,False,False
RRP12,go,20,13,False,True
UBTD1,go,0,0,True,False
PI4K2A,go,20,11,False,False
AVPI1,go,20,4,False,False
MARVELD1,go,0,0,True,False
ZFYVE27,go,20,2,False,False
R3HCC1L,go,20,0,False,False
HPS1,go,20,12,False,False
GOT1,go,20,1,False,False
ENTPD7,go,13,0,False,False
CUTC,go,20,69,False,False
COX15,go,20,12,False,True
DNMBP,go,0,0,True,False
ERLIN1,go,20,20,False,False
BLOC1S2,go,4,2,False,False
SCD,go,20,29,False,True
SLF2,go,0,0,True,False
TWNK,go,20,7,False,True
LZTS2,go,20,2,False,False
SFXN3,go,0,0,True,False
DPCD,go,20,1,False,False
POLL,go,20,26,False,True
OGA,go,20,0,False,False
LDB1,go,20,3,False,True
PPRC1,go,20,7,False,True
NOLC1,go,20,3,False,True
NFKB2,go,9,34,False,False
FBXL15,go,18,15,False,False
RPARP-AS1,go,0,0,True,False
TRIM8,go,20,10,False,False
WBP1L,go,20,1,False,True
BORCS7,go,0,0,True,False
NT5C2,go,20,2,False,False
PCGF6,go,14,36,False,False
PDCD11,go,20,118,False,True
SH3PXD2A,go,0,0,True,False
STN1,go,20,10,False,False
SLK,go,20,5,False,False
SFR1,go,0,0,True,False
ITPRIP,go,20,23,False,False
ADD3,go,20,8,False,False
MXI1,go,14,62,False,False
SMNDC1,go,20,62,False,True
DUSP5,go,0,0,True,False
SMC3,go,20,8,False,True
PDCD4,go,20,0,False,False
SHOC2,go,20,26,False,True
GPAM,go,0,0,True,False
ZDHHC6,go,20,7,False,False
TCF7L2,go,20,2,False,False
NHLRC2,go,20,46,False,True
CCDC186,go,0,0,True,False
ABLIM1,go,0,0,True,False
FAM160B1,go,0,0,True,False
TRUB1,go,20,6,False,False
SHTN1,go,0,0,True,False
PDZD8,go,20,11,False,False
RAB11FIP2,go,0,0,True,False
CACUL1,go,20,0,False,False
DENND10,go,17,5,False,False
BAG3,go,20,3,False,False
MCMBP,go,20,58,False,True
SEC23IP,go,20,35,False,False
PLPP4,go,0,0,True,False
WDR11,go,20,5,False,False
ATE1,go,20,34,False,False
NSMCE4A,go,20,20,False,False
TACC2,go,0,0,True,False
PLEKHA1,go,20,3,False,False
HTRA1,go,0,0,True,False
PSTK,go,20,5,False,True
IKZF5,go,12,9,False,False
BUB3,go,20,19,False,True
EEF1AKMT2,go,20,8,False,False
ZRANB1,go,0,0,True,False
EDRF1,go,0,0,True,False
BCCIP,go,20,6,False,False
DHX32,go,20,47,False,False
ADAM12,go,0,0,True,False
DOCK1,go,0,0,True,False
PTPRE,go,0,0,True,False
MKI67,go,20,28,False,False
BNIP3,go,9,4,False,False
DPYSL4,go,0,0,True,False
STK32C,go,20,42,False,False
LRRC27,go,0,0,True,False
ZNF511,go,20,88,False,False
MTG1,go,20,25,False,False
IFITM2,go,19,2,False,True
IFITM3,go,20,9,False,True
SIGIRR,go,19,7,False,False
RASSF7,go,19,22,False,False
MIR210HG,go,0,0,True,False
DEAF1,go,7,15,False,False
AP006621.3,go,0,0,True,False
PNPLA2,go,20,5,False,False
CHID1,go,20,31,False,False
TOLLIP,go,20,1,False,False
MOB2,go,20,105,False,False
IFITM10,go,0,0,True,False
CTSD,go,20,17,False,False
TSSC4,go,20,0,False,False
KCNQ1OT1,go,0,0,True,False
PHLDA2,go,20,0,False,False
CARS,go,20,92,False,True
ZNF195,go,16,9,False,False
NUP98,go,20,19,False,True
RHOG,go,20,10,False,False
RRM1,go,20,3,False,True
TRIM22,go,0,0,True,False
APBB1,go,0,0,True,False
ARFIP2,go,20,9,False,False
TPP1,go,15,6,False,False
ST5,go,0,0,True,False
NRIP3,go,20,5,False,False
TMEM41B,go,20,4,False,False
IPO7,go,20,24,False,True
ZNF143,go,8,4,False,True
WEE1,go,20,9,False,True
SWAP70,go,0,0,True,False
SBF2,go,0,0,True,False
ADM,go,0,0,True,False
MTRNR2L8,go,0,0,True,False
RNF141,go,17,9,False,False
CTR9,go,20,5,False,True
EIF4G2,go,20,5,False,True
ZBED5,go,20,13,False,False
DKK3,go,0,0,True,False
MICAL2,go,19,1,False,False
TEAD1,go,17,13,False,False
ARNTL,go,20,6,False,False
BTBD10,go,20,10,False,False
FAR1,go,20,3,False,False
RRAS2,go,20,35,False,False
PIK3C2A,go,20,5,False,False
NUCB2,go,20,23,False,False
GTF2H1,go,20,8,False,True
LDHA,go,20,35,False,False
SPTY2D1,go,20,2,False,False
NAV2,go,0,0,True,False
SVIP,go,20,2,False,False
LUZP2,go,0,0,True,False
CCDC34,go,0,0,True,False
LGR4,go,2,0,False,False
BDNF,go,3,0,False,False
KIF18A,go,20,20,False,True
ARL14EP,go,20,131,False,False
PAX6,go,18,0,False,False
QSER1,go,19,1,False,False
CSTF3,go,20,33,False,True
HIPK3,go,20,60,False,False
KIAA1549L,go,0,0,True,False
FBXO3,go,20,55,False,False
CAPRIN1,go,20,21,False,False
CAT,go,0,0,True,False
CD44,go,0,0,True,False
FJX1,go,15,8,False,False
TRIM44,go,20,10,False,False
API5,go,20,21,False,False
TTC17,go,20,64,False,False
PEX16,go,20,7,False,False
PHF21A,go,20,39,False,False
CREB3L1,go,13,1,False,False
MDK,go,0,0,True,False
CKAP5,go,20,18,False,True
C11orf49,go,19,112,False,False
PACSIN3,go,20,20,False,False
DDB2,go,20,13,False,False
FNBP4,go,20,9,False,True
NUP160,go,20,22,False,True
PTPRJ,go,0,0,True,False
SSRP1,go,20,34,False,True
SLC43A3,go,20,1,False,False
UBE2L6,go,20,37,False,False
CLP1,go,3,1,False,True
MED19,go,20,21,False,True
CTNND1,go,20,18,False,False
FAM111B,go,0,0,True,False
FAM111A,go,20,8,False,False
OSBP,go,20,9,False,True
PATL1,go,20,2,False,False
STX3,go,20,9,False,False
CCDC86,go,20,224,False,True
TMEM109,go,20,0,False,False
TMEM132A,go,0,0,True,False
FEN1,go,20,11,False,True
FADS2,go,6,1,False,False
FADS1,go,9,5,False,False
FADS3,go,20,3,False,False
FTH1,go,20,12,False,False
INCENP,go,20,6,False,True
AHNAK,go,20,33,False,False
CSKMT,go,18,2,False,False
BSCL2,go,20,6,False,False
HNRNPUL2,go,20,51,False,False
TMEM223,go,18,16,False,False
TMEM179B,go,19,12,False,False
NXF1,go,20,46,False,True
WDR74,go,20,19,False,True
SNHG1,go,0,0,True,False
SLC3A2,go,20,7,False,False
PLAAT4,go,0,0,True,False
PLAAT3,go,0,0,True,False
RTN3,go,20,60,False,False
DNAJC4,go,20,47,False,False
VEGFB,go,20,2,False,False
PPP1R14B-AS1,go,0,0,True,False
ESRRA,go,10,5,False,False
PRDX5,go,20,13,False,False
EHD1,go,20,12,False,False
ATG2A,go,17,4,False,False
SAC3D1,go,20,42,False,False
CDCA5,go,20,27,False,True
ZFPL1,go,20,24,False,False
VPS51,go,20,19,False,True
TM7SF2,go,20,14,False,True
ZNHIT2,go,15,35,False,True
MRPL49,go,20,43,False,True
CAPN1,go,20,24,False,False
POLA2,go,20,13,False,True
DPF2,go,20,21,False,False
NEAT1,go,0,0,True,False
MALAT1,go,0,0,True,False
LTBP3,go,15,3,False,True
FAM89B,go,20,1,False,False
EHBP1L1,go,20,6,False,False
MAP3K11,go,20,11,False,False
KAT5,go,20,10,False,True
EFEMP2,go,0,0,True,False
CCDC85B,go,20,11,False,False
FOSL1,go,15,6,False,False
C11orf68,go,20,48,False,False
DRAP1,go,20,10,False,True
SART1,go,20,34,False,True
PACS1,go,20,12,False,False
YIF1A,go,20,30,False,False
RIN1,go,0,0,True,False
BRMS1,go,20,13,False,False
B4GAT1,go,0,0,True,False
RBM14,go,20,9,False,False
RBM4,go,20,4,False,True
LRFN4,go,17,5,False,False
RHOD,go,0,0,True,False
KDM2A,go,20,2,False,True
ANKRD13D,go,20,7,False,False
POLD4,go,20,3,False,False
CLCF1,go,0,0,True,False
CORO1B,go,20,23,False,False
TMEM134,go,20,32,False,False
AIP,go,20,1,False,False
CDK2AP2,go,20,14,False,False
UNC93B1,go,20,5,False,False
ALDH3B1,go,0,0,True,False
CHKA,go,20,3,False,False
KMT5B,go,0,0,True,False
PPP6R3,go,20,48,False,False
CPT1A,go,4,1,False,False
MYEOV,go,20,0,False,False
CCND1,go,20,3,False,True
DHCR7,go,20,16,False,False
NADSYN1,go,20,24,False,False
STARD10,go,20,8,False,False
RAB6A,go,20,42,False,True
MRPL48,go,20,43,False,False
UCP2,go,20,3,False,False
PPME1,go,20,2,False,True
PGM2L1,go,20,3,False,False
POLD3,go,20,7,False,True
RNF169,go,20,36,False,False
XRRA1,go,20,29,False,False
RPS3,go,20,2,False,True
SERPINH1,go,20,12,False,False
UVRAG,go,10,3,False,False
THAP12,go,20,11,False,False
AP002360.1,go,0,0,True,False
TSKU,go,0,0,True,False
RSF1,go,20,23,False,False
AAMDC,go,19,70,False,False
PRCP,go,20,1,False,False
RAB30-DT,go,0,0,True,False
PCF11,go,20,2,False,True
CCDC90B,go,20,67,False,False
TMEM126B,go,20,107,False,False
CREBZF,go,15,15,False,False
PICALM,go,17,4,False,False
PRSS23,go,0,0,True,False
RAB38,go,0,0,True,False
CTSC,go,20,13,False,False
CHORDC1,go,20,1,False,True
SLC36A4,go,0,0,True,False
CEP295,go,0,0,True,False
TAF1D,go,20,16,False,True
C11orf54,go,20,68,False,False
MED17,go,20,38,False,True
MRE11,go,20,10,False,False
AMOTL1,go,20,10,False,False
SRSF8,go,20,140,False,False
ENDOD1,go,20,30,False,False
FAM76B,go,20,9,False,False
CEP57,go,20,16,False,False
MTMR2,go,20,5,False,False
MAML2,go,20,0,False,False
CCDC82,go,20,25,False,False
JRKL,go,20,19,False,False
CEP126,go,0,0,True,False
YAP1,go,20,2,False,False
BIRC2,go,20,3,False,False
DYNC2H1,go,0,0,True,False
CASP4,go,0,0,True,False
MSANTD4,go,18,83,False,False
AASDHPPT,go,20,2,False,True
CWF19L2,go,20,2,False,True
SLC35F2,go,20,11,False,False
CUL5,go,20,10,False,False
NPAT,go,20,37,False,True
ATM,go,20,5,False,False
POGLUT3,go,0,0,True,True
DDX10,go,20,24,False,True
ZC3H12C,go,0,0,True,False
LAYN,go,0,0,True,False
C11orf1,go,20,73,False,False
CRYAB,go,20,6,False,False
DIXDC1,go,20,1,False,False
NKAPD1,go,19,34,False,True
LINC02762,go,0,0,True,False
USP28,go,20,28,False,False
NNMT,go,1,0,False,False
RBM7,go,20,1,False,False
ZPR1,go,0,0,True,False
TAGLN,go,0,0,True,False
PCSK7,go,20,5,False,False
RNF214,go,17,9,False,False
BACE1,go,0,0,True,False
CEP164,go,20,49,False,False
KMT2A,go,20,9,False,False
ARCN1,go,20,23,False,True
PHLDB1,go,20,4,False,False
DDX6,go,20,31,False,True
BCL9L,go,0,0,True,False
SLC37A4,go,20,33,False,False
HYOU1,go,20,19,False,True
VPS11,go,20,6,False,False
H2AFX,go,20,10,False,True
RNF26,go,20,14,False,False
THY1,go,0,0,True,False
OAF,go,0,0,True,False
ARHGEF12,go,20,80,False,False
MIR100HG,go,0,0,True,False
UBASH3B,go,19,0,False,False
HSPA8,go,20,8,False,True
CLMP,go,0,0,True,False
TBRG1,go,20,20,False,False
SPA17,go,19,6,False,False
NRGN,go,18,1,False,False
CHEK1,go,20,6,False,True
RPUSD4,go,20,16,False,True
DCPS,go,20,5,False,False
ETS1,go,14,34,False,False
APLP2,go,20,24,False,False
ZBTB44,go,20,92,False,True
NTM,go,0,0,True,False
NCAPD3,go,20,9,False,True
THYN1,go,20,23,False,False
KDM5A,go,20,10,False,False
CCDC77,go,20,6,False,False
WNK1,go,20,3,False,True
ERC1,go,20,2,False,False
WNT5B,go,20,3,False,False
ADIPOR2,go,15,1,False,False
DCP1B,go,0,0,True,False
FKBP4,go,20,6,False,False
ITFG2,go,20,6,False,False
FOXM1,go,20,13,False,False
RHNO1,go,20,9,False,False
TULP3,go,0,0,True,False
TEAD4,go,15,10,False,False
TIGAR,go,0,0,True,False
RAD51AP1,go,20,25,False,False
DYRK4,go,20,59,False,False
CD9,go,20,10,False,False
TNFRSF1A,go,19,2,False,False
LTBR,go,20,14,False,False
NCAPD2,go,20,12,False,True
GAPDH,go,20,4,False,True
NOP2,go,20,11,False,True
CHD4,go,20,49,False,True
ING4,go,20,7,False,False
MLF2,go,20,126,False,False
PTMS,go,20,3,False,False
P3H3,go,0,0,True,False
CDCA3,go,20,38,False,False
USP5,go,20,30,False,True
TPI1,go,20,9,False,True
ENO2,go,20,11,False,False
C12orf57,go,20,1,False,False
PHB2,go,7,2,False,True
EMG1,go,20,17,False,True
LPCAT3,go,11,3,False,False
C1RL,go,20,8,False,False
SLC2A3,go,20,11,False,False
NECAP1,go,18,22,False,False
PHC1,go,0,0,True,False
M6PR,go,20,19,False,False
GABARAPL1,go,18,10,False,False
MAGOHB,go,20,27,False,False
YBX3,go,20,1,False,True
PRH1,go,0,0,True,False
SMIM10L1,go,0,0,True,False
ETV6,go,20,21,False,False
LRP6,go,4,3,False,False
MANSC1,go,0,0,True,False
CREBL2,go,12,3,False,False
CDKN1B,go,20,3,False,False
APOLD1,go,0,0,True,False
GPRC5A,go,0,0,True,False
HEBP1,go,20,2,False,False
EMP1,go,0,0,True,False
ATF7IP,go,20,43,False,False
H2AFJ,go,0,0,True,False
WBP11,go,20,25,False,True
ARHGDIB,go,20,19,False,False
EPS8,go,0,0,True,False
STRAP,go,20,1,False,True
DERA,go,20,4,False,False
MGST1,go,20,28,False,False
PLEKHA5,go,20,7,False,False
AEBP2,go,20,14,False,False
PYROXD1,go,19,4,False,True
RECQL,go,20,37,False,False
GOLT1B,go,20,72,False,True
LDHB,go,20,40,False,False
CMAS,go,20,11,False,False
C2CD5,go,0,0,True,False
ETNK1,go,20,82,False,False
BCAT1,go,20,1,False,False
ETFRF1,go,18,41,False,False
KRAS,go,20,16,False,False
RASSF8-AS1,go,0,0,True,False
RASSF8,go,0,0,True,False
BHLHE41,go,12,8,False,False
SSPN,go,0,0,True,False
ITPR2,go,20,3,False,False
INTS13,go,20,11,False,True
FGFR1OP2,go,20,36,False,False
TM7SF3,go,18,7,False,False
STK38L,go,20,83,False,False
ARNTL2,go,19,12,False,False
PPFIBP1,go,20,19,False,False
MRPS35,go,20,16,False,True
KLHL42,go,20,13,False,False
CCDC91,go,20,27,False,False
IPO8,go,20,37,False,False
CAPRIN2,go,0,0,True,False
AC010198.2,go,0,0,True,False
DDX11,go,20,14,False,True
SINHCAF,go,20,16,False,False
DENND5B,go,0,0,True,False
AMN1,go,13,3,False,False
RESF1,go,18,5,False,False
BICD1,go,20,0,False,False
AC026356.2,go,0,0,True,False
FGD4,go,20,17,False,False
DNM1L,go,20,5,False,True
YARS2,go,20,28,False,True
PKP2,go,0,0,True,False
KIF21A,go,20,33,False,False
GXYLT1,go,20,0,False,False
YAF2,go,20,111,False,False
PUS7L,go,20,23,False,False
ANO6,go,11,1,False,False
ARID2,go,20,14,False,False
SLC38A1,go,20,14,False,False
SLC38A2,go,9,8,False,False
AMIGO2,go,0,0,True,False
RPAP3,go,20,9,False,True
SLC48A1,go,20,27,False,False
HDAC7,go,20,6,False,True
TMEM106C,go,20,122,False,False
CCNT1,go,20,10,False,False
CACNB3,go,20,0,False,True
DDX23,go,20,16,False,True
FKBP11,go,20,11,False,False
PRKAG1,go,20,5,False,False
LMBR1L,go,13,9,False,False
TUBA1B,go,20,19,False,True
TUBA1A,go,20,22,False,False
TUBA1C,go,20,16,False,True
TROAP,go,19,52,False,False
DNAJC22,go,0,0,True,False
SPATS2,go,20,41,False,False
FMNL3,go,20,18,False,False
NCKAP5L,go,20,14,False,False
RACGAP1,go,20,6,False,False
SMARCD1,go,20,14,False,False
LIMA1,go,20,16,False,False
LARP4,go,20,12,False,False
DIP2B,go,20,8,False,False
ATF1,go,20,1,False,False
LETMD1,go,20,31,False,False
DAZAP2,go,20,3,False,False
SMAGP,go,20,41,False,True
ATG101,go,0,0,True,False
KRT80,go,0,0,True,False
KRT7,go,0,0,True,False
KRT81,go,0,0,True,False
KRT8,go,20,11,False,True
KRT18,go,20,8,False,False
EIF4B,go,20,11,False,True
TNS2,go,0,0,True,False
IGFBP6,go,0,0,True,False
CSAD,go,12,1,False,False
RARG,go,17,8,False,False
C12orf10,go,0,0,True,False
CALCOCO1,go,20,17,False,False
CBX5,go,20,16,False,False
ITGA5,go,10,6,False,False
ITGA7,go,0,0,True,False
RDH5,go,0,0,True,False
CD63,go,20,11,False,False
GDF11,go,20,0,False,False
DGKA,go,0,0,True,False
CDK2,go,20,7,False,True
RAB5B,go,20,32,False,False
PA2G4,go,20,22,False,False
MYL6,go,20,5,False,False
SMARCC2,go,20,15,False,False
RNF41,go,20,0,False,False
STAT2,go,19,10,False,False
TIMELESS,go,20,5,False,True
BAZ2A,go,20,0,False,False
PTGES3,go,20,7,False,False
PRIM1,go,20,3,False,True
NAB2,go,20,5,False,False
STAT6,go,19,7,False,False
LRP1,go,0,0,True,False
SHMT2,go,20,5,False,False
R3HDM2,go,20,106,False,False
MARS,go,20,3,False,True
DDIT3,go,20,6,False,False
MBD6,go,20,40,False,False
B4GALNT1,go,20,2,False,False
OS9,go,20,12,False,False
AGAP2-AS1,go,0,0,True,False
TSPAN31,go,20,35,False,False
MARCH9,go,18,8,False,False
TSFM,go,20,21,False,True
CTDSP2,go,20,11,False,False
GIHCG,go,0,0,True,False
SLC16A7,go,0,0,True,False
USP15,go,20,19,False,False
MON2,go,20,47,False,False
AC048341.1,go,0,0,True,False
RXYLT1,go,20,18,False,False
SRGAP1,go,0,0,True,False
XPOT,go,20,10,False,False
TBK1,go,20,6,False,False
RASSF3,go,20,47,False,False
GNS,go,20,17,False,False
MSRB3,go,0,0,True,False
AC026124.1,go,0,0,True,False
HMGA2,go,20,0,False,False
CAND1,go,20,43,False,False
DYRK2,go,20,56,False,False
NUP107,go,20,24,False,True
SLC35E3,go,20,3,False,False
MDM2,go,20,8,False,False
CPSF6,go,20,4,False,True
YEATS4,go,20,20,False,True
FRS2,go,0,0,True,False
RAB3IP,go,20,6,False,False
AC025159.1,go,0,0,True,False
CNOT2,go,20,11,False,True
PTPRB,go,0,0,True,False
ZFC3H1,go,18,11,False,True
TMEM19,go,20,106,False,False
RAB21,go,20,18,False,False
TBC1D15,go,20,26,False,False
TRHDE,go,0,0,True,False
TRHDE-AS1,go,0,0,True,False
ATXN7L3B,go,20,71,False,False
GLIPR1,go,0,0,True,False
KRR1,go,20,75,False,True
PHLDA1,go,0,0,True,False
OSBPL8,go,20,6,False,False
ZDHHC17,go,20,4,False,False
CSRP2,go,0,0,True,False
E2F7,go,20,0,False,False
NAV3,go,0,0,True,False
SYT1,go,0,0,True,False
PAWR,go,0,0,True,False
CCDC59,go,20,118,False,True
SLC6A15,go,0,0,True,False
C12orf29,go,5,2,False,False
CEP290,go,20,14,False,False
TMTC3,go,0,0,True,False
KITLG,go,0,0,True,False
DUSP6,go,0,0,True,False
ATP2B1,go,15,5,False,False
BTG1,go,20,2,False,False
EEA1,go,20,9,False,False
NUDT4,go,20,1,False,False
CEP83,go,0,0,True,False
TMCC3,go,0,0,True,False
FGD6,go,20,8,False,False
VEZT,go,20,3,False,True
NTN4,go,0,0,True,False
SNRPF,go,20,13,False,True
LTA4H,go,20,10,False,False
ELK3,go,15,88,False,False
CDK17,go,20,47,False,False
NEDD1,go,20,32,False,True
TMPO-AS1,go,0,0,True,False
TMPO,go,18,6,False,False
IKBIP,go,17,220,False,False
APAF1,go,20,7,False,False
UHRF1BP1L,go,20,18,False,False
ACTR6,go,20,11,False,True
SCYL2,go,9,0,False,False
GAS2L3,go,0,0,True,False
UTP20,go,20,16,False,True
CHPT1,go,20,34,False,False
GNPTAB,go,20,14,False,False
DRAM1,go,20,27,False,False
NUP37,go,20,58,False,False
PARPBP,go,20,34,False,False
HELLPAR,go,0,0,True,False
HSP90B1,go,20,30,False,True
TDG,go,20,3,False,False
NFYB,go,20,44,False,True
TXNRD1,go,20,22,False,False
CHST11,go,11,2,False,False
C12orf45,go,20,23,False,True
WASHC4,go,20,4,False,False
APPL2,go,0,0,True,False
C12orf75,go,0,0,True,False
NUAK1,go,20,26,False,False
TMEM263,go,0,0,True,False
CRY1,go,20,0,False,False
PRDM4,go,6,3,False,True
FICD,go,0,0,True,False
SART3,go,20,1,False,True
ISCU,go,20,18,False,True
CORO1C,go,7,0,False,False
SSH1,go,0,0,True,False
ALKBH2,go,20,1,False,False
UNG,go,20,11,False,False
MMAB,go,20,7,False,False
TCHP,go,20,18,False,False
ANKRD13A,go,19,5,False,False
C12orf76,go,0,0,True,False
IFT81,go,20,20,False,False
ATP2A2,go,14,4,False,True
ANAPC7,go,20,17,False,False
GPN3,go,20,30,False,True
FAM216A,go,0,0,True,False
PPTC7,go,20,29,False,False
TCTN1,go,20,0,False,False
PPP1CC,go,20,4,False,False
SH2B3,go,12,1,False,False
ATXN2,go,20,10,False,False
BRAP,go,20,5,False,False
ALDH2,go,12,5,False,False
MAPKAPK5-AS1,go,0,0,True,False
NAA25,go,20,24,False,True
DDX54,go,20,17,False,True
RITA1,go,0,0,True,False
TPCN1,go,0,0,True,False
PLBD2,go,20,26,False,False
SDSL,go,20,2,False,False
RBM19,go,20,18,False,True
MED13L,go,20,1,False,False
C12orf49,go,20,30,False,False
FBXO21,go,20,17,False,False
RFC5,go,20,36,False,True
VSIG10,go,14,1,False,False
TAOK3,go,20,11,False,False
TMEM233,go,0,0,True,False
CIT,go,20,1,False,False
PXN,go,13,6,False,True
TRIAP1,go,20,2,False,True
NRAV,go,0,0,True,False
COQ5,go,20,7,False,True
RNF10,go,14,1,False,False
UNC119B,go,20,9,False,False
SPPL3,go,20,4,False,False
KDM2B,go,20,2,False,False
ORAI1,go,20,8,False,False
RHOF,go,0,0,True,False
BCL7A,go,20,14,False,False
MLXIP,go,7,9,False,False
VPS33A,go,20,7,False,True
CLIP1,go,20,28,False,False
ZCCHC8,go,20,11,False,False
RSRC2,go,20,41,False,True
KNTC1,go,20,13,False,False
VPS37B,go,20,23,False,False
MPHOSPH9,go,20,35,False,False
C12orf65,go,20,8,False,False
SBNO1,go,20,1,False,True
KMT5A,go,0,0,True,False
RILPL2,go,20,57,False,False
SNRNP35,go,20,4,False,True
RILPL1,go,0,0,True,False
DDX55,go,20,137,False,True
GTF2H3,go,20,17,False,True
CCDC92,go,20,47,False,False
ZNF664,go,14,33,False,False
NCOR2,go,20,14,False,False
UBC,go,20,14,False,True
BRI3BP,go,20,75,False,False
STX2,go,20,12,False,False
RAN,go,20,3,False,True
SFSWAP,go,20,10,False,True
ULK1,go,0,0,True,False
EP400,go,20,23,False,True
NOC4L,go,20,40,False,True
POLE,go,20,11,False,True
PXMP2,go,20,105,False,False
ANKLE2,go,20,23,False,True
GOLGA3,go,20,38,False,False
ZNF605,go,4,9,False,False
ZNF26,go,11,46,False,False
ZNF84,go,14,25,False,True
ZNF268,go,15,12,False,False
MPHOSPH8,go,20,22,False,False
PSPC1,go,20,14,False,False
ZMYM5,go,18,37,False,False
ZMYM2,go,20,22,False,False
IFT88,go,20,22,False,False
LATS2,go,0,0,True,False
SKA3,go,20,32,False,True
ZDHHC20,go,20,8,False,False
MICU2,go,20,6,False,False
SACS,go,20,7,False,False
PARP4,go,20,13,False,False
CENPJ,go,20,9,False,True
MTMR6,go,0,0,True,False
NUP58,go,0,0,True,False
SHISA2,go,0,0,True,False
RNF6,go,20,15,False,False
USP12,go,20,56,False,False
MTIF3,go,20,4,False,False
SLC7A1,go,20,13,False,False
UBL3,go,19,62,False,False
KATNAL1,go,20,29,False,False
HMGB1,go,5,1,False,True
USPL1,go,20,0,False,True
HSPH1,go,20,46,False,True
B3GLCT,go,0,0,True,False
BRCA2,go,20,2,False,True
N4BP2L2,go,18,8,False,False
PDS5B,go,20,36,False,False
RFC3,go,20,15,False,True
NBEA,go,0,0,True,False
MAB21L1,go,0,0,True,False
SPART,go,20,7,False,False
SMAD9,go,11,7,False,False
ALG5,go,20,13,False,False
EXOSC8,go,20,10,False,True
UFM1,go,20,8,False,True
NHLRC3,go,20,6,False,False
COG6,go,20,9,False,True
MRPS31,go,20,20,False,True
ELF1,go,11,6,False,False
WBP4,go,20,41,False,False
NAA16,go,20,19,False,False
DGKH,go,20,4,False,False
AKAP11,go,20,4,False,False
TSC22D1,go,17,65,False,False
NUFIP1,go,20,5,False,True
TPT1,go,20,7,False,True
TPT1-AS1,go,0,0,True,False
COG3,go,20,31,False,True
NUDT15,go,20,2,False,True
MED4,go,20,39,False,True
ITM2B,go,20,64,False,False
RB1,go,20,0,False,False
FNDC3A,go,20,11,False,False
RCBTB1,go,0,0,True,False
DLEU2,go,0,0,True,False
TRIM13,go,20,12,False,False
DLEU1,go,0,0,True,False
RNASEH2B,go,1,0,False,False
INTS6,go,20,13,False,True
WDFY2,go,17,8,False,False
CKAP2,go,20,8,False,False
DIAPH3,go,20,22,False,False
TDRD3,go,20,84,False,False
PCDH9,go,0,0,True,False
MZT1,go,20,5,False,True
DIS3,go,20,18,False,True
PIBF1,go,20,1,False,False
KLF5,go,16,1,False,False
KLF12,go,16,112,False,False
TBC1D4,go,20,17,False,False
LMO7,go,0,0,True,False
CLN5,go,20,11,False,False
OBI1,go,12,5,False,False
NDFIP2,go,20,5,False,False
SPRY2,go,12,3,False,False
GPC6,go,0,0,True,False
DZIP1,go,20,4,False,False
DNAJC3,go,20,9,False,False
UGGT2,go,20,10,False,False
MBNL2,go,20,15,False,False
IPO5,go,20,11,False,False
FARP1,go,16,4,False,False
STK24,go,20,51,False,False
TM9SF2,go,20,5,False,False
PCCA,go,20,19,False,False
ITGBL1,go,0,0,True,False
TPP2,go,20,17,False,True
TEX30,go,5,2,False,False
ERCC5,go,20,12,False,False
EFNB2,go,0,0,True,False
ARGLU1,go,20,137,False,True
FAM155A,go,0,0,True,False
AL161431.1,go,0,0,True,False
IRS2,go,0,0,True,False
COL4A1,go,0,0,True,False
COL4A2,go,0,0,True,False
ING1,go,20,14,False,False
ANKRD10,go,20,79,False,False
TUBGCP3,go,20,9,False,True
PCID2,go,20,2,False,True
LAMP1,go,20,26,False,False
TFDP1,go,20,10,False,True
TMEM255B,go,0,0,True,False
GAS6,go,2,2,False,False
GAS6-DT,go,0,0,True,False
RASA3,go,20,10,False,False
CHAMP1,go,20,3,False,False
CCNB1IP1,go,18,8,False,False
PARP2,go,20,6,False,False
PIP4P1,go,19,8,False,False
PNP,go,3,1,False,False
RNASE4,go,0,0,True,False
ARHGEF40,go,0,0,True,False
SUPT16H,go,20,8,False,True
TOX4,go,8,9,False,True
MMP14,go,0,0,True,False
LRP10,go,5,0,False,False
PRMT5,go,20,2,False,True
HAUS4,go,20,16,False,True
AJUBA,go,0,0,True,False
ACIN1,go,20,19,False,True
NGDN,go,20,11,False,False
DHRS4-AS1,go,0,0,True,False
EMC9,go,20,11,False,False
IRF9,go,13,41,False,False
CHMP4A,go,20,13,False,False
MDP1,go,20,9,False,False
NOVA1,go,0,0,True,False
G2E3,go,20,56,False,False
STRN3,go,20,6,False,False
ARHGAP5,go,20,46,False,False
SPTSSA,go,20,14,False,True
EAPP,go,20,43,False,False
BAZ1A,go,13,4,False,False
SRP54,go,20,6,False,True
PPP2R3C,go,20,0,False,True
NFKBIA,go,20,5,False,False
RALGAPA1,go,20,14,False,False
MBIP,go,20,6,False,True
MIPOL1,go,17,82,False,False
TRAPPC6B,go,20,9,False,False
PNN,go,20,4,False,True
MIA2,go,20,0,False,False
FBXO33,go,16,15,False,False
TOGARAM1,go,20,6,False,False
PRPF39,go,20,3,False,True
MIS18BP1,go,20,38,False,True
LRR1,go,20,92,False,True
DNAAF2,go,20,3,False,False
POLE2,go,20,25,False,True
KLHDC2,go,20,11,False,False
AL627171.2,go,0,0,True,False
SOS2,go,0,0,True,False
SAV1,go,19,3,False,False
NIN,go,20,1,False,False
PYGL,go,20,6,False,False
FRMD6,go,0,0,True,False
FRMD6-AS1,go,0,0,True,False
NID2,go,0,0,True,False
ERO1A,go,0,0,True,False
AL133453.1,go,0,0,True,False
FERMT2,go,20,8,False,False
DDHD1,go,20,55,False,False
BMP4,go,0,0,True,False
CDKN3,go,20,15,False,False
CGRRF1,go,0,0,True,False
SAMD4A,go,0,0,True,False
WDHD1,go,20,28,False,True
SOCS4,go,15,0,False,False
LGALS3,go,0,0,True,False
DLGAP5,go,20,4,False,False
ATG14,go,0,0,True,False
OTX2,go,10,0,False,False
EXOC5,go,20,7,False,True
PSMA3-AS1,go,0,0,True,False
ARID4A,go,20,14,False,False
TIMM9,go,20,13,False,True
KIAA0586,go,20,47,False,True
DAAM1,go,20,42,False,False
GPR135,go,0,0,True,False
JKAMP,go,20,13,False,False
PCNX4,go,20,88,False,False
DHRS7,go,19,7,False,False
PPM1A,go,20,8,False,False
SIX1,go,12,4,False,False
SIX4,go,5,2,False,False
HIF1A,go,20,1,False,False
SNAPC1,go,20,7,False,True
RHOJ,go,0,0,True,False
SYNE2,go,0,0,True,False
MTHFD1,go,20,3,False,True
ZBTB25,go,15,29,False,False
ZBTB1,go,10,4,False,False
MAX,go,20,19,False,True
FUT8,go,20,7,False,False
RDH11,go,20,4,False,False
ZFP36L1,go,20,3,False,False
DCAF5,go,20,44,False,False
MED6,go,20,31,False,True
PCNX1,go,0,0,True,False
SIPA1L1,go,0,0,True,False
ZFYVE1,go,0,0,True,False
PSEN1,go,2,0,False,False
NUMB,go,20,5,False,False
PNMA1,go,20,77,False,False
ELMSAN1,go,20,7,False,False
ZNF410,go,6,12,False,False
ABCD4,go,19,4,False,False
NPC2,go,20,12,False,False
ISCA2,go,20,22,False,True
LTBP2,go,0,0,True,False
YLPM1,go,20,130,False,False
EIF2B2,go,20,6,False,True
MLH3,go,20,4,False,False
ACYP1,go,2,1,False,False
NEK9,go,20,114,False,False
IFT43,go,20,24,False,False
GPATCH2L,go,19,48,False,False
IRF2BPL,go,9,43,False,False
GSTZ1,go,20,21,False,False
SNW1,go,20,3,False,True
DIO2,go,0,0,True,False
CEP128,go,0,0,True,False
GTF2A1,go,20,21,False,True
SEL1L,go,20,16,False,False
SPATA7,go,0,0,True,False
PTPN21,go,0,0,True,False
ZC3H14,go,20,15,False,False
FOXN3,go,10,3,False,False
NRDE2,go,20,8,False,True
DGLUCY,go,20,8,False,False
PPP4R3A,go,0,0,True,False
TRIP11,go,20,3,False,False
ATXN3,go,20,11,False,False
CPSF2,go,20,15,False,True
LGMN,go,8,3,False,False
GOLGA5,go,20,3,False,False
MOAP1,go,0,0,True,False
TMEM251,go,18,11,False,False
UBR7,go,20,16,False,False
BTBD7,go,20,7,False,False
IFI27L2,go,18,15,False,False
DICER1,go,20,5,False,True
SNHG10,go,0,0,True,False
VRK1,go,20,63,False,False
CCNK,go,20,11,False,True
SLC25A29,go,20,4,False,False
WARS,go,20,11,False,True
MEG3,go,0,0,True,False
MEG8,go,0,0,True,False
PPP2R5C,go,20,13,False,False
DYNC1H1,go,20,6,False,True
HSP90AA1,go,20,12,False,False
MOK,go,20,50,False,True
ANKRD9,go,20,3,False,False
RCOR1,go,20,27,False,True
EIF5,go,20,30,False,True
MARK3,go,20,52,False,False
BAG5,go,20,12,False,False
SIVA1,go,20,2,False,False
AHNAK2,go,0,0,True,False
CDCA4,go,20,207,False,False
NUDT14,go,20,7,False,False
CRIP2,go,0,0,True,False
TEDC1,go,20,6,False,False
SNRPN,go,0,0,True,False
SNHG14,go,0,0,True,False
HERC2,go,0,0,True,False
NSMCE3,go,0,0,True,False
ARHGAP11A,go,20,33,False,False
SCG5,go,0,0,True,False
GREM1,go,0,0,True,False
EMC7,go,20,16,False,True
KATNBL1,go,20,27,False,False
AQR,go,20,50,False,True
ZNF770,go,9,19,False,False
MEIS2,go,9,5,False,False
SPRED1,go,20,2,False,False
THBS1,go,0,0,True,False
AC037198.1,go,0,0,True,False
GPR176,go,0,0,True,False
BUB1B,go,20,22,False,True
CCDC9B,go,0,0,True,False
KNSTRN,go,20,8,False,False
RPUSD2,go,20,4,False,False
KNL1,go,20,28,False,False
RAD51,go,20,11,False,True
INO80,go,20,16,False,True
CHP1,go,13,1,False,False
OIP5-AS1,go,0,0,True,False
OIP5,go,20,13,False,True
NUSAP1,go,20,8,False,False
MGA,go,14,0,False,False
EHD4,go,20,27,False,False
TMEM87A,go,20,42,False,False
SNAP23,go,20,15,False,False
HAUS2,go,20,19,False,False
TTBK2,go,20,8,False,False
UBR1,go,20,24,False,False
CCNDBP1,go,20,127,False,False
TP53BP1,go,20,8,False,False
MAP1A,go,20,3,False,False
PDIA3,go,20,10,False,False
SERF2,go,20,17,False,True
MFAP1,go,20,25,False,True
WDR76,go,20,3,False,False
CTDSPL2,go,20,7,False,False
EIF3J-DT,go,0,0,True,False
SPG11,go,20,3,False,False
B2M,go,12,3,False,False
SORD,go,20,1,False,False
SQOR,go,0,0,True,False
MYEF2,go,0,0,True,False
DUT,go,20,7,False,True
FBN1,go,0,0,True,False
CEP152,go,20,14,False,True
SECISBP2L,go,20,3,False,False
DTWD1,go,20,9,False,False
GABPB1,go,20,22,False,True
GABPB1-IT1,go,0,0,True,False
GABPB1-AS1,go,0,0,True,False
USP8,go,20,12,False,True
TRPM7,go,20,1,False,True
SPPL2A,go,20,17,False,False
TMOD3,go,9,2,False,False
LEO1,go,20,5,False,True
MAPK6,go,20,96,False,False
GNB5,go,0,0,True,False
MYO5A,go,0,0,True,False
FAM214A,go,0,0,True,False
RSL24D1,go,20,8,False,True
RAB27A,go,20,2,False,False
CCPG1,go,20,7,False,False
DNAAF4,go,0,0,True,False
NEDD4,go,20,3,False,False
RFX7,go,2,35,False,False
TEX9,go,0,0,True,False
MNS1,go,0,0,True,False
ZNF280D,go,14,20,False,False
TCF12,go,19,38,False,False
POLR2M,go,1,1,False,True
ADAM10,go,20,4,False,True
MINDY2,go,12,0,False,False
SLTM,go,20,23,False,False
CCNB2,go,20,13,False,False
MYO1E,go,0,0,True,False
BNIP2,go,20,26,False,False
ICE2,go,0,0,True,False
VPS13C,go,20,3,False,False
TPM1,go,20,4,False,False
LACTB,go,20,10,False,False
RPS27L,go,20,0,False,False
RAB8B,go,20,11,False,False
APH1B,go,20,12,False,False
USP3,go,20,4,False,False
CIAO2A,go,20,17,False,False
SNX1,go,20,16,False,False
PPIB,go,20,28,False,False
CSNK1G1,go,20,91,False,False
PCLAF,go,20,13,False,False
TRIP4,go,20,11,False,False
ZNF609,go,12,2,False,False
PIF1,go,20,4,False,False
PDCD7,go,20,4,False,True
CLPX,go,20,15,False,False
DPP8,go,20,19,False,False
HACD3,go,0,0,True,False
DIS3L,go,20,14,False,False
TIPIN,go,20,5,False,True
ZWILCH,go,20,18,False,False
SMAD3,go,20,10,False,False
CLN6,go,20,4,False,False
FEM1B,go,20,6,False,False
ITGA11,go,0,0,True,False
KIF23,go,20,38,False,True
TLE3,go,20,15,False,False
UACA,go,0,0,True,False
LRRC49,go,0,0,True,False
THSD4,go,0,0,True,False
MYO9A,go,20,5,False,False
PKM,go,20,11,False,True
HEXA,go,20,6,False,False
ARIH1,go,20,87,False,True
BBS4,go,12,2,False,False
NPTN,go,5,3,False,False
CD276,go,20,4,False,False
LOXL1,go,0,0,True,False
SEMA7A,go,0,0,True,False
CLK3,go,20,57,False,False
FAM219B,go,19,60,False,False
SIN3A,go,20,7,False,True
SNUPN,go,20,7,False,True
IMP3,go,20,6,False,True
UBE2Q2,go,20,31,False,False
FBXO22,go,20,11,False,False
PEAK1,go,20,4,False,False
TBC1D2B,go,0,0,True,False
IREB2,go,20,1,False,False
CTSH,go,20,7,False,False
TMED3,go,20,43,False,False
MTHFS,go,20,11,False,False
FAH,go,20,2,False,False
TLNRD1,go,20,15,False,False
EFL1,go,0,0,True,False
SNHG21,go,0,0,True,False
WHAMM,go,20,2,False,False
BTBD1,go,20,5,False,False
HDGFL3,go,0,0,True,False
WDR73,go,20,1,False,False
NMB,go,0,0,True,False
AKAP13,go,20,2,False,False
MRPL46,go,20,9,False,True
AEN,go,20,14,False,False
MFGE8,go,20,10,False,False
ABHD2,go,0,0,True,False
FANCI,go,20,14,False,False
ARPIN,go,0,0,True,False
IDH2,go,20,12,False,False
SEMA4B,go,2,1,False,False
NGRN,go,20,3,False,False
IQGAP1,go,20,4,False,False
BLM,go,20,11,False,False
FURIN,go,11,0,False,False
HDDC3,go,16,19,False,False
PRC1,go,20,44,False,True
LINC01578,go,0,0,True,False
CHD2,go,20,3,False,False
NR2F2-AS1,go,0,0,True,False
NR2F2,go,13,3,False,False
IGF1R,go,6,6,False,False
SYNM,go,0,0,True,False
MEF2A,go,19,28,False,True
ALDH1A3,go,0,0,True,False
CHSY1,go,20,8,False,False
SELENOS,go,9,0,False,False
SNRPA1,go,20,46,False,True
TM2D3,go,1,0,False,False
TARSL2,go,20,33,False,False
POLR3K,go,20,20,False,True
RHBDF1,go,0,0,True,False
MPG,go,20,1,False,True
LUC7L,go,20,5,False,False
NME4,go,20,11,False,False
JMJD8,go,20,12,False,False
CIAO3,go,19,4,False,False
GNPTG,go,20,24,False,False
UNKL,go,20,71,False,False
C16orf91,go,20,49,False,False
CLCN7,go,20,4,False,False
JPT2,go,20,53,False,False
NME3,go,20,12,False,False
SPSB3,go,20,31,False,False
HAGH,go,20,35,False,False
MSRB1,go,20,6,False,True
SNHG9,go,0,0,True,False
SLC9A3R2,go,20,6,False,False
NTHL1,go,20,7,False,False
SNHG19,go,0,0,True,False
PGP,go,15,0,False,False
ECI1,go,19,11,False,False
RNPS1,go,20,40,False,True
CCNF,go,20,17,False,False
KCTD5,go,18,53,False,False
ELOB,go,20,6,False,True
FLYWCH2,go,20,13,False,False
FLYWCH1,go,20,117,False,False
PKMYT1,go,20,50,False,True
PAQR4,go,20,23,False,False
TNFRSF12A,go,16,14,False,False
HCFC1R1,go,20,29,False,False
THOC6,go,20,6,False,True
ZNF263,go,18,61,False,False
ZNF75A,go,5,22,False,False
NAA60,go,20,0,False,False
CLUAP1,go,20,24,False,False
TRAP1,go,20,6,False,False
CREBBP,go,20,11,False,False
VASN,go,0,0,True,False
NMRAL1,go,20,128,False,False
UBALD1,go,20,0,False,False
MGRN1,go,20,42,False,False
UBN1,go,20,27,False,False
CARHSP1,go,20,13,False,False
C16orf72,go,20,0,False,False
EMP2,go,20,7,False,False
NUBP1,go,20,3,False,True
RMI2,go,20,26,False,False
LITAF,go,10,5,False,False
ZC3H7A,go,20,7,False,False
RSL1D1,go,20,2,False,True
MRTFB,go,0,0,True,False
PDXDC1,go,20,1,False,False
NTAN1,go,20,5,False,False
RRN3,go,20,2,False,True
BMERB1,go,0,0,True,False
MARF1,go,0,0,True,False
NDE1,go,20,7,False,False
FOPNL,go,20,55,False,False
ARL6IP1,go,20,15,False,False
SMG1,go,20,42,False,True
ITPRIPL2,go,0,0,True,False
GDE1,go,20,4,False,False
CCP110,go,20,14,False,True
KNOP1,go,20,66,False,False
THUMPD1,go,20,35,False,True
LYRM1,go,20,7,False,False
CDR2,go,16,117,False,False
NPIPB5,go,0,0,True,False
GGA2,go,20,11,False,False
UBFD1,go,20,11,False,False
DCTN5,go,20,16,False,True
PLK1,go,20,4,False,True
RBBP6,go,20,8,False,True
TNRC6A,go,20,10,False,True
NSMCE1,go,20,16,False,True
IL4R,go,0,0,True,False
GTF3C1,go,20,7,False,True
NUPR1,go,0,0,True,False
ATXN2L,go,20,26,False,False
NFATC2IP,go,20,23,False,True
SPNS1,go,19,27,False,False
BOLA2,go,20,10,False,False
KIF22,go,20,25,False,False
MAZ,go,16,3,False,False
PAGR1,go,20,6,False,False
MVP,go,0,0,True,False
SEZ6L2,go,20,46,False,False
ASPHD1,go,0,0,True,False
HIRIP3,go,20,125,False,False
YPEL3,go,20,3,False,False
SEPTIN1,go,20,2,False,False
ZNF771,go,6,14,False,False
DCTPP1,go,20,15,False,False
SEPHS2,go,20,21,False,True
ZNF688,go,5,21,False,False
FBRS,go,0,0,True,False
ORAI3,go,20,41,False,False
STX4,go,20,8,False,False
FUS,go,20,51,False,False
TGFB1I1,go,0,0,True,False
ZNF720,go,19,5,False,True
ZNF267,go,9,15,False,False
SHCBP1,go,18,4,False,False
ORC6,go,20,13,False,True
NETO2,go,20,0,False,False
ITFG1,go,19,45,False,False
PHKB,go,20,7,False,False
LONP2,go,20,5,False,False
SIAH1,go,20,13,False,False
CYLD,go,0,0,True,False
HNRNPA1P48,go,0,0,True,False
CHD9,go,20,22,False,False
RBL2,go,20,4,False,False
CRNDE,go,0,0,True,False
MMP2,go,0,0,True,False
LPCAT2,go,20,10,False,False
AC007336.1,go,0,0,True,False
NUDT21,go,20,1,False,True
MT2A,go,20,2,False,True
MT1E,go,0,0,True,False
MT1M,go,0,0,True,False
MT1X,go,20,1,False,False
NUP93,go,20,22,False,True
HERPUD1,go,20,15,False,False
CPNE2,go,20,79,False,False
FAM192A,go,20,14,False,False
POLR2C,go,20,45,False,True
CCDC102A,go,0,0,True,False
KIFC3,go,20,16,False,False
CFAP20,go,0,0,True,False
AC009107.2,go,0,0,True,False
CSNK2A2,go,20,3,False,False
CNOT1,go,20,5,False,True
SLC38A7,go,7,5,False,False
TK2,go,0,0,True,False
CKLF,go,14,1,False,False
CMTM3,go,20,13,False,False
NAE1,go,20,11,False,True
PDP2,go,20,12,False,False
CES2,go,0,0,True,False
CBFB,go,20,0,False,False
NOL3,go,0,0,True,False
TMEM208,go,20,15,False,False
FHOD1,go,20,9,False,False
ATP6V0D1,go,20,17,False,True
CTCF,go,19,1,False,True
ACD,go,20,12,False,True
ENKD1,go,20,2,False,False
THAP11,go,19,48,False,True
SLC7A6OS,go,20,15,False,True
ZFP90,go,6,11,False,False
SNTB2,go,20,15,False,True
NIP7,go,20,49,False,True
NFAT5,go,13,16,False,False
NQO1,go,3,0,False,False
NOB1,go,20,6,False,True
PDPR,go,20,11,False,False
EXOSC6,go,20,12,False,True
AARS,go,20,7,False,True
ST3GAL2,go,17,5,False,False
VAC14,go,20,12,False,False
CMTR2,go,20,5,False,True
ZNF23,go,10,18,False,False
AP1G1,go,20,14,False,False
IST1,go,20,8,False,True
TXNL4B,go,20,12,False,True
DHX38,go,20,77,False,False
ZFHX3,go,17,38,False,False
GLG1,go,20,16,False,False
RFWD3,go,20,15,False,False
MLKL,go,0,0,True,False
BCAR1,go,20,8,False,True
TERF2IP,go,20,10,False,False
MON1B,go,20,5,False,False
CMC2,go,19,77,False,False
CENPN,go,20,17,False,True
ATMIN,go,9,5,False,False
GCSH,go,20,14,False,False
PLCG2,go,0,0,True,False
CDH13,go,0,0,True,False
MBTPS1,go,20,3,False,True
MEAK7,go,0,0,True,False
USP10,go,20,4,False,True
GSE1,go,19,43,False,False
GINS2,go,20,8,False,True
C16orf74,go,0,0,True,False
FOXC2,go,14,1,False,False
MAP1LC3B,go,20,11,False,False
ZCCHC14,go,0,0,True,False
SLC7A5,go,20,10,False,True
BANP,go,20,20,False,True
ZFPM1,go,20,2,False,False
ZC3H18,go,20,4,False,True
MVD,go,20,7,False,True
CDT1,go,20,3,False,True
ANKRD11,go,20,6,False,True
CHMP1A,go,20,12,False,True
SPATA33,go,20,38,False,False
FANCA,go,20,5,False,False
TUBB3,go,20,15,False,False
RFLNB,go,11,0,False,False
VPS53,go,20,40,False,False
GLOD4,go,20,15,False,False
CRK,go,9,3,False,False
PITPNA-AS1,go,0,0,True,False
PITPNA,go,20,2,False,False
PRPF8,go,20,10,False,True
MIR22HG,go,0,0,True,False
SMYD4,go,20,33,False,False
RPA1,go,20,13,False,True
TSR1,go,20,21,False,True
MNT,go,20,18,False,False
METTL16,go,20,0,False,True
NCBP3,go,0,0,True,False
CYB5D2,go,20,12,False,False
UBE2G1,go,20,24,False,False
PELP1,go,20,27,False,True
CAMTA2,go,13,16,False,False
KIF1C,go,20,18,False,False
NUP88,go,20,27,False,True
MIS12,go,20,30,False,True
PIMREG,go,0,0,True,False
KIAA0753,go,0,0,True,False
MED31,go,20,26,False,True
RNASEK,go,20,16,False,False
C17orf49,go,20,40,False,False
PHF23,go,20,27,False,False
GABARAP,go,20,7,False,False
GPS2,go,20,4,False,True
ZBTB4,go,14,26,False,True
POLR2A,go,20,6,False,True
EIF4A1,go,20,34,False,True
CD68,go,20,24,False,False
MPDU1,go,20,61,False,False
FXR2,go,20,11,False,False
SAT2,go,6,5,False,False
TP53,go,20,4,False,False
WRAP53,go,20,7,False,False
KDM6B,go,0,0,True,False
CHD3,go,20,43,False,False
VAMP2,go,20,7,False,False
TMEM107,go,19,4,False,False
AURKB,go,20,5,False,True
RPL26,go,20,4,False,True
MYH10,go,20,10,False,False
STX8,go,20,20,False,False
SCO1,go,18,11,False,False
MAP2K4,go,20,6,False,False
HS3ST3A1,go,20,5,False,False
PMP22,go,20,12,False,False
TRIM16,go,20,2,False,False
ZNF286A,go,11,40,False,False
ADORA2B,go,20,4,False,False
ZSWIM7,go,20,13,False,False
TTC19,go,20,7,False,False
PIGL,go,20,9,False,False
CENPV,go,20,10,False,False
SNHG29,go,0,0,True,False
LRRC75A,go,0,0,True,False
MPRIP,go,20,33,False,False
FLCN,go,13,2,False,False
RAI1,go,16,0,False,False
SREBF1,go,15,4,False,False
ALKBH5,go,20,3,False,False
TOP3A,go,20,9,False,True
SMCR8,go,0,0,True,False
SHMT1,go,20,5,False,False
TRIM16L,go,0,0,True,False
ALDH3A2,go,0,0,True,False
SPECC1,go,20,4,False,False
TMEM11,go,17,20,False,False
MAP2K3,go,20,5,False,False
LINC02693,go,0,0,True,False
WSB1,go,20,7,False,False
TMEM97,go,20,10,False,False
IFT20,go,20,8,False,False
SPAG5,go,20,12,False,False
TLCD1,go,20,2,False,True
TRAF4,go,20,14,False,False
PHF12,go,20,47,False,True
MYO18A,go,20,1,False,False
NUFIP2,go,20,231,False,False
TAOK1,go,20,10,False,False
TP53I13,go,19,19,False,True
GIT1,go,20,1,False,False
NSRP1,go,20,72,False,True
BLMH,go,20,37,False,False
CPD,go,20,2,False,False
GOSR1,go,20,34,False,False
ATAD5,go,20,1,False,False
NF1,go,1,0,False,True
UTP6,go,20,17,False,True
SUZ12,go,18,2,False,False
TMEM98,go,20,44,False,False
CCL2,go,0,0,True,False
ZNF830,go,20,0,False,True
RAD51D,go,20,28,False,True
SLFN5,go,0,0,True,False
SNHG30,go,0,0,True,False
TAF15,go,20,70,False,False
ZNHIT3,go,20,5,False,True
MYO19,go,20,6,False,False
PIGW,go,20,1,False,False
AATF,go,20,5,False,True
DUSP14,go,20,5,False,False
DDX52,go,20,40,False,True
ARHGAP23,go,0,0,True,False
MLLT6,go,10,1,False,True
CISD3,go,20,11,False,False
CWC25,go,20,26,False,True
RPL23,go,20,4,False,True
FBXL20,go,20,6,False,False
MED1,go,20,1,False,True
CDK12,go,20,7,False,True
THRA,go,19,2,False,False
NR1D1,go,15,6,False,False
MSL1,go,20,27,False,True
CASC3,go,20,13,False,True
WIPF2,go,20,14,False,False
CDC6,go,20,5,False,True
RARA,go,20,5,False,False
TOP2A,go,20,7,False,True
KRT10,go,20,13,False,True
TMEM99,go,0,0,True,False
KRTAP2-3,go,0,0,True,False
KRT15,go,0,0,True,False
EIF1,go,20,25,False,True
JUP,go,20,8,False,False
P3H4,go,0,0,True,False
FKBP10,go,0,0,True,False
NKIRAS2,go,20,1,False,False
STAT3,go,20,10,False,False
CAVIN1,go,20,29,False,False
ATP6V0A1,go,20,33,False,False
NAGLU,go,11,2,False,True
COASY,go,20,11,False,True
PSMC3IP,go,20,0,False,False
RETREG3,go,20,10,False,False
TUBG1,go,20,25,False,True
PLEKHH3,go,20,14,False,False
EZH1,go,20,4,False,False
RUNDC1,go,20,7,False,False
IFI35,go,20,23,False,False
VAT1,go,20,1,False,False
BRCA1,go,20,2,False,True
NBR1,go,20,7,False,False
ARL4D,go,15,50,False,True
G6PC3,go,20,14,False,False
HDAC5,go,20,9,False,False
TMUB2,go,20,32,False,False
UBTF,go,20,7,False,True
GRN,go,20,7,False,False
GPATCH8,go,20,120,False,False
FZD2,go,20,5,False,False
GJC1,go,2,1,False,False
C1QL1,go,0,0,True,False
PLCD3,go,20,2,False,False
HEXIM1,go,20,5,False,True
KANSL1,go,20,15,False,True
KANSL1-AS1,go,0,0,True,False
FAM215B,go,0,0,True,False
AC005670.3,go,0,0,True,False
KPNB1,go,20,7,False,True
MRPL10,go,20,24,False,True
CDK5RAP3,go,20,2,False,False
COPZ2,go,0,0,True,False
CBX1,go,20,16,False,True
CALCOCO2,go,20,20,False,False
ZNF652,go,11,15,False,False
ITGA3,go,0,0,True,False
PDK2,go,20,1,False,False
PPP1R9B,go,2,2,False,False
COL1A1,go,1,0,False,False
XYLT2,go,19,3,False,False
SPATA20,go,0,0,True,False
ANKRD40,go,19,138,False,False
TOB1,go,20,2,False,False
SPAG9,go,20,4,False,False
UTP18,go,20,34,False,True
TOM1L1,go,20,17,False,False
DGKE,go,20,9,False,False
TRIM25,go,20,7,False,False
COIL,go,20,13,False,False
SCPEP1,go,0,0,True,False
MSI2,go,20,39,False,False
VEZF1,go,5,10,False,False
SRSF1,go,20,38,False,True
DYNLL2,go,20,19,False,True
MTMR4,go,20,5,False,False
RAD51C,go,20,14,False,True
TRIM37,go,20,11,False,False
SKA2,go,20,22,False,False
PRR11,go,20,32,False,False
DHX40,go,20,36,False,False
PTRH2,go,20,14,False,False
VMP1,go,20,6,False,True
APPBP2,go,20,10,False,False
PPM1D,go,20,8,False,False
BRIP1,go,20,7,False,True
INTS2,go,20,42,False,True
MED13,go,20,15,False,False
TLK2,go,20,11,False,False
MRC2,go,20,5,False,False
CYB561,go,20,2,False,False
FTSJ3,go,20,5,False,True
SNHG25,go,0,0,True,False
DDX5,go,20,3,False,True
CEP95,go,20,68,False,False
SMURF2,go,20,36,False,False
CEP112,go,0,0,True,False
PRKCA,go,20,5,False,True
HELZ,go,20,34,False,False
PSMD12,go,20,58,False,True
NOL11,go,20,13,False,True
KPNA2,go,20,7,False,False
WIPI1,go,20,8,False,False
SOX9,go,13,2,False,False
LINC00511,go,0,0,True,False
GPRC5C,go,20,19,False,False
NAT9,go,20,7,False,False
FDXR,go,20,6,False,True
MRPL58,go,20,8,False,False
NT5C,go,20,1,False,False
JPT1,go,20,183,False,False
MIF4GD,go,20,10,False,False
GALK1,go,20,19,False,False
H3F3B,go,20,2,False,False
UNK,go,20,0,False,False
WBP2,go,18,20,False,False
UBALD2,go,0,0,True,False
PRPSAP1,go,18,2,False,False
SPHK1,go,7,0,False,False
UBE2O,go,20,24,False,False
MXRA7,go,18,8,False,False
JMJD6,go,20,0,False,True
METTL23,go,20,0,False,True
SRSF2,go,20,28,False,True
MFSD11,go,20,101,False,False
SYNGR2,go,20,4,False,False
TK1,go,20,6,False,False
BIRC5,go,20,12,False,True
USP36,go,20,24,False,True
TIMP2,go,0,0,True,False
LGALS3BP,go,0,0,True,False
CBX4,go,20,24,False,False
EIF4A3,go,20,6,False,True
RNF213,go,20,0,False,False
ENDOV,go,20,4,False,False
BAIAP2,go,20,3,False,False
ACTG1,go,20,7,False,False
TSPAN10,go,0,0,True,False
OXLD1,go,0,0,True,False
CCDC137,go,20,65,False,True
HGS,go,20,8,False,True
SLC25A10,go,20,0,False,True
P4HB,go,20,10,False,False
ALYREF,go,20,29,False,True
SIRT7,go,20,3,False,True
MAFG,go,13,21,False,False
PYCR1,go,20,8,False,False
CENPX,go,0,0,True,False
RAC3,go,20,7,False,True
RFNG,go,4,0,False,False
SLC16A3,go,0,0,True,False
HEXD,go,20,1,False,False
CYBC1,go,20,126,False,False
NARF,go,20,8,False,False
WDR45B,go,20,7,False,False
FN3KRP,go,20,15,False,False
METRNL,go,15,5,False,False
THOC1,go,20,7,False,True
TYMSOS,go,0,0,True,False
TYMS,go,20,2,False,False
ENOSF1,go,14,0,False,False
YES1,go,20,6,False,False
NDC80,go,20,14,False,True
SMCHD1,go,20,1,False,False
LPIN2,go,20,1,False,False
MYL12A,go,20,44,False,False
TGIF1,go,16,58,False,False
DLGAP1-AS1,go,0,0,True,False
EPB41L3,go,0,0,True,False
MTCL1,go,0,0,True,False
ANKRD12,go,20,54,False,False
PPP4R1,go,17,5,False,False
RAB31,go,20,15,False,False
CHMP1B,go,20,13,False,False
IMPA2,go,19,2,False,True
TUBB6,go,20,38,False,False
AFG3L2,go,20,4,False,True
SPIRE1,go,20,1,False,False
PTPN2,go,7,1,False,False
CEP192,go,20,18,False,True
FAM210A,go,20,40,False,False
RNMT,go,20,2,False,True
ESCO1,go,20,1,False,False
SNRPD1,go,20,11,False,True
MIB1,go,20,8,False,False
GATA6,go,19,1,False,False
RBBP8,go,20,8,False,True
RIOK3,go,20,4,False,False
NPC1,go,20,8,False,False
TTC39C,go,0,0,True,False
OSBPL1A,go,0,0,True,False
CDH2,go,0,0,True,False
DSC3,go,0,0,True,False
DSG2,go,20,6,False,False
TRAPPC8,go,20,10,False,True
RNF138,go,20,10,False,False
ZNF397,go,13,10,False,False
ZSCAN30,go,12,0,False,False
ZNF24,go,6,48,False,True
GALNT1,go,20,17,False,False
SLC39A6,go,17,8,False,False
ELP2,go,20,5,False,True
FHOD3,go,0,0,True,False
PIK3C3,go,20,7,False,True
EPG5,go,0,0,True,False
PSTPIP2,go,20,23,False,False
HAUS1,go,20,26,False,True
PIAS2,go,20,19,False,False
SMAD2,go,20,9,False,False
SMAD7,go,0,0,True,False
ACAA2,go,20,4,False,False
SKA1,go,20,24,False,True
ME2,go,2,1,False,False
SMAD4,go,20,4,False,False
MEX3C,go,20,36,False,False
POLI,go,0,0,True,False
C18orf54,go,0,0,True,False
RAB27B,go,0,0,True,False
TCF4,go,20,12,False,False
NARS,go,20,13,False,True
ATP8B1,go,0,0,True,False
NEDD4L,go,20,5,False,False
MALT1,go,0,0,True,False
ZNF532,go,20,30,False,False
SEC11C,go,20,9,False,False
LMAN1,go,20,25,False,False
CCBE1,go,0,0,True,False
PMAIP1,go,20,11,False,False
TNFRSF11A,go,0,0,True,False
ZCCHC2,go,0,0,True,False
KDSR,go,20,106,False,False
VPS4B,go,20,20,False,False
SERPINB2,go,0,0,True,False
SERPINB8,go,0,0,True,False
DSEL,go,0,0,True,False
TMX3,go,20,48,False,False
SOCS6,go,0,0,True,False
CNDP2,go,20,5,False,False
LINC00909,go,0,0,True,False
ZNF407,go,20,18,False,True
ZADH2,go,11,2,False,False
MBP,go,0,0,True,False
HSBP1L1,go,0,0,True,False
ADNP2,go,11,3,False,True
PLPP2,go,0,0,True,False
TPGS1,go,20,2,False,False
RNF126,go,20,25,False,False
FSTL3,go,17,4,False,False
PTBP1,go,20,7,False,True
WDR18,go,20,3,False,True
TMEM259,go,20,17,False,False
CNN2,go,15,4,False,True
GPX4,go,20,4,False,False
STK11,go,20,6,False,False
MIDN,go,20,52,False,False
CIRBP,go,20,7,False,False
FAM174C,go,18,27,False,False
PWWP3A,go,20,75,False,False
C19orf25,go,19,106,False,True
MEX3D,go,20,6,False,False
MBD3,go,20,2,False,True
TCF3,go,20,27,False,False
CSNK1G2,go,20,102,False,False
BTBD2,go,20,37,False,False
MKNK2,go,20,43,False,False
SF3A2,go,20,21,False,True
LMNB2,go,20,11,False,False
GADD45B,go,0,0,True,False
SGTA,go,20,9,False,False
THOP1,go,20,14,False,False
DOHH,go,20,3,False,True
HMG20B,go,20,19,False,False
DAPK3,go,20,14,False,False
ZBTB7A,go,18,3,False,False
SIRT6,go,20,1,False,False
CHAF1A,go,20,10,False,True
UBXN6,go,20,23,False,False
TNFAIP8L1,go,19,24,False,False
UHRF1,go,20,8,False,True
KDM4B,go,20,5,False,False
SAFB2,go,20,27,False,False
SAFB,go,20,17,False,False
HSD11B1L,go,20,9,False,False
LONP1,go,20,4,False,True
ALKBH7,go,20,22,False,False
KHSRP,go,20,22,False,False
GPR108,go,20,42,False,False
TRIP10,go,20,45,False,False
ZNF358,go,10,0,False,False
MCOLN1,go,20,9,False,False
XAB2,go,20,8,False,True
MAP2K7,go,20,5,False,True
SNAPC2,go,20,11,False,True
CTXN1,go,20,49,False,False
TIMM44,go,20,34,False,True
CD320,go,19,10,False,False
ANGPTL4,go,0,0,True,False
RAB11B,go,20,5,False,False
HNRNPM,go,20,24,False,True
ZNF699,go,11,15,False,False
ZNF426,go,11,32,False,False
ZNF121,go,11,51,False,False
ZNF561,go,4,13,False,False
ZNF561-AS1,go,0,0,True,False
ZNF562,go,14,17,False,False
SHFL,go,20,10,False,False
PPAN,go,20,11,False,True
DNMT1,go,20,2,False,True
ICAM3,go,14,38,False,False
KEAP1,go,20,2,False,True
KRI1,go,20,12,False,True
CDKN2D,go,20,4,False,False
AP1M2,go,0,0,True,False
SLC44A2,go,19,17,False,False
ILF3-DT,go,0,0,True,False
ILF3,go,20,22,False,True
TMED1,go,20,39,False,False
YIPF2,go,20,10,False,False
LDLR,go,7,3,False,False
SPC24,go,20,31,False,True
KANK2,go,20,3,False,False
TMEM205,go,20,62,False,False
ECSIT,go,20,74,False,False
ELOF1,go,17,6,False,True
ZNF433-AS1,go,0,0,True,False
ZNF791,go,3,5,False,False
MAN2B1,go,20,20,False,False
DHPS,go,20,5,False,True
FBXW9,go,20,69,False,False
TNPO2,go,20,15,False,False
HOOK2,go,20,14,False,False
JUNB,go,13,0,False,False
DNASE2,go,20,1,False,False
FARSA,go,20,31,False,True
CALR,go,20,4,False,True
NFIX,go,15,49,False,False
NACC1,go,13,40,False,False
STX10,go,20,24,False,False
IER2,go,20,44,False,False
CCDC130,go,20,2,False,True
AC020916.1,go,0,0,True,False
SAMD1,go,20,4,False,False
ASF1B,go,20,10,False,True
DDX39A,go,20,95,False,False
DNAJB1,go,20,13,False,False
TECR,go,20,12,False,False
ILVBL,go,18,0,False,False
BRD4,go,20,8,False,True
AKAP8L,go,20,2,False,False
TPM4,go,20,13,False,False
KLF2,go,15,1,False,False
CHERP,go,20,7,False,True
SLC35E1,go,19,32,False,False
MYO9B,go,20,20,False,False
USE1,go,20,3,False,False
OCEL1,go,6,0,False,False
ABHD8,go,20,8,False,False
MVB12A,go,20,22,False,False
JUND,go,18,7,False,False
LSM4,go,20,11,False,True
PGPEP1,go,20,11,False,True
SSBP4,go,17,24,False,False
ELL,go,20,5,False,True
HOMER3,go,19,14,False,False
RFXANK,go,13,8,False,False
NR2C2AP,go,20,59,False,True
ZNF430,go,14,14,False,False
ZNF714,go,14,17,False,False
ZNF431,go,15,3,False,False
ZNF708,go,14,17,False,False
ZNF91,go,9,3,False,False
ZNF254,go,4,5,False,False
LINC00662,go,0,0,True,False
ZNF507,go,20,24,False,False
CEP89,go,20,18,False,False
CEBPG,go,16,11,False,True
PEPD,go,20,4,False,False
KIAA0355,go,20,13,False,False
GPI,go,20,1,False,False
UBA2,go,20,1,False,True
WTIP,go,0,0,True,False
ZNF302,go,11,40,False,False
GRAMD1A,go,20,8,False,False
FXYD5,go,20,0,False,False
DMKN,go,0,0,True,False
RBM42,go,20,54,False,True
KMT2B,go,20,15,False,False
PSENEN,go,20,11,False,False
APLP1,go,20,2,False,False
SDHAF1,go,20,82,False,False
CLIP3,go,0,0,True,False
ZNF146,go,12,18,False,False
ZNF260,go,11,81,False,False
SPINT2,go,20,3,False,False
KCNK6,go,0,0,True,False
SPRED3,go,0,0,True,False
FAM98C,go,20,1,False,False
ACTN4,go,20,16,False,False
ECH1,go,20,44,False,False
HNRNPL,go,20,22,False,True
NFKBIB,go,20,10,False,False
FBXO17,go,16,32,False,False
SAMD4B,go,20,31,False,True
EID2B,go,20,34,False,False
EID2,go,20,12,False,False
DYRK1B,go,0,0,True,False
FBL,go,20,4,False,True
PSMC4,go,20,24,False,True
PLD3,go,20,3,False,False
SERTAD1,go,20,24,False,False
SERTAD3,go,20,24,False,False
BLVRB,go,20,24,False,False
SHKBP1,go,20,10,False,False
LTBP4,go,20,13,False,True
SNRPA,go,20,8,False,True
EGLN2,go,20,1,False,True
AXL,go,9,5,False,False
HNRNPUL1,go,20,46,False,False
TGFB1,go,3,2,False,False
BCKDHA,go,20,27,False,False
DMAC2,go,18,3,False,False
RPS19,go,20,2,False,True
RABAC1,go,20,64,False,False
DEDD2,go,20,0,False,False
GSK3A,go,20,1,False,False
ERF,go,13,2,False,False
PAFAH1B3,go,20,17,False,False
MEGF8,go,20,0,False,False
ETHE1,go,20,27,False,False
XRCC1,go,20,0,False,True
IRGQ,go,19,6,False,False
PLAUR,go,20,2,False,False
KCNN4,go,14,1,False,False
ZNF226,go,9,21,False,False
PVR,go,20,20,False,False
NECTIN2,go,13,3,False,False
TOMM40,go,20,12,False,True
CLPTM1,go,20,24,False,False
CLASRP,go,20,36,False,True
PPP1R13L,go,0,0,True,False
CD3EAP,go,20,3,False,True
VASP,go,20,23,False,False
SLC1A5,go,20,17,False,True
ARHGAP35,go,20,2,False,False
ZC3H4,go,20,10,False,True
SAE1,go,20,2,False,True
BBC3,go,20,4,False,False
NAPA,go,20,4,False,True
NOP53,go,20,0,False,False
SELENOW,go,20,1,False,False
LIG1,go,20,2,False,False
EMP3,go,18,71,False,False
GRWD1,go,20,50,False,True
CYTH2,go,19,32,False,False
PPP1R15A,go,20,6,False,False
NUCB1,go,18,27,False,False
BAX,go,9,5,False,False
FTL,go,20,18,False,False
SNRNP70,go,20,9,False,True
TEAD2,go,18,11,False,False
ALDH16A1,go,19,22,False,False
RPL13A,go,20,7,False,True
FCGRT,go,19,4,False,False
RRAS,go,20,12,False,False
IRF3,go,13,11,False,False
BCL2L12,go,18,1,False,False
PTOV1,go,20,9,False,False
PNKP,go,20,3,False,True
AKT1S1,go,20,8,False,False
TBC1D17,go,0,0,True,False
NUP62,go,20,1,False,True
ATF5,go,20,25,False,True
NR1H2,go,16,5,False,False
POLD1,go,20,17,False,True
EMC10,go,20,10,False,False
C19orf48,go,0,0,True,False
CTU1,go,20,4,False,False
ZNF175,go,13,54,False,False
ZNF766,go,19,75,False,False
ZNF480,go,11,71,False,False
ZNF160,go,5,1,False,False
MYADM,go,0,0,True,False
CACNG8,go,0,0,True,False
TFPT,go,20,16,False,True
LENG8,go,18,86,False,True
TNNT1,go,20,1,False,False
IL11,go,0,0,True,False
RPL28,go,20,38,False,True
UBE2S,go,20,24,False,False
NAT14,go,20,3,False,False
ZNF579,go,3,6,False,False
ZNF524,go,8,10,False,False
ZNF581,go,13,9,False,False
CCDC106,go,20,250,False,False
U2AF2,go,20,3,False,True
ZNF787,go,3,0,False,True
ZNF667,go,13,9,False,False
ZNF667-AS1,go,0,0,True,False
ZIM3,go,11,52,False,False
ZNF264,go,11,45,False,False
AC005261.1,go,0,0,True,False
TRAPPC2B,go,0,0,True,False
AC008969.1,go,0,0,True,False
ZNF274,go,12,10,False,False
ERVK3-1,go,0,0,True,False
AC010642.2,go,0,0,True,False
A1BG,go,20,35,False,False
TRIM28,go,20,7,False,False
CHMP2A,go,20,13,False,True
ZCCHC3,go,20,5,False,False
SOX12,go,12,5,False,False
TRIB3,go,20,6,False,False
TBC1D20,go,18,1,False,False
SRXN1,go,20,20,False,False
FKBP1A,go,8,0,False,False
SNRPB,go,20,8,False,True
NOP56,go,20,16,False,True
IDH3B,go,17,10,False,False
PTPRA,go,20,12,False,False
MRPS26,go,20,16,False,True
DDRGK1,go,20,3,False,False
CENPB,go,20,5,False,False
CDC25B,go,20,20,False,False
MAVS,go,15,2,False,False
RNF24,go,17,42,False,False
SMOX,go,0,0,True,False
PRNP,go,7,2,False,False
PCNA,go,20,0,False,True
GPCPD1,go,20,0,False,False
TRMT6,go,20,19,False,True
MCM8,go,20,9,False,False
BMP2,go,0,0,True,False
TMX4,go,20,3,False,False
PLCB1,go,11,1,False,False
PLCB4,go,20,3,False,False
JAG1,go,0,0,True,False
ESF1,go,20,38,False,True
RRBP1,go,20,4,False,False
SNX5,go,20,6,False,False
MGME1,go,20,2,False,False
RIN2,go,0,0,True,False
CRNKL1,go,20,56,False,True
THBD,go,0,0,True,False
NXT1,go,20,32,False,False
GZF1,go,17,10,False,False
CST3,go,20,13,False,False
PYGB,go,20,22,False,False
ABHD12,go,20,1,False,False
ID1,go,20,2,False,False
BCL2L1,go,14,7,False,True
TPX2,go,20,16,False,True
PDRG1,go,20,20,False,True
KIF3B,go,20,20,False,False
ASXL1,go,20,1,False,False
NOL4L,go,0,0,True,False
E2F1,go,18,20,False,False
ITCH,go,20,5,False,False
NCOA6,go,20,21,False,False
PROCR,go,0,0,True,False
MMP24OS,go,0,0,True,False
UQCC1,go,20,43,False,False
CEP250,go,20,16,False,False
SPAG4,go,0,0,True,False
RBM12,go,20,29,False,True
RBM39,go,20,8,False,True
NORAD,go,0,0,True,False
EPB41L1,go,0,0,True,False
MYL9,go,0,0,True,False
DSN1,go,20,14,False,True
SOGA1,go,20,7,False,False
RBL1,go,20,3,False,False
BLCAP,go,20,9,False,False
CTNNBL1,go,20,27,False,True
TGM2,go,20,1,False,False
SNHG17,go,0,0,True,False
SNHG11,go,0,0,True,False
RALGAPB,go,20,16,False,False
FAM83D,go,20,8,False,False
TOP1,go,20,3,False,True
CHD6,go,20,19,False,False
SRSF6,go,20,2,False,True
MYBL2,go,13,4,False,True
TOX2,go,0,0,True,False
OSER1,go,2,0,False,False
SERINC3,go,20,6,False,False
PKIG,go,17,9,False,False
STK4,go,20,14,False,False
SDC4,go,0,0,True,False
DBNDD2,go,19,58,False,False
PIGT,go,20,18,False,False
DNTTIP1,go,20,41,False,False
UBE2C,go,0,0,True,False
CTSA,go,20,13,False,False
TP53RK,go,20,42,False,True
ZMYND8,go,20,23,False,False
NCOA3,go,20,7,False,False
ARFGEF2,go,20,12,False,False
CSE1L,go,20,129,False,True
DDX27,go,20,40,False,True
ZNFX1,go,20,2,False,False
ZFAS1,go,0,0,True,False
B4GALT5,go,18,5,False,False
RNF114,go,20,48,False,False
SNAI1,go,18,2,False,False
CEBPB,go,19,6,False,False
DPM1,go,20,2,False,False
ZNF217,go,18,29,False,False
FAM210B,go,20,16,False,False
AURKA,go,20,4,False,True
RAE1,go,20,1,False,True
PMEPA1,go,0,0,True,False
RAB22A,go,20,25,False,False
STX16,go,20,36,False,False
NELFCD,go,20,15,False,True
CTSZ,go,20,20,False,False
PRELID3B,go,7,3,False,True
FAM217B,go,20,226,False,False
OSBPL2,go,20,6,False,False
OGFR,go,20,41,False,False
DIDO1,go,20,14,False,False
YTHDF1,go,20,4,False,False
ARFGAP1,go,20,25,False,False
MHENCR,go,0,0,True,False
SLC2A4RG,go,17,10,False,False
PRPF6,go,20,31,False,True
TCEA2,go,20,13,False,False
PCMTD2,go,18,22,False,False
HSPA13,go,20,28,False,False
NRIP1,go,20,15,False,False
USP25,go,20,23,False,False
BTG3,go,20,84,False,False
MIR155HG,go,0,0,True,False
MRPL39,go,20,7,False,True
GABPA,go,13,96,False,True
APP,go,0,0,True,False
ADAMTS1,go,0,0,True,False
LTN1,go,20,10,False,False
BACH1,go,20,7,False,False
SOD1,go,2,1,False,True
MIS18A,go,20,59,False,True
PAXBP1,go,20,3,False,True
IFNAR1,go,18,4,False,False
IFNGR2,go,20,9,False,False
TMEM50B,go,20,153,False,False
GART,go,20,5,False,True
SON,go,20,4,False,True
DONSON,go,20,1,False,True
ITSN1,go,20,12,False,False
MRPS6,go,20,13,False,True
SLC5A3,go,2,0,False,False
RCAN1,go,20,0,False,False
RUNX1,go,13,2,False,False
SETD4,go,20,0,False,False
CBR3,go,0,0,True,False
DOP1B,go,0,0,True,False
MORC3,go,20,3,False,False
CHAF1B,go,20,37,False,True
SIM2,go,18,2,False,False
PIGP,go,20,29,False,False
TTC3,go,20,85,False,False
DYRK1A,go,20,21,False,False
ETS2,go,18,62,False,False
PSMG1,go,20,20,False,True
BRWD1,go,20,14,False,False
HMGN1,go,20,82,False,False
C2CD2,go,20,44,False,False
ZBTB21,go,8,38,False,False
WDR4,go,20,6,False,True
PKNOX1,go,11,15,False,False
RRP1B,go,20,3,False,False
RRP1,go,20,3,False,True
UBE2G2,go,20,9,False,False
PTTG1IP,go,20,8,False,False
POFUT2,go,5,0,False,False
C21orf58,go,0,0,True,False
PCNT,go,20,27,False,False
HDHD5,go,20,10,False,False
BCL2L13,go,20,29,False,False
BID,go,20,5,False,False
CDC45,go,20,14,False,True
DGCR8,go,20,50,False,True
RANBP1,go,20,38,False,False
THAP7,go,20,16,False,False
YDJC,go,6,1,False,False
SDF2L1,go,20,11,False,False
SLC2A11,go,20,9,False,False
SPECC1L,go,20,11,False,False
HPS4,go,20,6,False,False
LINC01638,go,0,0,True,False
MN1,go,0,0,True,False
XBP1,go,20,0,False,False
RHBDD3,go,6,1,False,False
NIPSNAP1,go,20,9,False,False
ZMAT5,go,20,26,False,True
LIF,go,0,0,True,False
SF3A1,go,20,38,False,True
SEC14L2,go,0,0,True,False
MTFP1,go,20,55,False,False
MORC2,go,20,31,False,False
TUG1,go,0,0,True,False
SMTN,go,20,11,False,False
SELENOM,go,20,3,False,False
LIMK2,go,20,5,False,False
PISD,go,20,7,False,False
PRR14L,go,0,0,True,False
YWHAH,go,20,2,False,False
TIMP3,go,0,0,True,False
HMGXB4,go,20,1,False,False
TOM1,go,20,69,False,False
HMOX1,go,0,0,True,False
MCM5,go,20,20,False,True
APOL2,go,20,4,False,False
MYH9,go,20,7,False,False
IFT27,go,20,15,False,False
MPST,go,20,0,False,False
CDC42EP1,go,20,35,False,False
GGA1,go,20,24,False,False
PDXP,go,20,2,False,False
LGALS1,go,20,15,False,False
TRIOBP,go,20,3,False,False
AL022311.1,go,0,0,True,False
MAFF,go,12,31,False,False
KDELR3,go,20,20,False,False
DDX17,go,20,7,False,True
JOSD1,go,20,73,False,False
SUN2,go,20,0,False,False
DNAL4,go,0,0,True,False
CBX6,go,20,33,False,False
RPL3,go,20,21,False,True
SYNGR1,go,19,3,False,False
MIEF1,go,18,11,False,False
ATF4,go,20,10,False,True
TNRC6B,go,20,6,False,False
EP300,go,9,1,False,False
RANGAP1,go,20,6,False,True
TOB2,go,20,13,False,False
CENPM,go,20,28,False,False
TCF20,go,13,141,False,False
PACSIN2,go,20,15,False,False
NUP50,go,20,33,False,False
Z95331.1,go,0,0,True,False
MIRLET7BHG,go,0,0,True,False
GTSE1,go,20,13,False,False
TRMU,go,20,11,False,False
CERK,go,19,7,False,False
BRD1,go,15,3,False,False
CRELD2,go,20,37,False,False
PIM3,go,20,66,False,False
PLXNB2,go,4,0,False,False
LMF2,go,20,151,False,False
NCAPH2,go,20,7,False,True
SCO2,go,20,5,False,False
CHKB,go,20,12,False,False
RABL2B,go,0,0,True,False
GTPBP6,go,15,11,False,False
ASMTL,go,20,3,False,False
AKAP17A,go,20,25,False,False
ZBED1,go,9,13,False,False
PRKX,go,20,2,False,False
BX890604.2,go,0,0,True,False
ANOS1,go,0,0,True,False
TBL1X,go,19,10,False,False
WWC3,go,0,0,True,False
MID1,go,0,0,True,False
HCCS,go,20,23,False,False
MSL3,go,20,17,False,False
PRPS2,go,20,4,False,False
TMSB4X,go,20,4,False,False
RAB9A,go,20,32,False,False
OFD1,go,20,48,False,False
PIR,go,20,47,False,False
ZRSR2,go,20,8,False,True
AP1S2,go,20,25,False,False
TXLNG,go,20,1,False,False
RBBP7,go,20,21,False,False
SCML1,go,0,0,True,False
SH3KBP1,go,20,22,False,True
EIF1AX,go,20,65,False,True
RPS6KA3,go,20,12,False,False
SMS,go,18,6,False,False
SAT1,go,11,10,False,False
ZFX,go,10,7,False,False
POLA1,go,20,6,False,True
DMD,go,11,3,False,False
TMEM47,go,0,0,True,False
DYNLT3,go,20,13,False,False
SRPX,go,0,0,True,False
RPGR,go,20,17,False,False
MID1IP1,go,20,5,False,False
BCOR,go,20,4,False,False
ATP6AP2,go,20,12,False,True
USP9X,go,20,7,False,True
DDX3X,go,20,2,False,True
CASK,go,0,0,True,False
KDM6A,go,17,7,False,True
MIR222HG,go,0,0,True,False
SLC9A7,go,0,0,True,False
CDK16,go,20,25,False,False
USP11,go,20,30,False,False
TIMP1,go,20,4,False,False
PORCN,go,0,0,True,False
EBP,go,20,1,False,False
WDR13,go,20,1,False,False
PCSK1N,go,0,0,True,False
PRAF2,go,0,0,True,False
WDR45,go,20,7,False,False
PLP2,go,20,65,False,False
GSPT2,go,0,0,True,False
MAGED1,go,20,9,False,False
TSPYL2,go,20,18,False,False
KDM5C,go,20,8,False,True
SMC1A,go,20,6,False,True
HUWE1,go,20,23,False,True
TSR2,go,20,34,False,True
MAGED2,go,20,32,False,False
RRAGB,go,20,16,False,False
NBDY,go,0,0,True,False
LAS1L,go,20,12,False,True
MSN,go,20,7,False,False
IGBP1,go,20,4,False,True
KIF4A,go,20,15,False,True
DLG3,go,0,0,True,False
NONO,go,20,13,False,False
TAF1,go,20,7,False,True
OGT,go,20,5,False,True
ERCC6L,go,0,0,True,False
RPS4X,go,20,12,False,True
HDAC8,go,18,8,False,False
XIST,go,0,0,True,False
FTX,go,0,0,True,False
SLC16A2,go,0,0,True,False
RLIM,go,20,31,False,False
PBDC1,go,0,0,True,False
ATRX,go,20,10,False,False
MAGT1,go,20,14,False,False
PGK1,go,20,11,False,True
BRWD3,go,6,6,False,False
SH3BGRL,go,20,29,False,False
CHM,go,20,3,False,False
KLHL4,go,0,0,True,False
DIAPH2,go,0,0,True,False
TIMM8A,go,20,28,False,True
GLA,go,20,1,False,False
HNRNPH2,go,20,95,False,False
ARMCX1,go,0,0,True,False
ARMCX6,go,19,27,False,False
ARMCX3,go,20,10,False,False
ARMCX2,go,0,0,True,False
TMSB15A,go,0,0,True,False
BEX1,go,0,0,True,False
BEX4,go,20,17,False,False
TCEAL9,go,20,10,False,False
TCEAL1,go,20,10,False,False
NRK,go,0,0,True,False
TBC1D8B,go,0,0,True,False
MORC4,go,0,0,True,False
PRPS1,go,20,4,False,False
TSC22D3,go,0,0,True,False
COL4A5,go,0,0,True,False
ACSL4,go,20,4,False,False
CHRDL1,go,0,0,True,False
PLS3,go,0,0,True,False
IL13RA1,go,17,4,False,False
SLC25A5,go,20,2,False,False
SEPTIN6,go,20,2,False,False
UPF3B,go,20,37,False,False
RNF113A,go,20,11,False,True
NKAP,go,20,16,False,True
LAMP2,go,20,15,False,False
CUL4B,go,20,7,False,False
C1GALT1C1,go,20,7,False,False
XIAP,go,20,5,False,False
SMARCA1,go,20,18,False,False
UTP14A,go,20,113,False,False
ENOX2,go,20,3,False,False
PHF6,go,17,21,False,False
MOSPD1,go,0,0,True,False
SMIM10,go,20,41,False,False
RTL8C,go,0,0,True,False
MAP7D3,go,20,4,False,False
HTATSF1,go,20,7,False,True
RBMX,go,20,9,False,True
ATP11C,go,20,8,False,False
LDOC1,go,0,0,True,False
FMR1,go,19,1,False,False
IDS,go,20,3,False,False
HMGB3,go,20,4,False,True
ZNF185,go,0,0,True,False
SLC6A8,go,17,6,False,False
IDH3G,go,20,18,False,False
SSR4,go,20,9,False,False
HCFC1,go,20,17,False,True
FLNA,go,20,2,False,False
ATP6AP1,go,20,23,False,True
PLXNA3,go,0,0,True,False
LAGE3,go,20,39,False,False
UBL4A,go,20,19,False,False
G6PD,go,20,2,False,False
DKC1,go,20,9,False,True
MPP1,go,20,15,False,False
FUNDC2,go,20,3,False,True
CMC4,go,20,16,False,True
MT-ND1,go,0,0,True,False
MT-ND2,go,0,0,True,False
MT-ATP8,go,0,0,True,False
MT-ATP6,go,0,0,True,False
MT-CO3,go,0,0,True,False
MT-ND3,go,0,0,True,False
MT-ND4L,go,0,0,True,False
MT-ND4,go,0,0,True,False
MT-ND5,go,0,0,True,False
MT-ND6,go,0,0,True,False
MT-CYB,go,0,0,True,False
NOC2L,go,20,8,False,True
INTS11,go,20,33,False,True
AURKAIP1,go,20,13,False,True
MRPL20,go,20,26,False,True
SSU72,go,20,10,False,True
DNAJC11,go,20,5,False,True
PGD,go,3,1,False,True
TARDBP,go,20,0,False,True
MTOR,go,20,3,False,True
MFN2,go,20,2,False,True
ZBTB17,go,14,3,False,True
FBXO42,go,19,54,False,True
EMC1,go,20,7,False,True
CAPZB,go,20,11,False,True
MICOS10,go,20,7,False,True
DDOST,go,20,36,False,True
CDC42,go,4,1,False,True
DHDDS,go,20,10,False,True
GPN2,go,20,29,False,True
TRNP1,go,20,3,False,True
WDTC1,go,20,4,False,True
PPP1R8,go,20,14,False,True
DNAJC8,go,20,114,False,True
TAF12,go,20,28,False,True
PUM1,go,20,9,False,True
EIF3I,go,20,22,False,True
ZMYM4,go,20,4,False,True
PSMB2,go,20,34,False,True
TRAPPC3,go,20,21,False,True
LSM10,go,20,2,False,True
C1orf109,go,20,601,False,True
SF3A3,go,20,45,False,True
UTP11,go,20,48,False,True
MYCBP,go,20,80,False,True
NDUFS5,go,20,37,False,True
PABPC4,go,20,20,False,True
CAP1,go,20,2,False,True
NFYC,go,20,46,False,True
YBX1,go,20,7,False,True
ELOVL1,go,20,5,False,True
IPO13,go,20,80,False,True
DPH2,go,20,29,False,True
DMAP1,go,20,26,False,True
RPS8,go,20,80,False,True
EIF2B3,go,20,8,False,True
UROD,go,20,2,False,True
UQCRH,go,20,18,False,True
NSUN4,go,20,5,False,True
CMPK1,go,20,4,False,True
BTF3L4,go,19,116,False,True
MAGOH,go,20,17,False,True
MRPL37,go,20,36,False,True
TTC4,go,20,42,False,True
MIER1,go,20,37,False,True
SERBP1,go,20,75,False,True
SRSF11,go,20,130,False,True
ZRANB2,go,20,38,False,True
RBMXL1,go,20,7,False,True
GLMN,go,12,0,False,True
RPL5,go,20,13,False,True
ALG14,go,20,15,False,True
CLCC1,go,20,30,False,True
PSMA5,go,20,73,False,True
STRIP1,go,20,27,False,True
WDR77,go,20,6,False,True
DDX20,go,20,8,False,True
BCAS2,go,20,37,False,True
CSDE1,go,20,2,False,True
POLR3C,go,20,15,False,True
RBM8A,go,20,18,False,True
SF3B4,go,20,44,False,True
MRPS21,go,20,17,False,True
TARS2,go,20,11,False,True
SETDB1,go,20,10,False,True
VPS72,go,20,29,False,True
PSMD4,go,20,39,False,True
PSMB4,go,20,21,False,True
MRPL9,go,20,41,False,True
INTS3,go,20,34,False,True
MSTO1,go,20,32,False,True
DAP3,go,20,0,False,True
GON4L,go,20,17,False,True
UBQLN4,go,20,15,False,True
LAMTOR2,go,20,5,False,True
SMG5,go,20,7,False,True
CCT3,go,20,9,False,True
ISG20L2,go,20,15,False,True
PEX19,go,20,2,False,True
SDHC,go,20,24,False,True
MRPS14,go,20,15,False,True
CDC73,go,20,4,False,True
DDX59,go,20,49,False,True
RBBP5,go,20,15,False,True
INTS7,go,20,25,False,True
IARS2,go,20,18,False,True
NVL,go,20,18,False,True
SRP9,go,20,5,False,True
H3F3A,go,20,2,False,True
MRPL55,go,20,34,False,True
GUK1,go,20,8,False,True
RAB4A,go,20,19,False,True
NUP133,go,20,18,False,True
ABCB10,go,20,8,False,True
COG2,go,20,12,False,True
C1orf131,go,20,11,False,True
GNPAT,go,10,4,False,True
EXOC8,go,20,9,False,True
SPRTN,go,20,4,False,True
TOMM20,go,20,3,False,True
GGPS1,go,20,3,False,True
RPS7,go,20,11,False,True
ITGB1BP1,go,20,7,False,True
TAF1B,go,20,7,False,True
DDX1,go,20,14,False,True
TMEM214,go,17,28,False,True
AGBL5,go,20,1,False,True
PREB,go,20,11,False,True
CAD,go,1,0,False,True
GTF3C2,go,20,8,False,True
NRBP1,go,20,12,False,True
GPN1,go,20,89,False,True
MRPL33,go,20,35,False,True
PPP1CB,go,20,14,False,True
TTC27,go,20,0,False,True
SRBD1,go,20,0,False,True
RPS27A,go,20,22,False,True
CCT4,go,20,13,False,True
VPS54,go,20,24,False,True
ACTR2,go,20,11,False,True
C1D,go,20,37,False,True
WDR92,go,20,4,False,True
SNRNP27,go,20,31,False,True
PCBP1,go,20,41,False,True
FAM136A,go,16,114,False,True
MCEE,go,18,12,False,True
CCT7,go,20,18,False,True
TPRKB,go,20,26,False,True
DCTN1,go,20,12,False,True
INO80B,go,20,11,False,True
MRPL19,go,20,45,False,True
KCMF1,go,20,8,False,True
USP39,go,20,14,False,True
POLR1A,go,20,15,False,True
MRPL35,go,20,30,False,True
CHMP3,go,20,12,False,True
RPIA,go,20,7,False,True
STARD7,go,20,3,False,True
CIAO1,go,19,5,False,True
SNRNP200,go,20,19,False,True
KANSL3,go,20,9,False,True
ANKRD39,go,5,1,False,True
COX5B,go,20,26,False,True
ACTR1B,go,20,113,False,True
RPL31,go,20,78,False,True
CNOT11,go,20,11,False,True
UXS1,go,20,1,False,True
LIMS1,go,20,10,False,True
ANAPC1,go,20,13,False,True
POLR1B,go,20,14,False,True
ACTR3,go,20,22,False,True
DDX18,go,20,45,False,True
ERCC3,go,20,7,False,True
POLR2D,go,20,7,False,True
SAP130,go,20,15,False,True
IMP4,go,20,3,False,True
DARS,go,20,37,False,True
ORC4,go,20,21,False,True
PRPF40A,go,20,2,False,True
PSMD14,go,20,8,False,True
DYNC1I2,go,20,16,False,True
PRKRA,go,20,4,False,True
NCKAP1,go,20,4,False,True
NUP35,go,20,26,False,True
WDR75,go,20,14,False,True
GTF3C3,go,20,9,False,True
MOB4,go,17,33,False,True
NDUFB3,go,19,16,False,True
NBEAL1,go,20,8,False,True
EEF1B2,go,19,39,False,True
METTL21A,go,20,9,False,True
RPE,go,20,26,False,True
ATIC,go,20,5,False,True
ARPC2,go,20,15,False,True
BCS1L,go,20,22,False,True
PSMD1,go,20,22,False,True
COPS8,go,20,24,False,True
PPP1R7,go,20,17,False,True
TADA3,go,20,15,False,True
ARPC4,go,20,10,False,True
RPUSD3,go,20,19,False,True
EMC3,go,20,22,False,True
BRK1,go,20,10,False,True
SEC13,go,20,12,False,True
TAMM41,go,20,8,False,True
TSEN2,go,20,3,False,True
RPL32,go,20,36,False,True
CHCHD4,go,20,5,False,True
LSM3,go,20,15,False,True
MRPS25,go,20,28,False,True
DPH3,go,20,72,False,True
STT3B,go,20,17,False,True
CNOT10,go,20,16,False,True
PDCD6IP,go,20,9,False,True
RPSA,go,20,31,False,True
RPL14,go,20,40,False,True
SS18L2,go,18,18,False,True
EXOSC7,go,20,14,False,True
LARS2,go,20,15,False,True
SACM1L,go,19,22,False,True
PTPN23,go,20,11,False,True
SCAP,go,20,4,False,True
ELP6,go,20,7,False,True
SMARCC1,go,20,15,False,True
DHX30,go,20,31,False,True
UQCRC1,go,20,14,False,True
NDUFAF3,go,20,34,False,True
QARS,go,20,2,False,True
GMPPB,go,20,5,False,True
MON1A,go,20,26,False,True
RPL29,go,20,16,False,True
BAP1,go,20,1,False,True
NISCH,go,20,40,False,True
RFT1,go,20,4,False,True
ACTR8,go,20,15,False,True
RPP14,go,20,12,False,True
THOC7,go,20,48,False,True
PSMD6,go,20,21,False,True
SLC25A26,go,20,11,False,True
UBA3,go,20,14,False,True
SHQ1,go,20,5,False,True
PPP4R2,go,20,4,False,True
CPOX,go,20,2,False,True
RPL24,go,20,2,False,True
COX17,go,20,2,False,True
NDUFB4,go,19,17,False,True
GTF2E1,go,20,23,False,True
SEC61A1,go,20,5,False,True
RUVBL1,go,20,22,False,True
EEFSEC,go,20,8,False,True
RPN1,go,20,17,False,True
ISY1,go,20,9,False,True
COPG1,go,20,36,False,True
PIK3R4,go,20,4,False,True
MRPL3,go,20,48,False,True
UBA5,go,20,6,False,True
ANAPC13,go,20,16,False,True
SLC35G2,go,20,147,False,True
DBR1,go,20,12,False,True
COPB2,go,20,28,False,True
U2SURP,go,20,114,False,True
DHX36,go,20,4,False,True
GFM1,go,20,59,False,True
SEC62,go,20,6,False,True
DNAJC19,go,20,8,False,True
EIF2B5,go,20,5,False,True
AP2M1,go,20,8,False,True
PSMD2,go,20,38,False,True
POLR2H,go,20,9,False,True
NCBP2,go,20,1,False,True
RPL35A,go,20,39,False,True
ATP5ME,go,20,15,False,True
LETM1,go,20,5,False,True
NELFA,go,20,7,False,True
HAUS3,go,20,14,False,True
RNF4,go,20,5,False,True
STX18,go,20,17,False,True
TADA2B,go,20,28,False,True
GRPEL1,go,20,23,False,True
WDR1,go,15,1,False,True
DHX15,go,20,13,False,True
ANAPC4,go,20,21,False,True
RPL9,go,20,57,False,True
SRP72,go,20,6,False,True
POLR2B,go,20,28,False,True
GRSF1,go,20,10,False,True
ANKRD17,go,20,5,False,True
BMP2K,go,20,12,False,True
LIN54,go,20,35,False,True
COPS4,go,20,19,False,True
MRPS18C,go,20,13,False,True
WDFY3,go,20,6,False,True
PYURF,go,20,9,False,True
EIF4E,go,20,5,False,True
METAP1,go,20,13,False,True
UBE2D3,go,20,44,False,True
PPA2,go,20,9,False,True
INTS12,go,20,32,False,True
METTL14,go,20,2,False,True
ANAPC10,go,20,16,False,True
RPS3A,go,20,35,False,True
TRAPPC11,go,20,10,False,True
SDHA,go,20,5,False,True
PDCD6,go,20,4,False,True
MRPL36,go,20,10,False,True
DROSHA,go,20,3,False,True
SKP2,go,20,11,False,True
WDR70,go,20,2,False,True
RPL37,go,20,2,False,True
DHX29,go,20,0,False,True
IPO11,go,20,18,False,True
PPWD1,go,20,6,False,True
RAD17,go,20,13,False,True
GTF2H2,go,20,16,False,True
MRPS27,go,20,2,False,True
BTF3,go,17,9,False,True
UTP15,go,20,42,False,True
NSA2,go,20,8,False,True
TBCA,go,20,8,False,True
ZCCHC9,go,20,33,False,True
RPS23,go,20,15,False,True
COX7C,go,20,49,False,True
TMEM161B,go,20,19,False,True
CAST,go,7,1,False,True
SRP19,go,20,5,False,True
PHAX,go,20,2,False,True
UQCRQ,go,20,4,False,True
SKP1,go,20,10,False,True
CDC23,go,20,19,False,True
ETF1,go,20,3,False,True
PFDN1,go,20,19,False,True
SLC35A4,go,20,3,False,True
NDUFA2,go,19,15,False,True
IK,go,11,1,False,True
WDR55,go,20,21,False,True
HARS,go,20,36,False,True
HARS2,go,20,6,False,True
ZMAT2,go,20,20,False,True
HDAC3,go,20,24,False,True
RNF14,go,20,40,False,True
LARS,go,20,8,False,True
TCERG1,go,20,17,False,True
CSNK1A1,go,20,23,False,True
RPS14,go,20,10,False,True
MRPL22,go,20,8,False,True
MED7,go,20,24,False,True
THG1L,go,20,8,False,True
TTC1,go,20,19,False,True
RARS,go,20,59,False,True
RPL26L1,go,20,4,False,True
BNIP1,go,20,11,False,True
THOC3,go,20,10,False,True
PRELID1,go,20,2,False,True
DDX41,go,20,42,False,True
NHP2,go,20,6,False,True
RACK1,go,20,2,False,True
EXOC2,go,20,10,False,True
RPP40,go,20,7,False,True
LYRM4,go,20,24,False,True
FARS2,go,20,54,False,True
NOL7,go,20,71,False,True
ABT1,go,20,4,False,True
ZNRD1,go,20,11,False,True
ABCF1,go,20,37,False,True
MRPS18B,go,20,25,False,True
DHX16,go,20,51,False,True
GTF2H4,go,20,10,False,True
CSNK2B,go,20,7,False,True
VARS,go,20,14,False,True
NELFE,go,20,20,False,True
SLC39A7,go,18,104,False,True
PFDN6,go,20,16,False,True
UQCC2,go,20,17,False,True
RPS10,go,20,53,False,True
SNRPC,go,20,1,False,True
TAF11,go,20,21,False,True
RPL10A,go,20,75,False,True
TEAD3,go,16,8,False,True
PPIL1,go,20,18,False,True
CMTR1,go,20,7,False,True
TAF8,go,20,14,False,True
MRPS10,go,20,26,False,True
RPL7L1,go,20,3,False,True
SRF,go,18,0,False,True
XPO5,go,20,5,False,True
MRPS18A,go,20,20,False,True
MRPL14,go,20,47,False,True
AARS2,go,20,13,False,True
CDC5L,go,20,16,False,True
RARS2,go,20,47,False,True
ORC3,go,20,4,False,True
RNGTT,go,20,1,False,True
PNISR,go,20,15,False,True
CCNC,go,13,13,False,True
QRSL1,go,20,4,False,True
SEC63,go,20,5,False,True
CDC40,go,20,43,False,True
GTF3C6,go,20,9,False,True
TUBE1,go,20,15,False,True
RPS12,go,20,27,False,True
HBS1L,go,20,41,False,True
SF3B5,go,20,18,False,True
NUP43,go,20,39,False,True
TFB1M,go,20,8,False,True
TMEM242,go,18,26,False,True
WTAP,go,20,33,False,True
TCP1,go,20,7,False,True
MRPL18,go,20,5,False,True
FGFR1OP,go,20,7,False,True
PSMB1,go,20,52,False,True
TBP,go,20,16,False,True
PDCD2,go,20,21,False,True
C7orf50,go,20,46,False,True
INTS1,go,20,6,False,True
EIF3B,go,20,20,False,True
RAC1,go,5,3,False,True
C7orf26,go,0,0,True,True
MIOS,go,20,20,False,True
JAZF1,go,20,55,False,True
YAE1,go,20,92,False,True
PSMA2,go,20,53,False,True
MRPS24,go,20,16,False,True
POLD2,go,20,16,False,True
NUDCD3,go,20,14,False,True
PPIA,go,20,5,False,True
TBRG4,go,20,8,False,True
HUS1,go,20,11,False,True
SEC61G,go,20,10,False,True
MRPS17,go,20,12,False,True
CCT6A,go,20,25,False,True
CHCHD2,go,18,5,False,True
SBDS,go,20,8,False,True
BUD23,go,20,6,False,True
EIF4H,go,20,11,False,True
PEX1,go,12,9,False,True
RBM48,go,20,85,False,True
FAM133B,go,20,13,False,True
SEM1,go,0,0,True,True
TRRAP,go,20,31,False,True
ARPC1B,go,20,15,False,True
PDAP1,go,20,64,False,True
BUD31,go,20,10,False,True
CPSF4,go,20,14,False,True
ATP5MF,go,17,19,False,True
COPS6,go,20,67,False,True
TAF6,go,20,23,False,True
LAMTOR4,go,20,14,False,True
MEPCE,go,20,1,False,True
PRKRIP1,go,20,3,False,True
PSMC2,go,20,33,False,True
ORC5,go,20,21,False,True
RINT1,go,20,32,False,True
DLD,go,20,0,False,True
ING3,go,20,16,False,True
POT1,go,11,9,False,True
ATP6V1F,go,20,17,False,True
TNPO3,go,20,13,False,True
CHCHD3,go,20,6,False,True
EXOC4,go,20,10,False,True
CYREN,go,20,6,False,True
MRPS33,go,20,26,False,True
SSBP1,go,20,17,False,True
UBE3C,go,20,8,False,True
INTS10,go,20,42,False,True
CHMP7,go,20,11,False,True
ELP3,go,20,5,False,True
HMBOX1,go,20,32,False,True
DCTN6,go,20,5,False,True
GTF2E2,go,20,21,False,True
TTI2,go,20,2,False,True
RPS20,go,20,26,False,True
COPS5,go,20,2,False,True
RPL7,go,20,32,False,True
DPY19L4,go,20,2,False,True
INTS8,go,20,13,False,True
UQCRB,go,20,6,False,True
RPL30,go,20,35,False,True
COX6C,go,20,52,False,True
POLR2K,go,20,38,False,True
PABPC1,go,20,7,False,True
ZNF706,go,20,6,False,True
EIF3E,go,20,23,False,True
ENY2,go,20,15,False,True
EIF3H,go,20,17,False,True
MED30,go,20,27,False,True
TAF2,go,20,20,False,True
MRPL13,go,20,14,False,True
GLI4,go,14,40,False,True
PUF60,go,20,3,False,True
CYC1,go,20,10,False,True
HSF1,go,20,1,False,True
CPSF1,go,20,11,False,True
VPS28,go,20,29,False,True
TONSL,go,20,14,False,True
RPL8,go,20,31,False,True
SNAPC3,go,20,12,False,True
NDUFB6,go,19,22,False,True
NOL6,go,20,20,False,True
DCTN3,go,20,7,False,True
VCP,go,20,1,False,True
RGP1,go,20,28,False,True
FXN,go,14,1,False,True
SMC5,go,20,6,False,True
HNRNPK,go,20,11,False,True
NAA35,go,20,31,False,True
SPTLC1,go,20,5,False,True
IARS,go,20,26,False,True
NCBP1,go,20,1,False,True
ANKS6,go,20,4,False,True
SEC61B,go,20,28,False,True
MRPL50,go,20,18,False,True
TXN,go,17,0,False,True
CDC26,go,20,22,False,True
NDUFA8,go,20,35,False,True
PSMB7,go,20,37,False,True
RPL35,go,20,16,False,True
PPP6C,go,20,36,False,True
SLC2A8,go,4,3,False,True
TOR2A,go,20,5,False,True
CDK9,go,20,6,False,True
GLE1,go,20,19,False,True
SET,go,20,17,False,True
SPOUT1,go,20,6,False,True
DOLK,go,20,13,False,True
C9orf78,go,20,61,False,True
NUP214,go,20,20,False,True
MED27,go,20,23,False,True
GTF3C5,go,20,7,False,True
MED22,go,20,22,False,True
RPL7A,go,20,45,False,True
WDR5,go,20,19,False,True
SNAPC4,go,20,4,False,True
PMPCA,go,20,25,False,True
SEC16A,go,20,9,False,True
MRPL41,go,20,7,False,True
PITRM1,go,20,9,False,True
RBM17,go,20,18,False,True
ATP5F1C,go,20,12,False,True
CDC123,go,20,5,False,True
PRPF18,go,20,5,False,True
RAB18,go,18,23,False,True
WAC,go,20,4,False,True
MTPAP,go,20,8,False,True
BMS1,go,20,8,False,True
TIMM23B,go,7,1,False,True
CCAR1,go,20,17,False,True
PPA1,go,20,19,False,True
ECD,go,20,46,False,True
MRPS16,go,20,20,False,True
CHCHD1,go,20,52,False,True
COMTD1,go,20,3,False,True
RPS24,go,20,13,False,True
PGAM1,go,20,1,False,True
EXOSC1,go,20,43,False,True
MMS19,go,20,6,False,True
NDUFB8,go,18,20,False,True
MRPL43,go,20,43,False,True
NPM3,go,20,43,False,True
GBF1,go,20,0,False,True
ACTR1A,go,20,47,False,True
TAF5,go,20,21,False,True
ATP5MD,go,20,33,False,True
EIF3A,go,20,11,False,True
CTBP2,go,20,1,False,True
GLRX3,go,20,8,False,True
TUBGCP2,go,20,9,False,True
PSMD13,go,20,16,False,True
RPLP2,go,20,51,False,True
POLR2L,go,20,31,False,True
MRPL23,go,20,51,False,True
TAF10,go,20,17,False,True
MRPL17,go,20,11,False,True
EIF3F,go,20,13,False,True
RPL27A,go,20,66,False,True
COPB1,go,20,52,False,True
PSMA1,go,20,22,False,True
RPS13,go,20,44,False,True
HPS5,go,20,5,False,True
TSG101,go,20,16,False,True
ELP4,go,20,10,False,True
EIF3M,go,20,16,False,True
NAT10,go,20,1,False,True
HSD17B12,go,20,1,False,True
PSMC3,go,20,26,False,True
NDUFS3,go,19,19,False,True
PTPMT1,go,20,7,False,True
TIMM10,go,20,10,False,True
TMX2,go,20,15,False,True
MRPL16,go,20,22,False,True
PRPF19,go,20,1,False,True
DDB1,go,20,4,False,True
SDHAF2,go,20,10,False,True
TMEM258,go,20,67,False,True
EEF1G,go,20,80,False,True
INTS5,go,20,87,False,True
POLR2G,go,20,6,False,True
STX5,go,20,27,False,True
TRMT112,go,20,3,False,True
SF1,go,18,1,False,True
MEN1,go,20,2,False,True
ARL2,go,20,9,False,True
SNX15,go,20,69,False,True
FAU,go,0,0,True,True
PCNX3,go,20,43,False,True
RNASEH2C,go,20,1,False,True
CFL1,go,20,13,False,True
EIF1AD,go,20,88,False,True
BANF1,go,20,6,False,True
SF3B2,go,20,81,False,True
KLC2,go,20,6,False,True
MRPL11,go,20,23,False,True
PPP1CA,go,20,10,False,True
LRP5,go,2,1,False,True
MRPL21,go,20,46,False,True
NUMA1,go,20,3,False,True
LAMTOR1,go,20,6,False,True
ANAPC15,go,20,28,False,True
INPPL1,go,20,7,False,True
CLPB,go,20,27,False,True
SPCS2,go,20,25,False,True
CLNS1A,go,20,7,False,True
INTS4,go,20,52,False,True
NARS2,go,20,35,False,True
CWC15,go,20,52,False,True
DCUN1D5,go,20,0,False,True
SDHD,go,20,10,False,True
ZW10,go,20,8,False,True
REXO2,go,20,6,False,True
BUD13,go,20,49,False,True
CCDC84,go,20,25,False,True
RPS25,go,20,52,False,True
TRAPPC4,go,20,10,False,True
DPAGT1,go,20,10,False,True
NFRKB,go,20,18,False,True
MRPL51,go,20,39,False,True
MED21,go,20,26,False,True
ZCRB1,go,20,41,False,True
TWF1,go,20,14,False,True
KANSL2,go,20,12,False,True
MCRS1,go,20,22,False,True
PFDN5,go,20,16,False,True
AAAS,go,20,34,False,True
SP1,go,20,5,False,True
PCBP2,go,20,13,False,True
SMUG1,go,20,10,False,True
HNRNPA1,go,20,8,False,True
COPZ1,go,20,12,False,True
SARNP,go,20,23,False,True
RPS26,go,20,20,False,True
RPL41,go,20,22,False,True
ESYT1,go,20,18,False,True
CS,go,20,13,False,True
ATP5F1B,go,20,6,False,True
NACA,go,19,4,False,True
DCTN2,go,20,23,False,True
PIP4K2C,go,20,7,False,True
METTL1,go,20,3,False,True
CCT2,go,20,11,False,True
PPP1R12A,go,20,5,False,True
UBE2N,go,20,13,False,True
MRPL42,go,20,31,False,True
METAP2,go,20,9,False,True
SLC25A3,go,20,9,False,True
POLR3B,go,20,15,False,True
PWP1,go,20,0,False,True
KCTD10,go,20,27,False,True
GIT2,go,19,24,False,True
ARPC3,go,20,28,False,True
VPS29,go,20,31,False,True
RPL6,go,20,10,False,True
PTPN11,go,5,1,False,True
SUDS3,go,20,24,False,True
RPLP0,go,20,29,False,True
DYNLL1,go,20,20,False,True
POP5,go,20,10,False,True
ANAPC5,go,20,17,False,True
PSMD9,go,20,20,False,True
DENR,go,20,3,False,True
TMED2,go,20,6,False,True
EIF2B1,go,20,20,False,True
DHX37,go,20,9,False,True
DDX51,go,20,45,False,True
FBRSL1,go,20,13,False,True
PGAM5,go,20,2,False,True
SAP18,go,20,27,False,True
MIPEP,go,20,16,False,True
RPL21,go,20,69,False,True
GTF3A,go,20,6,False,True
POLR1D,go,20,13,False,True
SUPT20H,go,20,13,False,True
GTF2F2,go,20,25,False,True
ZC3H13,go,20,62,False,True
SUGT1,go,20,11,False,True
CDC16,go,20,21,False,True
UPF3A,go,20,29,False,True
OSGEP,go,20,40,False,True
METTL17,go,20,3,False,True
HNRNPC,go,20,13,False,True
METTL3,go,20,1,False,True
DAD1,go,20,11,False,True
OXA1L,go,20,2,False,True
PSMB5,go,20,30,False,True
PABPN1,go,20,9,False,True
PSME1,go,20,6,False,True
PSME2,go,20,45,False,True
RNF31,go,20,2,False,True
NEDD8,go,20,20,False,True
TINF2,go,20,9,False,True
RABGGTA,go,20,25,False,True
SDR39U1,go,20,14,False,True
SCFD1,go,20,10,False,True
HECTD1,go,20,3,False,True
PRORP,go,20,10,False,True
PSMA6,go,20,12,False,True
RPS29,go,20,4,False,True
RPL36AL,go,20,16,False,True
NEMF,go,20,2,False,True
RTRAF,go,20,37,False,True
PSMC6,go,20,10,False,True
GNPNAT1,go,20,16,False,True
NAA30,go,20,51,False,True
ACTR10,go,20,10,False,True
PSMA3,go,20,42,False,True
MNAT1,go,20,9,False,True
TRMT5,go,18,0,False,True
SGPP1,go,20,1,False,True
ATP6V1D,go,20,20,False,True
EIF2S1,go,20,1,False,True
PIGH,go,20,22,False,True
ERH,go,20,0,False,True
SLC39A9,go,20,11,False,True
RBM25,go,20,32,False,True
FCF1,go,20,90,False,True
TMED10,go,20,9,False,True
PSMC1,go,20,20,False,True
DDX24,go,20,26,False,True
GLRX5,go,20,10,False,True
YY1,go,20,15,False,True
WDR25,go,20,0,False,True
CINP,go,20,32,False,True
INF2,go,20,10,False,True
BRF1,go,7,3,False,True
CYFIP1,go,11,3,False,True
TUBGCP5,go,20,23,False,True
EMC4,go,20,17,False,True
NOP10,go,20,6,False,True
DPH6,go,20,13,False,True
SRP14,go,20,29,False,True
DNAJC17,go,20,6,False,True
VPS18,go,20,6,False,True
RTF1,go,20,5,False,True
RPAP1,go,20,8,False,True
TUBGCP4,go,20,10,False,True
EIF3J,go,20,17,False,True
SPATA5L1,go,20,16,False,True
COPS2,go,20,15,False,True
GTF2A2,go,20,25,False,True
HERC1,go,20,12,False,True
INTS14,go,20,12,False,True
SNAPC5,go,20,15,False,True
RPL4,go,20,79,False,True
PIAS1,go,20,19,False,True
RPLP1,go,20,1,False,True
COX5A,go,20,12,False,True
WDR61,go,20,7,False,True
PSMA4,go,20,33,False,True
RPS17,go,20,17,False,True
RAMAC,go,20,1,False,True
MRPS11,go,20,5,False,True
POLG,go,20,11,False,True
UNC45A,go,20,8,False,True
RCCD1,go,20,43,False,True
SNRNP25,go,20,27,False,True
MRPL28,go,20,63,False,True
CHTF18,go,20,46,False,True
UBE2I,go,20,7,False,True
TELO2,go,20,10,False,True
MRPS34,go,20,27,False,True
NUBP2,go,20,10,False,True
NDUFB10,go,19,17,False,True
RPS2,go,20,57,False,True
TBL3,go,20,23,False,True
GFER,go,20,1,False,True
MLST8,go,20,3,False,True
E4F1,go,14,5,False,True
ATP6V0C,go,20,21,False,True
PDPK1,go,20,8,False,True
SRRM2,go,20,15,False,True
PAM16,go,20,8,False,True
DNAJA3,go,20,2,False,True
ALG1,go,20,27,False,True
USP7,go,20,12,False,True
GSPT1,go,20,5,False,True
PARN,go,20,10,False,True
RPS15A,go,20,40,False,True
UQCRC2,go,20,23,False,True
POLR3E,go,20,11,False,True
NDUFAB1,go,19,18,False,True
PALB2,go,20,7,False,True
TUFM,go,20,19,False,True
CDIPT,go,20,21,False,True
INO80E,go,20,13,False,True
ALDOA,go,20,13,False,True
PPP4C,go,20,11,False,True
CD2BP2,go,20,63,False,True
SRCAP,go,20,29,False,True
RNF40,go,20,4,False,True
SETD1A,go,20,8,False,True
KAT8,go,20,16,False,True
VPS35,go,8,4,False,True
OGFOD1,go,20,3,False,True
CIAPIN1,go,20,13,False,True
KATNB1,go,20,24,False,True
GFOD2,go,20,7,False,True
CENPT,go,20,38,False,True
NUTF2,go,20,16,False,True
EDC4,go,20,189,False,True
COG8,go,20,20,False,True
TERF2,go,20,9,False,True
DDX19B,go,20,59,False,True
DDX19A,go,20,81,False,True
COG4,go,20,15,False,True
SF3B3,go,20,10,False,True
DHODH,go,20,13,False,True
PSMD7,go,20,91,False,True
CFDP1,go,20,0,False,True
KARS,go,20,9,False,True
MPHOSPH6,go,20,137,False,True
COTL1,go,20,46,False,True
ZDHHC7,go,17,4,False,True
CTU2,go,20,3,False,True
SPG7,go,20,7,False,True
RPL13,go,20,4,False,True
CPNE7,go,19,44,False,True
GEMIN4,go,20,15,False,True
TIMM22,go,20,6,False,True
SMG6,go,20,9,False,True
PAFAH1B1,go,3,1,False,True
MYBBP1A,go,20,4,False,True
ARRB2,go,1,1,False,True
MED11,go,20,21,False,True
PSMB6,go,20,33,False,True
PFN1,go,20,10,False,True
SPAG7,go,19,47,False,True
RPAIN,go,20,27,False,True
C1QBP,go,20,0,False,True
DHX33,go,20,9,False,True
DERL2,go,20,10,False,True
ELP5,go,20,22,False,True
EIF5A,go,20,1,False,True
NAA38,go,20,28,False,True
TRAPPC1,go,20,12,False,True
ELAC2,go,20,11,False,True
COX10,go,19,5,False,True
COPS3,go,20,22,False,True
TMEM199,go,20,12,False,True
SUPT6H,go,20,2,False,True
RPL23A,go,20,27,False,True
ERAL1,go,20,51,False,True
TEFM,go,20,20,False,True
ZNF207,go,20,8,False,True
PSMD11,go,20,26,False,True
RFFL,go,20,8,False,True
NLE1,go,20,0,False,True
TADA2A,go,20,16,False,True
MRPL45,go,20,68,False,True
PSMB3,go,20,60,False,True
RPL19,go,20,54,False,True
PSMD3,go,20,41,False,True
MED24,go,20,22,False,True
SMARCE1,go,20,14,False,True
VPS25,go,20,29,False,True
RPL27,go,20,59,False,True
DHX8,go,20,37,False,True
LSM12,go,20,0,False,True
EFTUD2,go,20,26,False,True
NMT1,go,17,2,False,True
NSF,go,20,4,False,True
GOSR2,go,20,44,False,True
CDC27,go,20,33,False,True
NPEPPS,go,20,17,False,True
SP2,go,13,25,False,True
UBE2Z,go,20,31,False,True
SNF8,go,20,20,False,True
PHB,go,20,1,False,True
SLC35B1,go,20,5,False,True
KAT7,go,20,2,False,True
MRPL27,go,20,10,False,True
LUC7L3,go,20,44,False,True
COX11,go,20,9,False,True
STXBP4,go,20,2,False,True
MRPS23,go,20,32,False,True
SUPT4H1,go,20,10,False,True
SMG8,go,20,3,False,True
CLTC,go,20,9,False,True
DDX42,go,20,133,False,True
PSMC5,go,20,6,False,True
BPTF,go,9,12,False,True
C17orf58,go,2,1,False,True
COG1,go,20,16,False,True
RPL38,go,20,0,False,True
ATP5PD,go,20,14,False,True
SUMO2,go,20,8,False,True
NUP85,go,20,29,False,True
MRPS7,go,20,6,False,True
GRB2,go,20,11,False,True
TSEN54,go,20,4,False,True
SAP30BP,go,20,8,False,True
MRPL38,go,20,81,False,True
TEN1,go,20,7,False,True
SRP68,go,20,6,False,True
EXOC7,go,20,9,False,True
PGS1,go,20,5,False,True
CHMP6,go,20,17,False,True
NPLOC4,go,20,10,False,True
ANAPC11,go,20,30,False,True
GPS1,go,20,14,False,True
FASN,go,20,0,False,True
TBCD,go,20,4,False,True
USP14,go,20,5,False,True
NDUFV2,go,20,27,False,True
TWSG1,go,5,0,False,True
NAPG,go,20,8,False,True
PSMG2,go,20,7,False,True
SEH1L,go,20,18,False,True
INO80C,go,20,13,False,True
C18orf21,go,0,0,True,True
ATP5F1A,go,20,6,False,True
RPL17,go,20,62,False,True
CXXC1,go,20,14,False,True
RTTN,go,20,28,False,True
ZNF236,go,12,0,False,True
CTDP1,go,20,5,False,True
TXNL4A,go,20,20,False,True
POLRMT,go,20,22,False,True
MED16,go,20,34,False,True
POLR2E,go,20,33,False,True
RPS15,go,20,9,False,True
ABHD17A,go,20,0,False,True
LSM7,go,20,14,False,True
TIMM13,go,20,14,False,True
MRPL54,go,20,58,False,True
EEF2,go,20,62,False,True
PIAS4,go,20,5,False,True
RPL36,go,20,25,False,True
NDUFA11,go,20,45,False,True
GTF2F1,go,20,6,False,True
TRAPPC5,go,20,9,False,True
RPS28,go,20,12,False,True
UBL5,go,4,0,False,True
EIF3G,go,20,30,False,True
MRPL4,go,20,63,False,True
TYK2,go,20,5,False,True
CDC37,go,20,10,False,True
DNM2,go,20,6,False,True
WDR83OS,go,20,5,False,True
GET3,go,20,7,False,True
C19orf53,go,0,0,True,True
NDUFB7,go,20,37,False,True
FAM32A,go,20,66,False,True
HAUS8,go,20,40,False,True
MRPL34,go,20,31,False,True
RPL18A,go,20,58,False,True
KXD1,go,20,2,False,True
UBA52,go,20,16,False,True
UPF1,go,20,6,False,True
COPE,go,20,48,False,True
DDX49,go,20,45,False,True
ARMC6,go,20,14,False,True
SUGP1,go,20,51,False,True
MAU2,go,20,7,False,True
UQCRFS1,go,20,13,False,True
POP4,go,20,8,False,True
URI1,go,20,4,False,True
PDCD5,go,20,12,False,True
USF2,go,14,12,False,True
POLR2I,go,20,17,False,True
TBCB,go,20,41,False,True
PSMD8,go,20,36,False,True
SARS2,go,20,40,False,True
MRPS12,go,20,49,False,True
PAF1,go,20,4,False,True
MED29,go,20,32,False,True
RPS16,go,20,31,False,True
SUPT5H,go,20,9,False,True
RAB4B,go,20,7,False,True
EXOSC5,go,20,17,False,True
ZNF574,go,9,20,False,True
SMG9,go,20,12,False,True
GEMIN7,go,20,13,False,True
PPP1R37,go,20,5,False,True
ERCC2,go,20,2,False,True
SNRPD2,go,20,14,False,True
SYMPK,go,20,15,False,True
AP2S1,go,20,7,False,True
RPL18,go,20,52,False,True
RUVBL2,go,20,18,False,True
RPS11,go,20,55,False,True
SCAF1,go,20,1,False,True
PRMT1,go,20,1,False,True
AP2A1,go,20,6,False,True
PPP2R1A,go,20,1,False,True
NDUFA3,go,19,29,False,True
PRPF31,go,20,3,False,True
CNOT3,go,20,7,False,True
TSEN34,go,20,6,False,True
RPS9,go,20,28,False,True
RPS5,go,20,32,False,True
UBE2M,go,20,18,False,True
FASTKD5,go,20,26,False,True
CRLS1,go,20,2,False,True
NDUFAF5,go,20,11,False,True
PET117,go,20,11,False,True
POLR3F,go,20,15,False,True
NAA20,go,20,56,False,True
XRN2,go,20,8,False,True
GINS1,go,20,4,False,True
CHMP4B,go,20,13,False,True
EIF2S2,go,20,19,False,True
AHCY,go,20,16,False,True
DYNLRB1,go,20,20,False,True
EIF6,go,20,2,False,True
CPNE1,go,20,10,False,True
NFS1,go,20,25,False,True
ROMO1,go,20,5,False,True
AAR2,go,14,0,False,True
RPN2,go,20,15,False,True
TTI1,go,20,4,False,True
RPRD1B,go,20,6,False,True
SYS1,go,20,11,False,True
PTPN1,go,18,3,False,True
PFDN4,go,20,48,False,True
CSTF1,go,20,25,False,True
PSMA7,go,20,86,False,True
MTG2,go,20,10,False,True
ADRM1,go,20,8,False,True
RPS21,go,20,6,False,True
MRGBP,go,20,18,False,True
ARFRP1,go,20,35,False,True
N6AMT1,go,20,1,False,True
CCT8,go,20,16,False,True
URB1,go,20,4,False,True
ATP5PO,go,19,10,False,True
GET1,go,20,46,False,True
FAM207A,go,20,4,False,True
MCM3AP,go,20,6,False,True
ATP6V1E1,go,20,15,False,True
HIRA,go,20,10,False,True
PI4KA,go,20,46,False,True
CRKL,go,2,1,False,True
UBE2L3,go,20,19,False,True
PPIL2,go,20,10,False,True
BCR,go,20,2,False,True
SMARCB1,go,20,14,False,True
CABIN1,go,20,9,False,True
GUCD1,go,19,35,False,True
SNRPD3,go,20,8,False,True
TFIP11,go,20,0,False,True
HSCB,go,20,47,False,True
EWSR1,go,20,86,False,True
THOC5,go,20,7,False,True
PES1,go,20,19,False,True
DRG1,go,20,13,False,True
RTCB,go,20,17,False,True
EIF3D,go,20,14,False,True
NOL12,go,20,37,False,True
EIF3L,go,20,20,False,True
POLR2F,go,20,22,False,True
TOMM22,go,20,18,False,True
RPS19BP1,go,20,101,False,True
ADSL,go,10,4,False,True
RBX1,go,20,16,False,True
PHF5A,go,20,22,False,True
POLR3H,go,20,22,False,True
DESI1,go,20,9,False,True
XRCC6,go,20,9,False,True
NDUFA6,go,19,15,False,True
RRP7A,go,20,5,False,True
SAMM50,go,20,12,False,True
ATXN10,go,20,80,False,True
GEMIN8,go,20,81,False,True
PDHA1,go,20,8,False,True
MBTPS2,go,12,1,False,True
EIF2S3,go,20,27,False,True
MED14,go,20,40,False,True
RBM10,go,20,6,False,True
UBA1,go,20,24,False,True
UXT,go,20,12,False,True
GPKOW,go,20,109,False,True
HSD17B10,go,19,1,False,True
GNL3L,go,20,4,False,True
ABCB7,go,20,4,False,True
COX7B,go,20,25,False,True
CENPI,go,20,29,False,True
RPL36A,go,20,17,False,True
ALG13,go,20,1,False,True
WDR44,go,20,43,False,True
RPL39,go,20,2,False,True
THOC2,go,20,5,False,True
STAG2,go,20,17,False,True
AIFM1,go,20,3,False,True
RBMX2,go,20,17,False,True
MMGT1,go,20,11,False,True
CCNQ,go,15,6,False,True
NAA10,go,20,4,False,True
RPL10,go,20,11,False,True
TAZ,go,20,1,False,True
FAM50A,go,20,70,False,True
F8A1,go,20,2,False,True
VBP1,go,20,18,False,True
ABCG1,go,16,2,False,True
ACOT12,go,20,2,False,True
ACSS2,go,20,4,False,True
ACTR5,go,20,16,False,True
ADAT2,go,20,16,False,True
ADAT3,go,20,15,False,True
ALG11,go,20,9,False,True
ALG1L,go,0,0,True,True
ANAPC2,go,20,13,False,True
ANKRD49,go,20,64,False,True
AQP7,go,14,4,False,True
ARGFX,go,3,17,False,True
ARHGAP11B,go,20,15,False,True
ARHGAP6,go,20,4,False,True
ARID3A,go,20,104,False,True
ARMC7,go,19,133,False,True
ATRIP,go,20,13,False,True
BGLAP,go,4,1,False,True
BORA,go,20,45,False,True
BRF2,go,20,3,False,True
C12orf60,go,19,107,False,True
C14orf178,go,0,0,True,True
C16orf86,go,0,0,True,True
C1QTNF4,go,20,14,False,True
C6orf15,go,20,19,False,True
CA5A,go,20,13,False,True
CACTIN,go,20,7,False,True
CADM4,go,2,0,False,True
CARF,go,15,1,False,True
CBFA2T3,go,20,8,False,True
CBLN1,go,12,0,False,True
CCDC144A,go,0,0,True,True
CCDC144NL,go,0,0,True,True
CCDC78,go,20,4,False,True
CD8B,go,16,16,False,True
CDAN1,go,20,40,False,True
CDC7,go,20,31,False,True
CENPP,go,20,108,False,True
CEP68,go,20,3,False,True
CEP85,go,20,13,False,True
CHTF8,go,20,8,False,True
CLK2,go,20,17,False,True
CPAMD8,go,20,12,False,True
CPEB1,go,20,6,False,True
CSH2,go,18,0,False,True
CT45A5,go,20,18,False,True
CUL7,go,20,2,False,True
CYP2A13,go,4,1,False,True
CYP4F11,go,20,1,False,True
CYS1,go,20,20,False,True
DCLRE1B,go,20,9,False,True
DDN,go,11,3,False,True
DDX47,go,20,72,False,True
DEPDC5,go,20,8,False,True
DMRTA2,go,6,1,False,True
DNAAF3,go,2,1,False,True
DNLZ,go,20,5,False,True
DPH1,go,20,14,False,True
DPPA2,go,20,70,False,True
DPY19L2,go,20,3,False,True
EARS2,go,20,16,False,True
EIF3CL,go,20,15,False,True
EPS8L1,go,20,27,False,True
ERVW-1,go,20,12,False,True
ESPL1,go,20,7,False,True
ESPN,go,9,1,False,True
ETV4,go,10,72,False,True
FAM102B,go,0,0,True,True
FAM229A,go,0,0,True,True
FAM72D,go,20,115,False,True
FBXL14,go,19,48,False,True
FNTB,go,20,5,False,True
FOLR3,go,20,4,False,True
FOXD4,go,5,15,False,True
FOXL2,go,14,12,False,True
FOXO1,go,18,12,False,True
FOXS1,go,12,8,False,True
FRG2,go,20,24,False,True
GAB2,go,17,10,False,True
GATA1,go,16,5,False,True
GCOM1,go,20,1,False,True
GINS3,go,20,7,False,True
GJA3,go,3,1,False,True
GMIP,go,20,44,False,True
GNB1L,go,0,0,True,True
GOLGA6L1,go,0,0,True,True
GPR61,go,20,24,False,True
GSDMA,go,17,15,False,True
GTF2H2C,go,20,5,False,True
HAMP,go,0,0,True,True
HAPLN2,go,20,9,False,True
HAUS5,go,20,19,False,True
HAUS7,go,20,17,False,True
HCRTR1,go,20,10,False,True
HHEX,go,12,5,False,True
HINFP,go,20,40,False,True
HIST1H2AB,go,20,25,False,True
HIST1H2AE,go,20,25,False,True
HIST1H2AI,go,20,38,False,True
HIST1H2BB,go,20,74,False,True
HIST1H2BC,go,20,31,False,True
HIST1H2BE,go,20,29,False,True
HIST1H2BJ,go,20,12,False,True
HIST1H2BL,go,20,95,False,True
HIST1H2BM,go,20,44,False,True
HIST1H2BN,go,20,43,False,True
HIST2H2AA3,go,20,55,False,True
HIST2H2BE,go,20,33,False,True
HIST2H2BF,go,20,43,False,True
HIST2H3A,go,20,51,False,True
HIST2H3D,go,20,50,False,True
HMX3,go,4,0,False,True
HOXA3,go,9,1,False,True
HOXC10,go,10,8,False,True
HS6ST1,go,20,1,False,True
HSPA14,go,20,22,False,True
HYPK,go,20,43,False,True
INTS9,go,20,87,False,True
KCNA10,go,20,5,False,True
KDM8,go,20,7,False,True
KIF18B,go,20,27,False,True
KLHL11,go,20,121,False,True
KLHL17,go,17,0,False,True
KRT17,go,20,4,False,True
KRTAP4-2,go,20,73,False,True
KRTAP4-7,go,0,0,True,True
LCE1C,go,20,2,False,True
LCE1E,go,20,25,False,True
LCN10,go,20,5,False,True
LIN52,go,20,5,False,True
LMO2,go,20,2,False,True
LPA,go,18,10,False,True
LRRC37A3,go,20,47,False,True
LRRC37B,go,20,46,False,True
LSM11,go,20,3,False,True
LST1,go,12,1,False,True
LTB4R2,go,20,6,False,True
LURAP1,go,20,32,False,True
LZTR1,go,20,2,False,True
MARS2,go,20,7,False,True
MED12,go,20,6,False,True
MED18,go,20,23,False,True
MED20,go,20,29,False,True
MED26,go,20,32,False,True
MED9,go,20,23,False,True
MEIS3,go,9,7,False,True
MEMO1,go,20,88,False,True
MEX3A,go,20,40,False,True
MMP17,go,20,8,False,True
MOCS3,go,20,3,False,True
MOG,go,20,8,False,True
MRM1,go,20,54,False,True
MRPL53,go,20,76,False,True
MST1,go,20,9,False,True
MTBP,go,9,0,False,True
MTCP1,go,20,1,False,True
MTRNR2L1,go,0,0,True,True
MVK,go,20,16,False,True
MYB,go,20,17,False,True
MYO1H,go,20,7,False,True
MZF1,go,18,31,False,True
NANOG,go,18,60,False,True
NBPF12,go,20,30,False,True
NBPF15,go,20,30,False,True
NBPF3,go,20,28,False,True
NDOR1,go,20,4,False,True
NEDD8-MDP1,go,0,0,True,True
NFKBIE,go,20,102,False,True
NKX6-1,go,16,0,False,True
NOMO1,go,20,57,False,True
NOMO3,go,20,35,False,True
NOP9,go,17,2,False,True
NOS1AP,go,20,1,False,True
NPB,go,20,8,False,True
NRF1,go,14,20,False,True
OLFML3,go,20,12,False,True
OR1D2,go,20,16,False,True
OR1E2,go,20,12,False,True
OR2A1,go,20,24,False,True
OR2T29,go,20,23,False,True
OR2T5,go,20,23,False,True
OR4F4,go,0,0,True,True
OR4K1,go,20,21,False,True
OR4N2,go,20,21,False,True
OR7A10,go,20,21,False,True
OR7A17,go,20,24,False,True
OTOP1,go,20,0,False,True
OTX1,go,7,11,False,True
OVCA2,go,20,19,False,True
PARS2,go,20,28,False,True
PC,go,20,4,False,True
PLA2G10,go,0,0,True,True
POLG2,go,20,10,False,True
POTEI,go,20,13,False,True
POU3F1,go,10,5,False,True
POU5F1B,go,15,8,False,True
PPARGC1B,go,20,0,False,True
PPY,go,19,6,False,True
PRDM10,go,20,16,False,True
PRODH,go,20,2,False,True
PRSS50,go,20,5,False,True
PTCD1,go,20,63,False,True
PTGR2,go,19,1,False,True
PWP2,go,20,6,False,True
RAD9A,go,20,6,False,True
RBM14-RBM4,go,0,0,True,True
RBM15,go,20,4,False,True
RELL2,go,19,9,False,True
RGPD6,go,20,11,False,True
RHPN1,go,20,37,False,True
RNF123,go,20,21,False,True
RPS10-NUDT3,go,0,0,True,True
RPTOR,go,17,3,False,True
RTEL1,go,20,16,False,True
S100A1,go,20,19,False,True
SEPSECS,go,20,33,False,True
SERPINB1,go,20,27,False,True
SIGLEC14,go,18,2,False,True
SLC16A5,go,20,21,False,True
SLC25A42,go,20,3,False,True
SLC35G6,go,20,42,False,True
SLC4A5,go,17,4,False,True
SLC9B1,go,18,4,False,True
SMN2,go,20,16,False,True
SPDYE2,go,19,7,False,True
SSX4,go,20,55,False,True
STAT5A,go,20,6,False,True
STAT5B,go,20,4,False,True
SYNGR3,go,20,2,False,True
TADA1,go,20,15,False,True
TAF1A,go,20,10,False,True
TAF1C,go,20,6,False,True
TAF6L,go,20,23,False,True
TANGO6,go,20,1,False,True
TBC1D28,go,20,8,False,True
TBC1D3,go,18,27,False,True
TBCE,go,20,11,False,True
TBX1,go,13,1,False,True
TDGF1,go,9,3,False,True
TFAP4,go,15,22,False,True
TICRR,go,20,27,False,True
TIGD1,go,20,85,False,True
TMEM240,go,20,0,False,True
TNFSF10,go,20,14,False,True
TNNT2,go,7,3,False,True
TRAIP,go,20,8,False,True
TREML2,go,18,44,False,True
TREX2,go,20,8,False,True
TRIM49C,go,19,36,False,True
TSPYL5,go,20,9,False,True
TSSK3,go,20,40,False,True
TUBA3D,go,20,33,False,True
TUBD1,go,20,17,False,True
TUBGCP6,go,20,8,False,True
TULP1,go,20,4,False,True
TUT1,go,20,4,False,True
TVP23C,go,10,2,False,True
U2AF1,go,20,37,False,True
UBE3D,go,20,14,False,True
UNCX,go,3,0,False,True
URB2,go,20,0,False,True
USP19,go,20,7,False,True
VARS2,go,20,16,False,True
VPS37C,go,20,9,False,True
WDR24,go,20,17,False,True
WDR7,go,20,15,False,True
XRCC3,go,20,12,False,True
YJEFN3,go,20,0,False,True
YPEL1,go,15,33,False,True
ZBTB14,go,13,20,False,True
ZC3H3,go,20,0,False,True
ZFP69B,go,6,9,False,True
ZNF100,go,14,38,False,True
ZNF133,go,5,30,False,True
ZNF253,go,14,21,False,True
ZNF284,go,14,20,False,True
ZNF317,go,11,38,False,True
ZNF335,go,13,0,False,True
ZNF468,go,4,16,False,True
ZNF492,go,14,17,False,True
ZNF506,go,16,5,False,True
ZNF559,go,5,23,False,True
ZNF658,go,10,2,False,True
ZNF674,go,3,11,False,True
ZNF676,go,14,17,False,True
ZNF687,go,20,126,False,True
ZNF763,go,13,8,False,True
PLEKHN1,string,20,7,False,True
HES4,string,20,6,False,False
ISG15,string,0,0,True,False
DVL1,string,20,44,False,False
MXRA8,string,20,8,False,False
CCNL2,string,20,10,False,False
ATAD3B,string,20,8,False,False
ATAD3A,string,20,14,False,False
MIB2,string,20,9,False,False
CDK11A,string,20,7,False,True
SKI,string,20,10,False,False
MEGF6,string,20,7,False,False
TPRG1L,string,20,6,False,False
LRRC47,string,20,19,False,False
CEP104,string,20,18,False,False
C1orf174,string,20,8,False,False
RNF207,string,20,8,False,False
ICMT,string,20,9,False,False
NOL9,string,20,12,False,True
KLHL21,string,20,14,False,False
PHF13,string,20,8,False,False
THAP3,string,20,9,False,False
PER3,string,20,12,False,False
ERRFI1,string,20,6,False,False
RERE,string,20,16,False,False
ENO1,string,20,37,False,True
SPSB1,string,20,10,False,False
SLC25A33,string,20,16,False,False
UBE4B,string,20,23,False,False
KIF1B,string,20,31,False,False
CENPS,string,20,30,False,False
EXOSC10,string,20,50,False,True
MAD2L2,string,20,25,False,True
AGTRAP,string,20,11,False,False
PLOD1,string,20,22,False,False
VPS13D,string,20,15,False,True
DHRS3,string,20,12,False,False
PRDM2,string,20,7,False,False
DDI2,string,20,5,False,False
PLEKHM2,string,20,4,False,False
FBLIM1,string,20,16,False,True
SPEN,string,20,11,False,True
EPHA2,string,20,23,False,False
NECAP2,string,20,23,False,False
MFAP2,string,20,16,False,False
ATP13A2,string,20,19,False,False
RCC2,string,20,7,False,False
IFFO2,string,20,5,False,False
UBR4,string,20,19,False,True
MRTO4,string,20,68,False,True
SLC66A1,string,20,10,False,False
CAMK2N1,string,20,7,False,False
PINK1,string,20,32,False,False
HP1BP3,string,20,6,False,False
EPHB2,string,20,27,False,False
KDM1A,string,20,67,False,True
HNRNPR,string,20,39,False,True
ID3,string,20,6,False,False
RPL11,string,20,104,False,True
ELOA,string,20,6,False,False
PITHD1,string,20,8,False,False
LYPLA2,string,20,22,False,False
GALE,string,20,19,False,False
HMGCL,string,20,16,False,False
FUCA1,string,20,19,False,False
PNRC2,string,20,14,False,False
SRSF10,string,20,10,False,True
NIPAL3,string,20,12,False,False
RCAN3,string,20,12,False,False
SRRM1,string,20,26,False,True
CLIC4,string,20,11,False,False
SYF2,string,20,34,False,True
RSRP1,string,20,9,False,False
MACO1,string,20,12,False,False
STMN1,string,20,21,False,False
SH3BGRL3,string,20,2,False,False
HMGN2,string,20,6,False,True
ARID1A,string,20,30,False,False
NUDC,string,20,14,False,True
SLC9A1,string,20,26,False,False
TMEM222,string,20,5,False,False
AHDC1,string,20,4,False,False
IFI6,string,20,26,False,False
RPA2,string,20,50,False,True
SESN2,string,20,22,False,False
PHACTR4,string,20,6,False,False
RCC1,string,20,24,False,True
SNHG3,string,0,0,True,False
SNHG12,string,0,0,True,False
EPB41,string,20,21,False,False
SRSF4,string,20,16,False,False
SNRNP40,string,20,31,False,True
SERINC2,string,20,9,False,False
PEF1,string,20,15,False,True
SPOCD1,string,20,8,False,False
KHDRBS1,string,20,37,False,False
KPNA6,string,20,12,False,True
TXLNA,string,20,8,False,False
CCDC28B,string,20,7,False,False
HDAC1,string,20,208,False,False
MARCKSL1,string,20,4,False,False
BSDC1,string,20,10,False,False
ZBTB8A,string,20,7,False,False
RBBP4,string,20,100,False,True
SYNC,string,20,5,False,False
KIAA1522,string,20,6,False,False
YARS,string,0,0,True,True
S100PBP,string,20,5,False,False
TMEM54,string,20,11,False,False
PHC2,string,20,25,False,False
TMEM35B,string,6,0,False,False
ZMYM1,string,20,10,False,False
SFPQ,string,20,20,False,True
KIAA0319L,string,20,15,False,False
C1orf216,string,13,3,False,False
CLSPN,string,20,18,False,True
AGO3,string,20,33,False,False
THRAP3,string,20,11,False,True
SH3D21,string,20,3,False,False
EVA1B,string,20,7,False,False
SNIP1,string,20,21,False,True
DNALI1,string,20,10,False,False
GNL2,string,20,38,False,True
CDCA8,string,20,67,False,True
YRDC,string,20,24,False,True
MTF1,string,20,14,False,False
FHL3,string,20,14,False,False
RRAGC,string,20,40,False,False
AKIRIN1,string,20,6,False,False
MACF1,string,20,18,False,False
PPIE,string,20,12,False,True
TRIT1,string,20,12,False,False
RLF,string,20,3,False,False
CITED4,string,20,8,False,False
CTPS1,string,0,0,True,True
FOXJ3,string,20,6,False,False
PPCS,string,20,8,False,False
PPIH,string,20,14,False,True
P3H1,string,20,24,False,False
SVBP,string,20,9,False,False
SLC2A1,string,20,36,False,False
EBNA1BP2,string,20,65,False,True
CDC20,string,20,116,False,True
MED8,string,20,30,False,True
SZT2,string,20,10,False,False
HYI,string,0,0,True,False
PTPRF,string,20,15,False,False
ATP6V0B,string,20,27,False,True
KIF2C,string,20,46,False,False
PLK3,string,20,6,False,False
TOE1,string,20,10,False,True
NASP,string,20,17,False,True
GPBP1L1,string,20,6,False,False
PIK3R3,string,20,39,False,False
STIL,string,20,17,False,True
FAF1,string,20,23,False,False
CDKN2C,string,20,11,False,False
RNF11,string,20,16,False,False
EPS15,string,20,49,False,False
OSBPL9,string,20,4,False,False
RAB3B,string,20,9,False,False
KTI12,string,20,10,False,True
ORC1,string,20,26,False,True
PRPF38A,string,20,20,False,True
TUT4,string,20,9,False,False
COA7,string,20,3,False,False
NDC1,string,20,12,False,True
HSPB11,string,20,20,False,False
LRRC42,string,20,8,False,False
TMEM59,string,20,12,False,False
SSBP3,string,0,0,True,True
DHCR24,string,20,21,False,False
USP24,string,20,6,False,False
PLPP3,string,20,33,False,False
MYSM1,string,20,19,False,True
JUN,string,20,124,False,False
NFIA,string,20,18,False,False
TM2D1,string,20,9,False,False
PATJ,string,20,16,False,False
USP1,string,20,25,False,False
ITGB3BP,string,20,17,False,False
PGM1,string,20,25,False,False
AK4,string,20,11,False,False
LEPROT,string,20,3,False,False
SGIP1,string,20,20,False,False
GADD45A,string,20,14,False,False
GNG12,string,20,19,False,False
WLS,string,20,12,False,False
DEPDC1,string,20,9,False,False
ANKRD13C,string,20,9,False,False
NEGR1,string,20,20,False,False
TYW3,string,20,8,False,False
RABGGTB,string,20,13,False,True
AK5,string,20,11,False,False
AC118549.1,string,0,0,True,True
USP33,string,20,18,False,False
MIGA1,string,20,10,False,False
NEXN,string,20,9,False,False
FUBP1,string,20,7,False,False
DNAJB4,string,20,11,False,False
ADGRL4,string,20,10,False,False
TTLL7,string,20,8,False,False
RPF1,string,20,15,False,True
CTBS,string,20,8,False,False
SSX2IP,string,20,14,False,False
C1orf52,string,20,6,False,False
BCL10,string,0,0,True,False
DDAH1,string,20,6,False,False
AC092807.3,string,0,0,True,False
CCN1,string,20,24,False,False
ZNHIT6,string,20,22,False,True
ODF2L,string,20,9,False,False
LMO4,string,20,12,False,False
GTF2B,string,20,63,False,True
GBP1,string,20,11,False,False
ZNF326,string,20,7,False,False
ZNF644,string,20,21,False,False
RPAP2,string,20,42,False,True
EVI5,string,20,17,False,False
MTF2,string,20,9,False,False
CCDC18,string,20,18,False,False
CCDC18-AS1,string,0,0,True,False
DR1,string,20,22,False,True
FNBP1L,string,20,15,False,False
BCAR3,string,20,15,False,False
DNTTIP2,string,20,7,False,True
GCLM,string,20,27,False,False
ARHGAP29,string,20,12,False,False
F3,string,20,12,False,False
CNN3,string,20,11,False,False
PTBP2,string,20,20,False,False
DPYD,string,20,17,False,False
MIR137HG,string,0,0,True,False
SNX7,string,20,9,False,False
PALMD,string,20,11,False,False
AGL,string,20,27,False,False
SASS6,string,20,31,False,True
DBT,string,20,20,False,False
EXTL2,string,20,15,False,False
SLC30A7,string,20,14,False,False
DPH5,string,20,14,False,False
RNPC3,string,20,20,False,True
NTNG1,string,20,15,False,False
SLC25A24,string,20,10,False,False
PRPF38B,string,20,18,False,True
STXBP3,string,20,21,False,False
GPSM2,string,20,13,False,False
TAF13,string,20,22,False,True
SARS,string,0,0,True,True
PSRC1,string,20,8,False,False
SORT1,string,20,52,False,False
GSTM3,string,20,10,False,False
CSF1,string,20,7,False,False
SLC16A4,string,20,11,False,False
LRIF1,string,20,5,False,False
CTTNBP2NL,string,20,14,False,False
ST7L,string,20,3,False,False
SLC16A1,string,20,10,False,False
SLC16A1-AS1,string,0,0,True,False
LRIG2,string,20,1,False,False
PHTF1,string,20,9,False,False
RSBN1,string,20,14,False,False
HIPK1,string,20,3,False,True
TRIM33,string,20,19,False,False
NGF,string,20,47,False,False
VANGL1,string,20,18,False,False
ATP1A1,string,20,15,False,True
CD58,string,20,9,False,False
TTF2,string,20,4,False,True
MAN1A2,string,20,17,False,False
WDR3,string,20,43,False,True
PHGDH,string,20,24,False,False
NOTCH2,string,20,31,False,False
SEC22B,string,20,67,False,False
LINC02802,string,0,0,True,False
SRGAP2B,string,20,5,False,False
POLR3GL,string,20,20,False,False
TXNIP,string,20,16,False,False
NBPF10,string,20,5,False,False
NOTCH2NLA,string,0,0,True,False
PRKAB2,string,20,24,False,False
NBPF14,string,20,4,False,False
PDE4DIP,string,20,19,False,False
AC245297.3,string,0,0,True,False
HIST2H2AC,string,0,0,True,True
SV2A,string,20,15,False,False
OTUD7B,string,20,27,False,False
PLEKHO1,string,20,4,False,False
ANP32E,string,20,11,False,False
APH1A,string,20,20,False,False
PRPF3,string,20,45,False,True
RPRD2,string,20,16,False,False
ECM1,string,20,10,False,False
MCL1,string,20,23,False,True
CTSK,string,20,16,False,False
CERS2,string,20,23,False,False
C1orf56,string,11,0,False,False
CDC42SE1,string,20,0,False,False
MLLT11,string,20,9,False,False
SCNM1,string,20,5,False,True
PIP5K1A,string,20,22,False,False
POGZ,string,20,14,False,True
TUFT1,string,20,5,False,False
SNX27,string,20,27,False,False
S100A10,string,20,30,False,False
S100A11,string,20,14,False,False
S100A6,string,20,13,False,False
S100A2,string,20,5,False,False
S100A13,string,0,0,True,False
CHTOP,string,20,18,False,True
ILF2,string,20,19,False,True
GATAD2B,string,20,21,False,False
RAB13,string,20,30,False,False
RPS27,string,0,0,True,True
TPM3,string,20,25,False,False
PBXIP1,string,20,5,False,False
SHC1,string,20,68,False,True
CKS1B,string,20,20,False,False
ADAM15,string,20,8,False,False
EFNA4,string,20,6,False,False
DPM3,string,20,16,False,False
FDPS,string,20,31,False,True
RUSC1,string,20,6,False,False
ASH1L,string,20,21,False,False
YY1AP1,string,20,8,False,False
SYT11,string,20,17,False,False
RIT1,string,20,6,False,False
KHDC4,string,20,7,False,False
ARHGEF2,string,20,24,False,False
PMF1,string,20,13,False,True
GLMP,string,20,8,False,False
MEF2D,string,20,25,False,False
IQGAP3,string,20,12,False,False
GPATCH4,string,20,10,False,False
MRPL24,string,20,27,False,True
HDGF,string,20,9,False,False
IFI16,string,20,16,False,False
DUSP23,string,20,5,False,False
PEA15,string,20,7,False,False
DCAF8,string,20,11,False,False
COPA,string,20,30,False,True
PFDN2,string,20,25,False,True
DUSP12,string,20,10,False,False
UAP1,string,20,24,False,False
DDR2,string,20,7,False,False
RGS4,string,20,19,False,False
NUF2,string,20,31,False,True
PBX1,string,20,20,False,False
ALDH9A1,string,20,16,False,False
UCK2,string,20,9,False,False
POGK,string,20,12,False,False
POU2F1,string,20,22,False,False
DCAF6,string,20,27,False,True
GPR161,string,20,11,False,False
ATP1B1,string,20,17,False,False
NME7,string,20,34,False,False
BLZF1,string,20,16,False,False
GORAB,string,20,13,False,False
PRRX1,string,20,14,False,False
VAMP4,string,20,43,False,False
PIGC,string,20,13,False,False
SUCO,string,20,12,False,False
CENPL,string,20,16,False,False
DARS2,string,0,0,True,False
GAS5,string,0,0,True,False
ZBTB37,string,20,3,False,False
RC3H1,string,20,23,False,False
CACYBP,string,20,17,False,False
RASAL2,string,20,12,False,False
RALGPS2,string,20,10,False,False
TOR3A,string,20,14,False,False
ABL2,string,20,19,False,False
SOAT1,string,20,13,False,False
TOR1AIP1,string,20,10,False,False
CEP350,string,20,31,False,False
STX6,string,20,55,False,False
IER5,string,20,6,False,False
GLUL,string,20,25,False,False
DHX9,string,20,43,False,True
LAMC1,string,20,30,False,False
SMG7,string,20,18,False,True
RGL1,string,20,8,False,False
TSEN15,string,20,17,False,False
C1orf21,string,20,3,False,False
EDEM3,string,20,22,False,False
NIBAN1,string,20,4,False,False
TRMT1L,string,20,16,False,False
IVNS1ABP,string,20,11,False,False
TPR,string,20,46,False,True
ODR4,string,20,9,False,False
PLA2G4A,string,20,21,False,False
UCHL5,string,20,32,False,True
CFH,string,20,13,False,False
ASPM,string,20,88,False,False
ZBTB41,string,20,5,False,False
DENND1B,string,20,5,False,False
NEK7,string,20,11,False,False
MIR181A1HG,string,0,0,True,False
ZNF281,string,20,11,False,False
KIF14,string,20,21,False,True
CAMSAP2,string,20,15,False,False
TMEM9,string,20,9,False,False
PHLDA3,string,20,5,False,False
CSRP1,string,20,5,False,False
NAV1,string,20,7,False,False
IPO9,string,20,17,False,True
SHISA4,string,20,6,False,False
ARL8A,string,20,11,False,False
UBE2T,string,0,0,True,False
KDM5B,string,20,11,False,False
CYB5R1,string,20,6,False,False
ATP2B4,string,20,17,False,False
SNRPE,string,20,100,False,True
PPP1R15B,string,20,15,False,True
MDM4,string,20,14,False,False
NFASC,string,20,15,False,False
DSTYK,string,20,7,False,True
ELK4,string,20,8,False,False
NUCKS1,string,20,7,False,False
RAB29,string,20,16,False,False
SRGAP2,string,20,18,False,False
DYRK3,string,20,7,False,False
MAPKAPK2,string,20,15,False,False
CD55,string,20,12,False,False
CD46,string,20,14,False,False
PLXNA2,string,20,23,False,False
G0S2,string,20,12,False,False
UTP25,string,20,25,False,True
SYT14,string,20,13,False,False
SERTAD4-AS1,string,0,0,True,False
RCOR3,string,20,11,False,False
TRAF5,string,20,13,False,False
LINC00467,string,0,0,True,False
SLC30A1,string,20,19,False,False
NEK2,string,20,25,False,False
LPGAT1,string,20,10,False,False
DTL,string,20,32,False,True
PPP2R5A,string,20,36,False,False
ATF3,string,20,30,False,False
NSL1,string,20,20,False,True
ANGEL2,string,20,7,False,False
RPS6KC1,string,20,4,False,False
PTPN14,string,20,20,False,False
CENPF,string,20,49,False,False
KCNK2,string,20,5,False,False
KCTD3,string,20,10,False,False
GPATCH2,string,20,13,False,False
RRP15,string,20,19,False,True
TGFB2,string,20,13,False,False
LYPLAL1,string,20,19,False,False
EPRS,string,0,0,True,True
RAB3GAP2,string,20,27,False,False
MIA3,string,20,11,False,False
BROX,string,20,7,False,False
TP53BP2,string,20,22,False,False
FBXO28,string,20,11,False,False
CNIH4,string,20,13,False,True
WDR26,string,20,20,False,True
LBR,string,20,29,False,False
ENAH,string,20,24,False,False
EPHX1,string,20,11,False,False
SDE2,string,20,11,False,True
ACBD3,string,20,17,False,False
PARP1,string,20,49,False,False
CDC42BPA,string,20,17,False,False
C1orf35,string,20,3,False,False
TRIM11,string,20,5,False,False
HIST3H2A,string,0,0,True,False
GALNT2,string,20,17,False,False
C1orf198,string,19,4,False,False
EGLN1,string,20,21,False,False
AL445524.1,string,0,0,True,False
TSNAX,string,20,17,False,False
NTPCR,string,20,11,False,False
IRF2BP2,string,20,13,False,True
ARID4B,string,20,29,False,False
B3GALNT2,string,20,13,False,False
LYST,string,20,13,False,False
NID1,string,20,14,False,False
LGALS8,string,20,17,False,False
HEATR1,string,20,50,False,True
MTR,string,20,28,False,False
FH,string,20,49,False,False
OPN3,string,20,8,False,False
CHML,string,20,46,False,False
EXO1,string,20,54,False,False
CEP170,string,20,18,False,False
AKT3,string,20,32,False,False
DESI2,string,20,2,False,False
HNRNPU,string,20,37,False,True
TFB2M,string,20,18,False,True
CNST,string,20,6,False,False
AHCTF1,string,20,13,False,True
SH3YL1,string,20,7,False,False
TMEM18,string,20,6,False,False
PXDN,string,20,8,False,False
RNASEH1-AS1,string,0,0,True,False
SOX11,string,20,5,False,False
ID2,string,20,11,False,False
KIDINS220,string,20,9,False,False
MBOAT2,string,20,38,False,False
ASAP2,string,20,18,False,False
CPSF3,string,20,35,False,True
ADAM17,string,20,23,False,False
RRM2,string,20,39,False,True
HPCAL1,string,20,7,False,False
ODC1,string,20,14,False,False
NOL10,string,20,22,False,True
PDIA6,string,20,29,False,False
ROCK2,string,20,30,False,False
E2F6,string,20,28,False,True
LPIN1,string,20,23,False,True
NBAS,string,20,16,False,True
SMC6,string,20,28,False,True
GEN1,string,20,19,False,False
RDH14,string,20,6,False,False
TTC32,string,20,7,False,False
SDC1,string,20,40,False,True
PUM2,string,20,27,False,False
RHOB,string,20,27,False,False
HS1BP3,string,20,4,False,False
UBXN2A,string,20,11,False,False
FAM228B,string,20,1,False,False
TP53I3,string,20,9,False,False
ITSN2,string,20,19,False,False
NCOA1,string,20,54,False,False
ASXL2,string,20,7,False,False
SLC35F6,string,20,13,False,False
CENPA,string,20,36,False,True
MAPRE3,string,20,27,False,False
EIF2B4,string,20,12,False,True
PPM1G,string,20,14,False,False
FNDC4,string,20,4,False,False
SLC4A1AP,string,0,0,True,False
FOSL2,string,20,13,False,False
WDR43,string,20,33,False,True
CLIP4,string,20,8,False,False
YPEL5,string,20,12,False,True
LBH,string,20,1,False,False
SPAST,string,0,0,True,False
YIPF4,string,20,10,False,False
LTBP1,string,20,12,False,False
CRIM1-DT,string,0,0,True,False
CRIM1,string,20,7,False,False
STRN,string,20,39,False,False
GPATCH11,string,0,0,True,False
CEBPZ,string,20,19,False,True
NDUFAF7,string,20,16,False,True
PRKD3,string,20,6,False,False
CDC42EP3,string,20,8,False,False
CYP1B1,string,20,26,False,False
ATL2,string,20,8,False,True
HNRNPLL,string,20,3,False,False
SRSF7,string,20,32,False,True
GEMIN6,string,20,17,False,True
MORN2,string,20,4,False,False
SOS1,string,0,0,True,False
MAP4K3,string,20,6,False,False
THUMPD2,string,20,9,False,False
SLC8A1,string,20,10,False,False
EML4,string,20,7,False,False
MTA3,string,20,23,False,False
ZFP36L2,string,20,11,False,False
LRPPRC,string,20,24,False,True
PPM1B,string,20,14,False,False
PREPL,string,20,14,False,False
LINC01833,string,0,0,True,False
SIX3,string,20,14,False,False
EPAS1,string,20,28,False,False
RHOQ,string,20,31,False,True
CRIPT,string,20,4,False,False
SOCS5,string,20,7,False,False
TTC7A,string,20,9,False,False
CALM2,string,20,31,False,False
MSH2,string,20,34,False,False
MSH6,string,20,25,False,False
FBXO11,string,20,14,False,False
ASB3,string,20,9,False,False
ERLEC1,string,20,28,False,False
PSME4,string,20,14,False,False
ACYP2,string,20,13,False,False
SPTBN1,string,20,20,False,False
RTN4,string,20,25,False,False
MTIF2,string,20,15,False,False
CCDC88A,string,20,7,False,False
PPP4R3B,string,20,15,False,False
PNPT1,string,20,35,False,True
EFEMP1,string,20,16,False,False
FANCL,string,20,23,False,False
KIAA1841,string,0,0,True,False
C2orf74,string,20,1,False,False
XPO1,string,20,69,False,True
FAM161A,string,20,12,False,False
EHBP1,string,20,32,False,False
AFTPH,string,0,0,True,False
SERTAD2,string,20,2,False,False
PNO1,string,20,30,False,True
CNRIP1,string,20,7,False,False
ANTXR1,string,20,14,False,False
GFPT1,string,20,25,False,False
AAK1,string,20,13,False,False
ANXA4,string,20,4,False,False
TIA1,string,20,16,False,False
PCYOX1,string,20,14,False,False
SNRPG,string,20,102,False,True
NAGK,string,20,23,False,False
MPHOSPH10,string,20,54,False,True
ZNF638,string,20,8,False,False
EXOC6B,string,20,19,False,False
SFXN5,string,20,6,False,False
ALMS1,string,20,16,False,False
DUSP11,string,20,8,False,False
MTHFD2,string,20,26,False,False
WDR54,string,20,6,False,True
WBP1,string,20,6,False,True
AUP1,string,20,15,False,False
DOK1,string,20,10,False,False
HK2,string,20,31,False,False
EVA1A,string,20,6,False,False
TMSB10,string,20,6,False,True
MAT2A,string,20,18,False,True
VAMP5,string,20,2,False,False
ATOH8,string,20,7,False,False
PTCD3,string,20,31,False,True
KDM3A,string,20,14,False,False
RNF103,string,20,5,False,True
RMND5A,string,20,17,False,False
CYTOR,string,0,0,True,False
KRCC1,string,20,1,False,False
MRPS5,string,20,44,False,True
LINC00342,string,0,0,True,False
ANKRD36C,string,20,8,False,False
TMEM127,string,20,12,False,True
NCAPH,string,20,24,False,True
ARID5A,string,20,10,False,False
ANKRD36,string,20,6,False,False
AC092683.1,string,0,0,True,False
TMEM131,string,20,7,False,False
COA5,string,20,16,False,True
UNC50,string,20,12,False,True
MITD1,string,20,15,False,False
REV1,string,20,16,False,False
AFF3,string,20,8,False,False
PDCL3,string,20,6,False,False
NPAS2,string,20,15,False,False
MAP4K4,string,20,12,False,False
MRPS9,string,20,50,False,True
C2orf49,string,20,8,False,False
FHL2,string,20,31,False,False
NCK2,string,20,47,False,False
GCC2,string,20,26,False,False
RANBP2,string,20,50,False,True
CCDC138,string,20,7,False,False
SEPTIN10,string,20,3,False,False
BUB1,string,20,120,False,True
MIR4435-2HG,string,0,0,True,False
TMEM87B,string,20,5,False,False
ZC3H8,string,20,19,False,True
ZC3H6,string,20,10,False,False
TTL,string,20,12,False,False
CHCHD5,string,20,16,False,False
SLC20A1,string,20,10,False,False
CKAP2L,string,20,15,False,False
IL1B,string,20,55,False,False
PAX8-AS1,string,0,0,True,False
SLC35F5,string,20,8,False,False
CCDC93,string,20,11,False,False
INSIG2,string,20,13,False,False
PTPN4,string,20,12,False,False
RALB,string,20,18,False,False
NIFK,string,20,63,False,True
TSN,string,20,9,False,False
BIN1,string,20,34,False,False
CYP27C1,string,20,7,False,False
MAP3K2,string,20,11,False,False
IWS1,string,20,25,False,True
WDR33,string,20,22,False,True
UGGT1,string,20,19,False,False
CCDC115,string,20,14,False,True
PLEKHB2,string,20,8,False,False
CCDC74A,string,13,2,False,False
C2orf27A,string,0,0,True,False
CCNT2,string,20,24,False,False
RAB3GAP1,string,20,35,False,False
R3HDM1,string,20,7,False,False
MCM6,string,20,47,False,True
ZEB2,string,20,5,False,False
MBD5,string,20,8,False,False
EPC2,string,20,19,False,False
RND3,string,20,11,False,False
NMI,string,20,5,False,False
RIF1,string,20,9,False,False
STAM2,string,20,15,False,False
FMNL2,string,20,11,False,False
ARL6IP6,string,20,5,False,True
ACVR1,string,20,21,False,False
PKP4,string,20,16,False,False
TANC1,string,20,14,False,False
WDSUB1,string,20,13,False,False
BAZ2B,string,20,16,False,False
MARCH7,string,0,0,True,False
PLA2R1,string,20,6,False,False
RBMS1,string,20,6,False,False
TANK,string,20,15,False,False
FAP,string,20,3,False,False
COBLL1,string,20,17,False,False
TTC21B,string,20,31,False,False
SCN9A,string,20,7,False,False
STK39,string,20,17,False,False
CERS6,string,20,19,False,False
SPC25,string,20,13,False,True
PPIG,string,20,24,False,False
KLHL23,string,20,4,False,False
UBR3,string,0,0,True,False
DCAF17,string,20,14,False,False
CYBRD1,string,20,9,False,False
HAT1,string,20,17,False,False
ITGA6,string,20,29,False,False
PDK1,string,20,17,False,False
MAP3K20,string,20,4,False,False
CDCA7,string,20,8,False,False
SP3,string,20,8,False,False
CIR1,string,20,6,False,False
CHN1,string,20,18,False,False
ATF2,string,20,24,False,False
LNPK,string,20,13,False,False
HNRNPA3,string,20,17,False,False
NFE2L2,string,20,29,False,False
AGPS,string,20,18,False,False
FKBP7,string,20,9,False,False
TTN-AS1,string,0,0,True,False
SESTD1,string,20,8,False,False
CWC22,string,20,55,False,True
ITGA4,string,20,21,False,False
ITPRID2,string,20,5,False,False
DNAJC10,string,20,24,False,False
ZNF804A,string,20,11,False,False
ITGAV,string,20,57,False,False
FAM171B,string,20,6,False,False
TFPI,string,20,13,False,False
GULP1,string,20,9,False,False
COL5A2,string,20,35,False,False
INPP1,string,20,13,False,False
NAB1,string,20,5,False,False
GLS,string,20,20,False,False
STAT1,string,20,83,False,False
MYO1B,string,20,15,False,False
NABP1,string,20,18,False,False
SLC39A10,string,20,13,False,True
STK17B,string,20,8,False,False
PGAP1,string,20,14,False,False
ANKRD44,string,20,14,False,False
SF3B1,string,20,81,False,True
COQ10B,string,20,5,False,False
HSPD1,string,20,51,False,True
HSPE1,string,20,30,False,True
TYW5,string,20,15,False,False
KCTD18,string,20,8,False,False
SGO2,string,20,8,False,False
BZW1,string,20,12,False,False
CLK1,string,20,14,False,False
NIF3L1,string,20,15,False,False
CFLAR,string,20,17,False,False
TRAK2,string,20,15,False,False
TMEM237,string,20,11,False,False
NOP58,string,20,85,False,True
BMPR2,string,20,27,False,False
WDR12,string,20,80,False,True
CYP20A1,string,20,9,False,False
RAPH1,string,20,14,False,False
NRP2,string,20,13,False,False
INO80D,string,20,12,False,True
ZDBF2,string,20,13,False,False
ADAM23,string,20,10,False,False
FASTKD2,string,20,18,False,False
KLF7,string,20,4,False,True
CREB1,string,20,68,False,False
IDH1,string,20,27,False,False
PIKFYVE,string,20,35,False,False
BARD1,string,20,41,False,True
FN1,string,20,141,False,False
XRCC5,string,20,39,False,True
RPL37A,string,20,17,False,True
IGFBP5,string,20,13,False,False
TNS1,string,20,16,False,False
AAMP,string,20,6,False,True
TMBIM1,string,20,5,False,False
CTDSP1,string,20,10,False,False
USP37,string,20,5,False,True
CNOT9,string,20,27,False,True
RETREG2,string,20,7,False,False
ABCB6,string,20,12,False,False
ANKZF1,string,20,13,False,False
TUBA4A,string,20,34,False,False
DNAJB2,string,20,5,False,False
DNPEP,string,20,13,False,False
CHPF,string,20,19,False,False
FARSB,string,20,19,False,True
ACSL3,string,20,20,False,False
AP1S3,string,20,14,False,False
WDFY1,string,20,9,False,False
MRPL44,string,20,29,False,True
SERPINE2,string,20,23,False,False
CUL3,string,20,62,False,True
DOCK10,string,20,10,False,False
IRS1,string,20,33,False,False
AGFG1,string,20,35,False,False
DNER,string,20,15,False,False
TRIP12,string,20,42,False,False
SLC16A14,string,20,5,False,False
SP110,string,20,7,False,False
SP140,string,20,6,False,False
CAB39,string,20,22,False,False
ITM2C,string,20,8,False,False
ARMC9,string,20,18,False,False
NCL,string,20,34,False,True
PTMA,string,20,14,False,True
GIGYF2,string,20,9,False,False
DGKD,string,20,11,False,False
USP40,string,20,13,False,False
HJURP,string,20,28,False,True
ARL4C,string,20,14,False,False
SH3BP4,string,20,18,False,False
MLPH,string,20,10,False,False
LRRFIP1,string,20,8,False,False
ILKAP,string,20,6,False,False
TRAF3IP1,string,20,25,False,False
ASB1,string,20,14,False,False
GPC1,string,20,28,False,False
RNPEPL1,string,20,8,False,False
DTYMK,string,20,23,False,True
TRNT1,string,20,8,False,True
CRBN,string,20,25,False,False
ITPR1,string,20,52,False,False
BHLHE40,string,20,21,False,False
ARL8B,string,20,19,False,False
OXTR,string,20,9,False,False
RAD18,string,20,30,False,False
THUMPD3-AS1,string,0,0,True,False
THUMPD3,string,20,11,False,False
SETD5,string,20,15,False,True
JAGN1,string,0,0,True,False
FANCD2,string,20,32,False,False
VHL,string,20,29,False,True
HRH1,string,20,3,False,False
VGLL4,string,20,14,False,False
PPARG,string,20,71,False,False
TMEM43,string,20,14,False,False
XPC,string,20,28,False,False
SLC6A6,string,20,15,False,False
CCDC174,string,20,7,False,True
CAPN7,string,20,3,False,False
SH3BP5,string,20,11,False,False
EAF1,string,20,12,False,False
ANKRD28,string,20,18,False,False
RFTN1,string,20,10,False,False
TBC1D5,string,20,29,False,False
RAB5A,string,20,71,False,False
SGO1,string,20,22,False,False
RPL15,string,20,97,False,True
NR1D2,string,20,12,False,False
RARB,string,20,28,False,False
TOP2B,string,20,10,False,False
SLC4A7,string,20,8,False,False
CMC1,string,20,4,False,False
AZI2,string,20,12,False,False
RBMS3,string,20,8,False,False
TGFBR2,string,20,49,False,False
CMTM7,string,20,7,False,False
GLB1,string,20,32,False,True
EPM2AIP1,string,20,3,False,False
LRRFIP2,string,20,14,False,False
GOLGA4,string,20,19,False,False
CTDSPL,string,20,14,False,False
OXSR1,string,20,10,False,False
WDR48,string,20,15,False,False
SLC25A38,string,0,0,True,False
EIF1B,string,20,8,False,False
ZNF621,string,20,1,False,False
NKTR,string,20,14,False,False
SNRK,string,20,11,False,False
ABHD5,string,20,20,False,False
ZNF445,string,20,5,False,False
ZNF197,string,20,7,False,False
KIAA1143,string,20,2,False,True
KIF15,string,20,30,False,False
CDCP1,string,20,1,False,False
TMEM158,string,20,11,False,False
CCDC12,string,20,11,False,False
SETD2,string,20,45,False,True
KIF9,string,0,0,True,False
CDC25A,string,20,24,False,False
CCDC51,string,20,5,False,False
SHISA5,string,20,4,False,False
PFKFB4,string,20,8,False,False
IP6K2,string,20,20,False,False
ARIH2,string,20,7,False,False
P4HTM,string,20,9,False,False
DALRD3,string,20,10,False,False
IMPDH2,string,20,13,False,True
LAMB2,string,20,19,False,False
TCTA,string,20,1,False,False
DAG1,string,20,41,False,False
IP6K1,string,20,15,False,False
RBM6,string,20,7,False,False
RBM5,string,20,5,False,False
HYAL2,string,20,10,False,False
RASSF1,string,20,36,False,False
NPRL2,string,20,30,False,False
CYB561D2,string,20,3,False,False
TMEM115,string,20,10,False,False
MANF,string,20,27,False,True
RBM15B,string,20,17,False,False
TEX264,string,20,10,False,False
RRP9,string,20,62,False,True
POC1A,string,20,6,False,False
ALAS1,string,20,22,False,False
WDR82,string,20,50,False,True
GNL3,string,20,29,False,True
GLT8D1,string,20,3,False,False
TKT,string,20,37,False,True
DCP1A,string,20,27,False,False
SELENOK,string,20,16,False,False
WNT5A,string,20,29,False,False
CCDC66,string,20,16,False,False
TASOR,string,20,14,False,False
ARF4,string,20,21,False,True
SLMAP,string,20,24,False,False
FLNB,string,20,22,False,False
PXK,string,20,10,False,False
PRICKLE2,string,20,17,False,False
MAGI1,string,20,13,False,False
SUCLG2,string,20,33,False,False
TMF1,string,20,22,False,False
MITF,string,20,11,False,False
FOXP1,string,0,0,True,False
RYBP,string,20,26,False,False
ROBO1,string,20,32,False,False
VGLL3,string,20,12,False,False
CHMP2B,string,20,39,False,False
CGGBP1,string,20,10,False,False
ZNF654,string,0,0,True,False
PROS1,string,20,6,False,False
ARL13B,string,20,34,False,False
DHFR2,string,20,14,False,False
MTRNR2L12,string,19,3,False,False
CRYBG3,string,20,1,False,False
CLDND1,string,20,2,False,False
ST3GAL6,string,20,10,False,False
DCBLD2,string,20,9,False,False
LINC00973,string,0,0,True,False
COL8A1,string,20,17,False,False
CMSS1,string,20,6,False,False
FILIP1L,string,20,11,False,False
TBC1D23,string,20,26,False,False
TMEM45A,string,20,16,False,False
TRMT10C,string,20,19,False,True
ZBTB11,string,20,10,False,True
CEP97,string,20,22,False,True
NXPE3,string,0,0,True,False
NFKBIZ,string,20,7,False,False
ALCAM,string,20,15,False,False
CBLB,string,0,0,True,False
CIP2A,string,20,12,False,False
DZIP3,string,20,6,False,False
NECTIN3,string,20,9,False,False
PHLDB2,string,20,12,False,False
CCDC80,string,20,9,False,False
NEPRO,string,20,4,False,True
USF3,string,20,9,False,False
NAA50,string,20,20,False,True
ATP6V1A,string,20,43,False,True
ZBTB20,string,20,12,False,False
GSK3B,string,20,65,False,True
LRRC58,string,20,3,False,False
FSTL1,string,20,17,False,False
POLQ,string,20,5,False,False
GOLGB1,string,20,29,False,False
IQCB1,string,20,14,False,False
FAM162A,string,20,11,False,False
KPNA1,string,20,23,False,False
PARP9,string,20,18,False,False
DTX3L,string,20,11,False,False
PARP14,string,20,13,False,False
HACD2,string,20,12,False,False
MYLK,string,20,23,False,False
CCDC14,string,20,23,False,False
UMPS,string,20,30,False,True
HEG1,string,20,2,False,False
TPRA1,string,20,7,False,False
MCM2,string,20,79,False,True
PODXL2,string,20,4,False,False
ABTB1,string,20,6,False,False
MGLL,string,20,20,False,False
H1FX,string,0,0,True,False
MBD4,string,20,13,False,False
ATP2C1,string,20,13,False,False
DNAJC13,string,20,15,False,False
NPHP3,string,20,16,False,False
CDV3,string,20,5,False,False
TOPBP1,string,20,33,False,True
SRPRB,string,20,30,False,True
RYK,string,20,13,False,False
AMOTL2,string,20,23,False,False
CEP63,string,0,0,True,False
PPP2R3A,string,20,19,False,False
MSL2,string,20,14,False,False
STAG1,string,20,34,False,False
MRAS,string,20,19,False,False
CEP70,string,20,7,False,False
FAIM,string,20,7,False,False
MRPS22,string,20,36,False,True
RBP1,string,20,10,False,False
CLSTN2,string,20,6,False,False
SLC25A36,string,20,9,False,False
ZBTB38,string,20,8,False,False
RASA2,string,20,9,False,False
TFDP2,string,20,10,False,False
XRN1,string,20,54,False,True
ATR,string,20,49,False,True
DIPK2A,string,20,12,False,False
PLOD2,string,20,31,False,False
PLSCR1,string,20,12,False,False
GYG1,string,20,15,False,True
HLTF,string,20,20,False,False
HPS3,string,20,11,False,False
TM4SF18,string,20,4,False,False
TM4SF1,string,20,15,False,False
WWTR1,string,20,30,False,False
RNF13,string,20,8,False,False
TSC22D2,string,20,13,False,False
SERP1,string,20,12,False,False
SELENOT,string,20,18,False,False
MBNL1,string,20,18,False,True
MBNL1-AS1,string,0,0,True,False
RAP2B,string,20,10,False,False
MME,string,20,24,False,False
SLC33A1,string,0,0,True,False
GMPS,string,20,44,False,True
AC091607.2,string,0,0,True,False
TIPARP,string,20,8,False,False
CCNL1,string,20,7,False,True
PTX3,string,20,8,False,False
SHOX2,string,20,8,False,False
RSRC1,string,20,12,False,False
MLF1,string,20,17,False,False
LXN,string,20,7,False,False
RARRES1,string,20,8,False,False
MFSD1,string,20,10,False,False
IFT80,string,20,27,False,False
SMC4,string,20,30,False,True
TRIM59,string,20,15,False,False
KPNA4,string,20,21,False,False
NMD3,string,20,25,False,True
GOLIM4,string,20,15,False,False
MECOM,string,20,8,False,False
MYNN,string,20,18,False,False
PHC3,string,20,26,False,False
PRKCI,string,20,32,False,False
SKIL,string,20,11,False,False
RPL22L1,string,20,4,False,False
EIF5A2,string,20,4,False,False
TNIK,string,20,7,False,False
FNDC3B,string,20,13,False,False
NCEH1,string,20,14,False,False
ECT2,string,20,24,False,True
ZMAT3,string,20,9,False,False
PIK3CA,string,20,88,False,False
ZNF639,string,20,9,False,False
MFN1,string,20,23,False,False
GNB4,string,20,19,False,False
ACTL6A,string,20,63,False,True
MRPL47,string,20,57,False,False
USP13,string,20,17,False,False
TTC14,string,20,14,False,False
ATP11B,string,20,4,False,True
YEATS2,string,20,21,False,True
DVL3,string,20,31,False,False
ALG3,string,20,30,False,False
CAMK2N2,string,20,4,False,False
EIF4G1,string,20,64,False,True
MAGEF1,string,20,6,False,False
MAP3K13,string,20,6,False,False
IGF2BP2,string,20,15,False,False
TRA2B,string,20,35,False,True
DNAJB11,string,20,16,False,False
EIF4A2,string,20,30,False,False
RFC4,string,20,55,False,True
RPL39L,string,20,4,False,False
LPP,string,0,0,True,False
P3H2,string,20,14,False,False
AC073365.1,string,0,0,True,False
OPA1,string,20,10,False,True
HES1,string,20,18,False,False
ATP13A3,string,20,10,False,False
TMEM44,string,20,7,False,False
LSG1,string,20,20,False,True
ACAP2,string,20,13,False,False
PPP1R2,string,20,8,False,True
TFRC,string,20,43,False,True
TCTEX1D2,string,0,0,True,False
UBXN7,string,20,53,False,False
RNF168,string,20,21,False,True
PIGX,string,20,5,False,False
NCBP2AS2,string,0,0,True,False
DLG1,string,20,29,False,False
FYTTD1,string,20,18,False,False
LRCH3,string,20,4,False,False
ZNF718,string,20,1,False,True
ZNF721,string,20,1,False,False
PCGF3,string,20,24,False,False
GAK,string,20,56,False,True
FGFRL1,string,20,11,False,False
CTBP1-DT,string,0,0,True,False
MAEA,string,20,23,False,False
SLBP,string,20,13,False,True
TACC3,string,20,13,False,True
NSD2,string,20,18,False,False
MXD4,string,20,11,False,False
ZFYVE28,string,20,10,False,False
TNIP2,string,20,7,False,False
NOP14,string,20,67,False,True
HTT,string,20,41,False,False
RGS12,string,20,10,False,False
LRPAP1,string,0,0,True,False
LYAR,string,20,16,False,False
EVC,string,20,4,False,False
BLOC1S4,string,20,8,False,False
KIAA0232,string,20,1,False,False
TBC1D14,string,20,10,False,False
AFAP1,string,20,12,False,False
ZNF518B,string,20,15,False,False
BOD1L1,string,20,4,False,True
FAM200B,string,0,0,True,False
MED28,string,20,14,False,True
NCAPG,string,20,70,False,True
LCORL,string,20,13,False,False
ADGRA3,string,20,6,False,False
CCDC149,string,20,2,False,False
STIM2,string,20,12,False,False
PCDH7,string,20,7,False,False
ARAP2,string,20,11,False,False
TBC1D1,string,20,19,False,True
KLF3,string,20,6,False,False
FAM114A1,string,20,17,False,False
TMEM156,string,20,11,False,False
KLHL5,string,20,11,False,False
WDR19,string,20,33,False,False
RFC1,string,20,32,False,True
UGDH,string,20,22,False,False
SMIM14,string,20,9,False,False
PDS5A,string,20,26,False,False
N4BP2,string,20,4,False,False
APBB2,string,20,13,False,False
UCHL1,string,20,15,False,False
LIMCH1,string,20,18,False,False
TMEM33,string,20,16,False,False
SLC30A9,string,20,18,False,False
GUF1,string,20,7,False,False
ATP10D,string,20,8,False,False
SLAIN2,string,20,11,False,False
FRYL,string,20,13,False,False
SGCB,string,20,9,False,False
DANCR,string,0,0,True,False
FIP1L1,string,20,34,False,True
CHIC2,string,20,6,False,False
CLOCK,string,20,25,False,True
NMU,string,20,5,False,False
EXOC1,string,20,31,False,True
CEP135,string,20,34,False,False
PPAT,string,20,23,False,False
PAICS,string,20,29,False,False
REST,string,20,17,False,False
NOA1,string,20,15,False,False
IGFBP7,string,20,14,False,False
EPHA5,string,20,7,False,False
CENPC,string,20,32,False,True
UBA6,string,20,23,False,False
UBA6-AS1,string,0,0,True,False
YTHDC1,string,20,28,False,True
AMTN,string,20,4,False,False
UTP3,string,20,41,False,True
RUFY3,string,20,9,False,False
DCK,string,20,19,False,False
CXCL8,string,20,45,False,False
MTHFD2L,string,20,19,False,False
RCHY1,string,20,10,False,False
USO1,string,20,44,False,False
SDAD1,string,20,33,False,True
NUP54,string,20,22,False,True
SCARB2,string,20,10,False,False
STBD1,string,20,8,False,False
SHROOM3,string,20,7,False,False
CCNG2,string,20,10,False,False
CNOT6L,string,20,30,False,False
MRPL1,string,20,20,False,True
ANXA3,string,20,3,False,False
ANTXR2,string,20,9,False,False
PRDM8,string,20,11,False,True
FGF5,string,20,11,False,False
HNRNPD,string,20,30,False,False
HNRNPDL,string,20,9,False,True
ENOPH1,string,20,17,False,False
THAP9-AS1,string,0,0,True,False
COQ2,string,20,15,False,True
HELQ,string,20,5,False,False
ABRAXAS1,string,20,12,False,False
GPAT3,string,20,11,False,False
ARHGAP24,string,20,15,False,False
PTPN13,string,20,29,False,False
AFF1,string,20,15,False,False
HSD17B11,string,20,8,False,False
NUDT9,string,20,13,False,False
SPP1,string,20,29,False,False
PKD2,string,20,14,False,False
PPM1K,string,20,8,False,False
FAM13A,string,20,15,False,False
SNCA,string,20,46,False,False
SMARCAD1,string,20,12,False,False
PDLIM5,string,20,21,False,False
RAP1GDS1,string,20,14,False,False
LAMTOR3,string,20,27,False,True
DNAJB14,string,20,6,False,False
H2AFZ,string,0,0,True,True
PPP3CA,string,20,46,False,False
NFKB1,string,20,40,False,False
BDH2,string,20,11,False,False
CENPE,string,20,62,False,True
TET2,string,20,15,False,False
PAPSS1,string,20,15,False,False
SGMS2,string,20,15,False,False
CYP2U1,string,20,9,False,False
HADH,string,20,14,False,False
RPL34,string,20,7,False,True
OSTC,string,20,14,False,True
MCUB,string,20,9,False,False
CASP6,string,20,18,False,False
GAR1,string,20,23,False,True
ELOVL6,string,20,18,False,False
AP1AR,string,20,8,False,False
TIFA,string,20,5,False,False
ZGRF1,string,20,7,False,False
LARP7,string,20,15,False,False
CAMK2D,string,20,35,False,False
ARSJ,string,20,16,False,False
SNHG8,string,0,0,True,False
SEC24D,string,20,37,False,False
USP53,string,20,6,False,False
C4orf3,string,12,0,False,False
PDE5A,string,20,5,False,False
MAD2L1,string,20,91,False,True
EXOSC9,string,20,32,False,True
CCNA2,string,20,126,False,True
KIAA1109,string,20,9,False,False
FGF2,string,20,50,False,False
NUDT6,string,20,12,False,False
SPATA5,string,20,17,False,True
ANKRD50,string,20,14,False,False
FAT4,string,20,20,False,False
INTU,string,20,14,False,False
HSPA4L,string,20,27,False,False
PLK4,string,20,33,False,True
LARP1B,string,20,11,False,False
PGRMC2,string,20,8,False,False
JADE1,string,20,13,False,False
SCLT1,string,20,18,False,False
PCDH10,string,20,7,False,False
SLC7A11,string,20,15,False,False
ELF2,string,20,6,False,False
NAA15,string,20,17,False,True
MGST2,string,20,10,False,False
CLGN,string,20,12,False,False
TBC1D9,string,20,15,False,False
ZNF330,string,20,3,False,False
INPP4B,string,20,18,False,False
USP38,string,20,16,False,False
SMARCA5,string,20,27,False,False
HHIP-AS1,string,0,0,True,False
HHIP,string,20,15,False,False
ABCE1,string,20,38,False,True
OTUD4,string,20,18,False,False
SMAD1,string,20,34,False,False
ZNF827,string,20,10,False,False
LSM6,string,20,40,False,True
ARHGAP10,string,20,9,False,False
LRBA,string,20,16,False,False
MAB21L2,string,20,13,False,False
FBXW7,string,20,24,False,True
ARFIP1,string,20,16,False,False
TRIM2,string,20,9,False,False
MND1,string,20,10,False,False
PLRG1,string,20,37,False,True
MAP9,string,20,6,False,False
PDGFC,string,20,6,False,False
PPID,string,20,16,False,False
FNIP2,string,20,14,False,False
RAPGEF2,string,20,13,False,False
NAF1,string,20,12,False,True
TMA16,string,20,7,False,True
TMEM192,string,20,1,False,False
MSMO1,string,20,21,False,False
CPE,string,20,11,False,False
ANXA10,string,20,9,False,False
DDX60L,string,0,0,True,False
PALLD,string,20,16,False,False
SH3RF1,string,20,11,False,False
NEK1,string,20,10,False,False
CLCN3,string,20,19,False,False
HPF1,string,20,3,False,False
GALNT7,string,20,10,False,False
HMGB2,string,20,11,False,False
SAP30,string,20,30,False,False
CEP44,string,20,4,False,False
SPCS3,string,20,15,False,True
VEGFC,string,20,16,False,False
NEIL3,string,20,12,False,False
TENM3,string,20,8,False,False
WWC2,string,20,10,False,False
CDKN2AIP,string,20,4,False,False
ING2,string,20,22,False,False
IRF2,string,20,20,False,False
CASP3,string,20,78,False,False
PRIMPOL,string,20,7,False,False
CENPU,string,20,28,False,False
SLC25A4,string,20,26,False,False
CFAP97,string,20,3,False,False
ANKRD37,string,20,9,False,False
UFSP2,string,20,15,False,False
SORBS2,string,20,12,False,False
FAT1,string,20,19,False,False
FRG1,string,20,10,False,False
EXOC3-AS1,string,0,0,True,False
EXOC3,string,20,27,False,True
TRIP13,string,20,18,False,False
LPCAT1,string,20,22,False,False
ICE1,string,20,9,False,True
MED10,string,20,30,False,True
MIR4458HG,string,0,0,True,False
SEMA5A,string,20,18,False,False
SNHG18,string,0,0,True,False
CCT5,string,20,43,False,True
CMBL,string,20,9,False,False
MARCH6,string,0,0,True,False
DAP,string,20,5,False,False
TRIO,string,20,13,False,False
ZNF622,string,20,21,False,False
RETREG1,string,20,14,False,False
MYO10,string,20,8,False,False
CDH6,string,20,6,False,False
ZFR,string,20,11,False,True
TARS,string,0,0,True,True
ADAMTS12,string,20,11,False,False
RAI14,string,20,10,False,False
RAD1,string,20,13,False,False
BRIX1,string,20,52,False,True
IL7R,string,20,16,False,False
NIPBL,string,20,58,False,False
CPLANE1,string,20,12,False,False
NUP155,string,20,47,False,True
OSMR,string,20,11,False,False
RICTOR,string,20,18,False,False
DAB2,string,20,20,False,False
CARD6,string,20,5,False,False
OXCT1,string,20,18,False,False
C5orf51,string,20,5,False,False
CCDC152,string,20,4,False,False
ZNF131,string,20,14,False,True
HMGCS1,string,20,35,False,True
NNT-AS1,string,0,0,True,False
NNT,string,20,9,False,False
MRPS30,string,20,14,False,True
EMB,string,20,12,False,False
PARP8,string,20,11,False,False
PELO,string,20,9,False,True
ITGA1,string,20,43,False,False
ITGA2,string,20,25,False,False
FST,string,20,17,False,False
ESM1,string,20,5,False,False
MTREX,string,20,63,False,True
PLPP1,string,20,14,False,False
IL6ST,string,20,24,False,False
GPBP1,string,20,10,False,False
PLK2,string,20,12,False,False
DEPDC1B,string,20,13,False,False
NDUFAF2,string,20,10,False,False
LINC02057,string,0,0,True,False
ZSWIM6,string,20,11,False,False
DIMT1,string,20,17,False,True
SREK1IP1,string,20,10,False,False
CWC27,string,20,19,False,False
ADAMTS6,string,20,15,False,False
CENPK,string,20,22,False,True
SGTB,string,20,14,False,False
NLN,string,20,10,False,False
ERBIN,string,20,16,False,False
SREK1,string,20,20,False,False
MAST4,string,20,5,False,False
PIK3R1,string,20,102,False,False
CCNB1,string,20,128,False,True
CENPH,string,20,20,False,True
CDK7,string,20,46,False,True
AK6,string,20,25,False,False
BDP1,string,20,40,False,True
MAP1B,string,20,20,False,False
FCHO2,string,20,23,False,False
FOXD1,string,20,3,False,False
ANKRA2,string,20,10,False,False
ARHGEF28,string,20,16,False,False
ENC1,string,20,23,False,False
HMGCR,string,20,39,False,True
CERT1,string,20,31,False,False
POLK,string,20,13,False,False
F2RL2,string,20,13,False,False
F2R,string,20,22,False,False
AGGF1,string,20,16,False,False
ZBED3,string,20,9,False,False
SCAMP1,string,20,11,False,False
LHFPL2,string,20,10,False,False
BHMT2,string,20,10,False,False
JMY,string,20,8,False,False
SERINC5,string,20,3,False,False
ZFYVE16,string,20,20,False,False
DHFR,string,20,27,False,True
MSH3,string,20,12,False,False
XRCC4,string,20,20,False,False
VCAN,string,20,24,False,False
EDIL3,string,20,12,False,False
AC113383.1,string,0,0,True,False
RASA1,string,20,38,False,False
CCNH,string,20,44,False,True
TMEM161B-AS1,string,0,0,True,False
POLR3G,string,20,24,False,False
LYSMD3,string,20,3,False,False
LUCAT1,string,0,0,True,False
ARRDC3,string,20,19,False,False
NR2F1-AS1,string,0,0,True,False
NR2F1,string,20,17,False,False
SLF1,string,20,7,False,False
MCTP1,string,20,15,False,False
RHOBTB3,string,20,13,False,False
GLRX,string,20,21,False,False
ELL2,string,20,17,False,False
ERAP1,string,20,19,False,False
LNPEP,string,20,29,False,False
RIOK2,string,20,22,False,True
RGMB,string,20,18,False,False
CHD1,string,20,22,False,False
FAM174A,string,20,6,False,False
PAM,string,20,9,False,False
PPIP5K2,string,20,8,False,False
C5orf30,string,0,0,True,True
FER,string,20,5,False,False
PJA2,string,20,16,False,False
MAN2A1,string,20,18,False,False
TSLP,string,20,12,False,False
WDR36,string,0,0,True,True
CAMK4,string,20,19,False,False
NREP,string,20,5,False,False
EPB41L4A-AS1,string,0,0,True,False
APC,string,20,32,False,False
DCP2,string,20,28,False,False
MCC,string,20,5,False,False
YTHDC2,string,20,17,False,False
CCDC112,string,20,12,False,False
ATG12,string,20,34,False,False
DMXL1,string,20,18,False,False
TNFAIP8,string,20,9,False,False
HSD17B4,string,0,0,True,False
PRR16,string,20,6,False,False
SRFBP1,string,20,6,False,True
LOX,string,20,28,False,False
SNX2,string,20,36,False,False
PPIC,string,20,13,False,False
CSNK1G3,string,20,9,False,False
ALDH7A1,string,20,28,False,False
LMNB1,string,20,29,False,False
PRRC1,string,20,7,False,False
SLC12A2,string,20,15,False,False
FBN2,string,20,11,False,False
FNIP1,string,20,17,False,False
P4HA2,string,20,31,False,False
PDLIM4,string,20,19,False,False
IRF1,string,20,31,False,False
RAD50,string,20,25,False,False
KIF3A,string,20,39,False,False
AFF4,string,20,18,False,False
HSPA4,string,20,99,False,False
C5orf15,string,20,6,False,False
TCF7,string,20,27,False,False
PPP2CA,string,20,93,False,True
UBE2B,string,20,29,False,False
CDKN2AIPNL,string,20,4,False,False
SEC24A,string,20,31,False,False
CAMLG,string,20,11,False,True
DDX46,string,20,17,False,True
TGFBI,string,20,12,False,False
SMAD5,string,20,28,False,False
SPOCK1,string,20,10,False,False
HNRNPA0,string,20,32,False,False
FAM13B,string,20,9,False,False
BRD8,string,20,35,False,True
KIF20A,string,20,73,False,True
CDC25C,string,20,19,False,False
FAM53C,string,20,11,False,False
KDM3B,string,20,8,False,False
EGR1,string,20,45,False,False
HSPA9,string,20,83,False,True
SIL1,string,20,10,False,False
SNHG4,string,0,0,True,False
DNAJC18,string,20,6,False,False
TMEM173,string,0,0,True,False
CXXC5,string,20,7,False,False
PURA,string,20,10,False,False
CYSTM1,string,20,3,False,False
HBEGF,string,20,24,False,False
ANKHD1,string,20,8,False,False
SRA1,string,20,10,False,True
TAF7,string,20,24,False,True
DIAPH1,string,0,0,True,False
GNPDA1,string,20,11,False,False
FGF1,string,20,17,False,False
ARHGAP26,string,20,15,False,False
NR3C1,string,20,62,False,False
YIPF5,string,20,9,False,False
DPYSL3,string,20,16,False,False
C5orf46,string,9,1,False,False
ADRB2,string,20,18,False,False
ABLIM3,string,20,7,False,False
SLC26A2,string,20,11,False,False
HMGXB3,string,20,7,False,False
PDGFRB,string,20,53,False,False
TCOF1,string,20,12,False,True
NDST1,string,20,18,False,False
SYNPO,string,20,14,False,False
RBM22,string,20,37,False,True
DCTN4,string,20,29,False,True
SMIM3,string,20,4,False,False
TNIP1,string,20,11,False,False
SPARC,string,20,27,False,False
G3BP1,string,20,36,False,False
GALNT10,string,20,14,False,False
SAP30L,string,20,21,False,False
GEMIN5,string,20,15,False,True
CYFIP2,string,0,0,True,False
ADAM19,string,20,11,False,False
RNF145,string,20,15,False,False
PWWP2A,string,20,9,False,False
SLU7,string,20,30,False,True
PTTG1,string,20,14,False,False
CCNG1,string,20,8,False,False
NUDCD2,string,20,13,False,False
HMMR,string,20,19,False,False
MAT2B,string,20,20,False,False
WWC1,string,20,33,False,False
PANK3,string,20,10,False,False
SPDL1,string,20,15,False,True
INSYN2B,string,20,3,False,False
NPM1,string,20,34,False,True
FBXW11,string,20,42,False,False
DUSP1,string,20,19,False,False
ATP6V0E1,string,20,27,False,False
CREBRF,string,20,9,False,False
NKX2-5,string,20,29,False,False
STC2,string,20,11,False,False
BOD1,string,20,10,False,False
CPEB4,string,20,21,False,False
SFXN1,string,20,5,False,False
KIAA1191,string,20,2,False,False
NOP16,string,20,12,False,True
CLTB,string,20,32,False,False
FAF2,string,20,41,False,True
UIMC1,string,20,19,False,False
MXD3,string,20,10,False,False
F12,string,20,8,False,False
GRK6,string,20,7,False,False
PRR7,string,20,5,False,False
DBN1,string,20,27,False,False
PDLIM7,string,20,26,False,False
HNRNPAB,string,20,8,False,False
CLK4,string,20,12,False,False
RUFY1,string,20,8,False,False
HNRNPH1,string,20,82,False,True
CANX,string,20,79,False,False
SQSTM1,string,20,61,False,False
MRNIP,string,20,3,False,False
CNOT6,string,20,27,False,False
HEIH,string,0,0,True,False
TRIM7,string,20,5,False,False
TRIM41,string,20,10,False,False
TRIM52,string,20,6,False,False
TRIM52-AS1,string,0,0,True,False
NQO2,string,20,2,False,False
TUBB2A,string,20,33,False,True
PSMG4,string,20,5,False,True
PXDC1,string,20,10,False,False
PRPF4B,string,20,15,False,True
ECI2,string,20,31,False,False
RREB1,string,20,7,False,False
RIOK1,string,20,12,False,True
DSP,string,20,15,False,False
SNRNP48,string,20,10,False,True
EEF1E1,string,20,12,False,False
TFAP2A,string,0,0,True,False
PAK1IP1,string,20,15,False,True
ADTRP,string,20,8,False,False
HIVEP1,string,20,6,False,False
EDN1,string,20,28,False,False
GFOD1,string,20,9,False,False
JARID2,string,20,18,False,False
ATXN1,string,20,20,False,False
CAP2,string,20,15,False,False
FAM8A1,string,20,9,False,False
NUP153,string,20,81,False,True
KIF13A,string,20,8,False,False
DEK,string,0,0,True,False
E2F3,string,20,20,False,False
SOX4,string,20,8,False,False
ACOT13,string,20,19,False,False
C6orf62,string,20,4,False,False
GMNN,string,20,15,False,False
TRIM38,string,20,5,False,False
HIST1H1C,string,0,0,True,False
HIST1H4C,string,0,0,True,False
HIST1H2AC,string,0,0,True,False
HIST1H1E,string,0,0,True,False
HIST1H1D,string,0,0,True,False
BTN3A2,string,20,1,False,False
BTN2A1,string,20,2,False,False
ZNF322,string,20,6,False,False
HIST1H2AH,string,0,0,True,False
HIST1H1B,string,0,0,True,False
ZSCAN16-AS1,string,0,0,True,False
TRIM27,string,20,8,False,False
HLA-A,string,20,28,False,False
PPP1R11,string,20,18,False,True
HCG18,string,0,0,True,False
RPP21,string,20,20,False,True
HLA-E,string,20,19,False,False
GNL1,string,20,14,False,False
PPP1R10,string,20,23,False,True
PPP1R18,string,20,10,False,False
NRM,string,20,8,False,False
MDC1,string,20,37,False,False
TUBB,string,20,23,False,True
FLOT1,string,20,13,False,False
IER3,string,20,10,False,False
DDR1,string,20,5,False,False
TCF19,string,20,11,False,False
HLA-C,string,20,25,False,True
HLA-B,string,20,28,False,False
MICA,string,20,5,False,False
NFKBIL1,string,20,7,False,False
PRRC2A,string,20,11,False,True
BAG6,string,20,14,False,True
GPANK1,string,20,5,False,False
DDAH2,string,20,9,False,False
LSM2,string,20,43,False,True
HSPA1A,string,20,46,False,False
HSPA1B,string,20,27,False,False
SNHG32,string,0,0,True,False
NEU1,string,20,16,False,False
EHMT2,string,20,43,False,True
ATF6B,string,20,19,False,False
RNF5,string,20,15,False,False
PSMB9,string,20,32,False,False
TAP1,string,20,8,False,False
BRD2,string,0,0,True,True
RPS18,string,20,19,False,True
WDR46,string,20,48,False,True
RGL2,string,20,19,False,False
TAPBP,string,20,20,False,False
DAXX,string,20,32,False,True
KIFC1,string,20,21,False,False
PHF1,string,20,16,False,False
BAK1,string,20,15,False,False
ITPR3,string,20,35,False,False
HMGA1,string,20,15,False,True
SMIM29,string,17,3,False,False
NUDT3,string,20,16,False,False
ILRUN,string,20,9,False,False
FKBP5,string,20,22,False,False
KCTD20,string,20,9,False,False
STK38,string,20,21,False,False
SRSF3,string,20,63,False,True
CDKN1A,string,20,50,False,False
PIM1,string,20,13,False,False
RNF8,string,20,31,False,True
CCDC167,string,17,4,False,False
ZFAND3,string,20,14,False,False
OARD1,string,20,7,False,False
FOXP4,string,0,0,True,False
BYSL,string,20,70,False,True
CCND3,string,20,23,False,True
UBR2,string,20,19,False,False
TBCC,string,20,7,False,True
C6orf226,string,12,0,False,False
KLHDC3,string,20,9,False,False
MRPL2,string,20,43,False,True
ZNF318,string,20,4,False,False
POLR1C,string,0,0,True,True
YIPF3,string,20,14,False,False
GTPBP2,string,20,1,False,False
MAD2L1BP,string,20,8,False,False
VEGFA,string,0,0,True,False
SLC29A1,string,20,9,False,False
HSP90AB1,string,20,65,False,False
SUPT3H,string,20,22,False,False
RUNX2,string,20,50,False,False
CENPQ,string,20,16,False,False
MCM3,string,20,70,False,True
EFHC1,string,20,19,False,False
TRAM2,string,20,11,False,False
TRAM2-AS1,string,0,0,True,False
TMEM14A,string,20,13,False,False
ICK,string,0,0,True,False
ELOVL5,string,20,19,False,False
GCLC,string,0,0,True,True
DST,string,20,11,False,False
BEND6,string,20,8,False,False
ZNF451,string,20,17,False,False
BAG2,string,20,18,False,False
PRIM2,string,20,25,False,True
PHF3,string,20,18,False,False
LMBRD1,string,0,0,True,False
SMAP1,string,20,6,False,False
OGFRL1,string,20,4,False,False
LINC00472,string,0,0,True,False
EEF1A1,string,20,25,False,True
SLC17A5,string,20,17,False,False
CD109,string,20,4,False,False
COL12A1,string,20,23,False,False
TMEM30A,string,20,10,False,False
SENP6,string,20,19,False,True
MYO6,string,20,33,False,False
PHIP,string,20,14,False,False
HMGN3,string,20,7,False,False
LCA5,string,20,20,False,False
TTK,string,20,60,False,True
TENT5A,string,20,21,False,False
IBTK,string,20,11,False,False
TPBG,string,20,5,False,False
PGM3,string,20,25,False,False
ME1,string,20,17,False,False
CYB5R4,string,20,12,False,False
CEP162,string,20,15,False,False
NT5E,string,20,30,False,False
SNX14,string,20,7,False,False
SYNCRIP,string,20,25,False,False
SNHG5,string,0,0,True,False
ZNF292,string,20,13,False,True
AKIRIN2,string,20,8,False,True
PNRC1,string,20,9,False,False
PM20D2,string,20,3,False,False
MDN1,string,20,10,False,True
CASP8AP2,string,20,9,False,True
UFL1,string,20,13,False,True
NDUFAF4,string,20,13,False,False
MMS22L,string,20,7,False,True
ASCC3,string,20,20,False,True
POPDC3,string,20,6,False,False
OSTM1,string,20,11,False,False
FOXO3,string,20,51,False,False
SESN1,string,20,19,False,False
CEP57L1,string,20,3,False,False
ZBTB24,string,20,11,False,False
WASF1,string,20,34,False,False
CDK19,string,20,23,False,False
AMD1,string,20,15,False,False
RPF2,string,20,61,False,True
MFSD4B,string,20,12,False,False
REV3L,string,20,29,False,True
FYN,string,20,83,False,True
FAM229B,string,8,2,False,False
LAMA4,string,20,24,False,False
NT5DC1,string,20,6,False,False
TSPYL4,string,20,5,False,False
DSE,string,20,10,False,False
TSPYL1,string,20,11,False,False
KPNA5,string,20,13,False,False
DCBLD1,string,20,20,False,False
GOPC,string,20,17,False,False
NUS1,string,20,23,False,True
CEP85L,string,20,5,False,False
ASF1A,string,20,24,False,False
MAN1A1,string,20,14,False,False
GJA1,string,20,34,False,False
HSF2,string,20,11,False,False
SERINC1,string,20,8,False,False
RNF217,string,20,3,False,False
TPD52L1,string,20,15,False,False
NCOA7,string,20,9,False,False
HINT3,string,20,4,False,False
TRMT11,string,20,22,False,False
CENPW,string,20,20,False,True
RNF146,string,20,12,False,False
PTPRK,string,20,7,False,False
ARHGAP18,string,20,4,False,False
TMEM200A,string,20,4,False,False
EPB41L2,string,20,14,False,True
ENPP1,string,0,0,True,False
CCN2,string,20,36,False,False
MOXD1,string,20,6,False,False
STX7,string,20,41,False,False
TBPL1,string,20,10,False,True
SGK1,string,20,18,False,False
AHI1,string,20,17,False,False
BCLAF1,string,20,8,False,True
IFNGR1,string,20,17,False,False
ARFGEF3,string,20,5,False,False
CCDC28A,string,0,0,True,False
CITED2,string,20,13,False,False
ADGRG6,string,20,13,False,False
HIVEP2,string,20,9,False,False
AIG1,string,20,6,False,False
PHACTR2,string,20,19,False,False
LTV1,string,20,16,False,True
PLAGL1,string,20,12,False,False
UTRN,string,20,27,False,False
FBXO30,string,20,3,False,False
SHPRH,string,20,12,False,False
RAB32,string,20,17,False,False
STXBP5,string,20,17,False,False
SASH1,string,20,14,False,False
TAB2,string,20,31,False,False
PPIL4,string,20,4,False,True
GINM1,string,20,0,False,False
KATNA1,string,20,16,False,False
LATS1,string,20,36,False,False
MTHFD1L,string,20,24,False,False
AKAP12,string,20,17,False,False
SYNE1,string,20,19,False,False
FBXO5,string,20,16,False,True
MTRF1L,string,20,9,False,False
RGS17,string,20,12,False,False
ARID1B,string,20,21,False,False
SNX9,string,20,30,False,False
SYNJ2,string,20,30,False,False
TULP4,string,20,6,False,False
EZR,string,20,48,False,False
RSPH3,string,0,0,True,False
SOD2,string,20,27,False,True
ACAT2,string,20,32,False,False
IGF2R,string,20,46,False,False
MAP3K4,string,20,15,False,False
AGPAT4,string,20,26,False,False
QKI,string,20,22,False,False
MPC1,string,20,3,False,False
RPS6KA2,string,20,13,False,False
RNASET2,string,20,8,False,False
AFDN,string,20,33,False,False
C6orf120,string,20,3,False,False
PHF10,string,20,17,False,True
FAM20C,string,20,9,False,False
COX19,string,20,28,False,False
ZFAND2A,string,20,6,False,False
MAFK,string,20,11,False,False
PSMG3,string,20,4,False,True
MRM2,string,20,17,False,False
NUDT1,string,20,6,False,False
IQCE,string,20,10,False,False
TTYH3,string,20,10,False,False
RBAK,string,20,8,False,False
TNRC18,string,20,17,False,False
ACTB,string,0,0,True,True
FSCN1,string,20,14,False,False
CCZ1,string,20,18,False,False
AIMP2,string,20,13,False,False
ZNF12,string,20,2,False,False
RPA3,string,20,25,False,True
NDUFA4,string,20,14,False,True
PHF14,string,20,7,False,False
TMEM106B,string,20,11,False,False
ARL4A,string,20,15,False,False
ETV1,string,20,12,False,False
TSPAN13,string,20,12,False,False
AHR,string,20,19,False,False
SNX13,string,20,12,False,False
HDAC9,string,20,10,False,False
TWIST1,string,20,24,False,False
TWISTNB,string,0,0,True,True
ITGB8,string,20,19,False,False
CDCA7L,string,20,5,False,False
STEAP1B,string,20,4,False,False
FAM126A,string,20,8,False,False
KLHL7,string,20,23,False,False
GPNMB,string,20,12,False,False
MALSU1,string,20,12,False,True
IGF2BP3,string,20,1,False,False
TRA2A,string,20,13,False,False
GSDME,string,20,11,False,False
OSBPL3,string,20,10,False,False
CYCS,string,20,83,False,True
NFE2L3,string,20,11,False,False
HNRNPA2B1,string,20,55,False,False
CBX3,string,20,29,False,False
TAX1BP1,string,20,19,False,False
CREB5,string,20,22,False,False
FKBP14,string,20,9,False,False
GGCT,string,20,12,False,False
GARS-DT,string,0,0,True,False
GARS,string,0,0,True,True
PDE1C,string,20,12,False,False
LSM5,string,20,37,False,True
AVL9,string,20,12,False,False
FKBP9,string,20,19,False,True
NT5C3A,string,0,0,True,False
RP9,string,20,9,False,False
EEPD1,string,20,6,False,False
ANLN,string,20,39,False,True
EPDR1,string,20,6,False,False
VPS41,string,20,17,False,True
RALA,string,20,31,False,False
CDK13,string,20,14,False,False
SUGCT,string,20,7,False,False
INHBA,string,20,4,False,False
MRPL32,string,20,39,False,True
STK17A,string,20,1,False,False
BLVRA,string,20,9,False,False
YKT6,string,20,65,False,True
DDX56,string,20,30,False,True
H2AFV,string,0,0,True,False
PURB,string,20,4,False,False
SNHG15,string,0,0,True,False
IGFBP3,string,20,12,False,False
TNS3,string,20,6,False,False
UPP1,string,20,20,False,False
FIGNL1,string,20,16,False,False
GRB10,string,20,22,False,False
EGFR,string,20,202,False,False
VOPP1,string,20,8,False,False
PSPH,string,20,18,False,False
ERV3-1,string,20,4,False,False
ZNF92,string,20,3,False,False
GUSB,string,20,19,False,False
ASL,string,20,19,False,False
CRCP,string,20,25,False,True
TPST1,string,20,7,False,False
RABGEF1,string,0,0,True,False
AC027644.3,string,0,0,True,False
NSUN5,string,20,9,False,False
BAZ1B,string,20,21,False,False
BCL7B,string,20,10,False,False
STX1A,string,20,52,False,False
ABHD11,string,20,14,False,True
LIMK1,string,20,21,False,False
RFC2,string,20,39,False,True
GTF2I,string,20,14,False,False
HIP1,string,20,12,False,False
RHBDD2,string,20,6,False,False
POR,string,20,15,False,False
HSPB1,string,20,17,False,False
RSBN1L,string,20,6,False,False
MAGI2-AS3,string,0,0,True,False
GNAI1,string,20,34,False,False
SEMA3C,string,20,9,False,False
CACNA2D1,string,20,16,False,False
SEMA3A,string,20,19,False,False
DMTF1,string,20,8,False,False
TMEM243,string,20,6,False,False
TP53TG1,string,0,0,True,False
DBF4,string,20,11,False,True
STEAP1,string,20,12,False,False
AKAP9,string,20,36,False,False
CYP51A1,string,20,30,False,False
ANKIB1,string,20,8,False,False
GATAD1,string,20,11,False,False
CDK6,string,20,29,False,True
SAMD9L,string,20,10,False,False
TFPI2,string,20,9,False,False
GNG11,string,20,22,False,False
BET1,string,20,37,False,True
CASD1,string,20,4,False,False
SGCE,string,20,19,False,False
PEG10,string,20,19,False,False
PPP1R9A,string,20,16,False,False
SLC25A13,string,20,9,False,False
SMURF1,string,20,31,False,False
ZNF394,string,20,6,False,False
ZNF655,string,20,4,False,False
TRIM4,string,20,5,False,False
ZKSCAN1,string,20,5,False,False
ZNF3,string,20,6,False,False
MCM7,string,20,67,False,True
AP4M1,string,20,23,False,False
PPP1R35,string,20,12,False,False
TSC22D4,string,20,10,False,False
MOSPD3,string,20,6,False,False
GIGYF1,string,20,11,False,False
POP7,string,20,20,False,True
TRIP6,string,20,19,False,False
SRRT,string,20,24,False,True
TRIM56,string,20,15,False,False
SERPINE1,string,20,40,False,False
PLOD3,string,20,18,False,False
ZNHIT1,string,20,14,False,True
IFT22,string,20,20,False,False
CUX1,string,20,29,False,False
ORAI2,string,20,13,False,False
POLR2J3,string,20,7,False,False
LRRC17,string,20,17,False,False
NAPEPLD,string,20,10,False,False
PMPCB,string,20,29,False,True
DNAJC2,string,20,19,False,False
KMT2E,string,20,18,False,False
SRPK2,string,20,20,False,False
PUS7,string,20,16,False,False
NAMPT,string,20,19,False,False
CCDC71L,string,20,7,False,False
PRKAR2B,string,20,28,False,False
HBP1,string,20,6,False,False
SLC26A4,string,0,0,True,False
CBLL1,string,20,16,False,True
LAMB1,string,20,27,False,True
PNPLA8,string,20,8,False,False
THAP5,string,20,4,False,False
DNAJB9,string,20,9,False,False
ZNF277,string,20,9,False,False
IFRD1,string,20,9,False,False
AC018464.1,string,0,0,True,False
MDFIC,string,0,0,True,False
TES,string,20,16,False,False
CAV2,string,20,14,False,False
CAV1,string,20,88,False,False
MET,string,20,61,False,False
FAM3C,string,20,6,False,False
AASS,string,20,7,False,False
WASL,string,20,72,False,False
ZNF800,string,20,4,False,False
RBM28,string,20,36,False,True
HILPDA,string,20,3,False,False
FLNC,string,20,10,False,False
UBE2H,string,20,25,False,True
CPA4,string,20,7,False,False
MEST,string,20,12,False,False
AUXG01000058.1,string,0,0,True,False
AC016831.7,string,0,0,True,False
AC016831.1,string,0,0,True,False
AC016831.5,string,0,0,True,False
LINC-PINT,string,0,0,True,False
MKLN1,string,20,22,False,False
PODXL,string,20,10,False,False
AKR1B1,string,20,31,False,False
CALD1,string,20,25,False,False
CNOT4,string,20,26,False,False
NUP205,string,20,36,False,True
PTN,string,20,13,False,False
DGKI,string,20,13,False,False
TRIM24,string,20,24,False,False
ZC3HAV1,string,20,17,False,False
UBN2,string,20,10,False,False
FMC1,string,20,9,False,False
LUC7L2,string,20,19,False,False
HIPK2,string,20,18,False,False
MKRN1,string,20,13,False,True
BRAF,string,20,23,False,False
CASP2,string,20,19,False,False
AC093673.1,string,0,0,True,False
ZYX,string,20,28,False,False
TCAF1,string,20,2,False,False
CUL1,string,20,62,False,True
EZH2,string,20,80,False,False
PDIA4,string,20,29,False,False
REPIN1,string,20,8,False,False
SLC4A2,string,20,8,False,False
CHPF2,string,20,19,False,False
NUB1,string,20,7,False,True
RHEB,string,20,36,False,False
PRKAG2,string,20,25,False,False
KMT2C,string,20,34,False,False
XRCC2,string,20,11,False,True
PAXIP1,string,20,25,False,False
INSIG1,string,20,20,False,False
RBM33,string,20,9,False,True
NOM1,string,20,9,False,True
NCAPG2,string,20,14,False,True
ESYT2,string,20,16,False,True
WDR60,string,0,0,True,False
FBXO25,string,20,12,False,False
ERICH1,string,20,8,False,False
CLN8,string,20,15,False,False
AC100810.1,string,0,0,True,False
ARHGEF10,string,20,15,False,False
AGPAT5,string,20,33,False,False
MFHAS1,string,20,5,False,False
ERI1,string,0,0,True,False
TNKS,string,20,21,False,False
FAM167A,string,20,14,False,False
FDFT1,string,20,42,False,False
CTSB,string,20,19,False,False
DLC1,string,20,11,False,False
ZDHHC2,string,20,9,False,False
VPS37A,string,20,30,False,True
PCM1,string,20,14,False,True
ASAH1,string,20,21,False,False
PSD3,string,20,7,False,False
SH2D4A,string,20,8,False,False
ATP6V1B2,string,20,32,False,True
FAM160B2,string,0,0,True,False
REEP4,string,20,9,False,False
BMP1,string,20,19,False,False
POLR3D,string,20,41,False,True
SLC39A14,string,20,15,False,False
SORBS3,string,20,12,False,False
TNFRSF10B,string,20,14,False,False
TNFRSF10D,string,20,7,False,False
R3HCC1,string,20,10,False,False
LOXL2,string,20,10,False,False
SLC25A37,string,20,22,False,False
STC1,string,20,10,False,False
DOCK5,string,20,12,False,False
KCTD9,string,20,16,False,False
CDCA2,string,20,7,False,False
BNIP3L,string,20,17,False,False
PNMA2,string,20,8,False,False
DPYSL2,string,20,20,False,False
SCARA3,string,20,8,False,False
ESCO2,string,20,25,False,False
PBK,string,20,27,False,False
ZNF395,string,20,9,False,False
KIF13B,string,20,4,False,False
DUSP4,string,20,8,False,False
SARAF,string,20,13,False,False
RBPMS,string,20,12,False,False
GSR,string,20,32,False,False
PPP2CB,string,20,52,False,True
WRN,string,20,51,False,False
NRG1,string,20,15,False,False
MAK16,string,20,29,False,True
ZNF703,string,20,9,False,False
RAB11FIP1,string,20,17,False,False
EIF4EBP1,string,20,22,False,False
PLPP5,string,20,23,False,False
FGFR1,string,20,45,False,False
TACC1,string,20,16,False,False
PLEKHA2,string,20,9,False,False
TM2D2,string,20,13,False,False
ADAM9,string,20,8,False,False
SFRP1,string,20,19,False,False
GINS4,string,20,20,False,True
KAT6A,string,20,19,False,False
AP3M2,string,20,12,False,False
PLAT,string,20,14,False,False
POLB,string,20,18,False,False
SLC20A2,string,20,9,False,False
SMIM19,string,4,3,False,False
THAP1,string,20,19,False,True
FNTA,string,20,13,False,True
PRKDC,string,20,29,False,False
MCM4,string,20,67,False,True
SNAI2,string,20,18,False,False
PCMTD1,string,20,9,False,False
RB1CC1,string,20,36,False,False
ATP6V1H,string,20,39,False,True
RGS20,string,20,19,False,False
TCEA1,string,20,56,False,False
MRPL15,string,20,46,False,True
TMEM68,string,20,8,False,False
TGS1,string,20,26,False,True
CHCHD7,string,20,22,False,False
SDCBP,string,20,19,False,False
CHD7,string,20,17,False,False
ASPH,string,20,7,False,False
GGH,string,20,12,False,False
YTHDF3,string,20,12,False,False
ARMC1,string,20,14,False,False
RRS1,string,20,41,False,True
MYBL1,string,20,9,False,False
VCPIP1,string,20,17,False,False
SNHG6,string,0,0,True,False
CSPP1,string,20,20,False,False
ARFGEF1,string,20,20,False,False
SULF1,string,20,14,False,False
NCOA2,string,20,46,False,False
TRAM1,string,20,6,False,False
LACTB2,string,20,11,False,False
MSC-AS1,string,0,0,True,False
TERF1,string,20,29,False,True
RDH10,string,20,10,False,False
TMEM70,string,20,15,False,False
ZFHX4,string,0,0,True,False
PKIA,string,20,10,False,False
ZC2HC1A,string,20,8,False,False
MRPS28,string,20,8,False,True
FABP5,string,20,9,False,False
IMPA1,string,20,17,False,False
LRRCC1,string,20,3,False,False
MMP16,string,20,12,False,False
AF117829.1,string,0,0,True,False
RIPK2,string,20,24,False,False
OSGIN2,string,20,3,False,False
NBN,string,20,26,False,False
C8orf88,string,20,1,False,False
PIP4P2,string,20,14,False,False
OTUD6B-AS1,string,0,0,True,False
FAM92A,string,0,0,True,False
RBM12B,string,20,4,False,False
TMEM67,string,20,27,False,False
PDP1,string,20,14,False,False
GEM,string,20,6,False,False
VIRMA,string,20,52,False,False
CCNE2,string,20,21,False,False
TP53INP1,string,20,9,False,False
PLEKHF2,string,20,6,False,False
GDF6,string,20,5,False,False
SDC2,string,20,41,False,False
CPQ,string,20,2,False,False
POP1,string,20,27,False,True
VPS13B,string,20,16,False,False
RNF19A,string,20,12,False,False
RRM2B,string,20,25,False,False
UBR5,string,20,22,False,True
KLF10,string,20,3,False,False
AZIN1,string,20,12,False,False
ATP6V1C1,string,20,30,False,True
FZD6,string,20,18,False,False
LRP12,string,20,6,False,False
AC027031.2,string,0,0,True,False
ANGPT1,string,20,10,False,False
EMC2,string,20,11,False,False
NUDCD1,string,20,15,False,False
TRPS1,string,20,4,False,False
UTP23,string,20,13,False,True
RAD21,string,20,44,False,True
EXT1,string,20,19,False,False
CCN3,string,20,5,False,False
DSCC1,string,20,17,False,False
ZHX1,string,20,5,False,False
ATAD2,string,20,7,False,False
FBXO32,string,20,17,False,False
FAM91A1,string,20,13,False,False
TATDN1,string,20,6,False,False
SQLE,string,20,31,False,False
NSMCE2,string,20,19,False,True
MYC,string,0,0,True,True
PVT1,string,0,0,True,False
EFR3A,string,20,10,False,True
NDRG1,string,20,15,False,False
ST3GAL1,string,20,20,False,False
KHDRBS3,string,20,9,False,False
CHRAC1,string,20,19,False,False
AGO2,string,20,70,False,False
PTK2,string,20,90,False,True
JRK,string,20,8,False,False
LY6E,string,20,7,False,False
GSDMD,string,20,9,False,False
GRINA,string,20,6,False,False
EXOSC4,string,20,30,False,True
BOP1,string,20,79,False,True
SLC52A2,string,0,0,True,False
CYHR1,string,20,13,False,False
ZNF7,string,20,2,False,False
C8orf33,string,20,4,False,False
WASHC1,string,20,6,False,False
SMARCA2,string,20,37,False,False
VLDLR,string,20,17,False,False
PUM3,string,20,35,False,False
GLIS3,string,20,20,False,False
CDC37L1,string,20,10,False,False
AK3,string,20,21,False,False
RCL1,string,20,19,False,True
KIAA2026,string,20,5,False,False
RANBP6,string,20,15,False,False
UHRF2,string,20,11,False,False
KDM4C,string,20,9,False,False
LURAP1L,string,20,7,False,False
MPDZ,string,20,16,False,False
NFIB,string,20,19,False,False
PSIP1,string,20,21,False,False
BNC2,string,20,5,False,False
CNTLN,string,20,24,False,False
HAUS6,string,20,16,False,True
PLIN2,string,20,17,False,False
DENND4C,string,20,6,False,False
RPS6,string,20,37,False,True
MLLT3,string,20,19,False,False
KLHL9,string,20,17,False,False
MIR31HG,string,0,0,True,False
MTAP,string,0,0,True,False
CDKN2A,string,20,64,False,False
CDKN2B,string,20,12,False,False
DMRTA1,string,20,1,False,False
IFT74,string,20,23,False,False
DDX58,string,20,54,False,False
TOPORS,string,20,17,False,False
DNAJA1,string,20,24,False,True
SMU1,string,20,14,False,True
B4GALT1,string,20,18,False,False
BAG1,string,0,0,True,False
CHMP5,string,20,30,False,True
NFX1,string,20,10,False,False
UBAP1,string,20,29,False,True
RPP25L,string,20,9,False,False
FANCG,string,20,18,False,False
FAM214B,string,20,18,False,False
CCDC107,string,20,2,False,False
CA9,string,20,11,False,False
TPM2,string,20,29,False,False
TLN1,string,20,52,False,True
CREB3,string,20,26,False,False
GBA2,string,20,21,False,False
HINT2,string,20,10,False,False
MELK,string,20,19,False,False
EBLN3P,string,0,0,True,False
ZCCHC7,string,20,10,False,False
POLR1E,string,20,22,False,True
EXOSC3,string,20,32,False,True
DCAF10,string,20,19,False,False
SHB,string,20,5,False,False
ALDH1B1,string,20,17,False,False
CNTNAP3,string,20,8,False,False
CNTNAP3B,string,20,5,False,False
TJP2,string,20,15,False,False
KLF9,string,20,8,False,False
CEMIP2,string,20,9,False,False
ZFAND5,string,20,7,False,False
ANXA1,string,20,19,False,False
C9orf40,string,20,5,False,False
RFK,string,20,10,False,False
GCNT1,string,20,20,False,False
PRUNE2,string,20,4,False,False
VPS13A,string,20,19,False,False
GNAQ,string,20,42,False,False
CEP78,string,20,11,False,False
PSAT1,string,20,25,False,True
TLE4,string,20,25,False,False
TLE1,string,20,25,False,False
GKAP1,string,20,3,False,False
RMI1,string,20,23,False,True
GOLM1,string,20,9,False,False
TUT7,string,20,9,False,False
DAPK1,string,20,19,False,False
CTSL,string,20,18,False,False
SPIN1,string,20,5,False,False
SHC3,string,20,11,False,False
CKS2,string,20,17,False,False
SECISBP2,string,20,21,False,False
NFIL3,string,20,17,False,False
NOL8,string,20,5,False,True
CARD19,string,20,3,False,False
NINJ1,string,20,2,False,False
FAM120AOS,string,20,3,False,False
AL158152.1,string,0,0,True,False
AOPEP,string,20,12,False,False
ERCC6L2,string,20,2,False,False
SLC35D2,string,20,12,False,False
ZNF367,string,20,14,False,False
HABP4,string,20,17,False,False
MFSD14C,string,0,0,True,False
XPA,string,20,31,False,False
ANP32B,string,20,11,False,False
NANS,string,20,14,False,False
TBC1D2,string,20,9,False,False
TGFBR1,string,20,50,False,False
ALG2,string,20,22,False,True
STX17,string,20,38,False,False
ERP44,string,20,8,False,False
TEX10,string,20,16,False,True
RNF20,string,20,16,False,True
SMC2,string,20,30,False,True
ABCA1,string,20,28,False,False
SLC44A1,string,20,7,False,False
TMEM38B,string,20,18,False,False
ZNF462,string,20,11,False,False
CTNNAL1,string,20,20,False,False
TMEM245,string,20,8,False,False
PALM2-AKAP2,string,0,0,True,False
LPAR1,string,20,23,False,False
ECPAS,string,20,10,False,False
PTGR1,string,20,10,False,False
DNAJC25,string,20,3,False,False
UGCG,string,20,30,False,False
PTBP3,string,20,8,False,False
HSDL2,string,20,17,False,False
SNX30,string,20,3,False,False
SLC31A1,string,20,13,False,False
PRPF4,string,20,29,False,True
POLE3,string,20,30,False,False
RGS3,string,20,16,False,False
ZNF618,string,20,12,False,False
ATP6V1G1,string,20,24,False,True
TNC,string,20,8,False,False
PAPPA,string,20,13,False,False
TLR4,string,20,44,False,False
CDK5RAP2,string,20,36,False,False
MEGF9,string,20,10,False,False
PHF19,string,20,10,False,False
CNTRL,string,20,18,False,False
GSN,string,20,28,False,False
STOM,string,20,10,False,False
RC3H2,string,20,19,False,False
RABGAP1,string,20,10,False,False
NEK6,string,20,9,False,False
ARPC5L,string,20,13,False,False
HSPA5,string,20,96,False,True
GAPVD1,string,20,22,False,False
PBX3,string,20,11,False,False
ZBTB43,string,20,6,False,False
RPL12,string,20,89,False,True
NIBAN2,string,20,7,False,False
ST6GALNAC6,string,20,6,False,False
DPM2,string,20,31,False,True
FAM102A,string,20,11,False,False
C9orf16,string,0,0,True,True
DNM1,string,20,38,False,True
GOLGA2,string,20,31,False,False
SWI5,string,0,0,True,False
COQ4,string,20,8,False,True
URM1,string,0,0,True,True
CERCAM,string,20,6,False,False
ODF2,string,20,12,False,False
SPTAN1,string,20,26,False,False
WDR34,string,0,0,True,False
ZDHHC12,string,20,5,False,False
AL441992.1,string,0,0,True,False
ENDOG,string,20,10,False,False
LRRC8A,string,20,11,False,False
NUP188,string,20,16,False,False
PTPA,string,20,53,False,False
IER5L,string,20,10,False,False
LINC00963,string,0,0,True,False
NTMT1,string,20,6,False,False
EXOSC2,string,20,27,False,True
ABL1,string,20,59,False,False
FIBCD1,string,20,6,False,False
UCK1,string,20,8,False,False
RAPGEF1,string,20,20,False,False
SETX,string,20,12,False,True
TTF1,string,20,10,False,False
GTF3C4,string,20,7,False,True
TSC1,string,20,25,False,False
RALGDS,string,20,16,False,False
SURF6,string,20,12,False,True
SURF1,string,20,11,False,False
REXO4,string,20,4,False,False
BRD3,string,20,6,False,False
MRPS2,string,20,38,False,True
CAMSAP1,string,20,11,False,False
NACC2,string,20,8,False,False
EGFL7,string,20,4,False,False
AGPAT2,string,20,27,False,False
SNHG7,string,0,0,True,False
PHPT1,string,20,11,False,False
FBXW5,string,20,19,False,False
NPDC1,string,20,6,False,False
SAPCD2,string,20,8,False,False
MAN1B1-DT,string,0,0,True,False
MAN1B1,string,20,20,False,False
DPP7,string,20,18,False,False
TPRN,string,20,6,False,False
TUBB4B,string,20,22,False,False
NELFB,string,20,11,False,True
TOR4A,string,20,4,False,False
NSMF,string,20,5,False,False
ZMYND19,string,20,9,False,False
ARRDC1-AS1,string,0,0,True,False
EHMT1,string,20,17,False,False
ZMYND11,string,20,11,False,False
LARP4B,string,0,0,True,False
GTPBP4,string,20,83,False,True
IDI1,string,20,23,False,False
PFKP,string,20,22,False,False
KLF6,string,20,7,False,False
MANCR,string,0,0,True,False
NET1,string,20,6,False,False
LINC02657,string,0,0,True,False
TASOR2,string,20,5,False,False
ANKRD16,string,20,9,False,False
PFKFB3,string,20,17,False,False
KIN,string,20,4,False,True
TAF3,string,20,25,False,True
SFTA1P,string,0,0,True,False
UPF2,string,20,20,False,True
CAMK1D,string,20,21,False,False
OPTN,string,20,36,False,False
MCM10,string,20,34,False,True
PHYH,string,20,9,False,False
SEPHS1,string,20,19,False,False
BEND7,string,20,9,False,False
FRMD4A,string,20,16,False,False
FAM107B,string,20,6,False,False
HSPA14_ENSG00000187522,string,0,0,True,False
RPP38,string,20,25,False,True
VIM,string,20,17,False,False
HACD1,string,20,13,False,False
ARL5B,string,20,7,False,False
DNAJC1,string,20,7,False,False
COMMD3,string,20,24,False,False
BMI1,string,20,28,False,False
PIP4K2A,string,20,29,False,False
MSRB2,string,20,6,False,False
KIAA1217,string,20,8,False,False
ARHGAP21,string,20,17,False,False
PRTFDC1,string,20,6,False,False
APBB1IP,string,20,21,False,False
ANKRD26,string,20,8,False,False
MASTL,string,20,10,False,True
ACBD5,string,20,26,False,False
WAC-AS1,string,0,0,True,False
BAMBI,string,20,16,False,False
SVIL,string,20,16,False,False
ZEB1,string,0,0,True,False
ARHGAP12,string,20,10,False,False
KIF5B,string,20,32,False,False
EPC1,string,20,25,False,False
ITGB1,string,20,118,False,False
NRP1,string,20,26,False,False
PARD3,string,20,27,False,False
CUL2,string,20,45,False,True
CREM,string,20,16,False,False
FZD8,string,20,19,False,False
ZNF248,string,20,3,False,False
ZNF33A,string,20,6,False,False
ZNF37A,string,20,2,False,False
ZNF33B,string,20,1,False,False
CSGALNACT2,string,20,18,False,False
HNRNPF,string,20,35,False,False
ZNF32,string,20,2,False,False
WASHC2C,string,20,17,False,False
NCOA4,string,20,12,False,True
ARHGAP22,string,20,8,False,False
ERCC6,string,20,4,False,False
PARG,string,20,18,False,False
WASHC2A,string,20,11,False,False
DKK1,string,20,21,False,False
ZWINT,string,20,21,False,True
UBE2D1,string,20,71,False,False
TFAM,string,20,29,False,True
BICC1,string,20,25,False,False
CCDC6,string,20,19,False,True
ANK3,string,20,20,False,False
CDK1,string,20,190,False,True
ARID5B,string,20,4,False,True
RTKN2,string,20,7,False,False
ADO,string,20,5,False,False
NRBF2,string,20,7,False,False
JMJD1C,string,20,11,False,False
LINC01515,string,0,0,True,False
SIRT1,string,20,60,False,False
HERC4,string,20,11,False,False
HNRNPH3,string,20,9,False,False
RUFY2,string,20,11,False,False
DNA2,string,20,26,False,False
TET1,string,20,10,False,False
DDX21,string,20,14,False,True
SRGN,string,20,9,False,False
VPS26A,string,20,31,False,False
SUPV3L1,string,20,22,False,True
HK1,string,20,23,False,False
COL13A1,string,20,10,False,False
H2AFY2,string,0,0,True,False
AIFM2,string,20,6,False,False
EIF4EBP2,string,20,8,False,False
PCBD1,string,20,5,False,False
VSIR,string,20,1,False,False
PSAP,string,20,23,False,False
CHST3,string,20,18,False,False
DDIT4,string,20,7,False,False
DNAJB12,string,20,11,False,False
MICU1,string,20,16,False,False
P4HA1,string,20,31,False,False
DNAJC9,string,20,10,False,True
PPP3CB,string,20,42,False,False
FUT11,string,20,13,False,False
ZSWIM8,string,20,4,False,False
CAMK2G,string,20,26,False,False
PLAU,string,20,21,False,False
VCL,string,20,75,False,False
KAT6B,string,20,12,False,False
SAMD8,string,20,8,False,False
ZNF503,string,20,8,False,False
KCNMA1,string,20,20,False,False
POLR3A,string,20,40,False,True
ZMIZ1,string,20,12,False,False
PPIF,string,20,29,False,False
ZCCHC24,string,20,8,False,False
NUTM2B-AS1,string,0,0,True,False
PLAC9,string,20,5,False,False
PRXL2A,string,20,4,False,True
TSPAN14,string,20,6,False,False
WAPL,string,20,19,False,False
GLUD1,string,20,29,False,False
SHLD2,string,20,2,False,False
LINC00863,string,0,0,True,False
PAPSS2,string,20,14,False,False
ATAD1,string,20,12,False,False
PTEN,string,20,81,False,True
ACTA2,string,0,0,True,False
FAS,string,20,28,False,False
LIPA,string,20,10,False,False
IFIT3,string,20,33,False,False
IFIT5,string,20,23,False,False
KIF20B,string,20,8,False,False
RPP30,string,20,25,False,True
ANKRD1,string,20,13,False,False
PCGF5,string,20,21,False,False
PPP1R3C,string,20,17,False,False
BTAF1,string,20,16,False,True
IDE,string,20,22,False,False
KIF11,string,20,108,False,True
MYOF,string,20,17,False,False
CEP55,string,20,35,False,False
FRA10AC1,string,20,5,False,False
PLCE1,string,20,28,False,False
NOC3L,string,20,32,False,True
HELLS,string,20,12,False,False
PDLIM1,string,20,19,False,False
ZNF518A,string,20,9,False,False
TM9SF3,string,20,9,False,False
ARHGAP19,string,20,7,False,False
RRP12,string,20,18,False,True
UBTD1,string,20,7,False,False
PI4K2A,string,20,25,False,False
AVPI1,string,20,6,False,False
MARVELD1,string,20,6,False,False
ZFYVE27,string,20,13,False,False
R3HCC1L,string,20,5,False,False
HPS1,string,20,8,False,False
GOT1,string,20,23,False,False
ENTPD7,string,20,1,False,False
CUTC,string,20,4,False,False
COX15,string,20,32,False,True
DNMBP,string,20,18,False,False
ERLIN1,string,20,22,False,False
BLOC1S2,string,20,24,False,False
SCD,string,20,34,False,True
SLF2,string,20,11,False,False
TWNK,string,20,14,False,True
LZTS2,string,20,15,False,False
SFXN3,string,0,0,True,False
DPCD,string,20,6,False,False
POLL,string,20,9,False,True
OGA,string,20,20,False,False
LDB1,string,20,25,False,True
PPRC1,string,20,8,False,True
NOLC1,string,20,18,False,True
NFKB2,string,20,16,False,False
FBXL15,string,0,0,True,False
RPARP-AS1,string,0,0,True,False
TRIM8,string,20,6,False,False
WBP1L,string,20,11,False,True
BORCS7,string,20,9,False,False
NT5C2,string,20,34,False,False
PCGF6,string,20,27,False,False
PDCD11,string,20,69,False,True
SH3PXD2A,string,20,10,False,False
STN1,string,20,18,False,False
SLK,string,20,6,False,False
SFR1,string,20,3,False,False
ITPRIP,string,20,4,False,False
ADD3,string,20,4,False,False
MXI1,string,20,9,False,False
SMNDC1,string,20,15,False,True
DUSP5,string,20,13,False,False
SMC3,string,20,54,False,True
PDCD4,string,20,4,False,False
SHOC2,string,20,24,False,True
GPAM,string,20,19,False,False
ZDHHC6,string,20,10,False,False
TCF7L2,string,20,33,False,False
NHLRC2,string,20,16,False,True
CCDC186,string,20,14,False,False
ABLIM1,string,0,0,True,False
FAM160B1,string,0,0,True,False
TRUB1,string,20,16,False,False
SHTN1,string,20,11,False,False
PDZD8,string,20,9,False,False
RAB11FIP2,string,20,12,False,False
CACUL1,string,20,7,False,False
DENND10,string,20,7,False,False
BAG3,string,20,36,False,False
MCMBP,string,20,13,False,True
SEC23IP,string,20,8,False,False
PLPP4,string,20,24,False,False
WDR11,string,20,4,False,False
ATE1,string,20,9,False,False
NSMCE4A,string,20,16,False,False
TACC2,string,20,10,False,False
PLEKHA1,string,20,12,False,False
HTRA1,string,20,16,False,False
PSTK,string,20,14,False,True
IKZF5,string,20,6,False,False
BUB3,string,20,32,False,True
EEF1AKMT2,string,20,12,False,False
ZRANB1,string,20,9,False,False
EDRF1,string,20,3,False,False
BCCIP,string,20,24,False,False
DHX32,string,20,12,False,False
ADAM12,string,20,14,False,False
DOCK1,string,20,36,False,False
PTPRE,string,20,20,False,False
MKI67,string,20,28,False,False
BNIP3,string,20,28,False,False
DPYSL4,string,20,8,False,False
STK32C,string,20,9,False,False
LRRC27,string,20,6,False,False
ZNF511,string,20,6,False,False
MTG1,string,20,14,False,False
IFITM2,string,20,17,False,True
IFITM3,string,20,22,False,True
SIGIRR,string,20,6,False,False
RASSF7,string,20,11,False,False
MIR210HG,string,0,0,True,False
DEAF1,string,20,11,False,False
AP006621.3,string,0,0,True,False
PNPLA2,string,20,27,False,False
CHID1,string,20,7,False,False
TOLLIP,string,20,9,False,False
MOB2,string,20,13,False,False
IFITM10,string,20,4,False,False
CTSD,string,20,44,False,False
TSSC4,string,20,13,False,False
KCNQ1OT1,string,0,0,True,False
PHLDA2,string,20,8,False,False
CARS,string,0,0,True,True
ZNF195,string,20,3,False,False
NUP98,string,20,74,False,True
RHOG,string,20,9,False,False
RRM1,string,20,45,False,True
TRIM22,string,20,10,False,False
APBB1,string,20,17,False,False
ARFIP2,string,20,9,False,False
TPP1,string,20,14,False,False
ST5,string,0,0,True,False
NRIP3,string,20,6,False,False
TMEM41B,string,20,10,False,False
IPO7,string,20,12,False,True
ZNF143,string,20,9,False,True
WEE1,string,20,9,False,True
SWAP70,string,20,7,False,False
SBF2,string,20,15,False,False
ADM,string,20,7,False,False
MTRNR2L8,string,13,2,False,False
RNF141,string,20,9,False,False
CTR9,string,20,24,False,True
EIF4G2,string,20,19,False,True
ZBED5,string,20,3,False,False
DKK3,string,20,11,False,False
MICAL2,string,20,19,False,False
TEAD1,string,20,27,False,False
ARNTL,string,20,24,False,False
BTBD10,string,20,7,False,False
FAR1,string,20,7,False,False
RRAS2,string,20,24,False,False
PIK3C2A,string,20,31,False,False
NUCB2,string,20,9,False,False
GTF2H1,string,20,36,False,True
LDHA,string,20,46,False,False
SPTY2D1,string,20,5,False,False
NAV2,string,20,7,False,False
SVIP,string,20,5,False,False
LUZP2,string,20,2,False,False
CCDC34,string,20,18,False,False
LGR4,string,20,6,False,False
BDNF,string,20,36,False,False
KIF18A,string,20,12,False,True
ARL14EP,string,20,11,False,False
PAX6,string,20,37,False,False
QSER1,string,20,19,False,False
CSTF3,string,20,27,False,True
HIPK3,string,20,16,False,False
KIAA1549L,string,20,13,False,False
FBXO3,string,20,8,False,False
CAPRIN1,string,20,12,False,False
CAT,string,20,57,False,False
CD44,string,20,82,False,False
FJX1,string,20,9,False,False
TRIM44,string,20,15,False,False
API5,string,20,13,False,False
TTC17,string,20,4,False,False
PEX16,string,20,10,False,False
PHF21A,string,20,17,False,False
CREB3L1,string,20,18,False,False
MDK,string,20,13,False,False
CKAP5,string,20,36,False,True
C11orf49,string,20,13,False,False
PACSIN3,string,20,12,False,False
DDB2,string,20,35,False,False
FNBP4,string,20,11,False,True
NUP160,string,20,27,False,True
PTPRJ,string,20,13,False,False
SSRP1,string,20,35,False,True
SLC43A3,string,20,3,False,False
UBE2L6,string,20,29,False,False
CLP1,string,20,31,False,True
MED19,string,20,28,False,True
CTNND1,string,20,61,False,False
FAM111B,string,20,7,False,False
FAM111A,string,20,2,False,False
OSBP,string,20,17,False,True
PATL1,string,20,20,False,False
STX3,string,20,20,False,False
CCDC86,string,20,6,False,True
TMEM109,string,20,4,False,False
TMEM132A,string,20,12,False,False
FEN1,string,20,59,False,True
FADS2,string,20,15,False,False
FADS1,string,20,17,False,False
FADS3,string,20,4,False,False
FTH1,string,20,18,False,False
INCENP,string,20,22,False,True
AHNAK,string,20,26,False,False
CSKMT,string,20,2,False,False
BSCL2,string,20,18,False,False
HNRNPUL2,string,20,9,False,False
TMEM223,string,20,2,False,False
TMEM179B,string,20,4,False,False
NXF1,string,20,61,False,True
WDR74,string,20,26,False,True
SNHG1,string,0,0,True,False
SLC3A2,string,20,23,False,False
PLAAT4,string,20,7,False,False
PLAAT3,string,20,17,False,False
RTN3,string,20,20,False,False
DNAJC4,string,20,2,False,False
VEGFB,string,20,7,False,False
PPP1R14B-AS1,string,0,0,True,False
ESRRA,string,20,11,False,False
PRDX5,string,20,8,False,False
EHD1,string,20,17,False,False
ATG2A,string,20,13,False,False
SAC3D1,string,20,14,False,False
CDCA5,string,20,19,False,True
ZFPL1,string,20,13,False,False
VPS51,string,20,29,False,True
TM7SF2,string,20,19,False,True
ZNHIT2,string,20,16,False,True
MRPL49,string,20,25,False,True
CAPN1,string,20,18,False,False
POLA2,string,20,44,False,True
DPF2,string,20,21,False,False
NEAT1,string,0,0,True,False
MALAT1,string,0,0,True,False
LTBP3,string,20,16,False,True
FAM89B,string,20,17,False,False
EHBP1L1,string,20,20,False,False
MAP3K11,string,20,23,False,False
KAT5,string,20,73,False,True
EFEMP2,string,20,14,False,False
CCDC85B,string,20,8,False,False
FOSL1,string,20,17,False,False
C11orf68,string,20,3,False,False
DRAP1,string,20,13,False,True
SART1,string,20,58,False,True
PACS1,string,20,7,False,False
YIF1A,string,20,24,False,False
RIN1,string,20,18,False,False
BRMS1,string,20,14,False,False
B4GAT1,string,20,9,False,False
RBM14,string,20,16,False,False
RBM4,string,20,7,False,True
LRFN4,string,20,7,False,False
RHOD,string,20,17,False,False
KDM2A,string,20,18,False,True
ANKRD13D,string,20,5,False,False
POLD4,string,20,5,False,False
CLCF1,string,20,4,False,False
CORO1B,string,20,11,False,False
TMEM134,string,20,10,False,False
AIP,string,20,8,False,False
CDK2AP2,string,20,2,False,False
UNC93B1,string,20,6,False,False
ALDH3B1,string,20,10,False,False
CHKA,string,20,10,False,False
KMT5B,string,20,10,False,False
PPP6R3,string,20,24,False,False
CPT1A,string,20,21,False,False
MYEOV,string,20,4,False,False
CCND1,string,20,69,False,True
DHCR7,string,20,25,False,False
NADSYN1,string,20,11,False,False
STARD10,string,20,13,False,False
RAB6A,string,20,43,False,True
MRPL48,string,20,11,False,False
UCP2,string,20,6,False,False
PPME1,string,20,25,False,True
PGM2L1,string,20,13,False,False
POLD3,string,20,33,False,True
RNF169,string,20,4,False,False
XRRA1,string,20,8,False,False
RPS3,string,20,46,False,True
SERPINH1,string,20,28,False,False
UVRAG,string,20,19,False,False
THAP12,string,20,18,False,False
AP002360.1,string,0,0,True,False
TSKU,string,20,6,False,False
RSF1,string,20,20,False,False
AAMDC,string,20,3,False,False
PRCP,string,20,18,False,False
RAB30-DT,string,0,0,True,False
PCF11,string,20,33,False,True
CCDC90B,string,20,8,False,False
TMEM126B,string,20,12,False,False
CREBZF,string,20,4,False,False
PICALM,string,20,36,False,False
PRSS23,string,20,1,False,False
RAB38,string,20,12,False,False
CTSC,string,20,15,False,False
CHORDC1,string,20,19,False,True
SLC36A4,string,20,9,False,False
CEP295,string,20,17,False,False
TAF1D,string,20,14,False,True
C11orf54,string,20,4,False,False
MED17,string,20,38,False,True
MRE11,string,20,33,False,False
AMOTL1,string,20,20,False,False
SRSF8,string,20,4,False,False
ENDOD1,string,20,12,False,False
FAM76B,string,20,8,False,False
CEP57,string,20,9,False,False
MTMR2,string,20,26,False,False
MAML2,string,20,11,False,False
CCDC82,string,20,1,False,False
JRKL,string,20,8,False,False
CEP126,string,20,9,False,False
YAP1,string,20,64,False,False
BIRC2,string,20,47,False,False
DYNC2H1,string,0,0,True,False
CASP4,string,20,7,False,False
MSANTD4,string,20,6,False,False
AASDHPPT,string,20,14,False,True
CWF19L2,string,20,8,False,True
SLC35F2,string,20,15,False,False
CUL5,string,20,33,False,False
NPAT,string,20,7,False,True
ATM,string,20,108,False,False
POGLUT3,string,20,6,False,True
DDX10,string,20,30,False,True
ZC3H12C,string,20,7,False,False
LAYN,string,20,2,False,False
C11orf1,string,20,0,False,False
CRYAB,string,20,18,False,False
DIXDC1,string,20,10,False,False
NKAPD1,string,20,12,False,True
LINC02762,string,0,0,True,False
USP28,string,20,16,False,False
NNMT,string,20,16,False,False
RBM7,string,20,15,False,False
ZPR1,string,20,9,False,False
TAGLN,string,20,19,False,False
PCSK7,string,20,11,False,False
RNF214,string,20,6,False,False
BACE1,string,20,36,False,False
CEP164,string,20,36,False,False
KMT2A,string,20,40,False,False
ARCN1,string,20,34,False,True
PHLDB1,string,20,15,False,False
DDX6,string,20,64,False,True
BCL9L,string,20,12,False,False
SLC37A4,string,20,12,False,False
HYOU1,string,20,44,False,True
VPS11,string,20,24,False,False
H2AFX,string,0,0,True,True
RNF26,string,20,11,False,False
THY1,string,20,24,False,False
OAF,string,20,0,False,False
ARHGEF12,string,20,27,False,False
MIR100HG,string,0,0,True,False
UBASH3B,string,20,8,False,False
HSPA8,string,20,105,False,True
CLMP,string,20,3,False,False
TBRG1,string,20,6,False,False
SPA17,string,20,5,False,False
NRGN,string,20,10,False,False
CHEK1,string,20,59,False,True
RPUSD4,string,20,15,False,True
DCPS,string,20,10,False,False
ETS1,string,20,27,False,False
APLP2,string,20,8,False,False
ZBTB44,string,20,5,False,True
NTM,string,20,7,False,False
NCAPD3,string,20,15,False,True
THYN1,string,20,8,False,False
KDM5A,string,20,16,False,False
CCDC77,string,20,14,False,False
WNK1,string,20,11,False,True
ERC1,string,20,17,False,False
WNT5B,string,20,16,False,False
ADIPOR2,string,20,6,False,False
DCP1B,string,20,25,False,False
FKBP4,string,20,40,False,False
ITFG2,string,20,10,False,False
FOXM1,string,20,23,False,False
RHNO1,string,20,10,False,False
TULP3,string,20,11,False,False
TEAD4,string,20,19,False,False
TIGAR,string,20,16,False,False
RAD51AP1,string,20,15,False,False
DYRK4,string,20,4,False,False
CD9,string,20,33,False,False
TNFRSF1A,string,20,46,False,False
LTBR,string,20,11,False,False
NCAPD2,string,20,20,False,True
GAPDH,string,20,87,False,True
NOP2,string,20,50,False,True
CHD4,string,20,52,False,True
ING4,string,20,12,False,False
MLF2,string,20,14,False,False
PTMS,string,0,0,True,False
P3H3,string,20,16,False,False
CDCA3,string,20,14,False,False
USP5,string,20,27,False,True
TPI1,string,20,54,False,True
ENO2,string,20,29,False,False
C12orf57,string,20,6,False,False
PHB2,string,20,31,False,True
EMG1,string,20,36,False,True
LPCAT3,string,20,32,False,False
C1RL,string,20,4,False,False
SLC2A3,string,20,14,False,False
NECAP1,string,20,22,False,False
PHC1,string,20,26,False,False
M6PR,string,20,24,False,False
GABARAPL1,string,20,46,False,False
MAGOHB,string,20,20,False,False
YBX3,string,20,7,False,True
PRH1,string,20,5,False,False
SMIM10L1,string,0,0,True,False
ETV6,string,20,25,False,False
LRP6,string,20,40,False,False
MANSC1,string,20,12,False,False
CREBL2,string,20,10,False,False
CDKN1B,string,20,39,False,False
APOLD1,string,20,7,False,False
GPRC5A,string,20,4,False,False
HEBP1,string,20,7,False,False
EMP1,string,20,10,False,False
ATF7IP,string,20,13,False,False
H2AFJ,string,0,0,True,False
WBP11,string,20,6,False,True
ARHGDIB,string,20,15,False,False
EPS8,string,20,20,False,False
STRAP,string,20,20,False,True
DERA,string,20,20,False,False
MGST1,string,20,12,False,False
PLEKHA5,string,20,7,False,False
AEBP2,string,20,28,False,False
PYROXD1,string,20,11,False,True
RECQL,string,20,9,False,False
GOLT1B,string,20,21,False,True
LDHB,string,20,38,False,False
CMAS,string,20,11,False,False
C2CD5,string,20,16,False,False
ETNK1,string,20,14,False,False
BCAT1,string,20,24,False,False
ETFRF1,string,20,8,False,False
KRAS,string,20,110,False,False
RASSF8-AS1,string,0,0,True,False
RASSF8,string,20,14,False,False
BHLHE41,string,20,12,False,False
SSPN,string,20,12,False,False
ITPR2,string,20,21,False,False
INTS13,string,20,28,False,True
FGFR1OP2,string,20,21,False,False
TM7SF3,string,20,14,False,False
STK38L,string,20,25,False,False
ARNTL2,string,20,11,False,False
PPFIBP1,string,20,19,False,False
MRPS35,string,20,28,False,True
KLHL42,string,20,24,False,False
CCDC91,string,20,11,False,False
IPO8,string,20,12,False,False
CAPRIN2,string,20,5,False,False
AC010198.2,string,0,0,True,False
DDX11,string,20,13,False,True
SINHCAF,string,20,13,False,False
DENND5B,string,20,12,False,False
AMN1,string,20,7,False,False
RESF1,string,20,6,False,False
BICD1,string,0,0,True,False
AC026356.2,string,0,0,True,False
FGD4,string,20,16,False,False
DNM1L,string,20,30,False,True
YARS2,string,20,21,False,True
PKP2,string,20,19,False,False
KIF21A,string,20,13,False,False
GXYLT1,string,20,14,False,False
YAF2,string,20,18,False,False
PUS7L,string,20,13,False,False
ANO6,string,20,11,False,False
ARID2,string,20,16,False,False
SLC38A1,string,20,11,False,False
SLC38A2,string,20,16,False,False
AMIGO2,string,20,10,False,False
RPAP3,string,20,26,False,True
SLC48A1,string,20,11,False,False
HDAC7,string,20,11,False,True
TMEM106C,string,20,4,False,False
CCNT1,string,20,32,False,False
CACNB3,string,20,14,False,True
DDX23,string,20,23,False,True
FKBP11,string,20,6,False,False
PRKAG1,string,20,26,False,False
LMBR1L,string,20,11,False,False
TUBA1B,string,20,26,False,True
TUBA1A,string,20,31,False,False
TUBA1C,string,20,25,False,True
TROAP,string,20,5,False,False
DNAJC22,string,20,4,False,False
SPATS2,string,20,9,False,False
FMNL3,string,20,10,False,False
NCKAP5L,string,20,9,False,False
RACGAP1,string,20,34,False,False
SMARCD1,string,20,27,False,False
LIMA1,string,20,10,False,False
LARP4,string,20,16,False,False
DIP2B,string,20,7,False,False
ATF1,string,20,11,False,False
LETMD1,string,20,2,False,False
DAZAP2,string,20,6,False,False
SMAGP,string,20,8,False,True
ATG101,string,20,21,False,False
KRT80,string,20,7,False,False
KRT7,string,20,9,False,False
KRT81,string,20,11,False,False
KRT8,string,20,18,False,True
KRT18,string,20,14,False,False
EIF4B,string,20,31,False,True
TNS2,string,20,9,False,False
IGFBP6,string,20,11,False,False
CSAD,string,20,11,False,False
RARG,string,20,24,False,False
C12orf10,string,0,0,True,False
CALCOCO1,string,20,7,False,False
CBX5,string,20,43,False,False
ITGA5,string,20,37,False,False
ITGA7,string,20,18,False,False
RDH5,string,20,6,False,False
CD63,string,20,25,False,False
GDF11,string,20,6,False,False
DGKA,string,20,14,False,False
CDK2,string,20,79,False,True
RAB5B,string,20,18,False,False
PA2G4,string,20,15,False,False
MYL6,string,20,24,False,False
SMARCC2,string,20,31,False,False
RNF41,string,20,23,False,False
STAT2,string,20,31,False,False
TIMELESS,string,20,35,False,True
BAZ2A,string,20,10,False,False
PTGES3,string,20,52,False,False
PRIM1,string,20,33,False,True
NAB2,string,20,6,False,False
STAT6,string,20,21,False,False
LRP1,string,20,31,False,False
SHMT2,string,20,35,False,False
R3HDM2,string,20,11,False,False
MARS,string,0,0,True,True
DDIT3,string,20,28,False,False
MBD6,string,20,6,False,False
B4GALNT1,string,20,29,False,False
OS9,string,20,40,False,False
AGAP2-AS1,string,0,0,True,False
TSPAN31,string,20,17,False,False
MARCH9,string,0,0,True,False
TSFM,string,20,19,False,True
CTDSP2,string,20,4,False,False
GIHCG,string,0,0,True,False
SLC16A7,string,20,12,False,False
USP15,string,20,16,False,False
MON2,string,20,31,False,False
AC048341.1,string,0,0,True,False
RXYLT1,string,20,13,False,False
SRGAP1,string,20,17,False,False
XPOT,string,20,23,False,False
TBK1,string,20,46,False,False
RASSF3,string,20,8,False,False
GNS,string,20,19,False,False
MSRB3,string,20,9,False,False
AC026124.1,string,0,0,True,False
HMGA2,string,20,23,False,False
CAND1,string,20,16,False,False
DYRK2,string,20,14,False,False
NUP107,string,20,58,False,True
SLC35E3,string,20,10,False,False
MDM2,string,20,102,False,False
CPSF6,string,20,26,False,True
YEATS4,string,20,42,False,True
FRS2,string,20,24,False,False
RAB3IP,string,20,23,False,False
AC025159.1,string,0,0,True,False
CNOT2,string,20,25,False,True
PTPRB,string,20,6,False,False
ZFC3H1,string,20,39,False,True
TMEM19,string,20,18,False,False
RAB21,string,20,12,False,False
TBC1D15,string,20,17,False,False
TRHDE,string,20,10,False,False
TRHDE-AS1,string,0,0,True,False
ATXN7L3B,string,20,4,False,False
GLIPR1,string,20,9,False,False
KRR1,string,20,57,False,True
PHLDA1,string,20,9,False,False
OSBPL8,string,20,18,False,False
ZDHHC17,string,20,18,False,False
CSRP2,string,20,6,False,False
E2F7,string,20,7,False,False
NAV3,string,20,11,False,False
SYT1,string,20,32,False,False
PAWR,string,20,16,False,False
CCDC59,string,20,7,False,True
SLC6A15,string,20,11,False,False
C12orf29,string,20,3,False,False
CEP290,string,20,46,False,False
TMTC3,string,20,10,False,False
KITLG,string,0,0,True,False
DUSP6,string,20,15,False,False
ATP2B1,string,20,18,False,False
BTG1,string,20,3,False,False
EEA1,string,20,28,False,False
NUDT4,string,20,13,False,False
CEP83,string,20,20,False,False
TMCC3,string,20,8,False,False
FGD6,string,20,13,False,False
VEZT,string,20,5,False,True
NTN4,string,20,5,False,False
SNRPF,string,20,94,False,True
LTA4H,string,20,5,False,False
ELK3,string,20,2,False,False
CDK17,string,20,3,False,False
NEDD1,string,20,27,False,True
TMPO-AS1,string,0,0,True,False
TMPO,string,20,15,False,False
IKBIP,string,20,3,False,False
APAF1,string,20,36,False,False
UHRF1BP1L,string,20,5,False,False
ACTR6,string,20,16,False,True
SCYL2,string,20,4,False,False
GAS2L3,string,20,11,False,False
UTP20,string,20,24,False,True
CHPT1,string,20,36,False,False
GNPTAB,string,20,14,False,False
DRAM1,string,20,2,False,False
NUP37,string,20,31,False,False
PARPBP,string,20,13,False,False
HELLPAR,string,0,0,True,False
HSP90B1,string,20,43,False,True
TDG,string,20,18,False,False
NFYB,string,20,33,False,True
TXNRD1,string,20,59,False,False
CHST11,string,20,18,False,False
C12orf45,string,0,0,True,True
WASHC4,string,20,18,False,False
APPL2,string,20,4,False,False
C12orf75,string,20,1,False,False
NUAK1,string,20,7,False,False
TMEM263,string,20,4,False,False
CRY1,string,20,16,False,False
PRDM4,string,20,11,False,True
FICD,string,20,2,False,False
SART3,string,20,20,False,True
ISCU,string,20,29,False,True
CORO1C,string,20,10,False,False
SSH1,string,20,9,False,False
ALKBH2,string,20,9,False,False
UNG,string,20,16,False,False
MMAB,string,20,11,False,False
TCHP,string,20,20,False,False
ANKRD13A,string,20,10,False,False
C12orf76,string,0,0,True,False
IFT81,string,20,27,False,False
ATP2A2,string,20,20,False,True
ANAPC7,string,20,19,False,False
GPN3,string,20,17,False,True
FAM216A,string,20,5,False,False
PPTC7,string,20,14,False,False
TCTN1,string,20,11,False,False
PPP1CC,string,20,88,False,False
SH2B3,string,20,10,False,False
ATXN2,string,0,0,True,False
BRAP,string,20,8,False,False
ALDH2,string,20,22,False,False
MAPKAPK5-AS1,string,0,0,True,False
NAA25,string,20,21,False,True
DDX54,string,20,16,False,True
RITA1,string,20,6,False,False
TPCN1,string,20,6,False,False
PLBD2,string,20,6,False,False
SDSL,string,20,19,False,False
RBM19,string,20,9,False,True
MED13L,string,20,26,False,False
C12orf49,string,0,0,True,False
FBXO21,string,20,5,False,False
RFC5,string,20,32,False,True
VSIG10,string,20,5,False,False
TAOK3,string,20,8,False,False
TMEM233,string,10,3,False,False
CIT,string,20,16,False,False
PXN,string,20,81,False,True
TRIAP1,string,20,13,False,True
NRAV,string,0,0,True,False
COQ5,string,20,8,False,True
RNF10,string,20,10,False,False
UNC119B,string,20,5,False,False
SPPL3,string,20,9,False,False
KDM2B,string,20,17,False,False
ORAI1,string,0,0,True,False
RHOF,string,20,6,False,False
BCL7A,string,20,16,False,False
MLXIP,string,20,9,False,False
VPS33A,string,20,25,False,True
CLIP1,string,20,25,False,False
ZCCHC8,string,20,17,False,False
RSRC2,string,20,13,False,True
KNTC1,string,20,13,False,False
VPS37B,string,20,26,False,False
MPHOSPH9,string,20,10,False,False
C12orf65,string,0,0,True,False
SBNO1,string,20,13,False,True
KMT5A,string,20,14,False,False
RILPL2,string,20,9,False,False
SNRNP35,string,20,9,False,True
RILPL1,string,20,5,False,False
DDX55,string,20,51,False,True
GTF2H3,string,20,22,False,True
CCDC92,string,20,8,False,False
ZNF664,string,20,6,False,False
NCOR2,string,20,58,False,False
UBC,string,20,180,False,True
BRI3BP,string,20,3,False,False
STX2,string,20,16,False,False
RAN,string,20,53,False,True
SFSWAP,string,20,9,False,True
ULK1,string,20,36,False,False
EP400,string,0,0,True,True
NOC4L,string,20,57,False,True
POLE,string,20,56,False,True
PXMP2,string,20,10,False,False
ANKLE2,string,20,12,False,True
GOLGA3,string,20,20,False,False
ZNF605,string,20,4,False,False
ZNF26,string,20,4,False,False
ZNF84,string,20,1,False,True
ZNF268,string,20,2,False,False
MPHOSPH8,string,20,17,False,False
PSPC1,string,20,10,False,False
ZMYM5,string,20,12,False,False
ZMYM2,string,20,23,False,False
IFT88,string,20,48,False,False
LATS2,string,20,26,False,False
SKA3,string,20,14,False,True
ZDHHC20,string,20,8,False,False
MICU2,string,20,12,False,False
SACS,string,0,0,True,False
PARP4,string,20,10,False,False
CENPJ,string,20,37,False,True
MTMR6,string,20,15,False,False
NUP58,string,20,19,False,False
SHISA2,string,20,6,False,False
RNF6,string,20,5,False,False
USP12,string,20,4,False,False
MTIF3,string,20,17,False,False
SLC7A1,string,20,10,False,False
UBL3,string,20,5,False,False
KATNAL1,string,20,10,False,False
HMGB1,string,20,23,False,True
USPL1,string,20,6,False,True
HSPH1,string,20,33,False,True
B3GLCT,string,20,18,False,False
BRCA2,string,20,41,False,True
N4BP2L2,string,20,8,False,False
PDS5B,string,20,27,False,False
RFC3,string,20,33,False,True
NBEA,string,20,21,False,False
MAB21L1,string,20,13,False,False
SPART,string,20,13,False,False
SMAD9,string,20,25,False,False
ALG5,string,20,22,False,False
EXOSC8,string,20,31,False,True
UFM1,string,20,21,False,True
NHLRC3,string,20,7,False,False
COG6,string,20,35,False,True
MRPS31,string,20,27,False,True
ELF1,string,20,4,False,False
WBP4,string,20,9,False,False
NAA16,string,20,14,False,False
DGKH,string,20,15,False,False
AKAP11,string,20,12,False,False
TSC22D1,string,20,11,False,False
NUFIP1,string,20,9,False,True
TPT1,string,20,15,False,True
TPT1-AS1,string,0,0,True,False
COG3,string,20,43,False,True
NUDT15,string,20,6,False,True
MED4,string,20,41,False,True
ITM2B,string,0,0,True,False
RB1,string,20,65,False,False
FNDC3A,string,20,9,False,False
RCBTB1,string,20,5,False,False
DLEU2,string,0,0,True,False
TRIM13,string,20,8,False,False
DLEU1,string,0,0,True,False
RNASEH2B,string,20,14,False,False
INTS6,string,20,23,False,True
WDFY2,string,20,14,False,False
CKAP2,string,20,6,False,False
DIAPH3,string,20,18,False,False
TDRD3,string,0,0,True,False
PCDH9,string,20,11,False,False
MZT1,string,20,20,False,True
DIS3,string,20,36,False,True
PIBF1,string,20,16,False,False
KLF5,string,20,9,False,False
KLF12,string,20,11,False,False
TBC1D4,string,20,10,False,False
LMO7,string,20,18,False,False
CLN5,string,20,8,False,False
OBI1,string,20,5,False,False
NDFIP2,string,20,10,False,False
SPRY2,string,20,17,False,False
GPC6,string,20,16,False,False
DZIP1,string,20,3,False,False
DNAJC3,string,20,27,False,False
UGGT2,string,20,15,False,False
MBNL2,string,20,6,False,False
IPO5,string,20,16,False,False
FARP1,string,20,10,False,False
STK24,string,20,30,False,False
TM9SF2,string,20,18,False,False
PCCA,string,20,24,False,False
ITGBL1,string,20,9,False,False
TPP2,string,20,11,False,True
TEX30,string,20,5,False,False
ERCC5,string,0,0,True,False
EFNB2,string,0,0,True,False
ARGLU1,string,20,9,False,True
FAM155A,string,0,0,True,False
AL161431.1,string,0,0,True,False
IRS2,string,20,13,False,False
COL4A1,string,20,41,False,False
COL4A2,string,20,36,False,False
ING1,string,20,17,False,False
ANKRD10,string,20,10,False,False
TUBGCP3,string,20,15,False,True
PCID2,string,20,12,False,True
LAMP1,string,20,37,False,False
TFDP1,string,20,27,False,True
TMEM255B,string,20,6,False,False
GAS6,string,20,8,False,False
GAS6-DT,string,0,0,True,False
RASA3,string,20,5,False,False
CHAMP1,string,20,8,False,False
CCNB1IP1,string,20,13,False,False
PARP2,string,20,18,False,False
PIP4P1,string,20,18,False,False
PNP,string,20,21,False,False
RNASE4,string,20,1,False,False
ARHGEF40,string,20,14,False,False
SUPT16H,string,20,55,False,True
TOX4,string,20,19,False,True
MMP14,string,20,32,False,False
LRP10,string,20,9,False,False
PRMT5,string,20,36,False,True
HAUS4,string,20,16,False,True
AJUBA,string,20,12,False,False
ACIN1,string,20,13,False,True
NGDN,string,20,23,False,False
DHRS4-AS1,string,0,0,True,False
EMC9,string,20,13,False,False
IRF9,string,20,27,False,False
CHMP4A,string,20,42,False,False
MDP1,string,18,1,False,False
NOVA1,string,20,6,False,False
G2E3,string,20,6,False,False
STRN3,string,20,31,False,False
ARHGAP5,string,20,16,False,False
SPTSSA,string,20,5,False,True
EAPP,string,20,14,False,False
BAZ1A,string,20,11,False,False
SRP54,string,20,19,False,True
PPP2R3C,string,20,11,False,True
NFKBIA,string,20,45,False,False
RALGAPA1,string,20,6,False,False
MBIP,string,20,16,False,True
MIPOL1,string,20,15,False,False
TRAPPC6B,string,20,25,False,False
PNN,string,20,27,False,True
MIA2,string,20,7,False,False
FBXO33,string,20,7,False,False
TOGARAM1,string,20,8,False,False
PRPF39,string,20,16,False,True
MIS18BP1,string,20,16,False,True
LRR1,string,20,6,False,True
DNAAF2,string,20,9,False,False
POLE2,string,20,50,False,True
KLHDC2,string,20,18,False,False
AL627171.2,string,0,0,True,False
SOS2,string,20,11,False,False
SAV1,string,20,31,False,False
NIN,string,20,25,False,False
PYGL,string,20,16,False,False
FRMD6,string,20,18,False,False
FRMD6-AS1,string,0,0,True,False
NID2,string,20,12,False,False
ERO1A,string,20,7,False,False
AL133453.1,string,0,0,True,False
FERMT2,string,20,21,False,False
DDHD1,string,20,12,False,False
BMP4,string,20,55,False,False
CDKN3,string,20,9,False,False
CGRRF1,string,20,6,False,False
SAMD4A,string,20,10,False,False
WDHD1,string,20,33,False,True
SOCS4,string,20,8,False,False
LGALS3,string,20,35,False,False
DLGAP5,string,20,63,False,False
ATG14,string,20,25,False,False
OTX2,string,20,21,False,False
EXOC5,string,20,29,False,True
PSMA3-AS1,string,0,0,True,False
ARID4A,string,20,19,False,False
TIMM9,string,20,20,False,True
KIAA0586,string,20,15,False,True
DAAM1,string,20,27,False,False
GPR135,string,20,6,False,False
JKAMP,string,20,5,False,False
PCNX4,string,20,4,False,False
DHRS7,string,20,6,False,False
PPM1A,string,20,19,False,False
SIX1,string,0,0,True,False
SIX4,string,20,7,False,False
HIF1A,string,20,99,False,False
SNAPC1,string,20,14,False,True
RHOJ,string,20,6,False,False
SYNE2,string,20,18,False,False
MTHFD1,string,0,0,True,True
ZBTB25,string,20,10,False,False
ZBTB1,string,20,13,False,False
MAX,string,20,27,False,True
FUT8,string,20,19,False,False
RDH11,string,20,12,False,False
ZFP36L1,string,20,11,False,False
DCAF5,string,20,15,False,False
MED6,string,20,34,False,True
PCNX1,string,20,9,False,False
SIPA1L1,string,20,13,False,False
ZFYVE1,string,20,6,False,False
PSEN1,string,20,41,False,False
NUMB,string,20,17,False,False
PNMA1,string,20,15,False,False
ELMSAN1,string,0,0,True,False
ZNF410,string,20,4,False,False
ABCD4,string,20,13,False,False
NPC2,string,20,18,False,False
ISCA2,string,20,21,False,True
LTBP2,string,20,12,False,False
YLPM1,string,20,8,False,False
EIF2B2,string,20,13,False,True
MLH3,string,20,9,False,False
ACYP1,string,20,17,False,False
NEK9,string,20,18,False,False
IFT43,string,20,24,False,False
GPATCH2L,string,20,4,False,False
IRF2BPL,string,20,6,False,False
GSTZ1,string,20,15,False,False
SNW1,string,20,51,False,True
DIO2,string,20,14,False,False
CEP128,string,20,12,False,False
GTF2A1,string,20,33,False,True
SEL1L,string,20,28,False,False
SPATA7,string,20,12,False,False
PTPN21,string,20,14,False,False
ZC3H14,string,20,15,False,False
FOXN3,string,20,7,False,False
NRDE2,string,20,9,False,True
DGLUCY,string,20,6,False,False
PPP4R3A,string,20,10,False,False
TRIP11,string,20,19,False,False
ATXN3,string,0,0,True,False
CPSF2,string,20,35,False,True
LGMN,string,20,18,False,False
GOLGA5,string,20,25,False,False
MOAP1,string,20,8,False,False
TMEM251,string,20,5,False,False
UBR7,string,20,11,False,False
BTBD7,string,20,4,False,False
IFI27L2,string,20,3,False,False
DICER1,string,20,51,False,True
SNHG10,string,0,0,True,False
VRK1,string,20,9,False,False
CCNK,string,20,13,False,True
SLC25A29,string,20,7,False,False
WARS,string,0,0,True,True
MEG3,string,0,0,True,False
MEG8,string,0,0,True,False
PPP2R5C,string,20,39,False,False
DYNC1H1,string,20,42,False,True
HSP90AA1,string,20,148,False,False
MOK,string,20,4,False,True
ANKRD9,string,20,10,False,False
RCOR1,string,20,24,False,True
EIF5,string,20,23,False,True
MARK3,string,20,20,False,False
BAG5,string,20,13,False,False
SIVA1,string,20,13,False,False
AHNAK2,string,20,5,False,False
CDCA4,string,20,5,False,False
NUDT14,string,20,9,False,False
CRIP2,string,20,3,False,False
TEDC1,string,20,8,False,False
SNRPN,string,20,25,False,False
SNHG14,string,0,0,True,False
HERC2,string,20,25,False,False
NSMCE3,string,20,14,False,False
ARHGAP11A,string,20,16,False,False
SCG5,string,20,13,False,False
GREM1,string,0,0,True,False
EMC7,string,20,15,False,True
KATNBL1,string,20,7,False,False
AQR,string,20,30,False,True
ZNF770,string,20,8,False,False
MEIS2,string,20,17,False,False
SPRED1,string,20,10,False,False
THBS1,string,20,50,False,False
AC037198.1,string,0,0,True,False
GPR176,string,20,6,False,False
BUB1B,string,20,90,False,True
CCDC9B,string,0,0,True,False
KNSTRN,string,20,6,False,False
RPUSD2,string,20,9,False,False
KNL1,string,20,37,False,False
RAD51,string,20,70,False,True
INO80,string,0,0,True,True
CHP1,string,20,11,False,False
OIP5-AS1,string,0,0,True,False
OIP5,string,20,13,False,True
NUSAP1,string,20,43,False,False
MGA,string,20,23,False,False
EHD4,string,20,10,False,False
TMEM87A,string,20,8,False,False
SNAP23,string,20,48,False,False
HAUS2,string,20,21,False,False
TTBK2,string,20,17,False,False
UBR1,string,20,31,False,False
CCNDBP1,string,20,10,False,False
TP53BP1,string,20,55,False,False
MAP1A,string,20,3,False,False
PDIA3,string,20,35,False,False
SERF2,string,20,7,False,True
MFAP1,string,20,37,False,True
WDR76,string,20,10,False,False
CTDSPL2,string,20,8,False,False
EIF3J-DT,string,0,0,True,False
SPG11,string,20,14,False,False
B2M,string,0,0,True,False
SORD,string,20,23,False,False
SQOR,string,20,8,False,False
MYEF2,string,20,2,False,False
DUT,string,20,39,False,True
FBN1,string,20,30,False,False
CEP152,string,20,33,False,True
SECISBP2L,string,20,10,False,False
DTWD1,string,20,8,False,False
GABPB1,string,20,17,False,True
GABPB1-IT1,string,0,0,True,False
GABPB1-AS1,string,0,0,True,False
USP8,string,20,18,False,True
TRPM7,string,0,0,True,True
SPPL2A,string,20,9,False,False
TMOD3,string,20,13,False,False
LEO1,string,20,32,False,True
MAPK6,string,20,14,False,False
GNB5,string,20,27,False,False
MYO5A,string,20,36,False,False
FAM214A,string,20,12,False,False
RSL24D1,string,20,39,False,True
RAB27A,string,20,17,False,False
CCPG1,string,20,10,False,False
DNAAF4,string,20,14,False,False
NEDD4,string,20,35,False,False
RFX7,string,20,13,False,False
TEX9,string,20,15,False,False
MNS1,string,20,15,False,False
ZNF280D,string,20,9,False,False
TCF12,string,20,19,False,False
POLR2M,string,20,12,False,True
ADAM10,string,20,37,False,True
MINDY2,string,20,5,False,False
SLTM,string,20,14,False,False
CCNB2,string,20,89,False,False
MYO1E,string,20,15,False,False
BNIP2,string,20,4,False,False
ICE2,string,20,13,False,False
VPS13C,string,0,0,True,False
TPM1,string,20,23,False,False
LACTB,string,20,13,False,False
RPS27L,string,20,10,False,False
RAB8B,string,20,18,False,False
APH1B,string,20,10,False,False
USP3,string,20,6,False,False
CIAO2A,string,20,12,False,False
SNX1,string,20,27,False,False
PPIB,string,20,30,False,False
CSNK1G1,string,20,8,False,False
PCLAF,string,20,5,False,False
TRIP4,string,20,14,False,False
ZNF609,string,20,15,False,False
PIF1,string,20,16,False,False
PDCD7,string,20,11,False,True
CLPX,string,20,16,False,False
DPP8,string,20,5,False,False
HACD3,string,20,14,False,False
DIS3L,string,20,24,False,False
TIPIN,string,20,24,False,True
ZWILCH,string,20,12,False,False
SMAD3,string,20,108,False,False
CLN6,string,20,8,False,False
FEM1B,string,20,9,False,False
ITGA11,string,20,11,False,False
KIF23,string,20,43,False,True
TLE3,string,20,26,False,False
UACA,string,20,11,False,False
LRRC49,string,20,10,False,False
THSD4,string,20,20,False,False
MYO9A,string,20,7,False,False
PKM,string,20,55,False,True
HEXA,string,20,21,False,False
ARIH1,string,20,16,False,True
BBS4,string,20,27,False,False
NPTN,string,20,9,False,False
CD276,string,20,7,False,False
LOXL1,string,20,18,False,False
SEMA7A,string,20,10,False,False
CLK3,string,20,16,False,False
FAM219B,string,20,5,False,False
SIN3A,string,20,89,False,True
SNUPN,string,20,13,False,True
IMP3,string,20,26,False,True
UBE2Q2,string,20,16,False,False
FBXO22,string,20,9,False,False
PEAK1,string,20,6,False,False
TBC1D2B,string,20,14,False,False
IREB2,string,20,25,False,False
CTSH,string,20,8,False,False
TMED3,string,20,17,False,False
MTHFS,string,20,8,False,False
FAH,string,20,11,False,False
TLNRD1,string,20,7,False,False
EFL1,string,20,7,False,False
SNHG21,string,0,0,True,False
WHAMM,string,20,12,False,False
BTBD1,string,20,13,False,False
HDGFL3,string,20,5,False,False
WDR73,string,20,16,False,False
NMB,string,20,7,False,False
AKAP13,string,20,21,False,False
MRPL46,string,20,46,False,True
AEN,string,20,10,False,False
MFGE8,string,20,16,False,False
ABHD2,string,20,12,False,False
FANCI,string,20,18,False,False
ARPIN,string,20,4,False,False
IDH2,string,20,21,False,False
SEMA4B,string,20,7,False,False
NGRN,string,20,13,False,False
IQGAP1,string,20,38,False,False
BLM,string,20,53,False,False
FURIN,string,20,44,False,False
HDDC3,string,20,8,False,False
PRC1,string,20,35,False,True
LINC01578,string,0,0,True,False
CHD2,string,20,8,False,False
NR2F2-AS1,string,0,0,True,False
NR2F2,string,20,11,False,False
IGF1R,string,0,0,True,False
SYNM,string,20,7,False,False
MEF2A,string,20,29,False,True
ALDH1A3,string,20,11,False,False
CHSY1,string,20,20,False,False
SELENOS,string,20,25,False,False
SNRPA1,string,20,72,False,True
TM2D3,string,20,10,False,False
TARSL2,string,0,0,True,False
POLR3K,string,20,35,False,True
RHBDF1,string,20,9,False,False
MPG,string,20,10,False,True
LUC7L,string,20,22,False,False
NME4,string,20,20,False,False
JMJD8,string,0,0,True,False
CIAO3,string,20,25,False,False
GNPTG,string,20,8,False,False
UNKL,string,20,6,False,False
C16orf91,string,20,2,False,False
CLCN7,string,20,17,False,False
JPT2,string,20,4,False,False
NME3,string,20,25,False,False
SPSB3,string,20,9,False,False
HAGH,string,20,10,False,False
MSRB1,string,20,14,False,True
SNHG9,string,0,0,True,False
SLC9A3R2,string,20,21,False,False
NTHL1,string,20,15,False,False
SNHG19,string,0,0,True,False
PGP,string,20,4,False,False
ECI1,string,20,18,False,False
RNPS1,string,20,27,False,True
CCNF,string,20,10,False,False
KCTD5,string,20,17,False,False
ELOB,string,20,49,False,True
FLYWCH2,string,20,4,False,False
FLYWCH1,string,20,6,False,False
PKMYT1,string,20,20,False,True
PAQR4,string,20,7,False,False
TNFRSF12A,string,20,12,False,False
HCFC1R1,string,20,4,False,False
THOC6,string,20,15,False,True
ZNF263,string,20,7,False,False
ZNF75A,string,20,3,False,False
NAA60,string,20,13,False,False
CLUAP1,string,20,27,False,False
TRAP1,string,20,17,False,False
CREBBP,string,20,145,False,False
VASN,string,20,5,False,False
NMRAL1,string,20,4,False,False
UBALD1,string,20,5,False,False
MGRN1,string,20,10,False,False
UBN1,string,20,7,False,False
CARHSP1,string,20,10,False,False
C16orf72,string,20,4,False,False
EMP2,string,20,3,False,False
NUBP1,string,20,29,False,True
RMI2,string,20,8,False,False
LITAF,string,20,13,False,False
ZC3H7A,string,20,8,False,False
RSL1D1,string,20,33,False,True
MRTFB,string,20,10,False,False
PDXDC1,string,20,16,False,False
NTAN1,string,20,17,False,False
RRN3,string,20,21,False,True
BMERB1,string,20,6,False,False
MARF1,string,20,8,False,False
NDE1,string,20,18,False,False
FOPNL,string,0,0,True,False
ARL6IP1,string,20,15,False,False
SMG1,string,20,25,False,True
ITPRIPL2,string,20,10,False,False
GDE1,string,20,9,False,False
CCP110,string,20,29,False,True
KNOP1,string,20,3,False,False
THUMPD1,string,20,9,False,True
LYRM1,string,20,6,False,False
CDR2,string,20,13,False,False
NPIPB5,string,7,2,False,False
GGA2,string,20,24,False,False
UBFD1,string,20,9,False,False
DCTN5,string,20,28,False,True
PLK1,string,20,104,False,True
RBBP6,string,20,28,False,True
TNRC6A,string,20,32,False,True
NSMCE1,string,20,9,False,True
IL4R,string,20,12,False,False
GTF3C1,string,20,15,False,True
NUPR1,string,20,5,False,False
ATXN2L,string,20,17,False,False
NFATC2IP,string,20,9,False,True
SPNS1,string,20,8,False,False
BOLA2,string,20,10,False,False
KIF22,string,20,10,False,False
MAZ,string,20,10,False,False
PAGR1,string,20,12,False,False
MVP,string,20,4,False,False
SEZ6L2,string,20,13,False,False
ASPHD1,string,20,9,False,False
HIRIP3,string,20,8,False,False
YPEL3,string,20,8,False,False
SEPTIN1,string,20,2,False,False
ZNF771,string,20,3,False,False
DCTPP1,string,20,15,False,False
SEPHS2,string,20,18,False,True
ZNF688,string,20,4,False,False
FBRS,string,20,5,False,False
ORAI3,string,20,5,False,False
STX4,string,20,35,False,False
FUS,string,20,35,False,False
TGFB1I1,string,20,19,False,False
ZNF720,string,0,0,True,True
ZNF267,string,20,2,False,False
SHCBP1,string,20,7,False,False
ORC6,string,20,19,False,True
NETO2,string,20,6,False,False
ITFG1,string,20,13,False,False
PHKB,string,20,11,False,False
LONP2,string,20,13,False,False
SIAH1,string,20,25,False,False
CYLD,string,20,30,False,False
HNRNPA1P48,string,0,0,True,False
CHD9,string,20,26,False,False
RBL2,string,20,25,False,False
CRNDE,string,0,0,True,False
MMP2,string,20,43,False,False
LPCAT2,string,20,14,False,False
AC007336.1,string,0,0,True,False
NUDT21,string,20,27,False,True
MT2A,string,20,11,False,True
MT1E,string,20,4,False,False
MT1M,string,20,3,False,False
MT1X,string,20,8,False,False
NUP93,string,20,37,False,True
HERPUD1,string,20,11,False,False
CPNE2,string,20,3,False,False
FAM192A,string,0,0,True,False
POLR2C,string,20,59,False,True
CCDC102A,string,20,8,False,False
KIFC3,string,20,10,False,False
CFAP20,string,20,5,False,False
AC009107.2,string,0,0,True,False
CSNK2A2,string,20,36,False,False
CNOT1,string,20,46,False,True
SLC38A7,string,20,17,False,False
TK2,string,20,12,False,False
CKLF,string,20,4,False,False
CMTM3,string,20,8,False,False
NAE1,string,20,18,False,True
PDP2,string,20,10,False,False
CES2,string,20,6,False,False
CBFB,string,20,28,False,False
NOL3,string,20,4,False,False
TMEM208,string,20,17,False,False
FHOD1,string,20,7,False,False
ATP6V0D1,string,20,36,False,True
CTCF,string,20,42,False,True
ACD,string,0,0,True,True
ENKD1,string,20,2,False,False
THAP11,string,20,14,False,True
SLC7A6OS,string,20,6,False,True
ZFP90,string,20,4,False,False
SNTB2,string,20,15,False,True
NIP7,string,20,71,False,True
NFAT5,string,20,9,False,False
NQO1,string,20,21,False,False
NOB1,string,20,17,False,True
PDPR,string,20,10,False,False
EXOSC6,string,20,35,False,True
AARS,string,0,0,True,True
ST3GAL2,string,20,18,False,False
VAC14,string,20,12,False,False
CMTR2,string,20,3,False,True
ZNF23,string,20,8,False,False
AP1G1,string,20,32,False,False
IST1,string,20,23,False,True
TXNL4B,string,20,5,False,True
DHX38,string,20,22,False,False
ZFHX3,string,20,8,False,False
GLG1,string,20,13,False,False
RFWD3,string,20,3,False,False
MLKL,string,20,7,False,False
BCAR1,string,20,36,False,True
TERF2IP,string,20,31,False,False
MON1B,string,20,13,False,False
CMC2,string,20,21,False,False
CENPN,string,20,24,False,True
ATMIN,string,20,4,False,False
GCSH,string,20,25,False,False
PLCG2,string,20,39,False,False
CDH13,string,20,10,False,False
MBTPS1,string,20,15,False,True
MEAK7,string,20,14,False,False
USP10,string,20,14,False,True
GSE1,string,20,8,False,False
GINS2,string,20,22,False,True
C16orf74,string,20,4,False,False
FOXC2,string,0,0,True,False
MAP1LC3B,string,20,38,False,False
ZCCHC14,string,20,15,False,False
SLC7A5,string,20,24,False,True
BANP,string,20,8,False,True
ZFPM1,string,20,14,False,False
ZC3H18,string,20,19,False,True
MVD,string,20,27,False,True
CDT1,string,20,30,False,True
ANKRD11,string,20,7,False,True
CHMP1A,string,20,29,False,True
SPATA33,string,20,3,False,False
FANCA,string,20,19,False,False
TUBB3,string,20,18,False,False
RFLNB,string,20,2,False,False
VPS53,string,20,37,False,False
GLOD4,string,20,12,False,False
CRK,string,20,50,False,False
PITPNA-AS1,string,0,0,True,False
PITPNA,string,20,11,False,False
PRPF8,string,20,108,False,True
MIR22HG,string,0,0,True,False
SMYD4,string,20,9,False,False
RPA1,string,20,74,False,True
TSR1,string,20,25,False,True
MNT,string,20,10,False,False
METTL16,string,20,16,False,True
NCBP3,string,20,19,False,False
CYB5D2,string,20,8,False,False
UBE2G1,string,20,15,False,False
PELP1,string,20,12,False,True
CAMTA2,string,20,13,False,False
KIF1C,string,20,9,False,False
NUP88,string,20,34,False,True
MIS12,string,20,16,False,True
PIMREG,string,20,5,False,False
KIAA0753,string,20,14,False,False
MED31,string,20,17,False,True
RNASEK,string,20,5,False,False
C17orf49,string,20,9,False,False
PHF23,string,20,8,False,False
GABARAP,string,20,51,False,False
GPS2,string,20,14,False,True
ZBTB4,string,20,7,False,True
POLR2A,string,0,0,True,True
EIF4A1,string,20,41,False,True
CD68,string,20,8,False,False
MPDU1,string,20,20,False,False
FXR2,string,20,19,False,False
SAT2,string,20,5,False,False
TP53,string,20,358,False,False
WRAP53,string,20,21,False,False
KDM6B,string,20,18,False,False
CHD3,string,20,42,False,False
VAMP2,string,20,66,False,False
TMEM107,string,20,11,False,False
AURKB,string,20,103,False,True
RPL26,string,20,83,False,True
MYH10,string,20,34,False,False
STX8,string,20,24,False,False
SCO1,string,20,23,False,False
MAP2K4,string,20,21,False,False
HS3ST3A1,string,20,7,False,False
PMP22,string,20,12,False,False
TRIM16,string,20,12,False,False
ZNF286A,string,20,0,False,False
ADORA2B,string,20,11,False,False
ZSWIM7,string,20,2,False,False
TTC19,string,20,13,False,False
PIGL,string,20,11,False,False
CENPV,string,20,7,False,False
SNHG29,string,0,0,True,False
LRRC75A,string,19,1,False,False
MPRIP,string,20,15,False,False
FLCN,string,20,17,False,False
RAI1,string,20,5,False,False
SREBF1,string,20,49,False,False
ALKBH5,string,20,22,False,False
TOP3A,string,20,24,False,True
SMCR8,string,20,9,False,False
SHMT1,string,20,33,False,False
TRIM16L,string,0,0,True,False
ALDH3A2,string,20,29,False,False
SPECC1,string,20,22,False,False
TMEM11,string,20,13,False,False
MAP2K3,string,20,23,False,False
LINC02693,string,0,0,True,False
WSB1,string,20,16,False,False
TMEM97,string,20,2,False,False
IFT20,string,20,28,False,False
SPAG5,string,20,21,False,False
TLCD1,string,20,3,False,True
TRAF4,string,20,9,False,False
PHF12,string,20,17,False,True
MYO18A,string,20,15,False,False
NUFIP2,string,20,21,False,False
TAOK1,string,20,11,False,False
TP53I13,string,20,6,False,True
GIT1,string,20,20,False,False
NSRP1,string,20,9,False,True
BLMH,string,20,15,False,False
CPD,string,20,20,False,False
GOSR1,string,20,43,False,False
ATAD5,string,20,17,False,False
NF1,string,20,27,False,True
UTP6,string,20,49,False,True
SUZ12,string,20,56,False,False
TMEM98,string,20,7,False,False
CCL2,string,20,21,False,False
ZNF830,string,20,6,False,True
RAD51D,string,20,8,False,True
SLFN5,string,20,6,False,False
SNHG30,string,0,0,True,False
TAF15,string,20,7,False,False
ZNHIT3,string,20,15,False,True
MYO19,string,20,10,False,False
PIGW,string,20,18,False,False
AATF,string,20,31,False,True
DUSP14,string,20,9,False,False
DDX52,string,20,38,False,True
ARHGAP23,string,20,15,False,False
MLLT6,string,20,15,False,True
CISD3,string,20,3,False,False
CWC25,string,20,22,False,True
RPL23,string,20,105,False,True
FBXL20,string,20,4,False,False
MED1,string,20,58,False,True
CDK12,string,20,12,False,True
THRA,string,20,15,False,False
NR1D1,string,20,17,False,False
MSL1,string,20,13,False,True
CASC3,string,20,18,False,True
WIPF2,string,20,20,False,False
CDC6,string,20,73,False,True
RARA,string,20,32,False,False
TOP2A,string,20,81,False,True
KRT10,string,20,4,False,True
TMEM99,string,0,0,True,False
KRTAP2-3,string,20,4,False,False
KRT15,string,20,6,False,False
EIF1,string,20,20,False,True
JUP,string,20,34,False,False
P3H4,string,20,6,False,False
FKBP10,string,20,27,False,False
NKIRAS2,string,20,10,False,False
STAT3,string,20,102,False,False
CAVIN1,string,20,14,False,False
ATP6V0A1,string,20,21,False,False
NAGLU,string,20,8,False,True
COASY,string,20,24,False,True
PSMC3IP,string,20,3,False,False
RETREG3,string,20,15,False,False
TUBG1,string,20,32,False,True
PLEKHH3,string,20,2,False,False
EZH1,string,20,27,False,False
RUNDC1,string,20,6,False,False
IFI35,string,20,32,False,False
VAT1,string,20,1,False,False
BRCA1,string,20,128,False,True
NBR1,string,0,0,True,False
ARL4D,string,20,6,False,True
G6PC3,string,20,11,False,False
HDAC5,string,20,22,False,False
TMUB2,string,20,6,False,False
UBTF,string,20,34,False,True
GRN,string,20,24,False,False
GPATCH8,string,20,8,False,False
FZD2,string,20,26,False,False
GJC1,string,0,0,True,False
C1QL1,string,20,9,False,False
PLCD3,string,20,26,False,False
HEXIM1,string,20,17,False,True
KANSL1,string,20,28,False,True
KANSL1-AS1,string,0,0,True,False
FAM215B,string,0,0,True,False
AC005670.3,string,0,0,True,False
KPNB1,string,20,37,False,True
MRPL10,string,20,11,False,True
CDK5RAP3,string,20,12,False,False
COPZ2,string,20,24,False,False
CBX1,string,20,26,False,True
CALCOCO2,string,20,30,False,False
ZNF652,string,20,16,False,False
ITGA3,string,20,36,False,False
PDK2,string,20,7,False,False
PPP1R9B,string,20,24,False,False
COL1A1,string,20,64,False,False
XYLT2,string,20,17,False,False
SPATA20,string,20,9,False,False
ANKRD40,string,20,7,False,False
TOB1,string,20,12,False,False
SPAG9,string,20,14,False,False
UTP18,string,20,54,False,True
TOM1L1,string,20,11,False,False
DGKE,string,20,17,False,False
TRIM25,string,20,25,False,False
COIL,string,20,12,False,False
SCPEP1,string,20,13,False,False
MSI2,string,20,7,False,False
VEZF1,string,20,2,False,False
SRSF1,string,20,98,False,True
DYNLL2,string,20,27,False,True
MTMR4,string,20,15,False,False
RAD51C,string,20,22,False,True
TRIM37,string,20,11,False,False
SKA2,string,20,11,False,False
PRR11,string,20,13,False,False
DHX40,string,20,5,False,False
PTRH2,string,20,8,False,False
VMP1,string,20,16,False,True
APPBP2,string,20,17,False,False
PPM1D,string,20,12,False,False
BRIP1,string,20,18,False,True
INTS2,string,20,28,False,True
MED13,string,20,34,False,False
TLK2,string,20,15,False,False
MRC2,string,20,7,False,False
CYB561,string,20,10,False,False
FTSJ3,string,20,64,False,True
SNHG25,string,0,0,True,False
DDX5,string,20,36,False,True
CEP95,string,20,3,False,False
SMURF2,string,20,32,False,False
CEP112,string,20,6,False,False
PRKCA,string,20,70,False,True
HELZ,string,20,9,False,False
PSMD12,string,20,22,False,True
NOL11,string,20,3,False,True
KPNA2,string,20,40,False,False
WIPI1,string,20,21,False,False
SOX9,string,20,33,False,False
LINC00511,string,0,0,True,False
GPRC5C,string,20,10,False,False
NAT9,string,20,8,False,False
FDXR,string,20,26,False,True
MRPL58,string,20,35,False,False
NT5C,string,20,30,False,False
JPT1,string,20,3,False,False
MIF4GD,string,20,9,False,False
GALK1,string,20,14,False,False
H3F3B,string,0,0,True,False
UNK,string,20,18,False,False
WBP2,string,20,9,False,False
UBALD2,string,20,14,False,False
PRPSAP1,string,20,10,False,False
SPHK1,string,20,20,False,False
UBE2O,string,20,21,False,False
MXRA7,string,20,7,False,False
JMJD6,string,20,14,False,True
METTL23,string,20,7,False,True
SRSF2,string,20,40,False,True
MFSD11,string,20,14,False,False
SYNGR2,string,20,3,False,False
TK1,string,20,19,False,False
BIRC5,string,20,33,False,True
USP36,string,20,6,False,True
TIMP2,string,20,10,False,False
LGALS3BP,string,20,23,False,False
CBX4,string,20,25,False,False
EIF4A3,string,0,0,True,True
RNF213,string,20,10,False,False
ENDOV,string,20,2,False,False
BAIAP2,string,20,22,False,False
ACTG1,string,20,74,False,False
TSPAN10,string,0,0,True,False
OXLD1,string,20,3,False,False
CCDC137,string,20,3,False,True
HGS,string,20,45,False,True
SLC25A10,string,20,8,False,True
P4HB,string,20,53,False,False
ALYREF,string,20,56,False,True
SIRT7,string,20,20,False,True
MAFG,string,20,9,False,False
PYCR1,string,20,11,False,False
CENPX,string,20,21,False,False
RAC3,string,20,48,False,True
RFNG,string,20,11,False,False
SLC16A3,string,20,16,False,False
HEXD,string,20,13,False,False
CYBC1,string,20,14,False,False
NARF,string,20,3,False,False
WDR45B,string,20,8,False,False
FN3KRP,string,20,12,False,False
METRNL,string,20,5,False,False
THOC1,string,20,24,False,True
TYMSOS,string,0,0,True,False
TYMS,string,20,45,False,False
ENOSF1,string,20,15,False,False
YES1,string,20,30,False,False
NDC80,string,20,78,False,True
SMCHD1,string,20,13,False,False
LPIN2,string,20,20,False,False
MYL12A,string,20,21,False,False
TGIF1,string,20,6,False,False
DLGAP1-AS1,string,0,0,True,False
EPB41L3,string,20,19,False,False
MTCL1,string,20,6,False,False
ANKRD12,string,20,15,False,False
PPP4R1,string,20,22,False,False
RAB31,string,20,15,False,False
CHMP1B,string,20,34,False,False
IMPA2,string,20,18,False,True
TUBB6,string,20,21,False,False
AFG3L2,string,20,27,False,True
SPIRE1,string,20,2,False,False
PTPN2,string,20,20,False,False
CEP192,string,20,19,False,True
FAM210A,string,20,4,False,False
RNMT,string,20,16,False,True
ESCO1,string,20,16,False,False
SNRPD1,string,20,71,False,True
MIB1,string,20,14,False,False
GATA6,string,20,16,False,False
RBBP8,string,20,34,False,True
RIOK3,string,20,12,False,False
NPC1,string,20,23,False,False
TTC39C,string,20,7,False,False
OSBPL1A,string,20,6,False,False
CDH2,string,20,48,False,False
DSC3,string,20,9,False,False
DSG2,string,20,14,False,False
TRAPPC8,string,20,17,False,True
RNF138,string,20,10,False,False
ZNF397,string,20,9,False,False
ZSCAN30,string,20,7,False,False
ZNF24,string,20,13,False,True
GALNT1,string,20,19,False,False
SLC39A6,string,20,10,False,False
ELP2,string,20,27,False,True
FHOD3,string,20,5,False,False
PIK3C3,string,20,66,False,True
EPG5,string,20,13,False,False
PSTPIP2,string,20,14,False,False
HAUS1,string,20,17,False,True
PIAS2,string,20,18,False,False
SMAD2,string,20,88,False,False
SMAD7,string,20,46,False,False
ACAA2,string,20,21,False,False
SKA1,string,20,12,False,True
ME2,string,20,8,False,False
SMAD4,string,20,88,False,False
MEX3C,string,20,7,False,False
POLI,string,20,18,False,False
C18orf54,string,20,5,False,False
RAB27B,string,20,9,False,False
TCF4,string,20,24,False,False
NARS,string,0,0,True,True
ATP8B1,string,0,0,True,False
NEDD4L,string,20,28,False,False
MALT1,string,0,0,True,False
ZNF532,string,20,13,False,False
SEC11C,string,20,22,False,False
LMAN1,string,20,42,False,False
CCBE1,string,20,6,False,False
PMAIP1,string,20,10,False,False
TNFRSF11A,string,20,13,False,False
ZCCHC2,string,20,12,False,False
KDSR,string,0,0,True,False
VPS4B,string,20,27,False,False
SERPINB2,string,20,13,False,False
SERPINB8,string,20,8,False,False
DSEL,string,20,15,False,False
TMX3,string,20,12,False,False
SOCS6,string,20,10,False,False
CNDP2,string,20,30,False,False
LINC00909,string,0,0,True,False
ZNF407,string,20,9,False,True
ZADH2,string,20,13,False,False
MBP,string,20,22,False,False
HSBP1L1,string,14,3,False,False
ADNP2,string,20,6,False,True
PLPP2,string,20,30,False,False
TPGS1,string,20,13,False,False
RNF126,string,20,19,False,False
FSTL3,string,20,11,False,False
PTBP1,string,20,53,False,True
WDR18,string,20,14,False,True
TMEM259,string,20,5,False,False
CNN2,string,20,14,False,True
GPX4,string,20,25,False,False
STK11,string,20,18,False,False
MIDN,string,20,5,False,False
CIRBP,string,20,6,False,False
FAM174C,string,20,10,False,False
PWWP3A,string,20,3,False,False
C19orf25,string,20,4,False,True
MEX3D,string,20,11,False,False
MBD3,string,20,30,False,True
TCF3,string,20,28,False,False
CSNK1G2,string,20,13,False,False
BTBD2,string,20,12,False,False
MKNK2,string,20,4,False,False
SF3A2,string,20,64,False,True
LMNB2,string,20,22,False,False
GADD45B,string,20,12,False,False
SGTA,string,20,25,False,False
THOP1,string,20,14,False,False
DOHH,string,20,10,False,True
HMG20B,string,20,21,False,False
DAPK3,string,20,8,False,False
ZBTB7A,string,20,8,False,False
SIRT6,string,20,14,False,False
CHAF1A,string,20,15,False,True
UBXN6,string,20,16,False,False
TNFAIP8L1,string,20,8,False,False
UHRF1,string,20,18,False,True
KDM4B,string,20,11,False,False
SAFB2,string,20,9,False,False
SAFB,string,20,12,False,False
HSD11B1L,string,20,5,False,False
LONP1,string,20,18,False,True
ALKBH7,string,20,6,False,False
KHSRP,string,20,17,False,False
GPR108,string,20,6,False,False
TRIP10,string,20,30,False,False
ZNF358,string,20,7,False,False
MCOLN1,string,20,17,False,False
XAB2,string,20,44,False,True
MAP2K7,string,20,32,False,True
SNAPC2,string,20,6,False,True
CTXN1,string,20,6,False,False
TIMM44,string,20,35,False,True
CD320,string,20,5,False,False
ANGPTL4,string,20,7,False,False
RAB11B,string,20,17,False,False
HNRNPM,string,20,61,False,True
ZNF699,string,20,1,False,False
ZNF426,string,20,3,False,False
ZNF121,string,20,3,False,False
ZNF561,string,20,2,False,False
ZNF561-AS1,string,0,0,True,False
ZNF562,string,20,7,False,False
SHFL,string,20,7,False,False
PPAN,string,20,15,False,True
DNMT1,string,20,46,False,True
ICAM3,string,20,3,False,False
KEAP1,string,20,45,False,True
KRI1,string,20,11,False,True
CDKN2D,string,20,6,False,False
AP1M2,string,20,16,False,False
SLC44A2,string,20,4,False,False
ILF3-DT,string,0,0,True,False
ILF3,string,20,26,False,True
TMED1,string,20,4,False,False
YIPF2,string,20,16,False,False
LDLR,string,20,19,False,False
SPC24,string,20,16,False,True
KANK2,string,20,14,False,False
TMEM205,string,20,11,False,False
ECSIT,string,20,16,False,False
ELOF1,string,20,4,False,True
ZNF433-AS1,string,0,0,True,False
ZNF791,string,20,3,False,False
MAN2B1,string,20,12,False,False
DHPS,string,20,16,False,True
FBXW9,string,20,6,False,False
TNPO2,string,20,8,False,False
HOOK2,string,20,8,False,False
JUNB,string,20,16,False,False
DNASE2,string,20,7,False,False
FARSA,string,20,11,False,True
CALR,string,20,52,False,True
NFIX,string,20,11,False,False
NACC1,string,20,6,False,False
STX10,string,20,24,False,False
IER2,string,20,6,False,False
CCDC130,string,0,0,True,True
AC020916.1,string,0,0,True,False
SAMD1,string,20,4,False,False
ASF1B,string,20,22,False,True
DDX39A,string,20,23,False,False
DNAJB1,string,20,31,False,False
TECR,string,20,24,False,False
ILVBL,string,20,6,False,False
BRD4,string,20,21,False,True
AKAP8L,string,20,5,False,False
TPM4,string,20,21,False,False
KLF2,string,20,6,False,False
CHERP,string,20,25,False,True
SLC35E1,string,20,13,False,False
MYO9B,string,20,20,False,False
USE1,string,20,22,False,False
OCEL1,string,20,7,False,False
ABHD8,string,20,11,False,False
MVB12A,string,20,19,False,False
JUND,string,20,19,False,False
LSM4,string,20,49,False,True
PGPEP1,string,20,10,False,True
SSBP4,string,20,4,False,False
ELL,string,20,25,False,True
HOMER3,string,20,12,False,False
RFXANK,string,20,11,False,False
NR2C2AP,string,20,7,False,True
ZNF430,string,20,3,False,False
ZNF714,string,20,6,False,False
ZNF431,string,20,0,False,False
ZNF708,string,20,6,False,False
ZNF91,string,20,1,False,False
ZNF254,string,20,4,False,False
LINC00662,string,0,0,True,False
ZNF507,string,20,11,False,False
CEP89,string,20,21,False,False
CEBPG,string,20,10,False,True
PEPD,string,20,25,False,False
KIAA0355,string,0,0,True,False
GPI,string,20,41,False,False
UBA2,string,20,25,False,True
WTIP,string,20,10,False,False
ZNF302,string,20,4,False,False
GRAMD1A,string,20,2,False,False
FXYD5,string,20,6,False,False
DMKN,string,20,2,False,False
RBM42,string,20,9,False,True
KMT2B,string,20,33,False,False
PSENEN,string,20,24,False,False
APLP1,string,20,20,False,False
SDHAF1,string,20,11,False,False
CLIP3,string,20,11,False,False
ZNF146,string,20,5,False,False
ZNF260,string,20,2,False,False
SPINT2,string,20,5,False,False
KCNK6,string,20,2,False,False
SPRED3,string,20,8,False,False
FAM98C,string,20,5,False,False
ACTN4,string,20,36,False,False
ECH1,string,20,18,False,False
HNRNPL,string,20,76,False,True
NFKBIB,string,20,8,False,False
FBXO17,string,20,6,False,False
SAMD4B,string,20,9,False,True
EID2B,string,20,5,False,False
EID2,string,20,6,False,False
DYRK1B,string,20,13,False,False
FBL,string,20,61,False,True
PSMC4,string,20,54,False,True
PLD3,string,20,29,False,False
SERTAD1,string,20,6,False,False
SERTAD3,string,20,9,False,False
BLVRB,string,20,9,False,False
SHKBP1,string,20,9,False,False
LTBP4,string,20,8,False,True
SNRPA,string,20,20,False,True
EGLN2,string,20,14,False,True
AXL,string,20,18,False,False
HNRNPUL1,string,20,14,False,False
TGFB1,string,20,56,False,False
BCKDHA,string,20,11,False,False
DMAC2,string,20,8,False,False
RPS19,string,20,28,False,True
RABAC1,string,20,16,False,False
DEDD2,string,20,9,False,False
GSK3A,string,20,18,False,False
ERF,string,20,6,False,False
PAFAH1B3,string,20,18,False,False
MEGF8,string,20,2,False,False
ETHE1,string,20,10,False,False
XRCC1,string,20,21,False,True
IRGQ,string,20,4,False,False
PLAUR,string,20,26,False,False
KCNN4,string,0,0,True,False
ZNF226,string,20,8,False,False
PVR,string,20,11,False,False
NECTIN2,string,20,10,False,False
TOMM40,string,20,43,False,True
CLPTM1,string,20,9,False,False
CLASRP,string,20,14,False,True
PPP1R13L,string,20,3,False,False
CD3EAP,string,0,0,True,True
VASP,string,20,28,False,False
SLC1A5,string,20,21,False,True
ARHGAP35,string,20,24,False,False
ZC3H4,string,20,14,False,True
SAE1,string,20,19,False,True
BBC3,string,20,9,False,False
NAPA,string,20,47,False,True
NOP53,string,20,9,False,False
SELENOW,string,20,19,False,False
LIG1,string,20,25,False,False
EMP3,string,20,11,False,False
GRWD1,string,20,27,False,True
CYTH2,string,20,12,False,False
PPP1R15A,string,20,23,False,False
NUCB1,string,20,7,False,False
BAX,string,20,19,False,False
FTL,string,20,14,False,False
SNRNP70,string,20,36,False,True
TEAD2,string,20,27,False,False
ALDH16A1,string,20,6,False,False
RPL13A,string,20,85,False,True
FCGRT,string,20,4,False,False
RRAS,string,20,43,False,False
IRF3,string,20,46,False,False
BCL2L12,string,20,7,False,False
PTOV1,string,20,7,False,False
PNKP,string,20,20,False,True
AKT1S1,string,20,21,False,False
TBC1D17,string,20,7,False,False
NUP62,string,20,46,False,True
ATF5,string,20,10,False,True
NR1H2,string,20,11,False,False
POLD1,string,20,58,False,True
EMC10,string,20,14,False,False
C19orf48,string,0,0,True,False
CTU1,string,20,20,False,False
ZNF175,string,20,3,False,False
ZNF766,string,20,0,False,False
ZNF480,string,20,1,False,False
ZNF160,string,20,1,False,False
MYADM,string,20,10,False,False
CACNG8,string,20,15,False,False
TFPT,string,20,14,False,True
LENG8,string,20,5,False,True
TNNT1,string,20,10,False,False
IL11,string,20,10,False,False
RPL28,string,20,48,False,True
UBE2S,string,20,35,False,False
NAT14,string,20,5,False,False
ZNF579,string,20,4,False,False
ZNF524,string,20,6,False,False
ZNF581,string,20,1,False,False
CCDC106,string,20,6,False,False
U2AF2,string,20,80,False,True
ZNF787,string,20,11,False,True
ZNF667,string,20,7,False,False
ZNF667-AS1,string,0,0,True,False
ZIM3,string,20,0,False,False
ZNF264,string,20,4,False,False
AC005261.1,string,0,0,True,False
TRAPPC2B,string,20,8,False,False
AC008969.1,string,0,0,True,False
ZNF274,string,20,13,False,False
ERVK3-1,string,0,0,True,False
AC010642.2,string,0,0,True,False
A1BG,string,20,8,False,False
TRIM28,string,20,67,False,False
CHMP2A,string,20,50,False,True
ZCCHC3,string,20,8,False,False
SOX12,string,20,6,False,False
TRIB3,string,20,15,False,False
TBC1D20,string,20,15,False,False
SRXN1,string,20,21,False,False
FKBP1A,string,20,36,False,False
SNRPB,string,20,74,False,True
NOP56,string,20,69,False,True
IDH3B,string,20,21,False,False
PTPRA,string,0,0,True,False
MRPS26,string,20,19,False,True
DDRGK1,string,20,8,False,False
CENPB,string,20,6,False,False
CDC25B,string,20,14,False,False
MAVS,string,20,33,False,False
RNF24,string,20,16,False,False
SMOX,string,20,14,False,False
PRNP,string,20,33,False,False
PCNA,string,20,106,False,True
GPCPD1,string,20,8,False,False
TRMT6,string,20,26,False,True
MCM8,string,20,11,False,False
BMP2,string,20,39,False,False
TMX4,string,20,16,False,False
PLCB1,string,20,43,False,False
PLCB4,string,20,26,False,False
JAG1,string,20,15,False,False
ESF1,string,20,20,False,True
RRBP1,string,20,4,False,False
SNX5,string,20,35,False,False
MGME1,string,20,12,False,False
RIN2,string,20,12,False,False
CRNKL1,string,20,62,False,True
THBD,string,20,18,False,False
NXT1,string,20,15,False,False
GZF1,string,20,12,False,False
CST3,string,20,17,False,False
PYGB,string,20,12,False,False
ABHD12,string,20,16,False,False
ID1,string,20,13,False,False
BCL2L1,string,20,54,False,True
TPX2,string,20,36,False,True
PDRG1,string,20,13,False,True
KIF3B,string,20,25,False,False
ASXL1,string,20,26,False,False
NOL4L,string,20,10,False,False
E2F1,string,20,49,False,False
ITCH,string,0,0,True,False
NCOA6,string,20,32,False,False
PROCR,string,20,13,False,False
MMP24OS,string,0,0,True,False
UQCC1,string,20,12,False,False
CEP250,string,20,11,False,False
SPAG4,string,20,13,False,False
RBM12,string,20,13,False,True
RBM39,string,20,34,False,True
NORAD,string,0,0,True,False
EPB41L1,string,20,23,False,False
MYL9,string,20,28,False,False
DSN1,string,20,19,False,True
SOGA1,string,20,2,False,False
RBL1,string,20,25,False,False
BLCAP,string,20,10,False,False
CTNNBL1,string,20,19,False,True
TGM2,string,20,13,False,False
SNHG17,string,0,0,True,False
SNHG11,string,0,0,True,False
RALGAPB,string,20,14,False,False
FAM83D,string,20,5,False,False
TOP1,string,20,17,False,True
CHD6,string,20,6,False,False
SRSF6,string,20,24,False,True
MYBL2,string,20,11,False,True
TOX2,string,20,5,False,False
OSER1,string,20,6,False,False
SERINC3,string,20,8,False,False
PKIG,string,20,4,False,False
STK4,string,20,31,False,False
SDC4,string,20,36,False,False
DBNDD2,string,20,5,False,False
PIGT,string,20,12,False,False
DNTTIP1,string,20,6,False,False
UBE2C,string,20,74,False,False
CTSA,string,20,17,False,False
TP53RK,string,20,19,False,True
ZMYND8,string,20,16,False,False
NCOA3,string,20,32,False,False
ARFGEF2,string,20,10,False,False
CSE1L,string,20,21,False,True
DDX27,string,0,0,True,True
ZNFX1,string,20,11,False,False
ZFAS1,string,0,0,True,False
B4GALT5,string,20,12,False,False
RNF114,string,20,7,False,False
SNAI1,string,20,33,False,False
CEBPB,string,20,41,False,False
DPM1,string,20,36,False,False
ZNF217,string,20,15,False,False
FAM210B,string,20,6,False,False
AURKA,string,20,65,False,True
RAE1,string,20,39,False,True
PMEPA1,string,20,9,False,False
RAB22A,string,20,11,False,False
STX16,string,20,49,False,False
NELFCD,string,20,5,False,True
CTSZ,string,20,19,False,False
PRELID3B,string,20,15,False,True
FAM217B,string,20,6,False,False
OSBPL2,string,20,4,False,False
OGFR,string,20,1,False,False
DIDO1,string,20,15,False,False
YTHDF1,string,20,12,False,False
ARFGAP1,string,20,39,False,False
MHENCR,string,0,0,True,False
SLC2A4RG,string,20,5,False,False
PRPF6,string,20,51,False,True
TCEA2,string,20,16,False,False
PCMTD2,string,20,6,False,False
HSPA13,string,20,27,False,False
NRIP1,string,20,28,False,False
USP25,string,20,16,False,False
BTG3,string,20,5,False,False
MIR155HG,string,0,0,True,False
MRPL39,string,20,32,False,True
GABPA,string,20,18,False,True
APP,string,20,87,False,False
ADAMTS1,string,20,14,False,False
LTN1,string,20,20,False,False
BACH1,string,20,8,False,False
SOD1,string,20,48,False,True
MIS18A,string,20,8,False,True
PAXBP1,string,20,18,False,True
IFNAR1,string,20,14,False,False
IFNGR2,string,20,12,False,False
TMEM50B,string,20,13,False,False
GART,string,20,58,False,True
SON,string,20,15,False,True
DONSON,string,20,11,False,True
ITSN1,string,20,36,False,False
MRPS6,string,20,40,False,True
SLC5A3,string,20,8,False,False
RCAN1,string,20,15,False,False
RUNX1,string,20,26,False,False
SETD4,string,20,14,False,False
CBR3,string,20,9,False,False
DOP1B,string,20,15,False,False
MORC3,string,20,4,False,False
CHAF1B,string,20,14,False,True
SIM2,string,20,3,False,False
PIGP,string,20,24,False,False
TTC3,string,20,8,False,False
DYRK1A,string,20,31,False,False
ETS2,string,20,10,False,False
PSMG1,string,20,23,False,True
BRWD1,string,20,17,False,False
HMGN1,string,20,10,False,False
C2CD2,string,20,13,False,False
ZBTB21,string,20,6,False,False
WDR4,string,20,21,False,True
PKNOX1,string,20,7,False,False
RRP1B,string,20,15,False,False
RRP1,string,20,10,False,True
UBE2G2,string,20,24,False,False
PTTG1IP,string,20,9,False,False
POFUT2,string,20,22,False,False
C21orf58,string,20,2,False,False
PCNT,string,20,32,False,False
HDHD5,string,20,4,False,False
BCL2L13,string,20,11,False,False
BID,string,20,19,False,False
CDC45,string,20,56,False,True
DGCR8,string,20,20,False,True
RANBP1,string,20,23,False,False
THAP7,string,20,12,False,False
YDJC,string,20,5,False,False
SDF2L1,string,20,17,False,False
SLC2A11,string,20,5,False,False
SPECC1L,string,20,17,False,False
HPS4,string,20,14,False,False
LINC01638,string,0,0,True,False
MN1,string,20,10,False,False
XBP1,string,20,42,False,False
RHBDD3,string,20,3,False,False
NIPSNAP1,string,20,7,False,False
ZMAT5,string,20,16,False,True
LIF,string,20,22,False,False
SF3A1,string,20,51,False,True
SEC14L2,string,20,4,False,False
MTFP1,string,20,3,False,False
MORC2,string,20,8,False,False
TUG1,string,0,0,True,False
SMTN,string,20,16,False,False
SELENOM,string,20,13,False,False
LIMK2,string,20,14,False,False
PISD,string,20,20,False,False
PRR14L,string,20,10,False,False
YWHAH,string,20,38,False,False
TIMP3,string,20,25,False,False
HMGXB4,string,20,16,False,False
TOM1,string,20,8,False,False
HMOX1,string,20,41,False,False
MCM5,string,20,78,False,True
APOL2,string,20,4,False,False
MYH9,string,20,47,False,False
IFT27,string,20,21,False,False
MPST,string,20,11,False,False
CDC42EP1,string,20,3,False,False
GGA1,string,20,20,False,False
PDXP,string,20,4,False,False
LGALS1,string,20,14,False,False
TRIOBP,string,0,0,True,False
AL022311.1,string,0,0,True,False
MAFF,string,20,7,False,False
KDELR3,string,20,23,False,False
DDX17,string,20,19,False,True
JOSD1,string,20,5,False,False
SUN2,string,20,16,False,False
DNAL4,string,20,7,False,False
CBX6,string,20,24,False,False
RPL3,string,20,26,False,True
SYNGR1,string,20,7,False,False
MIEF1,string,20,18,False,False
ATF4,string,20,35,False,True
TNRC6B,string,20,17,False,False
EP300,string,20,215,False,False
RANGAP1,string,20,32,False,True
TOB2,string,20,7,False,False
CENPM,string,20,20,False,False
TCF20,string,20,7,False,False
PACSIN2,string,20,16,False,False
NUP50,string,20,25,False,False
Z95331.1,string,0,0,True,False
MIRLET7BHG,string,0,0,True,False
GTSE1,string,20,13,False,False
TRMU,string,0,0,True,False
CERK,string,20,16,False,False
BRD1,string,20,20,False,False
CRELD2,string,20,15,False,False
PIM3,string,20,5,False,False
PLXNB2,string,20,15,False,False
LMF2,string,20,4,False,False
NCAPH2,string,20,14,False,True
SCO2,string,20,17,False,False
CHKB,string,20,13,False,False
RABL2B,string,20,5,False,False
GTPBP6,string,20,9,False,False
ASMTL,string,20,11,False,False
AKAP17A,string,20,15,False,False
ZBED1,string,20,17,False,False
PRKX,string,20,34,False,False
BX890604.2,string,0,0,True,False
ANOS1,string,20,11,False,False
TBL1X,string,0,0,True,False
WWC3,string,20,18,False,False
MID1,string,20,7,False,False
HCCS,string,20,14,False,False
MSL3,string,20,28,False,False
PRPS2,string,20,11,False,False
TMSB4X,string,20,10,False,False
RAB9A,string,20,20,False,False
OFD1,string,20,43,False,False
PIR,string,20,9,False,False
ZRSR2,string,20,17,False,True
AP1S2,string,20,21,False,False
TXLNG,string,20,15,False,False
RBBP7,string,20,95,False,False
SCML1,string,20,2,False,False
SH3KBP1,string,20,23,False,True
EIF1AX,string,20,29,False,True
RPS6KA3,string,20,13,False,False
SMS,string,20,11,False,False
SAT1,string,20,16,False,False
ZFX,string,20,10,False,False
POLA1,string,20,61,False,True
DMD,string,20,47,False,False
TMEM47,string,20,6,False,False
DYNLT3,string,20,13,False,False
SRPX,string,20,9,False,False
RPGR,string,0,0,True,False
MID1IP1,string,20,5,False,False
BCOR,string,20,13,False,False
ATP6AP2,string,20,22,False,True
USP9X,string,20,26,False,True
DDX3X,string,20,37,False,True
CASK,string,20,28,False,False
KDM6A,string,20,39,False,True
MIR222HG,string,0,0,True,False
SLC9A7,string,20,17,False,False
CDK16,string,20,4,False,False
USP11,string,20,9,False,False
TIMP1,string,20,21,False,False
PORCN,string,20,7,False,False
EBP,string,20,8,False,False
WDR13,string,20,6,False,False
PCSK1N,string,20,7,False,False
PRAF2,string,20,6,False,False
WDR45,string,20,10,False,False
PLP2,string,20,7,False,False
GSPT2,string,20,16,False,False
MAGED1,string,20,11,False,False
TSPYL2,string,20,10,False,False
KDM5C,string,20,25,False,True
SMC1A,string,20,41,False,True
HUWE1,string,20,28,False,True
TSR2,string,20,4,False,True
MAGED2,string,20,7,False,False
RRAGB,string,20,34,False,False
NBDY,string,0,0,True,False
LAS1L,string,20,9,False,True
MSN,string,20,19,False,False
IGBP1,string,20,15,False,True
KIF4A,string,20,29,False,True
DLG3,string,20,26,False,False
NONO,string,20,14,False,False
TAF1,string,20,37,False,True
OGT,string,20,34,False,True
ERCC6L,string,20,10,False,False
RPS4X,string,20,35,False,True
HDAC8,string,20,17,False,False
XIST,string,0,0,True,False
FTX,string,0,0,True,False
SLC16A2,string,20,11,False,False
RLIM,string,20,13,False,False
PBDC1,string,20,15,False,False
ATRX,string,20,32,False,False
MAGT1,string,20,21,False,False
PGK1,string,20,30,False,True
BRWD3,string,20,17,False,False
SH3BGRL,string,20,7,False,False
CHM,string,20,47,False,False
KLHL4,string,20,6,False,False
DIAPH2,string,20,15,False,False
TIMM8A,string,20,29,False,True
GLA,string,20,14,False,False
HNRNPH2,string,20,15,False,False
ARMCX1,string,20,7,False,False
ARMCX6,string,20,1,False,False
ARMCX3,string,20,9,False,False
ARMCX2,string,20,11,False,False
TMSB15A,string,20,0,False,False
BEX1,string,20,9,False,False
BEX4,string,20,2,False,False
TCEAL9,string,20,8,False,False
TCEAL1,string,20,3,False,False
NRK,string,20,2,False,False
TBC1D8B,string,20,18,False,False
MORC4,string,20,6,False,False
PRPS1,string,20,14,False,False
TSC22D3,string,20,14,False,False
COL4A5,string,20,24,False,False
ACSL4,string,20,17,False,False
CHRDL1,string,20,10,False,False
PLS3,string,20,20,False,False
IL13RA1,string,20,13,False,False
SLC25A5,string,20,14,False,False
SEPTIN6,string,20,9,False,False
UPF3B,string,20,22,False,False
RNF113A,string,20,14,False,True
NKAP,string,20,14,False,True
LAMP2,string,20,27,False,False
CUL4B,string,20,40,False,False
C1GALT1C1,string,20,15,False,False
XIAP,string,20,44,False,False
SMARCA1,string,20,19,False,False
UTP14A,string,20,15,False,False
ENOX2,string,20,2,False,False
PHF6,string,20,9,False,False
MOSPD1,string,20,6,False,False
SMIM10,string,0,0,True,False
RTL8C,string,20,2,False,False
MAP7D3,string,20,14,False,False
HTATSF1,string,20,14,False,True
RBMX,string,20,36,False,True
ATP11C,string,20,14,False,False
LDOC1,string,20,5,False,False
FMR1,string,20,33,False,False
IDS,string,20,11,False,False
HMGB3,string,20,3,False,True
ZNF185,string,20,9,False,False
SLC6A8,string,20,4,False,False
IDH3G,string,20,27,False,False
SSR4,string,20,25,False,False
HCFC1,string,20,52,False,True
FLNA,string,20,56,False,False
ATP6AP1,string,20,27,False,True
PLXNA3,string,20,18,False,False
LAGE3,string,20,8,False,False
UBL4A,string,20,22,False,False
G6PD,string,20,36,False,False
DKC1,string,20,51,False,True
MPP1,string,20,8,False,False
FUNDC2,string,20,9,False,True
CMC4,string,20,15,False,True
MT-ND1,string,20,40,False,False
MT-ND2,string,20,32,False,False
MT-ATP8,string,20,14,False,False
MT-ATP6,string,20,32,False,False
MT-CO3,string,20,25,False,False
MT-ND3,string,20,28,False,False
MT-ND4L,string,20,13,False,False
MT-ND4,string,20,31,False,False
MT-ND5,string,20,29,False,False
MT-ND6,string,20,18,False,False
MT-CYB,string,20,37,False,False
NOC2L,string,20,44,False,True
INTS11,string,20,25,False,True
AURKAIP1,string,20,15,False,True
MRPL20,string,20,31,False,True
SSU72,string,20,32,False,True
DNAJC11,string,20,15,False,True
PGD,string,20,17,False,True
TARDBP,string,20,23,False,True
MTOR,string,20,84,False,True
MFN2,string,20,24,False,True
ZBTB17,string,20,15,False,True
FBXO42,string,20,6,False,True
EMC1,string,20,19,False,True
CAPZB,string,20,48,False,True
MICOS10,string,20,11,False,True
DDOST,string,20,32,False,True
CDC42,string,20,172,False,True
DHDDS,string,20,29,False,True
GPN2,string,20,8,False,True
TRNP1,string,20,3,False,True
WDTC1,string,20,26,False,True
PPP1R8,string,20,26,False,True
DNAJC8,string,20,9,False,True
TAF12,string,20,30,False,True
PUM1,string,20,32,False,True
EIF3I,string,20,37,False,True
ZMYM4,string,20,12,False,True
PSMB2,string,20,48,False,True
TRAPPC3,string,20,17,False,True
LSM10,string,20,18,False,True
C1orf109,string,20,13,False,True
SF3A3,string,20,53,False,True
UTP11,string,20,38,False,True
MYCBP,string,20,3,False,True
NDUFS5,string,20,41,False,True
PABPC4,string,20,14,False,True
CAP1,string,20,18,False,True
NFYC,string,20,28,False,True
YBX1,string,20,42,False,True
ELOVL1,string,20,16,False,True
IPO13,string,20,11,False,True
DPH2,string,20,18,False,True
DMAP1,string,20,45,False,True
RPS8,string,20,29,False,True
EIF2B3,string,20,20,False,True
UROD,string,20,14,False,True
UQCRH,string,20,22,False,True
NSUN4,string,20,17,False,True
CMPK1,string,20,26,False,True
BTF3L4,string,20,8,False,True
MAGOH,string,20,28,False,True
MRPL37,string,20,21,False,True
TTC4,string,20,19,False,True
MIER1,string,20,8,False,True
SERBP1,string,20,13,False,True
SRSF11,string,20,32,False,True
ZRANB2,string,20,17,False,True
RBMXL1,string,20,4,False,True
GLMN,string,20,22,False,True
RPL5,string,20,43,False,True
ALG14,string,20,23,False,True
CLCC1,string,20,12,False,True
PSMA5,string,20,49,False,True
STRIP1,string,20,16,False,True
WDR77,string,20,28,False,True
DDX20,string,20,20,False,True
BCAS2,string,20,32,False,True
CSDE1,string,20,18,False,True
POLR3C,string,20,33,False,True
RBM8A,string,20,31,False,True
SF3B4,string,20,39,False,True
MRPS21,string,20,21,False,True
TARS2,string,20,18,False,True
SETDB1,string,20,37,False,True
VPS72,string,20,15,False,True
PSMD4,string,20,38,False,True
PSMB4,string,20,55,False,True
MRPL9,string,20,30,False,True
INTS3,string,20,26,False,True
MSTO1,string,20,7,False,True
DAP3,string,20,44,False,True
GON4L,string,20,4,False,True
UBQLN4,string,20,15,False,True
LAMTOR2,string,20,32,False,True
SMG5,string,20,16,False,True
CCT3,string,20,36,False,True
ISG20L2,string,20,5,False,True
PEX19,string,20,20,False,True
SDHC,string,20,23,False,True
MRPS14,string,20,31,False,True
CDC73,string,20,26,False,True
DDX59,string,20,8,False,True
RBBP5,string,20,41,False,True
INTS7,string,20,21,False,True
IARS2,string,20,20,False,True
NVL,string,20,1,False,True
SRP9,string,20,14,False,True
H3F3A,string,0,0,True,True
MRPL55,string,20,13,False,True
GUK1,string,20,32,False,True
RAB4A,string,20,16,False,True
NUP133,string,20,31,False,True
ABCB10,string,20,10,False,True
COG2,string,20,31,False,True
C1orf131,string,20,1,False,True
GNPAT,string,20,32,False,True
EXOC8,string,20,24,False,True
SPRTN,string,20,14,False,True
TOMM20,string,20,32,False,True
GGPS1,string,20,20,False,True
RPS7,string,0,0,True,True
ITGB1BP1,string,20,8,False,True
TAF1B,string,20,16,False,True
DDX1,string,20,15,False,True
TMEM214,string,20,4,False,True
AGBL5,string,20,10,False,True
PREB,string,20,22,False,True
CAD,string,20,15,False,True
GTF3C2,string,20,13,False,True
NRBP1,string,20,9,False,True
GPN1,string,20,12,False,True
MRPL33,string,20,19,False,True
PPP1CB,string,20,63,False,True
TTC27,string,20,11,False,True
SRBD1,string,20,14,False,True
RPS27A,string,20,153,False,True
CCT4,string,20,41,False,True
VPS54,string,20,37,False,True
ACTR2,string,20,54,False,True
C1D,string,20,25,False,True
WDR92,string,0,0,True,True
SNRNP27,string,20,11,False,True
PCBP1,string,20,22,False,True
FAM136A,string,20,9,False,True
MCEE,string,20,13,False,True
CCT7,string,20,36,False,True
TPRKB,string,20,8,False,True
DCTN1,string,20,59,False,True
INO80B,string,20,13,False,True
MRPL19,string,20,53,False,True
KCMF1,string,20,6,False,True
USP39,string,20,19,False,True
POLR1A,string,20,37,False,True
MRPL35,string,20,8,False,True
CHMP3,string,0,0,True,True
RPIA,string,20,20,False,True
STARD7,string,20,10,False,True
CIAO1,string,20,24,False,True
SNRNP200,string,20,89,False,True
KANSL3,string,20,13,False,True
ANKRD39,string,20,6,False,True
COX5B,string,20,28,False,True
ACTR1B,string,20,28,False,True
RPL31,string,20,32,False,True
CNOT11,string,20,22,False,True
UXS1,string,20,16,False,True
LIMS1,string,20,12,False,True
ANAPC1,string,20,33,False,True
POLR1B,string,20,40,False,True
ACTR3,string,20,31,False,True
DDX18,string,20,46,False,True
ERCC3,string,20,47,False,True
POLR2D,string,20,42,False,True
SAP130,string,20,17,False,True
IMP4,string,20,43,False,True
DARS,string,0,0,True,True
ORC4,string,20,24,False,True
PRPF40A,string,20,26,False,True
PSMD14,string,20,44,False,True
DYNC1I2,string,20,30,False,True
PRKRA,string,20,9,False,True
NCKAP1,string,20,32,False,True
NUP35,string,20,28,False,True
WDR75,string,20,25,False,True
GTF3C3,string,20,16,False,True
MOB4,string,20,18,False,True
NDUFB3,string,20,24,False,True
NBEAL1,string,20,6,False,True
EEF1B2,string,20,16,False,True
METTL21A,string,20,11,False,True
RPE,string,20,13,False,True
ATIC,string,20,43,False,True
ARPC2,string,20,30,False,True
BCS1L,string,20,22,False,True
PSMD1,string,20,29,False,True
COPS8,string,20,30,False,True
PPP1R7,string,20,18,False,True
TADA3,string,20,30,False,True
ARPC4,string,20,21,False,True
RPUSD3,string,20,15,False,True
EMC3,string,20,14,False,True
BRK1,string,20,21,False,True
SEC13,string,20,77,False,True
TAMM41,string,20,19,False,True
TSEN2,string,20,18,False,True
RPL32,string,20,18,False,True
CHCHD4,string,20,34,False,True
LSM3,string,20,47,False,True
MRPS25,string,20,15,False,True
DPH3,string,20,18,False,True
STT3B,string,20,23,False,True
CNOT10,string,20,16,False,True
PDCD6IP,string,20,25,False,True
RPSA,string,20,24,False,True
RPL14,string,20,86,False,True
SS18L2,string,20,6,False,True
EXOSC7,string,20,29,False,True
LARS2,string,0,0,True,True
SACM1L,string,20,36,False,True
PTPN23,string,20,22,False,True
SCAP,string,20,9,False,True
ELP6,string,20,17,False,True
SMARCC1,string,20,35,False,True
DHX30,string,20,10,False,True
UQCRC1,string,20,35,False,True
NDUFAF3,string,20,14,False,True
QARS,string,0,0,True,True
GMPPB,string,20,33,False,True
MON1A,string,20,21,False,True
RPL29,string,20,22,False,True
BAP1,string,20,13,False,True
NISCH,string,20,10,False,True
RFT1,string,20,9,False,True
ACTR8,string,20,25,False,True
RPP14,string,20,18,False,True
THOC7,string,20,18,False,True
PSMD6,string,20,28,False,True
SLC25A26,string,20,8,False,True
UBA3,string,20,37,False,True
SHQ1,string,20,10,False,True
PPP4R2,string,20,29,False,True
CPOX,string,0,0,True,True
RPL24,string,20,90,False,True
COX17,string,20,32,False,True
NDUFB4,string,20,23,False,True
GTF2E1,string,20,37,False,True
SEC61A1,string,20,37,False,True
RUVBL1,string,20,90,False,True
EEFSEC,string,20,18,False,True
RPN1,string,20,26,False,True
ISY1,string,20,14,False,True
COPG1,string,20,20,False,True
PIK3R4,string,20,36,False,True
MRPL3,string,20,54,False,True
UBA5,string,20,24,False,True
ANAPC13,string,20,16,False,True
SLC35G2,string,20,14,False,True
DBR1,string,20,1,False,True
COPB2,string,20,30,False,True
U2SURP,string,20,13,False,True
DHX36,string,20,9,False,True
GFM1,string,20,18,False,True
SEC62,string,20,21,False,True
DNAJC19,string,20,28,False,True
EIF2B5,string,0,0,True,True
AP2M1,string,20,46,False,True
PSMD2,string,20,24,False,True
POLR2H,string,20,42,False,True
NCBP2,string,20,56,False,True
RPL35A,string,0,0,True,True
ATP5ME,string,20,22,False,True
LETM1,string,20,18,False,True
NELFA,string,20,14,False,True
HAUS3,string,20,10,False,True
RNF4,string,20,50,False,True
STX18,string,20,38,False,True
TADA2B,string,20,19,False,True
GRPEL1,string,20,39,False,True
WDR1,string,20,25,False,True
DHX15,string,20,53,False,True
ANAPC4,string,20,24,False,True
RPL9,string,20,38,False,True
SRP72,string,0,0,True,True
POLR2B,string,20,79,False,True
GRSF1,string,20,18,False,True
ANKRD17,string,20,9,False,True
BMP2K,string,0,0,True,True
LIN54,string,20,9,False,True
COPS4,string,20,32,False,True
MRPS18C,string,20,18,False,True
WDFY3,string,20,25,False,True
PYURF,string,20,16,False,True
EIF4E,string,20,65,False,True
METAP1,string,20,16,False,True
UBE2D3,string,20,57,False,True
PPA2,string,20,7,False,True
INTS12,string,20,30,False,True
METTL14,string,20,21,False,True
ANAPC10,string,20,22,False,True
RPS3A,string,20,35,False,True
TRAPPC11,string,20,22,False,True
SDHA,string,20,27,False,True
PDCD6,string,20,29,False,True
MRPL36,string,20,40,False,True
DROSHA,string,20,31,False,True
SKP2,string,20,27,False,True
WDR70,string,20,8,False,True
RPL37,string,20,7,False,True
DHX29,string,20,4,False,True
IPO11,string,20,12,False,True
PPWD1,string,20,9,False,True
RAD17,string,20,28,False,True
GTF2H2,string,20,22,False,True
MRPS27,string,20,33,False,True
BTF3,string,20,7,False,True
UTP15,string,20,36,False,True
NSA2,string,20,35,False,True
TBCA,string,20,14,False,True
ZCCHC9,string,20,11,False,True
RPS23,string,20,38,False,True
COX7C,string,20,22,False,True
TMEM161B,string,20,6,False,True
CAST,string,20,6,False,True
SRP19,string,20,19,False,True
PHAX,string,20,18,False,True
UQCRQ,string,20,37,False,True
SKP1,string,20,65,False,True
CDC23,string,20,28,False,True
ETF1,string,20,30,False,True
PFDN1,string,20,25,False,True
SLC35A4,string,20,9,False,True
NDUFA2,string,20,42,False,True
IK,string,20,11,False,True
WDR55,string,20,6,False,True
HARS,string,0,0,True,True
HARS2,string,20,15,False,True
ZMAT2,string,20,17,False,True
HDAC3,string,20,54,False,True
RNF14,string,20,15,False,True
LARS,string,0,0,True,True
TCERG1,string,20,14,False,True
CSNK1A1,string,20,23,False,True
RPS14,string,20,31,False,True
MRPL22,string,20,29,False,True
MED7,string,20,29,False,True
THG1L,string,20,9,False,True
TTC1,string,20,10,False,True
RARS,string,0,0,True,True
RPL26L1,string,20,12,False,True
BNIP1,string,20,17,False,True
THOC3,string,20,17,False,True
PRELID1,string,20,19,False,True
DDX41,string,20,9,False,True
NHP2,string,20,48,False,True
RACK1,string,20,127,False,True
EXOC2,string,20,37,False,True
RPP40,string,20,20,False,True
LYRM4,string,20,32,False,True
FARS2,string,20,22,False,True
NOL7,string,20,8,False,True
ABT1,string,20,21,False,True
ZNRD1,string,0,0,True,True
ABCF1,string,20,9,False,True
MRPS18B,string,20,29,False,True
DHX16,string,20,30,False,True
GTF2H4,string,20,27,False,True
CSNK2B,string,20,20,False,True
VARS,string,0,0,True,True
NELFE,string,20,8,False,True
SLC39A7,string,20,18,False,True
PFDN6,string,20,34,False,True
UQCC2,string,20,6,False,True
RPS10,string,20,12,False,True
SNRPC,string,20,31,False,True
TAF11,string,20,16,False,True
RPL10A,string,20,89,False,True
TEAD3,string,20,15,False,True
PPIL1,string,20,16,False,True
CMTR1,string,20,11,False,True
TAF8,string,20,18,False,True
MRPS10,string,20,40,False,True
RPL7L1,string,20,6,False,True
SRF,string,20,36,False,True
XPO5,string,20,22,False,True
MRPS18A,string,20,33,False,True
MRPL14,string,20,6,False,True
AARS2,string,20,20,False,True
CDC5L,string,20,103,False,True
RARS2,string,20,35,False,True
ORC3,string,20,20,False,True
RNGTT,string,20,17,False,True
PNISR,string,20,27,False,True
CCNC,string,20,23,False,True
QRSL1,string,20,16,False,True
SEC63,string,20,35,False,True
CDC40,string,20,59,False,True
GTF3C6,string,20,13,False,True
TUBE1,string,20,7,False,True
RPS12,string,20,16,False,True
HBS1L,string,20,26,False,True
SF3B5,string,20,30,False,True
NUP43,string,20,32,False,True
TFB1M,string,20,17,False,True
TMEM242,string,20,4,False,True
WTAP,string,20,19,False,True
TCP1,string,20,44,False,True
MRPL18,string,20,10,False,True
FGFR1OP,string,0,0,True,True
PSMB1,string,20,56,False,True
TBP,string,20,79,False,True
PDCD2,string,20,7,False,True
C7orf50,string,20,1,False,True
INTS1,string,20,32,False,True
EIF3B,string,20,39,False,True
RAC1,string,20,118,False,True
C7orf26,string,20,6,False,True
MIOS,string,20,23,False,True
JAZF1,string,20,22,False,True
YAE1,string,20,8,False,True
PSMA2,string,20,56,False,True
MRPS24,string,20,13,False,True
POLD2,string,20,41,False,True
NUDCD3,string,20,11,False,True
PPIA,string,20,9,False,True
TBRG4,string,20,6,False,True
HUS1,string,20,20,False,True
SEC61G,string,20,25,False,True
MRPS17,string,20,11,False,True
CCT6A,string,20,36,False,True
CHCHD2,string,20,25,False,True
SBDS,string,20,10,False,True
BUD23,string,20,24,False,True
EIF4H,string,20,11,False,True
PEX1,string,20,6,False,True
RBM48,string,20,6,False,True
FAM133B,string,20,8,False,True
SEM1,string,20,7,False,True
TRRAP,string,20,66,False,True
ARPC1B,string,20,22,False,True
PDAP1,string,20,7,False,True
BUD31,string,20,51,False,True
CPSF4,string,20,30,False,True
ATP5MF,string,20,23,False,True
COPS6,string,20,36,False,True
TAF6,string,20,35,False,True
LAMTOR4,string,20,26,False,True
MEPCE,string,20,18,False,True
PRKRIP1,string,20,12,False,True
PSMC2,string,20,43,False,True
ORC5,string,20,20,False,True
RINT1,string,20,20,False,True
DLD,string,20,30,False,True
ING3,string,20,32,False,True
POT1,string,20,17,False,True
ATP6V1F,string,20,31,False,True
TNPO3,string,20,15,False,True
CHCHD3,string,20,24,False,True
EXOC4,string,20,37,False,True
CYREN,string,20,2,False,True
MRPS33,string,20,24,False,True
SSBP1,string,20,19,False,True
UBE3C,string,20,14,False,True
INTS10,string,20,27,False,True
CHMP7,string,20,31,False,True
ELP3,string,20,22,False,True
HMBOX1,string,20,13,False,True
DCTN6,string,20,31,False,True
GTF2E2,string,20,40,False,True
TTI2,string,20,9,False,True
RPS20,string,20,37,False,True
COPS5,string,20,66,False,True
RPL7,string,20,12,False,True
DPY19L4,string,20,9,False,True
INTS8,string,20,26,False,True
UQCRB,string,20,25,False,True
RPL30,string,20,26,False,True
COX6C,string,20,18,False,True
POLR2K,string,20,54,False,True
PABPC1,string,20,64,False,True
ZNF706,string,20,10,False,True
EIF3E,string,20,24,False,True
ENY2,string,20,29,False,True
EIF3H,string,20,21,False,True
MED30,string,20,24,False,True
TAF2,string,20,27,False,True
MRPL13,string,20,56,False,True
GLI4,string,20,3,False,True
PUF60,string,20,17,False,True
CYC1,string,20,51,False,True
HSF1,string,20,21,False,True
CPSF1,string,20,46,False,True
VPS28,string,20,33,False,True
TONSL,string,20,7,False,True
RPL8,string,20,33,False,True
SNAPC3,string,20,12,False,True
NDUFB6,string,20,36,False,True
NOL6,string,20,52,False,True
DCTN3,string,20,23,False,True
VCP,string,20,64,False,True
RGP1,string,20,8,False,True
FXN,string,20,30,False,True
SMC5,string,20,32,False,True
HNRNPK,string,20,75,False,True
NAA35,string,20,20,False,True
SPTLC1,string,20,27,False,True
IARS,string,0,0,True,True
NCBP1,string,20,66,False,True
ANKS6,string,20,7,False,True
SEC61B,string,20,41,False,True
MRPL50,string,20,17,False,True
TXN,string,20,41,False,True
CDC26,string,20,19,False,True
NDUFA8,string,20,44,False,True
PSMB7,string,20,42,False,True
RPL35,string,20,26,False,True
PPP6C,string,20,30,False,True
SLC2A8,string,20,7,False,True
TOR2A,string,20,11,False,True
CDK9,string,20,37,False,True
GLE1,string,20,46,False,True
SET,string,20,10,False,True
SPOUT1,string,20,9,False,True
DOLK,string,20,18,False,True
C9orf78,string,20,3,False,True
NUP214,string,20,61,False,True
MED27,string,20,24,False,True
GTF3C5,string,20,15,False,True
MED22,string,20,24,False,True
RPL7A,string,20,19,False,True
WDR5,string,20,70,False,True
SNAPC4,string,20,13,False,True
PMPCA,string,20,18,False,True
SEC16A,string,20,17,False,True
MRPL41,string,20,36,False,True
PITRM1,string,20,22,False,True
RBM17,string,20,18,False,True
ATP5F1C,string,20,42,False,True
CDC123,string,20,11,False,True
PRPF18,string,20,5,False,True
RAB18,string,20,23,False,True
WAC,string,20,13,False,True
MTPAP,string,20,14,False,True
BMS1,string,20,66,False,True
TIMM23B,string,0,0,True,True
CCAR1,string,20,11,False,True
PPA1,string,20,9,False,True
ECD,string,20,8,False,True
MRPS16,string,20,49,False,True
CHCHD1,string,20,12,False,True
COMTD1,string,20,13,False,True
RPS24,string,20,22,False,True
PGAM1,string,20,15,False,True
EXOSC1,string,20,29,False,True
MMS19,string,20,30,False,True
NDUFB8,string,20,41,False,True
MRPL43,string,20,33,False,True
NPM3,string,20,6,False,True
GBF1,string,20,28,False,True
ACTR1A,string,20,28,False,True
TAF5,string,20,28,False,True
ATP5MD,string,0,0,True,True
EIF3A,string,20,40,False,True
CTBP2,string,20,21,False,True
GLRX3,string,20,36,False,True
TUBGCP2,string,20,22,False,True
PSMD13,string,20,12,False,True
RPLP2,string,20,10,False,True
POLR2L,string,20,63,False,True
MRPL23,string,20,6,False,True
TAF10,string,20,27,False,True
MRPL17,string,20,54,False,True
EIF3F,string,20,23,False,True
RPL27A,string,20,84,False,True
COPB1,string,20,43,False,True
PSMA1,string,20,55,False,True
RPS13,string,20,33,False,True
HPS5,string,20,14,False,True
TSG101,string,20,66,False,True
ELP4,string,20,21,False,True
EIF3M,string,20,22,False,True
NAT10,string,20,40,False,True
HSD17B12,string,20,19,False,True
PSMC3,string,20,57,False,True
NDUFS3,string,20,53,False,True
PTPMT1,string,20,3,False,True
TIMM10,string,20,27,False,True
TMX2,string,20,9,False,True
MRPL16,string,20,40,False,True
PRPF19,string,20,70,False,True
DDB1,string,20,64,False,True
SDHAF2,string,20,7,False,True
TMEM258,string,20,20,False,True
EEF1G,string,20,28,False,True
INTS5,string,20,26,False,True
POLR2G,string,20,58,False,True
STX5,string,20,71,False,True
TRMT112,string,20,28,False,True
SF1,string,20,30,False,True
MEN1,string,0,0,True,True
ARL2,string,20,11,False,True
SNX15,string,20,7,False,True
FAU,string,20,96,False,True
PCNX3,string,20,10,False,True
RNASEH2C,string,20,3,False,True
CFL1,string,20,46,False,True
EIF1AD,string,20,9,False,True
BANF1,string,20,26,False,True
SF3B2,string,20,56,False,True
KLC2,string,20,17,False,True
MRPL11,string,20,42,False,True
PPP1CA,string,20,92,False,True
LRP5,string,20,34,False,True
MRPL21,string,20,39,False,True
NUMA1,string,20,30,False,True
LAMTOR1,string,20,29,False,True
ANAPC15,string,20,21,False,True
INPPL1,string,20,25,False,True
CLPB,string,20,26,False,True
SPCS2,string,20,20,False,True
CLNS1A,string,20,19,False,True
INTS4,string,20,27,False,True
NARS2,string,20,19,False,True
CWC15,string,20,35,False,True
DCUN1D5,string,20,25,False,True
SDHD,string,20,20,False,True
ZW10,string,20,22,False,True
REXO2,string,20,11,False,True
BUD13,string,20,24,False,True
CCDC84,string,0,0,True,True
RPS25,string,20,26,False,True
TRAPPC4,string,20,17,False,True
DPAGT1,string,20,37,False,True
NFRKB,string,20,13,False,True
MRPL51,string,20,13,False,True
MED21,string,20,36,False,True
ZCRB1,string,20,14,False,True
TWF1,string,20,18,False,True
KANSL2,string,20,12,False,True
MCRS1,string,20,33,False,True
PFDN5,string,20,38,False,True
AAAS,string,20,6,False,True
SP1,string,20,58,False,True
PCBP2,string,20,16,False,True
SMUG1,string,20,12,False,True
HNRNPA1,string,20,68,False,True
COPZ1,string,20,19,False,True
SARNP,string,20,21,False,True
RPS26,string,20,13,False,True
RPL41,string,20,3,False,True
ESYT1,string,20,17,False,True
CS,string,20,39,False,True
ATP5F1B,string,20,56,False,True
NACA,string,20,5,False,True
DCTN2,string,20,40,False,True
PIP4K2C,string,20,16,False,True
METTL1,string,20,25,False,True
CCT2,string,20,59,False,True
PPP1R12A,string,20,40,False,True
UBE2N,string,20,64,False,True
MRPL42,string,20,41,False,True
METAP2,string,20,11,False,True
SLC25A3,string,20,15,False,True
POLR3B,string,20,39,False,True
PWP1,string,20,31,False,True
KCTD10,string,20,22,False,True
GIT2,string,20,12,False,True
ARPC3,string,20,27,False,True
VPS29,string,20,32,False,True
RPL6,string,20,26,False,True
PTPN11,string,20,78,False,True
SUDS3,string,20,23,False,True
RPLP0,string,20,20,False,True
DYNLL1,string,20,49,False,True
POP5,string,20,18,False,True
ANAPC5,string,20,22,False,True
PSMD9,string,20,9,False,True
DENR,string,20,11,False,True
TMED2,string,20,32,False,True
EIF2B1,string,20,7,False,True
DHX37,string,20,33,False,True
DDX51,string,20,13,False,True
FBRSL1,string,20,6,False,True
PGAM5,string,20,11,False,True
SAP18,string,20,22,False,True
MIPEP,string,20,7,False,True
RPL21,string,20,90,False,True
GTF3A,string,20,14,False,True
POLR1D,string,20,37,False,True
SUPT20H,string,20,21,False,True
GTF2F2,string,20,38,False,True
ZC3H13,string,20,23,False,True
SUGT1,string,20,35,False,True
CDC16,string,20,47,False,True
UPF3A,string,20,16,False,True
OSGEP,string,20,15,False,True
METTL17,string,20,11,False,True
HNRNPC,string,20,61,False,True
METTL3,string,20,29,False,True
DAD1,string,20,24,False,True
OXA1L,string,20,27,False,True
PSMB5,string,20,45,False,True
PABPN1,string,20,20,False,True
PSME1,string,20,4,False,True
PSME2,string,20,7,False,True
RNF31,string,20,15,False,True
NEDD8,string,20,86,False,True
TINF2,string,20,19,False,True
RABGGTA,string,20,14,False,True
SDR39U1,string,20,14,False,True
SCFD1,string,20,34,False,True
HECTD1,string,20,6,False,True
PRORP,string,20,20,False,True
PSMA6,string,20,44,False,True
RPS29,string,20,23,False,True
RPL36AL,string,20,2,False,True
NEMF,string,20,9,False,True
RTRAF,string,20,12,False,True
PSMC6,string,20,47,False,True
GNPNAT1,string,20,15,False,True
NAA30,string,20,15,False,True
ACTR10,string,20,39,False,True
PSMA3,string,20,62,False,True
MNAT1,string,20,32,False,True
TRMT5,string,20,18,False,True
SGPP1,string,20,13,False,True
ATP6V1D,string,20,39,False,True
EIF2S1,string,20,45,False,True
PIGH,string,20,17,False,True
ERH,string,20,23,False,True
SLC39A9,string,20,15,False,True
RBM25,string,20,57,False,True
FCF1,string,20,20,False,True
TMED10,string,20,50,False,True
PSMC1,string,20,55,False,True
DDX24,string,20,37,False,True
GLRX5,string,20,27,False,True
YY1,string,20,45,False,True
WDR25,string,20,4,False,True
CINP,string,20,9,False,True
INF2,string,20,16,False,True
BRF1,string,0,0,True,True
CYFIP1,string,20,31,False,True
TUBGCP5,string,20,21,False,True
EMC4,string,20,17,False,True
NOP10,string,20,23,False,True
DPH6,string,20,11,False,True
SRP14,string,20,13,False,True
DNAJC17,string,20,5,False,True
VPS18,string,20,32,False,True
RTF1,string,20,24,False,True
RPAP1,string,20,11,False,True
TUBGCP4,string,20,20,False,True
EIF3J,string,20,19,False,True
SPATA5L1,string,20,15,False,True
COPS2,string,20,38,False,True
GTF2A2,string,20,37,False,True
HERC1,string,20,5,False,True
INTS14,string,20,21,False,True
SNAPC5,string,20,13,False,True
RPL4,string,20,31,False,True
PIAS1,string,20,25,False,True
RPLP1,string,20,7,False,True
COX5A,string,20,41,False,True
WDR61,string,20,17,False,True
PSMA4,string,20,53,False,True
RPS17,string,0,0,True,True
RAMAC,string,20,5,False,True
MRPS11,string,20,38,False,True
POLG,string,20,26,False,True
UNC45A,string,20,12,False,True
RCCD1,string,20,10,False,True
SNRNP25,string,20,11,False,True
MRPL28,string,20,19,False,True
CHTF18,string,20,28,False,True
UBE2I,string,20,101,False,True
TELO2,string,20,16,False,True
MRPS34,string,20,21,False,True
NUBP2,string,20,17,False,True
NDUFB10,string,20,38,False,True
RPS2,string,20,48,False,True
TBL3,string,20,63,False,True
GFER,string,20,40,False,True
MLST8,string,20,48,False,True
E4F1,string,20,6,False,True
ATP6V0C,string,20,29,False,True
PDPK1,string,20,18,False,True
SRRM2,string,20,39,False,True
PAM16,string,20,19,False,True
DNAJA3,string,20,15,False,True
ALG1,string,20,21,False,True
USP7,string,20,47,False,True
GSPT1,string,20,20,False,True
PARN,string,20,19,False,True
RPS15A,string,20,12,False,True
UQCRC2,string,20,33,False,True
POLR3E,string,20,31,False,True
NDUFAB1,string,20,64,False,True
PALB2,string,20,15,False,True
TUFM,string,20,17,False,True
CDIPT,string,20,41,False,True
INO80E,string,20,29,False,True
ALDOA,string,0,0,True,True
PPP4C,string,20,27,False,True
CD2BP2,string,20,12,False,True
SRCAP,string,20,20,False,True
RNF40,string,20,10,False,True
SETD1A,string,20,42,False,True
KAT8,string,20,26,False,True
VPS35,string,20,45,False,True
OGFOD1,string,20,11,False,True
CIAPIN1,string,20,31,False,True
KATNB1,string,20,9,False,True
GFOD2,string,20,7,False,True
CENPT,string,20,25,False,True
NUTF2,string,20,23,False,True
EDC4,string,20,18,False,True
COG8,string,20,29,False,True
TERF2,string,20,26,False,True
DDX19B,string,20,9,False,True
DDX19A,string,20,8,False,True
COG4,string,20,31,False,True
SF3B3,string,20,52,False,True
DHODH,string,20,19,False,True
PSMD7,string,20,21,False,True
CFDP1,string,20,13,False,True
KARS,string,0,0,True,True
MPHOSPH6,string,20,23,False,True
COTL1,string,20,17,False,True
ZDHHC7,string,20,7,False,True
CTU2,string,20,18,False,True
SPG7,string,20,25,False,True
RPL13,string,20,86,False,True
CPNE7,string,20,4,False,True
GEMIN4,string,20,20,False,True
TIMM22,string,20,22,False,True
SMG6,string,20,16,False,True
PAFAH1B1,string,20,50,False,True
MYBBP1A,string,20,15,False,True
ARRB2,string,20,52,False,True
MED11,string,20,24,False,True
PSMB6,string,20,42,False,True
PFN1,string,20,20,False,True
SPAG7,string,20,5,False,True
RPAIN,string,20,6,False,True
C1QBP,string,20,21,False,True
DHX33,string,20,22,False,True
DERL2,string,20,24,False,True
ELP5,string,20,12,False,True
EIF5A,string,20,8,False,True
NAA38,string,20,17,False,True
TRAPPC1,string,20,19,False,True
ELAC2,string,20,20,False,True
COX10,string,20,19,False,True
COPS3,string,20,31,False,True
TMEM199,string,20,18,False,True
SUPT6H,string,20,41,False,True
RPL23A,string,20,116,False,True
ERAL1,string,20,19,False,True
TEFM,string,20,8,False,True
ZNF207,string,20,15,False,True
PSMD11,string,20,15,False,True
RFFL,string,20,9,False,True
NLE1,string,20,16,False,True
TADA2A,string,20,30,False,True
MRPL45,string,20,23,False,True
PSMB3,string,20,63,False,True
RPL19,string,20,88,False,True
PSMD3,string,20,26,False,True
MED24,string,20,12,False,True
SMARCE1,string,20,27,False,True
VPS25,string,20,20,False,True
RPL27,string,20,86,False,True
DHX8,string,20,36,False,True
LSM12,string,20,7,False,True
EFTUD2,string,20,117,False,True
NMT1,string,20,8,False,True
NSF,string,20,39,False,True
GOSR2,string,20,42,False,True
CDC27,string,20,36,False,True
NPEPPS,string,20,17,False,True
SP2,string,20,5,False,True
UBE2Z,string,20,16,False,True
SNF8,string,20,24,False,True
PHB,string,20,33,False,True
SLC35B1,string,20,20,False,True
KAT7,string,20,14,False,True
MRPL27,string,20,47,False,True
LUC7L3,string,20,21,False,True
COX11,string,20,19,False,True
STXBP4,string,20,10,False,True
MRPS23,string,20,24,False,True
SUPT4H1,string,20,36,False,True
SMG8,string,20,13,False,True
CLTC,string,20,82,False,True
DDX42,string,20,9,False,True
PSMC5,string,20,46,False,True
BPTF,string,20,88,False,True
C17orf58,string,20,0,False,True
COG1,string,20,38,False,True
RPL38,string,20,22,False,True
ATP5PD,string,20,26,False,True
SUMO2,string,20,49,False,True
NUP85,string,20,35,False,True
MRPS7,string,20,42,False,True
GRB2,string,20,109,False,True
TSEN54,string,20,20,False,True
SAP30BP,string,20,11,False,True
MRPL38,string,20,18,False,True
TEN1,string,20,10,False,True
SRP68,string,20,12,False,True
EXOC7,string,20,40,False,True
PGS1,string,20,17,False,True
CHMP6,string,20,41,False,True
NPLOC4,string,20,25,False,True
ANAPC11,string,20,26,False,True
GPS1,string,20,37,False,True
FASN,string,20,40,False,True
TBCD,string,20,22,False,True
USP14,string,20,18,False,True
NDUFV2,string,20,42,False,True
TWSG1,string,20,8,False,True
NAPG,string,20,20,False,True
PSMG2,string,20,6,False,True
SEH1L,string,20,45,False,True
INO80C,string,20,22,False,True
C18orf21,string,20,9,False,True
ATP5F1A,string,20,52,False,True
RPL17,string,0,0,True,True
CXXC1,string,20,10,False,True
RTTN,string,20,15,False,True
ZNF236,string,20,1,False,True
CTDP1,string,20,31,False,True
TXNL4A,string,20,20,False,True
POLRMT,string,20,24,False,True
MED16,string,20,30,False,True
POLR2E,string,20,86,False,True
RPS15,string,20,36,False,True
ABHD17A,string,20,17,False,True
LSM7,string,20,37,False,True
TIMM13,string,20,32,False,True
MRPL54,string,20,9,False,True
EEF2,string,20,66,False,True
PIAS4,string,20,18,False,True
RPL36,string,20,19,False,True
NDUFA11,string,20,33,False,True
GTF2F1,string,20,54,False,True
TRAPPC5,string,20,22,False,True
RPS28,string,20,26,False,True
UBL5,string,20,8,False,True
EIF3G,string,20,22,False,True
MRPL4,string,20,55,False,True
TYK2,string,20,32,False,True
CDC37,string,20,21,False,True
DNM2,string,20,47,False,True
WDR83OS,string,20,8,False,True
GET3,string,20,21,False,True
C19orf53,string,20,4,False,True
NDUFB7,string,20,48,False,True
FAM32A,string,20,9,False,True
HAUS8,string,20,13,False,True
MRPL34,string,20,6,False,True
RPL18A,string,20,84,False,True
KXD1,string,20,12,False,True
UBA52,string,20,127,False,True
UPF1,string,20,42,False,True
COPE,string,20,17,False,True
DDX49,string,20,42,False,True
ARMC6,string,20,10,False,True
SUGP1,string,20,12,False,True
MAU2,string,20,7,False,True
UQCRFS1,string,20,46,False,True
POP4,string,20,27,False,True
URI1,string,20,17,False,True
PDCD5,string,20,5,False,True
USF2,string,20,15,False,True
POLR2I,string,20,53,False,True
TBCB,string,20,13,False,True
PSMD8,string,20,18,False,True
SARS2,string,20,24,False,True
MRPS12,string,20,25,False,True
PAF1,string,20,13,False,True
MED29,string,20,28,False,True
RPS16,string,20,21,False,True
SUPT5H,string,20,53,False,True
RAB4B,string,20,11,False,True
EXOSC5,string,20,39,False,True
ZNF574,string,20,6,False,True
SMG9,string,20,10,False,True
GEMIN7,string,20,18,False,True
PPP1R37,string,20,9,False,True
ERCC2,string,20,35,False,True
SNRPD2,string,20,115,False,True
SYMPK,string,20,31,False,True
AP2S1,string,20,29,False,True
RPL18,string,20,84,False,True
RUVBL2,string,20,81,False,True
RPS11,string,20,25,False,True
SCAF1,string,20,7,False,True
PRMT1,string,20,23,False,True
AP2A1,string,20,41,False,True
PPP2R1A,string,20,62,False,True
NDUFA3,string,20,24,False,True
PRPF31,string,20,57,False,True
CNOT3,string,20,27,False,True
TSEN34,string,20,13,False,True
RPS9,string,20,16,False,True
RPS5,string,20,30,False,True
UBE2M,string,20,33,False,True
FASTKD5,string,20,11,False,True
CRLS1,string,20,26,False,True
NDUFAF5,string,20,19,False,True
PET117,string,20,1,False,True
POLR3F,string,20,35,False,True
NAA20,string,20,21,False,True
XRN2,string,20,27,False,True
GINS1,string,20,20,False,True
CHMP4B,string,20,60,False,True
EIF2S2,string,20,32,False,True
AHCY,string,20,13,False,True
DYNLRB1,string,20,25,False,True
EIF6,string,20,24,False,True
CPNE1,string,20,10,False,True
NFS1,string,20,30,False,True
ROMO1,string,20,9,False,True
AAR2,string,20,13,False,True
RPN2,string,20,21,False,True
TTI1,string,20,14,False,True
RPRD1B,string,20,17,False,True
SYS1,string,20,15,False,True
PTPN1,string,20,35,False,True
PFDN4,string,20,14,False,True
CSTF1,string,20,26,False,True
PSMA7,string,20,52,False,True
MTG2,string,20,13,False,True
ADRM1,string,20,35,False,True
RPS21,string,20,13,False,True
MRGBP,string,20,25,False,True
ARFRP1,string,20,13,False,True
N6AMT1,string,20,23,False,True
CCT8,string,20,35,False,True
URB1,string,20,10,False,True
ATP5PO,string,20,25,False,True
GET1,string,0,0,True,True
FAM207A,string,0,0,True,True
MCM3AP,string,20,14,False,True
ATP6V1E1,string,20,33,False,True
HIRA,string,20,17,False,True
PI4KA,string,20,35,False,True
CRKL,string,20,43,False,True
UBE2L3,string,20,28,False,True
PPIL2,string,20,8,False,True
BCR,string,20,15,False,True
SMARCB1,string,20,39,False,True
CABIN1,string,20,16,False,True
GUCD1,string,20,3,False,True
SNRPD3,string,20,106,False,True
TFIP11,string,20,13,False,True
HSCB,string,20,34,False,True
EWSR1,string,20,17,False,True
THOC5,string,20,24,False,True
PES1,string,20,70,False,True
DRG1,string,20,7,False,True
RTCB,string,20,13,False,True
EIF3D,string,20,20,False,True
NOL12,string,20,7,False,True
EIF3L,string,20,13,False,True
POLR2F,string,20,76,False,True
TOMM22,string,20,34,False,True
RPS19BP1,string,20,3,False,True
ADSL,string,20,40,False,True
RBX1,string,20,97,False,True
PHF5A,string,20,43,False,True
POLR3H,string,20,33,False,True
DESI1,string,20,3,False,True
XRCC6,string,20,57,False,True
NDUFA6,string,20,45,False,True
RRP7A,string,20,10,False,True
SAMM50,string,20,21,False,True
ATXN10,string,20,7,False,True
GEMIN8,string,20,12,False,True
PDHA1,string,0,0,True,True
MBTPS2,string,20,19,False,True
EIF2S3,string,20,36,False,True
MED14,string,20,33,False,True
RBM10,string,20,18,False,True
UBA1,string,20,38,False,True
UXT,string,20,16,False,True
GPKOW,string,20,7,False,True
HSD17B10,string,20,29,False,True
GNL3L,string,20,25,False,True
ABCB7,string,20,28,False,True
COX7B,string,0,0,True,True
CENPI,string,20,28,False,True
RPL36A,string,20,5,False,True
ALG13,string,20,17,False,True
WDR44,string,20,9,False,True
RPL39,string,20,12,False,True
THOC2,string,20,29,False,True
STAG2,string,20,37,False,True
AIFM1,string,20,18,False,True
RBMX2,string,20,18,False,True
MMGT1,string,20,11,False,True
CCNQ,string,20,1,False,True
NAA10,string,20,18,False,True
RPL10,string,0,0,True,True
TAZ,string,0,0,True,True
FAM50A,string,20,3,False,True
F8A1,string,20,1,False,True
VBP1,string,20,25,False,True
ABCG1,string,20,11,False,True
ACOT12,string,20,21,False,True
ACSS2,string,20,21,False,True
ACTR5,string,20,23,False,True
ADAT2,string,20,17,False,True
ADAT3,string,20,12,False,True
ALG11,string,20,25,False,True
ALG1L,string,0,0,True,True
ANAPC2,string,20,26,False,True
ANKRD49,string,20,14,False,True
AQP7,string,20,1,False,True
ARGFX,string,20,4,False,True
ARHGAP11B,string,0,0,True,True
ARHGAP6,string,20,22,False,True
ARID3A,string,20,6,False,True
ARMC7,string,20,12,False,True
ATRIP,string,20,19,False,True
BGLAP,string,20,11,False,True
BORA,string,20,12,False,True
BRF2,string,20,18,False,True
C12orf60,string,20,2,False,True
C14orf178,string,0,0,True,True
C16orf86,string,0,0,True,True
C1QTNF4,string,20,3,False,True
C6orf15,string,20,5,False,True
CA5A,string,0,0,True,True
CACTIN,string,20,8,False,True
CADM4,string,20,11,False,True
CARF,string,20,10,False,True
CBFA2T3,string,20,11,False,True
CBLN1,string,20,9,False,True
CCDC144A,string,20,7,False,True
CCDC144NL,string,0,0,True,True
CCDC78,string,20,7,False,True
CD8B,string,20,2,False,True
CDAN1,string,20,9,False,True
CDC7,string,20,26,False,True
CENPP,string,20,17,False,True
CEP68,string,20,5,False,True
CEP85,string,20,24,False,True
CHTF8,string,20,7,False,True
CLK2,string,20,17,False,True
CPAMD8,string,20,5,False,True
CPEB1,string,20,13,False,True
CSH2,string,20,14,False,True
CT45A5,string,20,4,False,True
CUL7,string,0,0,True,True
CYP2A13,string,20,10,False,True
CYP4F11,string,20,7,False,True
CYS1,string,20,3,False,True
DCLRE1B,string,0,0,True,True
DDN,string,20,7,False,True
DDX47,string,20,18,False,True
DEPDC5,string,20,21,False,True
DMRTA2,string,20,1,False,True
DNAAF3,string,20,5,False,True
DNLZ,string,20,4,False,True
DPH1,string,20,15,False,True
DPPA2,string,20,2,False,True
DPY19L2,string,20,7,False,True
EARS2,string,20,20,False,True
EIF3CL,string,20,12,False,True
EPS8L1,string,20,3,False,True
ERVW-1,string,20,14,False,True
ESPL1,string,20,28,False,True
ESPN,string,0,0,True,True
ETV4,string,20,10,False,True
FAM102B,string,20,10,False,True
FAM229A,string,6,0,False,True
FAM72D,string,20,5,False,True
FBXL14,string,20,8,False,True
FNTB,string,20,13,False,True
FOLR3,string,20,4,False,True
FOXD4,string,20,1,False,True
FOXL2,string,0,0,True,True
FOXO1,string,20,48,False,True
FOXS1,string,20,10,False,True
FRG2,string,20,2,False,True
GAB2,string,20,20,False,True
GATA1,string,20,32,False,True
GCOM1,string,20,1,False,True
GINS3,string,20,24,False,True
GJA3,string,20,6,False,True
GMIP,string,20,7,False,True
GNB1L,string,20,4,False,True
GOLGA6L1,string,20,0,False,True
GPR61,string,20,4,False,True
GSDMA,string,20,8,False,True
GTF2H2C,string,20,9,False,True
HAMP,string,20,10,False,True
HAPLN2,string,20,7,False,True
HAUS5,string,20,14,False,True
HAUS7,string,20,9,False,True
HCRTR1,string,20,3,False,True
HHEX,string,20,10,False,True
HINFP,string,20,13,False,True
HIST1H2AB,string,0,0,True,True
HIST1H2AE,string,0,0,True,True
HIST1H2AI,string,0,0,True,True
HIST1H2BB,string,0,0,True,True
HIST1H2BC,string,0,0,True,True
HIST1H2BE,string,0,0,True,True
HIST1H2BJ,string,0,0,True,True
HIST1H2BL,string,0,0,True,True
HIST1H2BM,string,0,0,True,True
HIST1H2BN,string,0,0,True,True
HIST2H2AA3,string,0,0,True,True
HIST2H2BE,string,0,0,True,True
HIST2H2BF,string,0,0,True,True
HIST2H3A,string,0,0,True,True
HIST2H3D,string,0,0,True,True
HMX3,string,20,2,False,True
HOXA3,string,20,6,False,True
HOXC10,string,20,6,False,True
HS6ST1,string,20,19,False,True
HSPA14,string,20,32,False,True
HYPK,string,20,20,False,True
INTS9,string,20,22,False,True
KCNA10,string,20,3,False,True
KDM8,string,20,15,False,True
KIF18B,string,20,10,False,True
KLHL11,string,20,8,False,True
KLHL17,string,20,4,False,True
KRT17,string,20,12,False,True
KRTAP4-2,string,20,8,False,True
KRTAP4-7,string,20,2,False,True
LCE1C,string,9,2,False,True
LCE1E,string,14,4,False,True
LCN10,string,20,3,False,True
LIN52,string,20,13,False,True
LMO2,string,20,23,False,True
LPA,string,20,10,False,True
LRRC37A3,string,20,6,False,True
LRRC37B,string,20,3,False,True
LSM11,string,20,10,False,True
LST1,string,20,6,False,True
LTB4R2,string,20,2,False,True
LURAP1,string,20,5,False,True
LZTR1,string,0,0,True,True
MARS2,string,20,19,False,True
MED12,string,20,36,False,True
MED18,string,20,32,False,True
MED20,string,20,13,False,True
MED26,string,20,19,False,True
MED9,string,20,12,False,True
MEIS3,string,20,5,False,True
MEMO1,string,20,12,False,True
MEX3A,string,20,2,False,True
MMP17,string,20,9,False,True
MOCS3,string,20,20,False,True
MOG,string,20,7,False,True
MRM1,string,20,18,False,True
MRPL53,string,20,7,False,True
MST1,string,20,4,False,True
MTBP,string,20,6,False,True
MTCP1,string,20,1,False,True
MTRNR2L1,string,20,6,False,True
MVK,string,20,27,False,True
MYB,string,20,22,False,True
MYO1H,string,20,6,False,True
MZF1,string,20,7,False,True
NANOG,string,20,50,False,True
NBPF12,string,20,7,False,True
NBPF15,string,20,2,False,True
NBPF3,string,16,1,False,True
NDOR1,string,20,19,False,True
NEDD8-MDP1,string,20,6,False,True
NFKBIE,string,20,5,False,True
NKX6-1,string,20,6,False,True
NOMO1,string,20,4,False,True
NOMO3,string,20,3,False,True
NOP9,string,20,7,False,True
NOS1AP,string,20,22,False,True
NPB,string,20,3,False,True
NRF1,string,20,11,False,True
OLFML3,string,20,8,False,True
OR1D2,string,0,0,True,True
OR1E2,string,20,7,False,True
OR2A1,string,0,0,True,True
OR2T29,string,6,0,False,True
OR2T5,string,0,0,True,True
OR4F4,string,0,0,True,True
OR4K1,string,15,3,False,True
OR4N2,string,20,0,False,True
OR7A10,string,0,0,True,True
OR7A17,string,0,0,True,True
OTOP1,string,20,3,False,True
OTX1,string,20,9,False,True
OVCA2,string,20,12,False,True
PARS2,string,20,22,False,True
PC,string,20,19,False,True
PLA2G10,string,20,15,False,True
POLG2,string,20,21,False,True
POTEI,string,20,6,False,True
POU3F1,string,20,15,False,True
POU5F1B,string,20,6,False,True
PPARGC1B,string,20,7,False,True
PPY,string,20,3,False,True
PRDM10,string,20,13,False,True
PRODH,string,20,8,False,True
PRSS50,string,0,0,True,True
PTCD1,string,20,16,False,True
PTGR2,string,20,6,False,True
PWP2,string,20,14,False,True
RAD9A,string,20,25,False,True
RBM14-RBM4,string,20,2,False,True
RBM15,string,20,18,False,True
RELL2,string,20,4,False,True
RGPD6,string,20,4,False,True
RHPN1,string,20,10,False,True
RNF123,string,20,21,False,True
RPS10-NUDT3,string,20,6,False,True
RPTOR,string,20,56,False,True
RTEL1,string,20,32,False,True
S100A1,string,20,10,False,True
SEPSECS,string,20,15,False,True
SERPINB1,string,20,5,False,True
SIGLEC14,string,20,2,False,True
SLC16A5,string,20,9,False,True
SLC25A42,string,20,8,False,True
SLC35G6,string,20,6,False,True
SLC4A5,string,20,9,False,True
SLC9B1,string,20,3,False,True
SMN2,string,20,17,False,True
SPDYE2,string,20,2,False,True
SSX4,string,20,2,False,True
STAT5A,string,20,43,False,True
STAT5B,string,20,37,False,True
SYNGR3,string,20,4,False,True
TADA1,string,20,17,False,True
TAF1A,string,20,15,False,True
TAF1C,string,20,15,False,True
TAF6L,string,20,23,False,True
TANGO6,string,20,3,False,True
TBC1D28,string,20,4,False,True
TBC1D3,string,20,5,False,True
TBCE,string,20,18,False,True
TBX1,string,20,9,False,True
TDGF1,string,20,16,False,True
TFAP4,string,20,7,False,True
TICRR,string,20,5,False,True
TIGD1,string,20,9,False,True
TMEM240,string,20,7,False,True
TNFSF10,string,20,13,False,True
TNNT2,string,20,23,False,True
TRAIP,string,20,8,False,True
TREML2,string,20,6,False,True
TREX2,string,20,3,False,True
TRIM49C,string,20,1,False,True
TSPYL5,string,20,7,False,True
TSSK3,string,20,5,False,True
TUBA3D,string,20,10,False,True
TUBD1,string,20,18,False,True
TUBGCP6,string,20,21,False,True
TULP1,string,20,14,False,True
TUT1,string,20,12,False,True
TVP23C,string,20,7,False,True
U2AF1,string,20,18,False,True
UBE3D,string,20,10,False,True
UNCX,string,20,12,False,True
URB2,string,20,9,False,True
USP19,string,20,10,False,True
VARS2,string,20,22,False,True
VPS37C,string,20,25,False,True
WDR24,string,20,23,False,True
WDR7,string,20,14,False,True
XRCC3,string,20,16,False,True
YJEFN3,string,20,3,False,True
YPEL1,string,20,11,False,True
ZBTB14,string,20,14,False,True
ZC3H3,string,20,4,False,True
ZFP69B,string,20,0,False,True
ZNF100,string,20,1,False,True
ZNF133,string,20,2,False,True
ZNF253,string,20,3,False,True
ZNF284,string,20,2,False,True
ZNF317,string,20,2,False,True
ZNF335,string,20,7,False,True
ZNF468,string,20,2,False,True
ZNF492,string,20,4,False,True
ZNF506,string,20,1,False,True
ZNF559,string,20,1,False,True
ZNF658,string,20,5,False,True
ZNF674,string,20,5,False,True
ZNF676,string,20,5,False,True
ZNF687,string,20,11,False,True
ZNF763,string,20,1,False,True
