condition_id,metric_id,value,reason,gene_count
AARS+ctrl,txpert_macro_pearson_delta,,constant_vector,5000
AARS+ctrl,trishift_pearson_delta,0.34412586924761279,,20
AARS+ctrl,systema_pearson,-0.84618340235035683,,20
AASDHPPT+ctrl,txpert_macro_pearson_delta,,constant_vector,5000
AASDHPPT+ctrl,trishift_pearson_delta,0.055490873524137799,,20
AASDHPPT+ctrl,systema_pearson,-0.024379220603103876,,20
ABHD17A+ctrl,txpert_macro_pearson_delta,,constant_vector,5000
ABHD17A+ctrl,trishift_pearson_delta,0.33015791774508535,,20
ABHD17A+ctrl,systema_pearson,0.13913501044192411,,20
ACTR10+ctrl,txpert_macro_pearson_delta,,constant_vector,5000
ACTR10+ctrl,trishift_pearson_delta,-0.53534681058425004,,20
ACTR10+ctrl,systema_pearson,-0.29914268551326056,,20
ADAT3+ctrl,txpert_macro_pearson_delta,,constant_vector,5000
ADAT3+ctrl,trishift_pearson_delta,-0.078697002248273557,,20
ADAT3+ctrl,systema_pearson,0.76727268797385428,,20
AGBL5+ctrl,txpert_macro_pearson_delta,,constant_vector,5000
AGBL5+ctrl,trishift_pearson_delta,-0.037634490996376967,,20
AGBL5+ctrl,systema_pearson,0.01157065190451584,,20
AKIRIN2+ctrl,txpert_macro_pearson_delta,,constant_vector,5000
AKIRIN2+ctrl,trishift_pearson_delta,0.30623064808489459,,20
AKIRIN2+ctrl,systema_pearson,-0.20667426037946388,,20
ALDOA+ctrl,txpert_macro_pearson_delta,,constant_vector,5000
ALDOA+ctrl,trishift_pearson_delta,0.1030419103144007,,20
ALDOA+ctrl,systema_pearson,-0.58150537970718541,,20
ALG14+ctrl,txpert_macro_pearson_delta,,constant_vector,5000
ALG14+ctrl,trishift_pearson_delta,-0.45915549751086598,,20
ALG14+ctrl,systema_pearson,0.31593696762574669,,20
ALYREF+ctrl,txpert_macro_pearson_delta,,constant_vector,5000
ALYREF+ctrl,trishift_pearson_delta,-0.26242180110753138,,20
ALYREF+ctrl,systema_pearson,-0.23999456240463715,,20
ANAPC11+ctrl,txpert_macro_pearson_delta,,constant_vector,5000
ANAPC11+ctrl,trishift_pearson_delta,0.077734932182960806,,20
ANAPC11+ctrl,systema_pearson,-0.37774501129984472,,20
ANAPC15+ctrl,txpert_macro_pearson_delta,,constant_vector,5000
ANAPC15+ctrl,trishift_pearson_delta,0.045412331050930704,,20
ANAPC15+ctrl,systema_pearson,-0.39143190459126875,,20
ANAPC4+ctrl,txpert_macro_pearson_delta,,constant_vector,5000
ANAPC4+ctrl,trishift_pearson_delta,-0.38015877425507433,,20
ANAPC4+ctrl,systema_pearson,-0.11728679915090241,,20
ANKLE2+ctrl,txpert_macro_pearson_delta,,constant_vector,5000
ANKLE2+ctrl,trishift_pearson_delta,-0.69196619187699326,,20
ANKLE2+ctrl,systema_pearson,-0.44501942280735646,,20
ANKRD11+ctrl,txpert_macro_pearson_delta,,constant_vector,5000
ANKRD11+ctrl,trishift_pearson_delta,-0.02759136260662454,,19
ANKRD11+ctrl,systema_pearson,-0.53176617808228355,,19
ANKS6+ctrl,txpert_macro_pearson_delta,,constant_vector,5000
ANKS6+ctrl,trishift_pearson_delta,0.4506363236866226,,20
ANKS6+ctrl,systema_pearson,0.85714687116744259,,20
AP2A1+ctrl,txpert_macro_pearson_delta,,constant_vector,5000
AP2A1+ctrl,trishift_pearson_delta,0.41588987394094556,,20
AP2A1+ctrl,systema_pearson,-0.54891813637755704,,20
ARHGAP6+ctrl,txpert_macro_pearson_delta,,constant_vector,5000
ARHGAP6+ctrl,trishift_pearson_delta,0.3524090763795199,,20
ARHGAP6+ctrl,systema_pearson,-0.2973601481025358,,20
ARL4D+ctrl,txpert_macro_pearson_delta,,constant_vector,5000
ARL4D+ctrl,trishift_pearson_delta,0.1742277460387415,,20
ARL4D+ctrl,systema_pearson,0.24746696782908903,,20
ARPC1B+ctrl,txpert_macro_pearson_delta,,constant_vector,5000
ARPC1B+ctrl,trishift_pearson_delta,-0.4104269016976812,,20
ARPC1B+ctrl,systema_pearson,0.033985701571017476,,20
ARRB2+ctrl,txpert_macro_pearson_delta,,constant_vector,5000
ARRB2+ctrl,trishift_pearson_delta,0.28003124077634806,,20
ARRB2+ctrl,systema_pearson,0.097978637294123663,,20
ATF5+ctrl,txpert_macro_pearson_delta,,constant_vector,5000
ATF5+ctrl,trishift_pearson_delta,-0.21995103515859418,,20
ATF5+ctrl,systema_pearson,0.19786547741423,,20
ATL2+ctrl,txpert_macro_pearson_delta,,constant_vector,5000
ATL2+ctrl,trishift_pearson_delta,0.51858385374581839,,20
ATL2+ctrl,systema_pearson,-0.82305394750408745,,20
ATP5PD+ctrl,txpert_macro_pearson_delta,,constant_vector,5000
ATP5PD+ctrl,trishift_pearson_delta,0.27055554912169905,,20
ATP5PD+ctrl,systema_pearson,-0.55382617227731101,,20
ATP6V1C1+ctrl,txpert_macro_pearson_delta,,constant_vector,5000
ATP6V1C1+ctrl,trishift_pearson_delta,0.49224174535005261,,20
ATP6V1C1+ctrl,systema_pearson,0.64948276064584942,,20
ATP6V1G1+ctrl,txpert_macro_pearson_delta,,constant_vector,5000
ATP6V1G1+ctrl,trishift_pearson_delta,0.28224678260346375,,20
ATP6V1G1+ctrl,systema_pearson,-0.136942033101147,,20
AURKAIP1+ctrl,txpert_macro_pearson_delta,,constant_vector,5000
AURKAIP1+ctrl,trishift_pearson_delta,0.093236631671261574,,20
AURKAIP1+ctrl,systema_pearson,0.055711949412077293,,20
BDP1+ctrl,txpert_macro_pearson_delta,,constant_vector,5000
BDP1+ctrl,trishift_pearson_delta,-0.45535273837697571,,20
BDP1+ctrl,systema_pearson,-0.77835134429528352,,20
BOP1+ctrl,txpert_macro_pearson_delta,,constant_vector,5000
BOP1+ctrl,trishift_pearson_delta,-0.29424848523349262,,20
BOP1+ctrl,systema_pearson,-0.79423807735381557,,20
BRCA2+ctrl,txpert_macro_pearson_delta,,constant_vector,5000
BRCA2+ctrl,trishift_pearson_delta,-0.023710582576944503,,20
BRCA2+ctrl,systema_pearson,-0.10324667508979651,,20
BRF1+ctrl,txpert_macro_pearson_delta,,constant_vector,5000
BRF1+ctrl,trishift_pearson_delta,-0.73743937373131796,,20
BRF1+ctrl,systema_pearson,-0.71079391888926713,,20
BRIP1+ctrl,txpert_macro_pearson_delta,,constant_vector,5000
BRIP1+ctrl,trishift_pearson_delta,0.12197925233718104,,20
BRIP1+ctrl,systema_pearson,-0.31520559637288037,,20
BTF3+ctrl,txpert_macro_pearson_delta,,constant_vector,5000
BTF3+ctrl,trishift_pearson_delta,0.07618989419979158,,20
BTF3+ctrl,systema_pearson,-0.52704360102366943,,20
BTF3L4+ctrl,txpert_macro_pearson_delta,,constant_vector,5000
BTF3L4+ctrl,trishift_pearson_delta,0.22908486608591175,,20
BTF3L4+ctrl,systema_pearson,0.58231042341194073,,20
BUB1+ctrl,txpert_macro_pearson_delta,,constant_vector,5000
BUB1+ctrl,trishift_pearson_delta,0.30827448243931566,,20
BUB1+ctrl,systema_pearson,-0.10530088758073353,,20
BUB1B+ctrl,txpert_macro_pearson_delta,,constant_vector,5000
BUB1B+ctrl,trishift_pearson_delta,-0.43162948591570038,,20
BUB1B+ctrl,systema_pearson,-0.81152290296434237,,20
BUB3+ctrl,txpert_macro_pearson_delta,,constant_vector,5000
BUB3+ctrl,trishift_pearson_delta,-0.33825644774841829,,20
BUB3+ctrl,systema_pearson,-0.58827921588589438,,20
BUD13+ctrl,txpert_macro_pearson_delta,,constant_vector,5000
BUD13+ctrl,trishift_pearson_delta,0.052164082229466766,,20
BUD13+ctrl,systema_pearson,-0.93929742424008245,,20
BYSL+ctrl,txpert_macro_pearson_delta,,constant_vector,5000
BYSL+ctrl,trishift_pearson_delta,-0.03736847477543883,,20
BYSL+ctrl,systema_pearson,-0.50725992945736298,,20
C6orf15+ctrl,txpert_macro_pearson_delta,,constant_vector,5000
C6orf15+ctrl,trishift_pearson_delta,0.41374308108988539,,20
C6orf15+ctrl,systema_pearson,0.35525893120470542,,20
C7orf26+ctrl,txpert_macro_pearson_delta,,constant_vector,5000
C7orf26+ctrl,trishift_pearson_delta,-0.60356759664790927,,20
C7orf26+ctrl,systema_pearson,-0.29445761050301167,,20
CABIN1+ctrl,txpert_macro_pearson_delta,,constant_vector,5000
CABIN1+ctrl,trishift_pearson_delta,-0.39014774212439501,,20
CABIN1+ctrl,systema_pearson,0.10199298691651223,,20
CACTIN+ctrl,txpert_macro_pearson_delta,,constant_vector,5000
CACTIN+ctrl,trishift_pearson_delta,0.42700959450005432,,20
CACTIN+ctrl,systema_pearson,-0.7463456988819217,,20
CAMLG+ctrl,txpert_macro_pearson_delta,,constant_vector,5000
CAMLG+ctrl,trishift_pearson_delta,-0.4507828039037089,,20
CAMLG+ctrl,systema_pearson,-0.62697717387394059,,20
CBX1+ctrl,txpert_macro_pearson_delta,,constant_vector,5000
CBX1+ctrl,trishift_pearson_delta,0.28147721730561864,,20
CBX1+ctrl,systema_pearson,0.3478333830237994,,20
CCDC115+ctrl,txpert_macro_pearson_delta,,constant_vector,5000
CCDC115+ctrl,trishift_pearson_delta,-0.10657780588049459,,20
CCDC115+ctrl,systema_pearson,-0.18375650238940194,,20
CCDC144NL+ctrl,txpert_macro_pearson_delta,,constant_vector,5000
CCDC144NL+ctrl,trishift_pearson_delta,-0.22027260914522315,,20
CCDC144NL+ctrl,systema_pearson,0.14276182180109112,,20
CCNQ+ctrl,txpert_macro_pearson_delta,,constant_vector,5000
CCNQ+ctrl,trishift_pearson_delta,0.1098701505166365,,20
CCNQ+ctrl,systema_pearson,0.09019422908492622,,20
CCP110+ctrl,txpert_macro_pearson_delta,,constant_vector,5000
CCP110+ctrl,trishift_pearson_delta,-0.058387894669443177,,20
CCP110+ctrl,systema_pearson,0.14901486609568076,,20
CCT2+ctrl,txpert_macro_pearson_delta,,constant_vector,5000
CCT2+ctrl,trishift_pearson_delta,0.31675011522991958,,20
CCT2+ctrl,systema_pearson,-0.69461784785712977,,20
CDC42+ctrl,txpert_macro_pearson_delta,,constant_vector,5000
CDC42+ctrl,trishift_pearson_delta,0.088628315676136285,,20
CDC42+ctrl,systema_pearson,-0.55875978545613492,,20
CDC7+ctrl,txpert_macro_pearson_delta,,constant_vector,5000
CDC7+ctrl,trishift_pearson_delta,0.058660227640741927,,20
CDC7+ctrl,systema_pearson,-0.41411205977487314,,20
CDK1+ctrl,txpert_macro_pearson_delta,,constant_vector,5000
CDK1+ctrl,trishift_pearson_delta,-0.18046024159285959,,20
CDK1+ctrl,systema_pearson,-0.59979919113232161,,20
CDK9+ctrl,txpert_macro_pearson_delta,,constant_vector,5000
CDK9+ctrl,trishift_pearson_delta,-0.4225060407861605,,20
CDK9+ctrl,systema_pearson,0.090920896854970248,,20
CEBPZ+ctrl,txpert_macro_pearson_delta,,constant_vector,5000
CEBPZ+ctrl,trishift_pearson_delta,-0.27194033878222651,,20
CEBPZ+ctrl,systema_pearson,-0.73166669499168113,,20
CENPA+ctrl,txpert_macro_pearson_delta,,constant_vector,5000
CENPA+ctrl,trishift_pearson_delta,0.22235846908199072,,20
CENPA+ctrl,systema_pearson,0.21230311426452897,,20
CENPC+ctrl,txpert_macro_pearson_delta,,constant_vector,5000
CENPC+ctrl,trishift_pearson_delta,-0.44170585059911288,,20
CENPC+ctrl,systema_pearson,-0.46859775425728378,,20
CENPJ+ctrl,txpert_macro_pearson_delta,,constant_vector,5000
CENPJ+ctrl,trishift_pearson_delta,0.0051548849935284047,,20
CENPJ+ctrl,systema_pearson,-0.26942544459564954,,20
CENPK+ctrl,txpert_macro_pearson_delta,,constant_vector,5000
CENPK+ctrl,trishift_pearson_delta,0.18878054681950032,,20
CENPK+ctrl,systema_pearson,-0.78158672272636232,,20
CENPW+ctrl,txpert_macro_pearson_delta,,constant_vector,5000
CENPW+ctrl,trishift_pearson_delta,0.24533948272763112,,20
CENPW+ctrl,systema_pearson,-0.26792612229947554,,20
CEP192+ctrl,txpert_macro_pearson_delta,,constant_vector,5000
CEP192+ctrl,trishift_pearson_delta,0.25202927758859589,,20
CEP192+ctrl,systema_pearson,0.55144769813088124,,20
CEP85+ctrl,txpert_macro_pearson_delta,,constant_vector,5000
CEP85+ctrl,trishift_pearson_delta,-0.40797856075598343,,20
CEP85+ctrl,systema_pearson,0.29490349928913817,,20
CHCHD2+ctrl,txpert_macro_pearson_delta,,constant_vector,5000
CHCHD2+ctrl,trishift_pearson_delta,-0.42474633646485588,,20
CHCHD2+ctrl,systema_pearson,-0.20912584935671025,,20
CHCHD3+ctrl,txpert_macro_pearson_delta,,constant_vector,5000
CHCHD3+ctrl,trishift_pearson_delta,-0.19012917304581023,,20
CHCHD3+ctrl,systema_pearson,0.80102002039980025,,20
CHEK1+ctrl,txpert_macro_pearson_delta,,constant_vector,5000
CHEK1+ctrl,trishift_pearson_delta,0.14425729214230998,,20
CHEK1+ctrl,systema_pearson,0.37058543644821096,,20
CHMP3+ctrl,txpert_macro_pearson_delta,,constant_vector,5000
CHMP3+ctrl,trishift_pearson_delta,-0.047149298357755186,,20
CHMP3+ctrl,systema_pearson,-0.77634184760960323,,20
CHMP4B+ctrl,txpert_macro_pearson_delta,,constant_vector,5000
CHMP4B+ctrl,trishift_pearson_delta,0.46237602780346487,,20
CHMP4B+ctrl,systema_pearson,0.38420180082484595,,20
CHTF8+ctrl,txpert_macro_pearson_delta,,constant_vector,5000
CHTF8+ctrl,trishift_pearson_delta,-0.024910794679282058,,20
CHTF8+ctrl,systema_pearson,-0.39263662312063558,,20
CIAO1+ctrl,txpert_macro_pearson_delta,,constant_vector,5000
CIAO1+ctrl,trishift_pearson_delta,0.24772213250744327,,20
CIAO1+ctrl,systema_pearson,-0.019595068602248234,,20
CLSPN+ctrl,txpert_macro_pearson_delta,,constant_vector,5000
CLSPN+ctrl,trishift_pearson_delta,-0.32923802600776464,,20
CLSPN+ctrl,systema_pearson,0.70165336271734613,,20
CNIH4+ctrl,txpert_macro_pearson_delta,,constant_vector,5000
CNIH4+ctrl,trishift_pearson_delta,0.0037615302592863679,,20
CNIH4+ctrl,systema_pearson,0.14458490129761684,,20
CNOT10+ctrl,txpert_macro_pearson_delta,,constant_vector,5000
CNOT10+ctrl,trishift_pearson_delta,0.071761805217867472,,20
CNOT10+ctrl,systema_pearson,-0.15314695995075889,,20
CNOT2+ctrl,txpert_macro_pearson_delta,,constant_vector,5000
CNOT2+ctrl,trishift_pearson_delta,0.39451526193896302,,20
CNOT2+ctrl,systema_pearson,-0.35328679162311355,,20
COG4+ctrl,txpert_macro_pearson_delta,,constant_vector,5000
COG4+ctrl,trishift_pearson_delta,0.13558682315466919,,20
COG4+ctrl,systema_pearson,-0.39337542032084477,,20
COPB2+ctrl,txpert_macro_pearson_delta,,constant_vector,5000
COPB2+ctrl,trishift_pearson_delta,0.77347303787679755,,20
COPB2+ctrl,systema_pearson,0.80416505405139871,,20
COPS5+ctrl,txpert_macro_pearson_delta,,constant_vector,5000
COPS5+ctrl,trishift_pearson_delta,0.56532834099174056,,20
COPS5+ctrl,systema_pearson,-0.86411926595745181,,20
COQ2+ctrl,txpert_macro_pearson_delta,,constant_vector,5000
COQ2+ctrl,trishift_pearson_delta,-0.7355024852718991,,20
COQ2+ctrl,systema_pearson,-0.31858062776904822,,20
COQ5+ctrl,txpert_macro_pearson_delta,,constant_vector,5000
COQ5+ctrl,trishift_pearson_delta,-0.18553933044666801,,20
COQ5+ctrl,systema_pearson,0.47833277261395518,,20
COX15+ctrl,txpert_macro_pearson_delta,,constant_vector,5000
COX15+ctrl,trishift_pearson_delta,0.5288912077472947,,20
COX15+ctrl,systema_pearson,-0.06095894489572351,,20
COX5B+ctrl,txpert_macro_pearson_delta,,constant_vector,5000
COX5B+ctrl,trishift_pearson_delta,-0.48650281565119047,,20
COX5B+ctrl,systema_pearson,-0.4327093928064083,,20
CPNE1+ctrl,txpert_macro_pearson_delta,,constant_vector,5000
CPNE1+ctrl,trishift_pearson_delta,-0.67331254483248315,,20
CPNE1+ctrl,systema_pearson,-0.75460344057334816,,20
CPOX+ctrl,txpert_macro_pearson_delta,,constant_vector,5000
CPOX+ctrl,trishift_pearson_delta,-0.30612405833490769,,20
CPOX+ctrl,systema_pearson,-0.2485810862861379,,20
CRKL+ctrl,txpert_macro_pearson_delta,,constant_vector,5000
CRKL+ctrl,trishift_pearson_delta,0.20854764313559718,,20
CRKL+ctrl,systema_pearson,0.27700721036767623,,20
CRNKL1+ctrl,txpert_macro_pearson_delta,,constant_vector,5000
CRNKL1+ctrl,trishift_pearson_delta,-0.1299969295056681,,20
CRNKL1+ctrl,systema_pearson,0.10346905053452729,,20
CT45A5+ctrl,txpert_macro_pearson_delta,,constant_vector,5000
CT45A5+ctrl,trishift_pearson_delta,-0.1421976203645329,,20
CT45A5+ctrl,systema_pearson,0.073467052294621485,,20
CTCF+ctrl,txpert_macro_pearson_delta,,constant_vector,5000
CTCF+ctrl,trishift_pearson_delta,0.1095721994315899,,20
CTCF+ctrl,systema_pearson,-0.25265441814045086,,20
CTU2+ctrl,txpert_macro_pearson_delta,,constant_vector,5000
CTU2+ctrl,trishift_pearson_delta,0.64300792312678579,,20
CTU2+ctrl,systema_pearson,-0.14969198771431308,,20
CWC22+ctrl,txpert_macro_pearson_delta,,constant_vector,5000
CWC22+ctrl,trishift_pearson_delta,0.39340748260630815,,20
CWC22+ctrl,systema_pearson,-0.45450486389182942,,20
CWC25+ctrl,txpert_macro_pearson_delta,,constant_vector,5000
CWC25+ctrl,trishift_pearson_delta,-0.3804254637743012,,20
CWC25+ctrl,systema_pearson,-0.91410164964899276,,20
CWF19L2+ctrl,txpert_macro_pearson_delta,,constant_vector,5000
CWF19L2+ctrl,trishift_pearson_delta,-0.38748372445114859,,20
CWF19L2+ctrl,systema_pearson,-0.78581450213294946,,20
CYC1+ctrl,txpert_macro_pearson_delta,,constant_vector,5000
CYC1+ctrl,trishift_pearson_delta,0.45007917996342534,,20
CYC1+ctrl,systema_pearson,0.81475613634579669,,20
CYP4F11+ctrl,txpert_macro_pearson_delta,,constant_vector,5000
CYP4F11+ctrl,trishift_pearson_delta,0.026953762072240386,,20
CYP4F11+ctrl,systema_pearson,0.05421088022066458,,20
DAP3+ctrl,txpert_macro_pearson_delta,,constant_vector,5000
DAP3+ctrl,trishift_pearson_delta,0.093682550323640493,,20
DAP3+ctrl,systema_pearson,-0.14902422213284808,,20
DARS+ctrl,txpert_macro_pearson_delta,,constant_vector,5000
DARS+ctrl,trishift_pearson_delta,0.56236878134737511,,20
DARS+ctrl,systema_pearson,0.75718310019302326,,20
DBF4+ctrl,txpert_macro_pearson_delta,,constant_vector,5000
DBF4+ctrl,trishift_pearson_delta,0.16757116546035342,,20
DBF4+ctrl,systema_pearson,0.40164679975889811,,20
DCAF6+ctrl,txpert_macro_pearson_delta,,constant_vector,5000
DCAF6+ctrl,trishift_pearson_delta,-0.46802073134278377,,20
DCAF6+ctrl,systema_pearson,-0.52696486549368893,,20
DCTN2+ctrl,txpert_macro_pearson_delta,,constant_vector,5000
DCTN2+ctrl,trishift_pearson_delta,-0.37054747409832289,,20
DCTN2+ctrl,systema_pearson,-0.144726422949816,,20
DDB1+ctrl,txpert_macro_pearson_delta,,constant_vector,5000
DDB1+ctrl,trishift_pearson_delta,0.05133120775926725,,20
DDB1+ctrl,systema_pearson,-0.8464492181114065,,20
DDX11+ctrl,txpert_macro_pearson_delta,,constant_vector,5000
DDX11+ctrl,trishift_pearson_delta,-0.26191772213342168,,20
DDX11+ctrl,systema_pearson,-0.55786188425824512,,20
DDX19B+ctrl,txpert_macro_pearson_delta,,constant_vector,5000
DDX19B+ctrl,trishift_pearson_delta,0.17280258515006872,,20
DDX19B+ctrl,systema_pearson,0.37342613135228736,,20
DDX27+ctrl,txpert_macro_pearson_delta,,constant_vector,5000
DDX27+ctrl,trishift_pearson_delta,-0.74574296641866356,,20
DDX27+ctrl,systema_pearson,-0.70313111479436619,,20
DDX3X+ctrl,txpert_macro_pearson_delta,,constant_vector,5000
DDX3X+ctrl,trishift_pearson_delta,0.35055415973036191,,20
DDX3X+ctrl,systema_pearson,0.69639750308410442,,20
DDX42+ctrl,txpert_macro_pearson_delta,,constant_vector,5000
DDX42+ctrl,trishift_pearson_delta,0.15648452845213681,,20
DDX42+ctrl,systema_pearson,0.39098793833993511,,20
DDX47+ctrl,txpert_macro_pearson_delta,,constant_vector,5000
DDX47+ctrl,trishift_pearson_delta,0.24222717012601733,,20
DDX47+ctrl,systema_pearson,-0.70133745058144825,,20
DDX51+ctrl,txpert_macro_pearson_delta,,constant_vector,5000
DDX51+ctrl,trishift_pearson_delta,0.39189045922203197,,20
DDX51+ctrl,systema_pearson,-0.21133621155877907,,20
DDX52+ctrl,txpert_macro_pearson_delta,,constant_vector,5000
DDX52+ctrl,trishift_pearson_delta,-0.081803244831388247,,20
DDX52+ctrl,systema_pearson,0.43208111737629207,,20
DDX59+ctrl,txpert_macro_pearson_delta,,constant_vector,5000
DDX59+ctrl,trishift_pearson_delta,-0.25720939227405376,,20
DDX59+ctrl,systema_pearson,-0.8244617696912353,,20
DGCR8+ctrl,txpert_macro_pearson_delta,,constant_vector,5000
DGCR8+ctrl,trishift_pearson_delta,0.00062614977264803041,,20
DGCR8+ctrl,systema_pearson,-0.45980284430088531,,20
DHFR+ctrl,txpert_macro_pearson_delta,,constant_vector,5000
DHFR+ctrl,trishift_pearson_delta,-0.16902000138432299,,20
DHFR+ctrl,systema_pearson,0.077934834499055805,,20
DHODH+ctrl,txpert_macro_pearson_delta,,constant_vector,5000
DHODH+ctrl,trishift_pearson_delta,-0.44157989121915475,,20
DHODH+ctrl,systema_pearson,-0.079743720517905889,,20
DHX16+ctrl,txpert_macro_pearson_delta,,constant_vector,5000
DHX16+ctrl,trishift_pearson_delta,-0.35531566751026172,,20
DHX16+ctrl,systema_pearson,-0.78546611757807938,,20
DHX30+ctrl,txpert_macro_pearson_delta,,constant_vector,5000
DHX30+ctrl,trishift_pearson_delta,-0.071649171327724429,,20
DHX30+ctrl,systema_pearson,0.16995535555670882,,20
DNAJA1+ctrl,txpert_macro_pearson_delta,,constant_vector,5000
DNAJA1+ctrl,trishift_pearson_delta,0.23866687264018693,,19
DNAJA1+ctrl,systema_pearson,0.70341937096731511,,19
DNAJC17+ctrl,txpert_macro_pearson_delta,,constant_vector,5000
DNAJC17+ctrl,trishift_pearson_delta,0.17924786324213932,,20
DNAJC17+ctrl,systema_pearson,-0.59211661881222288,,20
DNAJC19+ctrl,txpert_macro_pearson_delta,,constant_vector,5000
DNAJC19+ctrl,trishift_pearson_delta,0.012947858099504278,,20
DNAJC19+ctrl,systema_pearson,-0.51651105163573119,,20
DNLZ+ctrl,txpert_macro_pearson_delta,,constant_vector,5000
DNLZ+ctrl,trishift_pearson_delta,0.36574089597755732,,20
DNLZ+ctrl,systema_pearson,-0.033575584437565746,,20
DNM1+ctrl,txpert_macro_pearson_delta,,constant_vector,5000
DNM1+ctrl,trishift_pearson_delta,0.12675783608861238,,20
DNM1+ctrl,systema_pearson,0.38294699341600796,,20
DNM2+ctrl,txpert_macro_pearson_delta,,constant_vector,5000
DNM2+ctrl,trishift_pearson_delta,0.70582677850161835,,20
DNM2+ctrl,systema_pearson,-0.24578871005636047,,20
DNTTIP2+ctrl,txpert_macro_pearson_delta,,constant_vector,5000
DNTTIP2+ctrl,trishift_pearson_delta,-0.17388024602531577,,20
DNTTIP2+ctrl,systema_pearson,-0.53457098916355905,,20
DOHH+ctrl,txpert_macro_pearson_delta,,constant_vector,5000
DOHH+ctrl,trishift_pearson_delta,-0.46025286441104168,,20
DOHH+ctrl,systema_pearson,0.29025992643877313,,20
DPAGT1+ctrl,txpert_macro_pearson_delta,,constant_vector,5000
DPAGT1+ctrl,trishift_pearson_delta,-0.29453066895165758,,20
DPAGT1+ctrl,systema_pearson,0.72767434975294687,,20
DPH2+ctrl,txpert_macro_pearson_delta,,constant_vector,5000
DPH2+ctrl,trishift_pearson_delta,0.35006871904343501,,20
DPH2+ctrl,systema_pearson,-0.26647125465380939,,20
DPM2+ctrl,txpert_macro_pearson_delta,,constant_vector,5000
DPM2+ctrl,trishift_pearson_delta,0.76084217554297751,,20
DPM2+ctrl,systema_pearson,0.70319283985227232,,20
DR1+ctrl,txpert_macro_pearson_delta,,constant_vector,5000
DR1+ctrl,trishift_pearson_delta,0.11816981717456983,,20
DR1+ctrl,systema_pearson,0.48149884881487026,,20
DYNLL2+ctrl,txpert_macro_pearson_delta,,constant_vector,5000
DYNLL2+ctrl,trishift_pearson_delta,-0.19187171231694444,,20
DYNLL2+ctrl,systema_pearson,0.12391355612322387,,20
EEF1B2+ctrl,txpert_macro_pearson_delta,,constant_vector,5000
EEF1B2+ctrl,trishift_pearson_delta,0.079082650358528309,,19
EEF1B2+ctrl,systema_pearson,-0.0016614618492866704,,19
EEF1G+ctrl,txpert_macro_pearson_delta,,constant_vector,5000
EEF1G+ctrl,trishift_pearson_delta,-0.19139921646343835,,20
EEF1G+ctrl,systema_pearson,-0.57940677616517744,,20
EEF2+ctrl,txpert_macro_pearson_delta,,constant_vector,5000
EEF2+ctrl,trishift_pearson_delta,0.043142986268703831,,19
EEF2+ctrl,systema_pearson,-0.48572345680801138,,19
EEFSEC+ctrl,txpert_macro_pearson_delta,,constant_vector,5000
EEFSEC+ctrl,trishift_pearson_delta,0.7669055925595385,,20
EEFSEC+ctrl,systema_pearson,-0.75423505289320159,,20
EIF1+ctrl,txpert_macro_pearson_delta,,constant_vector,5000
EIF1+ctrl,trishift_pearson_delta,0.083977104587823634,,19
EIF1+ctrl,systema_pearson,0.17235394525058298,,19
EIF1AD+ctrl,txpert_macro_pearson_delta,,constant_vector,5000
EIF1AD+ctrl,trishift_pearson_delta,-0.19025890364120471,,20
EIF1AD+ctrl,systema_pearson,-0.10727082480242439,,20
EIF1AX+ctrl,txpert_macro_pearson_delta,,constant_vector,5000
EIF1AX+ctrl,trishift_pearson_delta,-0.13655090389420121,,20
EIF1AX+ctrl,systema_pearson,-0.06216438570613568,,20
EIF3B+ctrl,txpert_macro_pearson_delta,,constant_vector,5000
EIF3B+ctrl,trishift_pearson_delta,-0.073354233279329578,,20
EIF3B+ctrl,systema_pearson,-0.85415029424650524,,20
EIF3M+ctrl,txpert_macro_pearson_delta,,constant_vector,5000
EIF3M+ctrl,trishift_pearson_delta,0.088857017021335125,,20
EIF3M+ctrl,systema_pearson,-0.38131500495728687,,20
EIF4E+ctrl,txpert_macro_pearson_delta,,constant_vector,5000
EIF4E+ctrl,trishift_pearson_delta,-0.34354132174730051,,20
EIF4E+ctrl,systema_pearson,-0.61313800396041696,,20
EIF4G1+ctrl,txpert_macro_pearson_delta,,constant_vector,5000
EIF4G1+ctrl,trishift_pearson_delta,-0.38753765715407124,,20
EIF4G1+ctrl,systema_pearson,-0.73130496805450651,,20
EIF4H+ctrl,txpert_macro_pearson_delta,,constant_vector,5000
EIF4H+ctrl,trishift_pearson_delta,0.3292449520524538,,20
EIF4H+ctrl,systema_pearson,0.47219908095585744,,20
EIF5A+ctrl,txpert_macro_pearson_delta,,constant_vector,5000
EIF5A+ctrl,trishift_pearson_delta,0.45888258367005452,,20
EIF5A+ctrl,systema_pearson,-0.79379801125170402,,20
EIF6+ctrl,txpert_macro_pearson_delta,,constant_vector,5000
EIF6+ctrl,trishift_pearson_delta,-0.44980877418406068,,20
EIF6+ctrl,systema_pearson,-0.75839403727860766,,20
ELOVL1+ctrl,txpert_macro_pearson_delta,,constant_vector,5000
ELOVL1+ctrl,trishift_pearson_delta,0.21012591298477745,,20
ELOVL1+ctrl,systema_pearson,-0.61609667178041128,,20
ELP5+ctrl,txpert_macro_pearson_delta,,constant_vector,5000
ELP5+ctrl,trishift_pearson_delta,0.5802426015564669,,20
ELP5+ctrl,systema_pearson,-0.078353143238636042,,20
EMC1+ctrl,txpert_macro_pearson_delta,,constant_vector,5000
EMC1+ctrl,trishift_pearson_delta,-0.10035869681893575,,20
EMC1+ctrl,systema_pearson,-0.44844079785071489,,20
EMC3+ctrl,txpert_macro_pearson_delta,,constant_vector,5000
EMC3+ctrl,trishift_pearson_delta,0.15576476068104542,,20
EMC3+ctrl,systema_pearson,-0.24422550225614367,,20
EPB41L2+ctrl,txpert_macro_pearson_delta,,constant_vector,5000
EPB41L2+ctrl,trishift_pearson_delta,-0.065645954884687302,,20
EPB41L2+ctrl,systema_pearson,-0.79980215552567768,,20
ERH+ctrl,txpert_macro_pearson_delta,,constant_vector,5000
ERH+ctrl,trishift_pearson_delta,,de_unavailable:insufficient_truth_cells_for_t_test:n=1,0
ERH+ctrl,systema_pearson,,de_unavailable:insufficient_truth_cells_for_t_test:n=1,0
ETF1+ctrl,txpert_macro_pearson_delta,,constant_vector,5000
ETF1+ctrl,trishift_pearson_delta,-0.39772383222142238,,20
ETF1+ctrl,systema_pearson,-0.72224389197641103,,20
EXOC5+ctrl,txpert_macro_pearson_delta,,constant_vector,5000
EXOC5+ctrl,trishift_pearson_delta,0.28798484000259605,,20
EXOC5+ctrl,systema_pearson,0.050163945374867271,,20
EXOC7+ctrl,txpert_macro_pearson_delta,,constant_vector,5000
EXOC7+ctrl,trishift_pearson_delta,-0.36582981472619053,,20
EXOC7+ctrl,systema_pearson,-0.43520148315268753,,20
EXOSC9+ctrl,txpert_macro_pearson_delta,,constant_vector,5000
EXOSC9+ctrl,trishift_pearson_delta,0.67317246858364466,,20
EXOSC9+ctrl,systema_pearson,-0.58722911465050753,,20
FAM133B+ctrl,txpert_macro_pearson_delta,,constant_vector,5000
FAM133B+ctrl,trishift_pearson_delta,0.24136605238654807,,19
FAM133B+ctrl,systema_pearson,0.35248297187873984,,19
FAM207A+ctrl,txpert_macro_pearson_delta,,constant_vector,5000
FAM207A+ctrl,trishift_pearson_delta,0.17234804897642431,,20
FAM207A+ctrl,systema_pearson,0.090225140111075325,,20
FAM229A+ctrl,txpert_macro_pearson_delta,,constant_vector,5000
FAM229A+ctrl,trishift_pearson_delta,0.060061543843296879,,20
FAM229A+ctrl,systema_pearson,0.89994671563653039,,20
FAM32A+ctrl,txpert_macro_pearson_delta,,constant_vector,5000
FAM32A+ctrl,trishift_pearson_delta,0.64479121618314839,,20
FAM32A+ctrl,systema_pearson,-0.25821158027169516,,20
FBL+ctrl,txpert_macro_pearson_delta,,constant_vector,5000
FBL+ctrl,trishift_pearson_delta,-0.43779708757578667,,20
FBL+ctrl,systema_pearson,-0.66858465393412947,,20
FBRSL1+ctrl,txpert_macro_pearson_delta,,constant_vector,5000
FBRSL1+ctrl,trishift_pearson_delta,0.73437211407803671,,20
FBRSL1+ctrl,systema_pearson,-0.14781893168497359,,20
FDPS+ctrl,txpert_macro_pearson_delta,,constant_vector,5000
FDPS+ctrl,trishift_pearson_delta,-0.38420054266838305,,19
FDPS+ctrl,systema_pearson,-0.30904767732424093,,19
FDXR+ctrl,txpert_macro_pearson_delta,,constant_vector,5000
FDXR+ctrl,trishift_pearson_delta,-0.47298946293442579,,20
FDXR+ctrl,systema_pearson,-0.5883009895182929,,20
FGFR1OP+ctrl,txpert_macro_pearson_delta,,constant_vector,5000
FGFR1OP+ctrl,trishift_pearson_delta,0.11472571540583537,,20
FGFR1OP+ctrl,systema_pearson,-0.080486104488814464,,20
FIP1L1+ctrl,txpert_macro_pearson_delta,,constant_vector,5000
FIP1L1+ctrl,trishift_pearson_delta,0.26778769709500244,,20
FIP1L1+ctrl,systema_pearson,0.12587833164642384,,20
FOLR3+ctrl,txpert_macro_pearson_delta,,constant_vector,5000
FOLR3+ctrl,trishift_pearson_delta,0.01937514151567897,,20
FOLR3+ctrl,systema_pearson,0.044905398985191518,,20
FOXL2+ctrl,txpert_macro_pearson_delta,,constant_vector,5000
FOXL2+ctrl,trishift_pearson_delta,0.02157153827204682,,20
FOXL2+ctrl,systema_pearson,-0.45595145654946495,,20
GABPA+ctrl,txpert_macro_pearson_delta,,constant_vector,5000
GABPA+ctrl,trishift_pearson_delta,-0.1155400009539608,,20
GABPA+ctrl,systema_pearson,-0.4533318749979392,,20
GART+ctrl,txpert_macro_pearson_delta,,constant_vector,5000
GART+ctrl,trishift_pearson_delta,-0.18906534534755201,,20
GART+ctrl,systema_pearson,-0.42376838988491489,,20
GBF1+ctrl,txpert_macro_pearson_delta,,constant_vector,5000
GBF1+ctrl,trishift_pearson_delta,0.4641920302357363,,20
GBF1+ctrl,systema_pearson,0.31066924770780374,,20
GCLC+ctrl,txpert_macro_pearson_delta,,constant_vector,5000
GCLC+ctrl,trishift_pearson_delta,0.49990171612219414,,20
GCLC+ctrl,systema_pearson,0.63468006472025695,,20
GEMIN7+ctrl,txpert_macro_pearson_delta,,constant_vector,5000
GEMIN7+ctrl,trishift_pearson_delta,0.37865267626720089,,20
GEMIN7+ctrl,systema_pearson,0.65092963512066015,,20
GIT2+ctrl,txpert_macro_pearson_delta,,constant_vector,5000
GIT2+ctrl,trishift_pearson_delta,0.32855396759950961,,20
GIT2+ctrl,systema_pearson,0.45561772597187544,,20
GLB1+ctrl,txpert_macro_pearson_delta,,constant_vector,5000
GLB1+ctrl,trishift_pearson_delta,0.32594239228278282,,20
GLB1+ctrl,systema_pearson,-0.030407273236109377,,20
GLE1+ctrl,txpert_macro_pearson_delta,,constant_vector,5000
GLE1+ctrl,trishift_pearson_delta,0.0093763729722703849,,20
GLE1+ctrl,systema_pearson,0.061457932919832377,,20
GON4L+ctrl,txpert_macro_pearson_delta,,constant_vector,5000
GON4L+ctrl,trishift_pearson_delta,-0.00011603252179468402,,20
GON4L+ctrl,systema_pearson,0.36941730295714037,,20
GOSR2+ctrl,txpert_macro_pearson_delta,,constant_vector,5000
GOSR2+ctrl,trishift_pearson_delta,-0.45996721691689024,,20
GOSR2+ctrl,systema_pearson,-0.47537139433006792,,20
GPKOW+ctrl,txpert_macro_pearson_delta,,constant_vector,5000
GPKOW+ctrl,trishift_pearson_delta,-0.32596014600560025,,20
GPKOW+ctrl,systema_pearson,-0.57222784319011399,,20
GPR61+ctrl,txpert_macro_pearson_delta,,constant_vector,5000
GPR61+ctrl,trishift_pearson_delta,-0.16289189462878492,,20
GPR61+ctrl,systema_pearson,0.051200602221113112,,20
GPS2+ctrl,txpert_macro_pearson_delta,,constant_vector,5000
GPS2+ctrl,trishift_pearson_delta,0.14827225097048058,,20
GPS2+ctrl,systema_pearson,-0.16740091674235943,,20
GRWD1+ctrl,txpert_macro_pearson_delta,,constant_vector,5000
GRWD1+ctrl,trishift_pearson_delta,0.37770542115721029,,20
GRWD1+ctrl,systema_pearson,0.37183943041901935,,20
GSPT1+ctrl,txpert_macro_pearson_delta,,constant_vector,5000
GSPT1+ctrl,trishift_pearson_delta,0.31086465993204382,,20
GSPT1+ctrl,systema_pearson,-0.3324980491786006,,20
GTF2E1+ctrl,txpert_macro_pearson_delta,,constant_vector,5000
GTF2E1+ctrl,trishift_pearson_delta,-0.57712795153066809,,20
GTF2E1+ctrl,systema_pearson,-0.55237424092162024,,20
GTF2H3+ctrl,txpert_macro_pearson_delta,,constant_vector,5000
GTF2H3+ctrl,trishift_pearson_delta,0.36899598853257126,,20
GTF2H3+ctrl,systema_pearson,-0.23489118797740535,,20
GTF3C1+ctrl,txpert_macro_pearson_delta,,constant_vector,5000
GTF3C1+ctrl,trishift_pearson_delta,0.51552573220902664,,20
GTF3C1+ctrl,systema_pearson,-0.84483596957178786,,20
GTF3C5+ctrl,txpert_macro_pearson_delta,,constant_vector,5000
GTF3C5+ctrl,trishift_pearson_delta,0.20646774854192065,,20
GTF3C5+ctrl,systema_pearson,-0.3400912713634851,,20
GTF3C6+ctrl,txpert_macro_pearson_delta,,constant_vector,5000
GTF3C6+ctrl,trishift_pearson_delta,0.046591999640934606,,20
GTF3C6+ctrl,systema_pearson,-0.25690811635629035,,20
H2AFZ+ctrl,txpert_macro_pearson_delta,,constant_vector,5000
H2AFZ+ctrl,trishift_pearson_delta,0.064774311646481703,,19
H2AFZ+ctrl,systema_pearson,0.42117462955054591,,19
HAPLN2+ctrl,txpert_macro_pearson_delta,,constant_vector,5000
HAPLN2+ctrl,trishift_pearson_delta,0.19196309916025253,,20
HAPLN2+ctrl,systema_pearson,0.55004650907045904,,20
HAUS1+ctrl,txpert_macro_pearson_delta,,constant_vector,5000
HAUS1+ctrl,trishift_pearson_delta,0.0056422276456037134,,20
HAUS1+ctrl,systema_pearson,0.087673288738159466,,20
HAUS4+ctrl,txpert_macro_pearson_delta,,constant_vector,5000
HAUS4+ctrl,trishift_pearson_delta,0.64767708325919393,,20
HAUS4+ctrl,systema_pearson,-0.3352546078849522,,20
HAUS8+ctrl,txpert_macro_pearson_delta,,constant_vector,5000
HAUS8+ctrl,trishift_pearson_delta,0.67817827148206666,,20
HAUS8+ctrl,systema_pearson,-0.21399120033711219,,20
HCFC1+ctrl,txpert_macro_pearson_delta,,constant_vector,5000
HCFC1+ctrl,trishift_pearson_delta,0.24510302062439429,,20
HCFC1+ctrl,systema_pearson,0.02545114340932992,,20
HEATR1+ctrl,txpert_macro_pearson_delta,,constant_vector,5000
HEATR1+ctrl,trishift_pearson_delta,-0.34449374192662674,,20
HEATR1+ctrl,systema_pearson,-0.77208328962263784,,20
HIST1H2AE+ctrl,txpert_macro_pearson_delta,,constant_vector,5000
HIST1H2AE+ctrl,trishift_pearson_delta,-0.077459993965222976,,20
HIST1H2AE+ctrl,systema_pearson,0.01354300951326242,,20
HIST1H2BE+ctrl,txpert_macro_pearson_delta,,constant_vector,5000
HIST1H2BE+ctrl,trishift_pearson_delta,-0.32547744656983302,,20
HIST1H2BE+ctrl,systema_pearson,-0.23095785339321087,,20
HIST1H2BM+ctrl,txpert_macro_pearson_delta,,constant_vector,5000
HIST1H2BM+ctrl,trishift_pearson_delta,-0.10087125231624859,,20
HIST1H2BM+ctrl,systema_pearson,0.17319397566577457,,20
HIST1H2BN+ctrl,txpert_macro_pearson_delta,,constant_vector,5000
HIST1H2BN+ctrl,trishift_pearson_delta,0.50780091518289305,,20
HIST1H2BN+ctrl,systema_pearson,0.61410166265818444,,20
HIST2H3A+ctrl,txpert_macro_pearson_delta,,constant_vector,5000
HIST2H3A+ctrl,trishift_pearson_delta,0.077556633136015768,,20
HIST2H3A+ctrl,systema_pearson,-0.073154277235484455,,20
HMBOX1+ctrl,txpert_macro_pearson_delta,,constant_vector,5000
HMBOX1+ctrl,trishift_pearson_delta,0.43329180393453054,,20
HMBOX1+ctrl,systema_pearson,-0.17372200312228667,,20
HMGB3+ctrl,txpert_macro_pearson_delta,,constant_vector,5000
HMGB3+ctrl,trishift_pearson_delta,-0.50824524583567088,,20
HMGB3+ctrl,systema_pearson,-0.35319527485164054,,20
HNRNPDL+ctrl,txpert_macro_pearson_delta,,constant_vector,5000
HNRNPDL+ctrl,trishift_pearson_delta,-0.57257884162316186,,19
HNRNPDL+ctrl,systema_pearson,-0.39874792961433747,,19
HNRNPM+ctrl,txpert_macro_pearson_delta,,constant_vector,5000
HNRNPM+ctrl,trishift_pearson_delta,0.29293203074961527,,20
HNRNPM+ctrl,systema_pearson,-0.49689276749020811,,20
HNRNPU+ctrl,txpert_macro_pearson_delta,,constant_vector,5000
HNRNPU+ctrl,trishift_pearson_delta,-0.037506695307074518,,20
HNRNPU+ctrl,systema_pearson,-0.66060793754713909,,20
HOXC10+ctrl,txpert_macro_pearson_delta,,constant_vector,5000
HOXC10+ctrl,trishift_pearson_delta,-0.099782037487636782,,20
HOXC10+ctrl,systema_pearson,0.0083605507661207567,,20
HSD17B10+ctrl,txpert_macro_pearson_delta,,constant_vector,5000
HSD17B10+ctrl,trishift_pearson_delta,-0.79277309233928761,,20
HSD17B10+ctrl,systema_pearson,-0.59349983622521596,,20
HSF1+ctrl,txpert_macro_pearson_delta,,constant_vector,5000
HSF1+ctrl,trishift_pearson_delta,-0.63095430323803947,,20
HSF1+ctrl,systema_pearson,-0.39029136149279153,,20
HSP90B1+ctrl,txpert_macro_pearson_delta,,constant_vector,5000
HSP90B1+ctrl,trishift_pearson_delta,-0.033403869974312814,,19
HSP90B1+ctrl,systema_pearson,0.5582044649363207,,19
HSPA9+ctrl,txpert_macro_pearson_delta,,constant_vector,5000
HSPA9+ctrl,trishift_pearson_delta,0.23902313243890796,,19
HSPA9+ctrl,systema_pearson,-0.41642657786557985,,19
HTATSF1+ctrl,txpert_macro_pearson_delta,,constant_vector,5000
HTATSF1+ctrl,trishift_pearson_delta,0.16031377841761557,,20
HTATSF1+ctrl,systema_pearson,0.28915673582867585,,20
HUS1+ctrl,txpert_macro_pearson_delta,,constant_vector,5000
HUS1+ctrl,trishift_pearson_delta,-0.25298055153701304,,20
HUS1+ctrl,systema_pearson,-0.22008685491169433,,20
HYPK+ctrl,txpert_macro_pearson_delta,,constant_vector,5000
HYPK+ctrl,trishift_pearson_delta,-0.21038059124665959,,20
HYPK+ctrl,systema_pearson,-0.026666093773454403,,20
IARS2+ctrl,txpert_macro_pearson_delta,,constant_vector,5000
IARS2+ctrl,trishift_pearson_delta,0.27453203068482873,,20
IARS2+ctrl,systema_pearson,-0.19553351858591145,,20
IFITM2+ctrl,txpert_macro_pearson_delta,,constant_vector,5000
IFITM2+ctrl,trishift_pearson_delta,0.20851128858207302,,20
IFITM2+ctrl,systema_pearson,0.42067742347373038,,20
IGBP1+ctrl,txpert_macro_pearson_delta,,constant_vector,5000
IGBP1+ctrl,trishift_pearson_delta,0.4791322796657902,,20
IGBP1+ctrl,systema_pearson,-0.044166368011841838,,20
ILF2+ctrl,txpert_macro_pearson_delta,,constant_vector,5000
ILF2+ctrl,trishift_pearson_delta,-0.62021163677200253,,20
ILF2+ctrl,systema_pearson,-0.66082405843870762,,20
IMP3+ctrl,txpert_macro_pearson_delta,,constant_vector,5000
IMP3+ctrl,trishift_pearson_delta,-0.22753616293250817,,20
IMP3+ctrl,systema_pearson,-0.40908661419031633,,20
IMPA2+ctrl,txpert_macro_pearson_delta,,constant_vector,5000
IMPA2+ctrl,trishift_pearson_delta,0.42715296230008293,,20
IMPA2+ctrl,systema_pearson,-0.84258288106697932,,20
ING3+ctrl,txpert_macro_pearson_delta,,constant_vector,5000
ING3+ctrl,trishift_pearson_delta,0.19034162525133905,,20
ING3+ctrl,systema_pearson,0.38508951151563886,,20
INTS1+ctrl,txpert_macro_pearson_delta,,constant_vector,5000
INTS1+ctrl,trishift_pearson_delta,0.18023517096725825,,20
INTS1+ctrl,systema_pearson,-0.26684353824960139,,20
INTS2+ctrl,txpert_macro_pearson_delta,,constant_vector,5000
INTS2+ctrl,trishift_pearson_delta,-0.34356124976276631,,20
INTS2+ctrl,systema_pearson,-0.221069987946244,,20
INTS6+ctrl,txpert_macro_pearson_delta,,constant_vector,5000
INTS6+ctrl,trishift_pearson_delta,-0.18742647414101254,,20
INTS6+ctrl,systema_pearson,-0.45317595784319914,,20
INTS7+ctrl,txpert_macro_pearson_delta,,constant_vector,5000
INTS7+ctrl,trishift_pearson_delta,0.064811547394753186,,20
INTS7+ctrl,systema_pearson,0.019998317537489412,,20
IPO7+ctrl,txpert_macro_pearson_delta,,constant_vector,5000
IPO7+ctrl,trishift_pearson_delta,0.30553199829985672,,20
IPO7+ctrl,systema_pearson,-0.079992648721231491,,20
ISCA2+ctrl,txpert_macro_pearson_delta,,constant_vector,5000
ISCA2+ctrl,trishift_pearson_delta,0.55922198475908269,,20
ISCA2+ctrl,systema_pearson,-0.015447496811874855,,20
KATNB1+ctrl,txpert_macro_pearson_delta,,constant_vector,5000
KATNB1+ctrl,trishift_pearson_delta,0.15031046868394149,,20
KATNB1+ctrl,systema_pearson,0.48905885448097441,,20
KCMF1+ctrl,txpert_macro_pearson_delta,,constant_vector,5000
KCMF1+ctrl,trishift_pearson_delta,0.55793363901886806,,20
KCMF1+ctrl,systema_pearson,-0.048487464062484921,,20
KCNA10+ctrl,txpert_macro_pearson_delta,,constant_vector,5000
KCNA10+ctrl,trishift_pearson_delta,-0.62220053963397182,,20
KCNA10+ctrl,systema_pearson,-0.12773266989016135,,20
KDM6A+ctrl,txpert_macro_pearson_delta,,constant_vector,5000
KDM6A+ctrl,trishift_pearson_delta,-0.27647509585038815,,20
KDM6A+ctrl,systema_pearson,0.19198420730370189,,20
KIF18B+ctrl,txpert_macro_pearson_delta,,constant_vector,5000
KIF18B+ctrl,trishift_pearson_delta,-0.047186083104271387,,20
KIF18B+ctrl,systema_pearson,-0.52608023535532156,,20
KIF23+ctrl,txpert_macro_pearson_delta,,constant_vector,5000
KIF23+ctrl,trishift_pearson_delta,-0.10400209004555987,,20
KIF23+ctrl,systema_pearson,-0.29860959817845911,,20
KLHL11+ctrl,txpert_macro_pearson_delta,,constant_vector,5000
KLHL11+ctrl,trishift_pearson_delta,0.79104013571647236,,20
KLHL11+ctrl,systema_pearson,0.96186293879446805,,20
KPNA6+ctrl,txpert_macro_pearson_delta,,constant_vector,5000
KPNA6+ctrl,trishift_pearson_delta,-0.74057180252575128,,20
KPNA6+ctrl,systema_pearson,0.93197834546921743,,20
KRT17+ctrl,txpert_macro_pearson_delta,,constant_vector,5000
KRT17+ctrl,trishift_pearson_delta,0.15505891060559779,,20
KRT17+ctrl,systema_pearson,0.47253422209555357,,20
KRT8+ctrl,txpert_macro_pearson_delta,,constant_vector,5000
KRT8+ctrl,trishift_pearson_delta,-0.097726224635551168,,20
KRT8+ctrl,systema_pearson,-0.070866791071483012,,20
KRTAP4-7+ctrl,txpert_macro_pearson_delta,,constant_vector,5000
KRTAP4-7+ctrl,trishift_pearson_delta,0.11752627757526546,,20
KRTAP4-7+ctrl,systema_pearson,0.98406136512865516,,20
LAMTOR4+ctrl,txpert_macro_pearson_delta,,constant_vector,5000
LAMTOR4+ctrl,trishift_pearson_delta,0.59443283244714562,,20
LAMTOR4+ctrl,systema_pearson,0.48091082318201439,,20
LARS+ctrl,txpert_macro_pearson_delta,,constant_vector,5000
LARS+ctrl,trishift_pearson_delta,-0.20379367241782625,,20
LARS+ctrl,systema_pearson,-0.89561303748993393,,20
LCE1C+ctrl,txpert_macro_pearson_delta,,constant_vector,5000
LCE1C+ctrl,trishift_pearson_delta,-0.12001170231900797,,20
LCE1C+ctrl,systema_pearson,-0.0076974256612858697,,20
LCE1E+ctrl,txpert_macro_pearson_delta,,constant_vector,5000
LCE1E+ctrl,trishift_pearson_delta,-0.32917201608581986,,20
LCE1E+ctrl,systema_pearson,0.95375538295615658,,20
LCN10+ctrl,txpert_macro_pearson_delta,,constant_vector,5000
LCN10+ctrl,trishift_pearson_delta,-0.10397650213058814,,20
LCN10+ctrl,systema_pearson,0.073083589430784343,,20
LIN54+ctrl,txpert_macro_pearson_delta,,constant_vector,5000
LIN54+ctrl,trishift_pearson_delta,-0.077001173407042281,,20
LIN54+ctrl,systema_pearson,0.28044630249143937,,20
LRP5+ctrl,txpert_macro_pearson_delta,,constant_vector,5000
LRP5+ctrl,trishift_pearson_delta,-0.15496100960885886,,20
LRP5+ctrl,systema_pearson,-0.097236048809803785,,20
LSG1+ctrl,txpert_macro_pearson_delta,,constant_vector,5000
LSG1+ctrl,trishift_pearson_delta,-0.0012731689709010543,,20
LSG1+ctrl,systema_pearson,-0.59907213215220356,,20
LSM10+ctrl,txpert_macro_pearson_delta,,constant_vector,5000
LSM10+ctrl,trishift_pearson_delta,0.20318190294323532,,20
LSM10+ctrl,systema_pearson,-0.20607976088833105,,20
LSM2+ctrl,txpert_macro_pearson_delta,,constant_vector,5000
LSM2+ctrl,trishift_pearson_delta,0.15100005138091471,,20
LSM2+ctrl,systema_pearson,-0.045564667726022759,,20
LTBP4+ctrl,txpert_macro_pearson_delta,,constant_vector,5000
LTBP4+ctrl,trishift_pearson_delta,0.015524917814336233,,20
LTBP4+ctrl,systema_pearson,-0.15249601083308312,,20
LTV1+ctrl,txpert_macro_pearson_delta,,constant_vector,5000
LTV1+ctrl,trishift_pearson_delta,-0.2961424474897244,,20
LTV1+ctrl,systema_pearson,-0.20940265818613052,,20
LUC7L3+ctrl,txpert_macro_pearson_delta,,constant_vector,5000
LUC7L3+ctrl,trishift_pearson_delta,-0.48250982923048452,,20
LUC7L3+ctrl,systema_pearson,-0.55001137889742835,,20
LZTR1+ctrl,txpert_macro_pearson_delta,,constant_vector,5000
LZTR1+ctrl,trishift_pearson_delta,-0.079457720590216038,,20
LZTR1+ctrl,systema_pearson,-0.347345349996245,,20
MAU2+ctrl,txpert_macro_pearson_delta,,constant_vector,5000
MAU2+ctrl,trishift_pearson_delta,-0.34930890035907763,,20
MAU2+ctrl,systema_pearson,-0.943658274676201,,20
MBTPS2+ctrl,txpert_macro_pearson_delta,,constant_vector,5000
MBTPS2+ctrl,trishift_pearson_delta,0.23294884272408428,,20
MBTPS2+ctrl,systema_pearson,-0.29863528524585864,,20
MCL1+ctrl,txpert_macro_pearson_delta,,constant_vector,5000
MCL1+ctrl,trishift_pearson_delta,0.011915008039255031,,20
MCL1+ctrl,systema_pearson,-0.018711784095594305,,20
MCM10+ctrl,txpert_macro_pearson_delta,,constant_vector,5000
MCM10+ctrl,trishift_pearson_delta,0.092131185878060795,,20
MCM10+ctrl,systema_pearson,-0.20076269844799757,,20
MCM3+ctrl,txpert_macro_pearson_delta,,constant_vector,5000
MCM3+ctrl,trishift_pearson_delta,-0.44623881973240231,,20
MCM3+ctrl,systema_pearson,-0.73412727115814391,,20
MCM3AP+ctrl,txpert_macro_pearson_delta,,constant_vector,5000
MCM3AP+ctrl,trishift_pearson_delta,-0.17592339332582818,,20
MCM3AP+ctrl,systema_pearson,-0.8271564500003703,,20
MCMBP+ctrl,txpert_macro_pearson_delta,,constant_vector,5000
MCMBP+ctrl,trishift_pearson_delta,-0.65325238419880283,,20
MCMBP+ctrl,systema_pearson,-0.67515902839120645,,20
MCRS1+ctrl,txpert_macro_pearson_delta,,constant_vector,5000
MCRS1+ctrl,trishift_pearson_delta,0.2195222786848563,,20
MCRS1+ctrl,systema_pearson,0.1508404056964206,,20
MED1+ctrl,txpert_macro_pearson_delta,,constant_vector,5000
MED1+ctrl,trishift_pearson_delta,-0.4862540498679489,,20
MED1+ctrl,systema_pearson,-0.51200849655761749,,20
MED19+ctrl,txpert_macro_pearson_delta,,constant_vector,5000
MED19+ctrl,trishift_pearson_delta,-0.35665583187985683,,20
MED19+ctrl,systema_pearson,-0.76897213019834043,,20
MED20+ctrl,txpert_macro_pearson_delta,,constant_vector,5000
MED20+ctrl,trishift_pearson_delta,-0.29338616330421124,,20
MED20+ctrl,systema_pearson,-0.26089749225805103,,20
MED21+ctrl,txpert_macro_pearson_delta,,constant_vector,5000
MED21+ctrl,trishift_pearson_delta,0.43708041353735433,,20
MED21+ctrl,systema_pearson,-0.82028785636640678,,20
MED28+ctrl,txpert_macro_pearson_delta,,constant_vector,5000
MED28+ctrl,trishift_pearson_delta,0.58726115829348979,,20
MED28+ctrl,systema_pearson,0.27883738146446463,,20
MED30+ctrl,txpert_macro_pearson_delta,,constant_vector,5000
MED30+ctrl,trishift_pearson_delta,0.11589354497258972,,20
MED30+ctrl,systema_pearson,-0.78644367897212486,,20
MED8+ctrl,txpert_macro_pearson_delta,,constant_vector,5000
MED8+ctrl,trishift_pearson_delta,-0.0082109474853124965,,20
MED8+ctrl,systema_pearson,-0.24398565938322012,,20
MEF2A+ctrl,txpert_macro_pearson_delta,,constant_vector,5000
MEF2A+ctrl,trishift_pearson_delta,0.73987198536683429,,20
MEF2A+ctrl,systema_pearson,-0.76676084079442519,,20
MEIS3+ctrl,txpert_macro_pearson_delta,,constant_vector,5000
MEIS3+ctrl,trishift_pearson_delta,-0.41557490724517376,,20
MEIS3+ctrl,systema_pearson,-0.70031295613333888,,20
METAP2+ctrl,txpert_macro_pearson_delta,,constant_vector,5000
METAP2+ctrl,trishift_pearson_delta,0.12437155892280502,,20
METAP2+ctrl,systema_pearson,0.32247656627854954,,20
METTL17+ctrl,txpert_macro_pearson_delta,,constant_vector,5000
METTL17+ctrl,trishift_pearson_delta,0.37236474104460904,,20
METTL17+ctrl,systema_pearson,-0.094229729355481726,,20
MICOS10+ctrl,txpert_macro_pearson_delta,,constant_vector,5000
MICOS10+ctrl,trishift_pearson_delta,0.22152510082403662,,20
MICOS10+ctrl,systema_pearson,0.093888912563935195,,20
MIOS+ctrl,txpert_macro_pearson_delta,,constant_vector,5000
MIOS+ctrl,trishift_pearson_delta,-0.23010978477111932,,20
MIOS+ctrl,systema_pearson,-0.56365246258596635,,20
MIPEP+ctrl,txpert_macro_pearson_delta,,constant_vector,5000
MIPEP+ctrl,trishift_pearson_delta,0.12639488156517956,,20
MIPEP+ctrl,systema_pearson,-0.40334686583988211,,20
MKRN1+ctrl,txpert_macro_pearson_delta,,constant_vector,5000
MKRN1+ctrl,trishift_pearson_delta,-0.35554621627276517,,20
MKRN1+ctrl,systema_pearson,0.89312308912742189,,20
MMP17+ctrl,txpert_macro_pearson_delta,,constant_vector,5000
MMP17+ctrl,trishift_pearson_delta,0.1922700497482967,,20
MMP17+ctrl,systema_pearson,-0.082588782481285899,,20
MMS19+ctrl,txpert_macro_pearson_delta,,constant_vector,5000
MMS19+ctrl,trishift_pearson_delta,-0.1201771801201333,,20
MMS19+ctrl,systema_pearson,-0.25965654629636709,,20
MOG+ctrl,txpert_macro_pearson_delta,,constant_vector,5000
MOG+ctrl,trishift_pearson_delta,0.33485430346953915,,20
MOG+ctrl,systema_pearson,0.53022291445405867,,20
MON1A+ctrl,txpert_macro_pearson_delta,,constant_vector,5000
MON1A+ctrl,trishift_pearson_delta,-0.030301668546104662,,20
MON1A+ctrl,systema_pearson,0.24899604125628533,,20
MRPL1+ctrl,txpert_macro_pearson_delta,,constant_vector,5000
MRPL1+ctrl,trishift_pearson_delta,0.10884748096560629,,20
MRPL1+ctrl,systema_pearson,0.39627791202116491,,20
MRPL10+ctrl,txpert_macro_pearson_delta,,constant_vector,5000
MRPL10+ctrl,trishift_pearson_delta,-0.53256796601464063,,20
MRPL10+ctrl,systema_pearson,-0.15760095013059841,,20
MRPL14+ctrl,txpert_macro_pearson_delta,,constant_vector,5000
MRPL14+ctrl,trishift_pearson_delta,0.30098373226511504,,20
MRPL14+ctrl,systema_pearson,0.19064574719373786,,20
MRPL2+ctrl,txpert_macro_pearson_delta,,constant_vector,5000
MRPL2+ctrl,trishift_pearson_delta,-0.73027795935901774,,20
MRPL2+ctrl,systema_pearson,-0.12401998811508266,,20
MRPL28+ctrl,txpert_macro_pearson_delta,,constant_vector,5000
MRPL28+ctrl,trishift_pearson_delta,-0.59643520108762249,,20
MRPL28+ctrl,systema_pearson,-0.5031733067427917,,20
MRPL3+ctrl,txpert_macro_pearson_delta,,constant_vector,5000
MRPL3+ctrl,trishift_pearson_delta,0.29850143374643601,,20
MRPL3+ctrl,systema_pearson,-0.24993684190655463,,20
MRPL35+ctrl,txpert_macro_pearson_delta,,constant_vector,5000
MRPL35+ctrl,trishift_pearson_delta,-0.28323206100790316,,20
MRPL35+ctrl,systema_pearson,-0.42130787630245842,,20
MRPL38+ctrl,txpert_macro_pearson_delta,,constant_vector,5000
MRPL38+ctrl,trishift_pearson_delta,0.26284662693255678,,20
MRPL38+ctrl,systema_pearson,-0.044524638431050076,,20
MRPL41+ctrl,txpert_macro_pearson_delta,,constant_vector,5000
MRPL41+ctrl,trishift_pearson_delta,-0.30039684946083656,,20
MRPL41+ctrl,systema_pearson,-0.34829334952525165,,20
MRPL43+ctrl,txpert_macro_pearson_delta,,constant_vector,5000
MRPL43+ctrl,trishift_pearson_delta,-0.25722881354929183,,20
MRPL43+ctrl,systema_pearson,-0.32375262122081166,,20
MRPL50+ctrl,txpert_macro_pearson_delta,,constant_vector,5000
MRPL50+ctrl,trishift_pearson_delta,-0.50982634904563628,,20
MRPL50+ctrl,systema_pearson,-0.3686604333815186,,20
MRPS2+ctrl,txpert_macro_pearson_delta,,constant_vector,5000
MRPS2+ctrl,trishift_pearson_delta,0.0040435486946370182,,20
MRPS2+ctrl,systema_pearson,-0.2134774694152306,,20
MRPS23+ctrl,txpert_macro_pearson_delta,,constant_vector,5000
MRPS23+ctrl,trishift_pearson_delta,0.49353545775596719,,20
MRPS23+ctrl,systema_pearson,-0.22068569920226316,,20
MRPS25+ctrl,txpert_macro_pearson_delta,,constant_vector,5000
MRPS25+ctrl,trishift_pearson_delta,-0.29576143368305852,,20
MRPS25+ctrl,systema_pearson,-0.52134349539969638,,20
MRPS30+ctrl,txpert_macro_pearson_delta,,constant_vector,5000
MRPS30+ctrl,trishift_pearson_delta,0.42835644941944745,,20
MRPS30+ctrl,systema_pearson,0.087849169769022115,,20
MRPS35+ctrl,txpert_macro_pearson_delta,,constant_vector,5000
MRPS35+ctrl,trishift_pearson_delta,-0.022570252245558996,,20
MRPS35+ctrl,systema_pearson,-0.47306521771222176,,20
MT2A+ctrl,txpert_macro_pearson_delta,,constant_vector,5000
MT2A+ctrl,trishift_pearson_delta,-0.76691356916483744,,20
MT2A+ctrl,systema_pearson,-0.10692788812461804,,20
MVD+ctrl,txpert_macro_pearson_delta,,constant_vector,5000
MVD+ctrl,trishift_pearson_delta,-0.59075631742573054,,20
MVD+ctrl,systema_pearson,-0.51399660143879999,,20
NAA10+ctrl,txpert_macro_pearson_delta,,constant_vector,5000
NAA10+ctrl,trishift_pearson_delta,0.036388880485776723,,20
NAA10+ctrl,systema_pearson,-0.69699051449048022,,20
NAA25+ctrl,txpert_macro_pearson_delta,,constant_vector,5000
NAA25+ctrl,trishift_pearson_delta,-0.37345744788231383,,20
NAA25+ctrl,systema_pearson,-0.25891046030980785,,20
NAF1+ctrl,txpert_macro_pearson_delta,,constant_vector,5000
NAF1+ctrl,trishift_pearson_delta,0.13828981169121168,,20
NAF1+ctrl,systema_pearson,0.22784277392700472,,20
NARS+ctrl,txpert_macro_pearson_delta,,constant_vector,5000
NARS+ctrl,trishift_pearson_delta,0.70176090387738921,,20
NARS+ctrl,systema_pearson,-0.73950556293766867,,20
NBPF12+ctrl,txpert_macro_pearson_delta,,constant_vector,5000
NBPF12+ctrl,trishift_pearson_delta,-0.36766881969507414,,20
NBPF12+ctrl,systema_pearson,0.96882497426742697,,20
NBPF3+ctrl,txpert_macro_pearson_delta,,constant_vector,5000
NBPF3+ctrl,trishift_pearson_delta,0.31284867275718325,,20
NBPF3+ctrl,systema_pearson,0.15731832459334338,,20
NCAPD2+ctrl,txpert_macro_pearson_delta,,constant_vector,5000
NCAPD2+ctrl,trishift_pearson_delta,0.31140552169633645,,20
NCAPD2+ctrl,systema_pearson,0.51347649408030416,,20
NCAPH+ctrl,txpert_macro_pearson_delta,,constant_vector,5000
NCAPH+ctrl,trishift_pearson_delta,-0.29640914455393635,,20
NCAPH+ctrl,systema_pearson,-0.90322153429986196,,20
NCOA4+ctrl,txpert_macro_pearson_delta,,constant_vector,5000
NCOA4+ctrl,trishift_pearson_delta,0.26422792136712409,,20
NCOA4+ctrl,systema_pearson,-0.12081115826412672,,20
NDC80+ctrl,txpert_macro_pearson_delta,,constant_vector,5000
NDC80+ctrl,trishift_pearson_delta,0.58673389446369684,,20
NDC80+ctrl,systema_pearson,0.72780087738564914,,20
NDUFA11+ctrl,txpert_macro_pearson_delta,,constant_vector,5000
NDUFA11+ctrl,trishift_pearson_delta,0.80389035402719577,,20
NDUFA11+ctrl,systema_pearson,-0.33987208387643425,,20
NDUFA3+ctrl,txpert_macro_pearson_delta,,constant_vector,5000
NDUFA3+ctrl,trishift_pearson_delta,0.28313482819429281,,20
NDUFA3+ctrl,systema_pearson,-0.44445566142284654,,20
NDUFA4+ctrl,txpert_macro_pearson_delta,,constant_vector,5000
NDUFA4+ctrl,trishift_pearson_delta,0.50246627781847097,,20
NDUFA4+ctrl,systema_pearson,0.76473348386418305,,20
NDUFA6+ctrl,txpert_macro_pearson_delta,,constant_vector,5000
NDUFA6+ctrl,trishift_pearson_delta,-0.79566003123603768,,20
NDUFA6+ctrl,systema_pearson,-0.56378558161389714,,20
NDUFB10+ctrl,txpert_macro_pearson_delta,,constant_vector,5000
NDUFB10+ctrl,trishift_pearson_delta,0.18838486820301004,,20
NDUFB10+ctrl,systema_pearson,-0.52034256665080048,,20
NDUFB7+ctrl,txpert_macro_pearson_delta,,constant_vector,5000
NDUFB7+ctrl,trishift_pearson_delta,-0.038968622664385395,,20
NDUFB7+ctrl,systema_pearson,-0.026339156079410196,,20
NDUFB8+ctrl,txpert_macro_pearson_delta,,constant_vector,5000
NDUFB8+ctrl,trishift_pearson_delta,0.77041249418034619,,20
NDUFB8+ctrl,systema_pearson,0.60558987730988545,,20
NDUFV2+ctrl,txpert_macro_pearson_delta,,constant_vector,5000
NDUFV2+ctrl,trishift_pearson_delta,0.39910843210067593,,20
NDUFV2+ctrl,systema_pearson,-0.025498043646232101,,20
NEDD1+ctrl,txpert_macro_pearson_delta,,constant_vector,5000
NEDD1+ctrl,trishift_pearson_delta,-0.45154223434270158,,20
NEDD1+ctrl,systema_pearson,-0.26339193112875336,,20
NELFB+ctrl,txpert_macro_pearson_delta,,constant_vector,5000
NELFB+ctrl,trishift_pearson_delta,-0.26774888632876581,,20
NELFB+ctrl,systema_pearson,-0.17710028343817028,,20
NFS1+ctrl,txpert_macro_pearson_delta,,constant_vector,5000
NFS1+ctrl,trishift_pearson_delta,0.17613121216623898,,20
NFS1+ctrl,systema_pearson,0.35340170422280814,,20
NIFK+ctrl,txpert_macro_pearson_delta,,constant_vector,5000
NIFK+ctrl,trishift_pearson_delta,-0.21521570020440675,,20
NIFK+ctrl,systema_pearson,-0.59378409364626272,,20
NKX6-1+ctrl,txpert_macro_pearson_delta,,constant_vector,5000
NKX6-1+ctrl,trishift_pearson_delta,0.33719738793421256,,20
NKX6-1+ctrl,systema_pearson,-0.33667978201109949,,20
NLE1+ctrl,txpert_macro_pearson_delta,,constant_vector,5000
NLE1+ctrl,trishift_pearson_delta,0.18031224398188131,,20
NLE1+ctrl,systema_pearson,-0.50772532031758943,,20
NMD3+ctrl,txpert_macro_pearson_delta,,constant_vector,5000
NMD3+ctrl,trishift_pearson_delta,0.38776198113029187,,20
NMD3+ctrl,systema_pearson,-0.48053643140007252,,20
NOC4L+ctrl,txpert_macro_pearson_delta,,constant_vector,5000
NOC4L+ctrl,trishift_pearson_delta,-0.42746581849103937,,20
NOC4L+ctrl,systema_pearson,-0.32696976706464181,,20
NOL6+ctrl,txpert_macro_pearson_delta,,constant_vector,5000
NOL6+ctrl,trishift_pearson_delta,0.15165487570349034,,20
NOL6+ctrl,systema_pearson,-0.38874132061382299,,20
NOL9+ctrl,txpert_macro_pearson_delta,,constant_vector,5000
NOL9+ctrl,trishift_pearson_delta,-0.70781778230198655,,20
NOL9+ctrl,systema_pearson,-0.8856224139577481,,20
NOLC1+ctrl,txpert_macro_pearson_delta,,constant_vector,5000
NOLC1+ctrl,trishift_pearson_delta,0.025305330911984853,,20
NOLC1+ctrl,systema_pearson,-0.27256245979465787,,20
NOP16+ctrl,txpert_macro_pearson_delta,,constant_vector,5000
NOP16+ctrl,trishift_pearson_delta,0.60814759324754131,,20
NOP16+ctrl,systema_pearson,-0.53729498164066247,,20
NSA2+ctrl,txpert_macro_pearson_delta,,constant_vector,5000
NSA2+ctrl,trishift_pearson_delta,-0.54668132251333568,,20
NSA2+ctrl,systema_pearson,-0.8155755605110403,,20
NSMCE1+ctrl,txpert_macro_pearson_delta,,constant_vector,5000
NSMCE1+ctrl,trishift_pearson_delta,-0.41662037264961271,,20
NSMCE1+ctrl,systema_pearson,0.090137595536013526,,20
NSMCE2+ctrl,txpert_macro_pearson_delta,,constant_vector,5000
NSMCE2+ctrl,trishift_pearson_delta,-0.38855402170755743,,20
NSMCE2+ctrl,systema_pearson,-0.51834807217201206,,20
NSRP1+ctrl,txpert_macro_pearson_delta,,constant_vector,5000
NSRP1+ctrl,trishift_pearson_delta,0.40496496188006281,,20
NSRP1+ctrl,systema_pearson,-0.44626917195987353,,20
NSUN4+ctrl,txpert_macro_pearson_delta,,constant_vector,5000
NSUN4+ctrl,trishift_pearson_delta,-0.20923023707985525,,20
NSUN4+ctrl,systema_pearson,0.77876873318704298,,20
NUB1+ctrl,txpert_macro_pearson_delta,,constant_vector,5000
NUB1+ctrl,trishift_pearson_delta,-0.52132869323698861,,20
NUB1+ctrl,systema_pearson,-0.0031155611541865752,,20
NUDCD3+ctrl,txpert_macro_pearson_delta,,constant_vector,5000
NUDCD3+ctrl,trishift_pearson_delta,0.72509172436013047,,20
NUDCD3+ctrl,systema_pearson,0.6386293135594151,,20
NUDT15+ctrl,txpert_macro_pearson_delta,,constant_vector,5000
NUDT15+ctrl,trishift_pearson_delta,0.53178477758204978,,20
NUDT15+ctrl,systema_pearson,0.0841631018335222,,20
NUP153+ctrl,txpert_macro_pearson_delta,,constant_vector,5000
NUP153+ctrl,trishift_pearson_delta,0.33141540675044412,,20
NUP153+ctrl,systema_pearson,0.10320228467171244,,20
NUP205+ctrl,txpert_macro_pearson_delta,,constant_vector,5000
NUP205+ctrl,trishift_pearson_delta,-0.40885444601589571,,20
NUP205+ctrl,systema_pearson,-0.4084012273724415,,20
NUP43+ctrl,txpert_macro_pearson_delta,,constant_vector,5000
NUP43+ctrl,trishift_pearson_delta,-0.11537025940290653,,20
NUP43+ctrl,systema_pearson,-0.22561651189318646,,20
NUTF2+ctrl,txpert_macro_pearson_delta,,constant_vector,5000
NUTF2+ctrl,trishift_pearson_delta,0.22210138815038677,,20
NUTF2+ctrl,systema_pearson,0.39322474306807487,,20
NVL+ctrl,txpert_macro_pearson_delta,,constant_vector,5000
NVL+ctrl,trishift_pearson_delta,-0.47989051884126482,,20
NVL+ctrl,systema_pearson,-0.85017959378619878,,20
OIP5+ctrl,txpert_macro_pearson_delta,,constant_vector,5000
OIP5+ctrl,trishift_pearson_delta,-0.513429262393164,,20
OIP5+ctrl,systema_pearson,-0.40360794424696395,,20
OR1D2+ctrl,txpert_macro_pearson_delta,,constant_vector,5000
OR1D2+ctrl,trishift_pearson_delta,-0.0050491812986844025,,20
OR1D2+ctrl,systema_pearson,0.28370160504546232,,20
OR1E2+ctrl,txpert_macro_pearson_delta,,constant_vector,5000
OR1E2+ctrl,trishift_pearson_delta,0.34641793664039133,,20
OR1E2+ctrl,systema_pearson,0.58475149565074636,,20
OR2A1+ctrl,txpert_macro_pearson_delta,,constant_vector,5000
OR2A1+ctrl,trishift_pearson_delta,0.10349989161681197,,20
OR2A1+ctrl,systema_pearson,-0.29592008831897915,,20
OR4N2+ctrl,txpert_macro_pearson_delta,,constant_vector,5000
OR4N2+ctrl,trishift_pearson_delta,0.21541190841936941,,20
OR4N2+ctrl,systema_pearson,0.50422429550449699,,20
OR7A17+ctrl,txpert_macro_pearson_delta,,constant_vector,5000
OR7A17+ctrl,trishift_pearson_delta,0.26569087951929271,,20
OR7A17+ctrl,systema_pearson,0.57658140937533053,,20
PAK1IP1+ctrl,txpert_macro_pearson_delta,,constant_vector,5000
PAK1IP1+ctrl,trishift_pearson_delta,-0.27968682633480352,,20
PAK1IP1+ctrl,systema_pearson,-0.8428861872934712,,20
PAXBP1+ctrl,txpert_macro_pearson_delta,,constant_vector,5000
PAXBP1+ctrl,trishift_pearson_delta,0.71620341422230194,,20
PAXBP1+ctrl,systema_pearson,-0.79828594482687287,,20
PCBP1+ctrl,txpert_macro_pearson_delta,,constant_vector,5000
PCBP1+ctrl,trishift_pearson_delta,0.53309883039705874,,20
PCBP1+ctrl,systema_pearson,-0.57835512616946338,,20
PCF11+ctrl,txpert_macro_pearson_delta,,constant_vector,5000
PCF11+ctrl,trishift_pearson_delta,-0.31468318669907835,,20
PCF11+ctrl,systema_pearson,-0.22622041697176742,,20
PCM1+ctrl,txpert_macro_pearson_delta,,constant_vector,5000
PCM1+ctrl,trishift_pearson_delta,-0.19228822450319613,,20
PCM1+ctrl,systema_pearson,-0.47522640216124573,,20
PDAP1+ctrl,txpert_macro_pearson_delta,,constant_vector,5000
PDAP1+ctrl,trishift_pearson_delta,-0.60528734660756189,,20
PDAP1+ctrl,systema_pearson,-0.71826198590421664,,20
PDCD7+ctrl,txpert_macro_pearson_delta,,constant_vector,5000
PDCD7+ctrl,trishift_pearson_delta,0.30971665499244533,,20
PDCD7+ctrl,systema_pearson,-0.010266039732960414,,20
PDHA1+ctrl,txpert_macro_pearson_delta,,constant_vector,5000
PDHA1+ctrl,trishift_pearson_delta,0.0395394346222172,,20
PDHA1+ctrl,systema_pearson,-0.726065459276384,,20
PDRG1+ctrl,txpert_macro_pearson_delta,,constant_vector,5000
PDRG1+ctrl,trishift_pearson_delta,-0.40555899222058378,,20
PDRG1+ctrl,systema_pearson,-0.93487908271964049,,20
PEX1+ctrl,txpert_macro_pearson_delta,,constant_vector,5000
PEX1+ctrl,trishift_pearson_delta,-0.62070154714069292,,20
PEX1+ctrl,systema_pearson,-0.63484781737584806,,20
PFDN6+ctrl,txpert_macro_pearson_delta,,constant_vector,5000
PFDN6+ctrl,trishift_pearson_delta,0.33218079896766445,,20
PFDN6+ctrl,systema_pearson,-0.45480513746814732,,20
PGAM1+ctrl,txpert_macro_pearson_delta,,constant_vector,5000
PGAM1+ctrl,trishift_pearson_delta,0.051287600625157422,,20
PGAM1+ctrl,systema_pearson,-0.65290797618299845,,20
PGD+ctrl,txpert_macro_pearson_delta,,constant_vector,5000
PGD+ctrl,trishift_pearson_delta,0.49674408488505623,,20
PGD+ctrl,systema_pearson,-0.39596882970141545,,20
PGPEP1+ctrl,txpert_macro_pearson_delta,,constant_vector,5000
PGPEP1+ctrl,trishift_pearson_delta,0.22865701958732851,,20
PGPEP1+ctrl,systema_pearson,0.24923065945096098,,20
PIAS4+ctrl,txpert_macro_pearson_delta,,constant_vector,5000
PIAS4+ctrl,trishift_pearson_delta,-0.44372583929845039,,20
PIAS4+ctrl,systema_pearson,-0.55654027739560363,,20
PIGH+ctrl,txpert_macro_pearson_delta,,constant_vector,5000
PIGH+ctrl,trishift_pearson_delta,0.19350487116039192,,20
PIGH+ctrl,systema_pearson,-0.59732871343779859,,20
PIK3R4+ctrl,txpert_macro_pearson_delta,,constant_vector,5000
PIK3R4+ctrl,trishift_pearson_delta,-0.52165218507580657,,20
PIK3R4+ctrl,systema_pearson,-0.43993495066862837,,20
PLEKHN1+ctrl,txpert_macro_pearson_delta,,constant_vector,5000
PLEKHN1+ctrl,trishift_pearson_delta,-0.24477307450743208,,20
PLEKHN1+ctrl,systema_pearson,-0.024204097555709927,,20
PMF1+ctrl,txpert_macro_pearson_delta,,constant_vector,5000
PMF1+ctrl,trishift_pearson_delta,-0.11496718099510796,,20
PMF1+ctrl,systema_pearson,-0.28052711931138602,,20
PMPCB+ctrl,txpert_macro_pearson_delta,,constant_vector,5000
PMPCB+ctrl,trishift_pearson_delta,0.70765527570454734,,20
PMPCB+ctrl,systema_pearson,-0.32266467573318253,,20
PNISR+ctrl,txpert_macro_pearson_delta,,constant_vector,5000
PNISR+ctrl,trishift_pearson_delta,0.044569082849162778,,19
PNISR+ctrl,systema_pearson,-0.54837669798395716,,19
PNPT1+ctrl,txpert_macro_pearson_delta,,constant_vector,5000
PNPT1+ctrl,trishift_pearson_delta,-0.059036055525504824,,20
PNPT1+ctrl,systema_pearson,-0.58945491173172659,,20
POLA2+ctrl,txpert_macro_pearson_delta,,constant_vector,5000
POLA2+ctrl,trishift_pearson_delta,0.036793491812119647,,20
POLA2+ctrl,systema_pearson,0.17950532925778759,,20
POLD3+ctrl,txpert_macro_pearson_delta,,constant_vector,5000
POLD3+ctrl,trishift_pearson_delta,0.43037394505771553,,20
POLD3+ctrl,systema_pearson,-0.80896056688656948,,20
POLG2+ctrl,txpert_macro_pearson_delta,,constant_vector,5000
POLG2+ctrl,trishift_pearson_delta,-0.169480340512393,,20
POLG2+ctrl,systema_pearson,-0.58436313104749671,,20
POLR2D+ctrl,txpert_macro_pearson_delta,,constant_vector,5000
POLR2D+ctrl,trishift_pearson_delta,0.16188271880274668,,20
POLR2D+ctrl,systema_pearson,-0.59659309418015438,,20
POLR2I+ctrl,txpert_macro_pearson_delta,,constant_vector,5000
POLR2I+ctrl,trishift_pearson_delta,0.56502380189573487,,20
POLR2I+ctrl,systema_pearson,-0.57389351082959061,,20
POLR2M+ctrl,txpert_macro_pearson_delta,,constant_vector,5000
POLR2M+ctrl,trishift_pearson_delta,-0.15725780801080003,,20
POLR2M+ctrl,systema_pearson,-0.70415341889146721,,20
POLR3D+ctrl,txpert_macro_pearson_delta,,constant_vector,5000
POLR3D+ctrl,trishift_pearson_delta,-0.23139341884314951,,20
POLR3D+ctrl,systema_pearson,-0.8468226929729713,,20
POLR3F+ctrl,txpert_macro_pearson_delta,,constant_vector,5000
POLR3F+ctrl,trishift_pearson_delta,0.025997958698936393,,20
POLR3F+ctrl,systema_pearson,-0.90328688689172398,,20
PPIE+ctrl,txpert_macro_pearson_delta,,constant_vector,5000
PPIE+ctrl,trishift_pearson_delta,-0.17584645042539043,,20
PPIE+ctrl,systema_pearson,-0.71197696664005239,,20
PRIM2+ctrl,txpert_macro_pearson_delta,,constant_vector,5000
PRIM2+ctrl,trishift_pearson_delta,-0.32118340604763168,,20
PRIM2+ctrl,systema_pearson,-0.39890777750173922,,20
PRODH+ctrl,txpert_macro_pearson_delta,,constant_vector,5000
PRODH+ctrl,trishift_pearson_delta,0.21628545511718042,,20
PRODH+ctrl,systema_pearson,0.095209652144940496,,20
PRPF18+ctrl,txpert_macro_pearson_delta,,constant_vector,5000
PRPF18+ctrl,trishift_pearson_delta,0.050283625622236462,,20
PRPF18+ctrl,systema_pearson,-0.71019371508249274,,20
PRPF19+ctrl,txpert_macro_pearson_delta,,constant_vector,5000
PRPF19+ctrl,trishift_pearson_delta,-0.20429351760298348,,20
PRPF19+ctrl,systema_pearson,-0.80978279354723881,,20
PRPF39+ctrl,txpert_macro_pearson_delta,,constant_vector,5000
PRPF39+ctrl,trishift_pearson_delta,0.66956760916335234,,20
PRPF39+ctrl,systema_pearson,-0.097043747995007312,,20
PRPF40A+ctrl,txpert_macro_pearson_delta,,constant_vector,5000
PRPF40A+ctrl,trishift_pearson_delta,-0.070652613652944757,,20
PRPF40A+ctrl,systema_pearson,-0.74843478100880978,,20
PSMA2+ctrl,txpert_macro_pearson_delta,,constant_vector,5000
PSMA2+ctrl,trishift_pearson_delta,0.051888735492453382,,20
PSMA2+ctrl,systema_pearson,-0.32647528061872011,,20
PSMA4+ctrl,txpert_macro_pearson_delta,,constant_vector,5000
PSMA4+ctrl,trishift_pearson_delta,-0.037262475979150993,,20
PSMA4+ctrl,systema_pearson,0.33742936612006175,,20
PSMA5+ctrl,txpert_macro_pearson_delta,,constant_vector,5000
PSMA5+ctrl,trishift_pearson_delta,0.29261314895676577,,20
PSMA5+ctrl,systema_pearson,-0.04364271645196733,,20
PSMA6+ctrl,txpert_macro_pearson_delta,,constant_vector,5000
PSMA6+ctrl,trishift_pearson_delta,-0.042428628423815742,,20
PSMA6+ctrl,systema_pearson,0.17316445182805321,,20
PSMB1+ctrl,txpert_macro_pearson_delta,,constant_vector,5000
PSMB1+ctrl,trishift_pearson_delta,-0.071069800644551331,,20
PSMB1+ctrl,systema_pearson,0.26523051928292857,,20
PSMB2+ctrl,txpert_macro_pearson_delta,,constant_vector,5000
PSMB2+ctrl,trishift_pearson_delta,-0.20971612881407095,,20
PSMB2+ctrl,systema_pearson,-0.18628997739415024,,20
PSMB3+ctrl,txpert_macro_pearson_delta,,constant_vector,5000
PSMB3+ctrl,trishift_pearson_delta,0.097750965915947036,,20
PSMB3+ctrl,systema_pearson,0.33030221446360253,,20
PSMB5+ctrl,txpert_macro_pearson_delta,,constant_vector,5000
PSMB5+ctrl,trishift_pearson_delta,-0.10501851005184822,,20
PSMB5+ctrl,systema_pearson,0.15227891219431247,,20
PSMC4+ctrl,txpert_macro_pearson_delta,,constant_vector,5000
PSMC4+ctrl,trishift_pearson_delta,0.22143504838751504,,20
PSMC4+ctrl,systema_pearson,0.14467201848935754,,20
PSMD11+ctrl,txpert_macro_pearson_delta,,constant_vector,5000
PSMD11+ctrl,trishift_pearson_delta,-0.10502886620996447,,20
PSMD11+ctrl,systema_pearson,0.39192185354109693,,20
PSMD12+ctrl,txpert_macro_pearson_delta,,constant_vector,5000
PSMD12+ctrl,trishift_pearson_delta,-0.19460467204684873,,20
PSMD12+ctrl,systema_pearson,-0.24762974015343139,,20
PSMD2+ctrl,txpert_macro_pearson_delta,,constant_vector,5000
PSMD2+ctrl,trishift_pearson_delta,0.57498644036184088,,20
PSMD2+ctrl,systema_pearson,0.58911640402014642,,20
PSMD3+ctrl,txpert_macro_pearson_delta,,constant_vector,5000
PSMD3+ctrl,trishift_pearson_delta,,de_unavailable:insufficient_truth_cells_for_t_test:n=1,0
PSMD3+ctrl,systema_pearson,,de_unavailable:insufficient_truth_cells_for_t_test:n=1,0
PSMD4+ctrl,txpert_macro_pearson_delta,,constant_vector,5000
PSMD4+ctrl,trishift_pearson_delta,0.30461173939415032,,20
PSMD4+ctrl,systema_pearson,-0.41213467850024582,,20
PSMD7+ctrl,txpert_macro_pearson_delta,,constant_vector,5000
PSMD7+ctrl,trishift_pearson_delta,-0.080397078463770741,,20
PSMD7+ctrl,systema_pearson,0.10997904221055513,,20
PSMD8+ctrl,txpert_macro_pearson_delta,,constant_vector,5000
PSMD8+ctrl,trishift_pearson_delta,0.42860319530709617,,20
PSMD8+ctrl,systema_pearson,0.45843683507945621,,20
PSME2+ctrl,txpert_macro_pearson_delta,,constant_vector,5000
PSME2+ctrl,trishift_pearson_delta,-0.08975277272030735,,19
PSME2+ctrl,systema_pearson,0.29093223349812736,,19
PSTK+ctrl,txpert_macro_pearson_delta,,constant_vector,5000
PSTK+ctrl,trishift_pearson_delta,-0.24509774720070276,,20
PSTK+ctrl,systema_pearson,-0.39674861882378032,,20
PTCD3+ctrl,txpert_macro_pearson_delta,,constant_vector,5000
PTCD3+ctrl,trishift_pearson_delta,0.35706540920350599,,20
PTCD3+ctrl,systema_pearson,-0.54195036146098263,,20
PTPMT1+ctrl,txpert_macro_pearson_delta,,constant_vector,5000
PTPMT1+ctrl,trishift_pearson_delta,-0.51794249793576241,,20
PTPMT1+ctrl,systema_pearson,-0.40659427842330376,,20
PTPN23+ctrl,txpert_macro_pearson_delta,,constant_vector,5000
PTPN23+ctrl,trishift_pearson_delta,-0.20208136188968295,,20
PTPN23+ctrl,systema_pearson,-0.41720625175328468,,20
PUF60+ctrl,txpert_macro_pearson_delta,,constant_vector,5000
PUF60+ctrl,trishift_pearson_delta,-0.055819107726392078,,20
PUF60+ctrl,systema_pearson,0.11548857267121318,,20
PWP2+ctrl,txpert_macro_pearson_delta,,constant_vector,5000
PWP2+ctrl,trishift_pearson_delta,0.068890625548898798,,20
PWP2+ctrl,systema_pearson,-0.036688012868787208,,20
PYROXD1+ctrl,txpert_macro_pearson_delta,,constant_vector,5000
PYROXD1+ctrl,trishift_pearson_delta,0.45504477124129994,,20
PYROXD1+ctrl,systema_pearson,0.19625555144760337,,20
PYURF+ctrl,txpert_macro_pearson_delta,,constant_vector,5000
PYURF+ctrl,trishift_pearson_delta,0.09520881124235378,,20
PYURF+ctrl,systema_pearson,-0.74789811571576015,,20
RAB4B+ctrl,txpert_macro_pearson_delta,,constant_vector,5000
RAB4B+ctrl,trishift_pearson_delta,-0.12927934491673942,,20
RAB4B+ctrl,systema_pearson,-0.41889547181861608,,20
RAD51+ctrl,txpert_macro_pearson_delta,,constant_vector,5000
RAD51+ctrl,trishift_pearson_delta,-0.56548935039298986,,20
RAD51+ctrl,systema_pearson,-0.40012022479876397,,20
RAD51C+ctrl,txpert_macro_pearson_delta,,constant_vector,5000
RAD51C+ctrl,trishift_pearson_delta,0.38701796830250795,,20
RAD51C+ctrl,systema_pearson,0.18793381450397051,,20
RAD51D+ctrl,txpert_macro_pearson_delta,,constant_vector,5000
RAD51D+ctrl,trishift_pearson_delta,-0.028182642019564209,,20
RAD51D+ctrl,systema_pearson,0.20549914733239422,,20
RANGAP1+ctrl,txpert_macro_pearson_delta,,constant_vector,5000
RANGAP1+ctrl,trishift_pearson_delta,-0.46938754397987448,,20
RANGAP1+ctrl,systema_pearson,-0.44765477253294589,,20
RARS+ctrl,txpert_macro_pearson_delta,,constant_vector,5000
RARS+ctrl,trishift_pearson_delta,0.12854449105682084,,20
RARS+ctrl,systema_pearson,-0.92246520976682,,20
RARS2+ctrl,txpert_macro_pearson_delta,,constant_vector,5000
RARS2+ctrl,trishift_pearson_delta,0.1573397616486808,,20
RARS2+ctrl,systema_pearson,-0.15378337153625679,,20
RBM12+ctrl,txpert_macro_pearson_delta,,constant_vector,5000
RBM12+ctrl,trishift_pearson_delta,0.43098659487906843,,20
RBM12+ctrl,systema_pearson,-0.81745924245472923,,20
RBM25+ctrl,txpert_macro_pearson_delta,,constant_vector,5000
RBM25+ctrl,trishift_pearson_delta,0.10243786868321926,,20
RBM25+ctrl,systema_pearson,-0.5445635352979038,,20
RBM42+ctrl,txpert_macro_pearson_delta,,constant_vector,5000
RBM42+ctrl,trishift_pearson_delta,-0.40912285115316044,,20
RBM42+ctrl,systema_pearson,-0.82630376645143333,,20
RBM8A+ctrl,txpert_macro_pearson_delta,,constant_vector,5000
RBM8A+ctrl,trishift_pearson_delta,0.27294465077534802,,20
RBM8A+ctrl,systema_pearson,-0.014268764033035333,,20
RBMXL1+ctrl,txpert_macro_pearson_delta,,constant_vector,5000
RBMXL1+ctrl,trishift_pearson_delta,-0.22213685456738047,,20
RBMXL1+ctrl,systema_pearson,-0.092074760623673008,,20
RCL1+ctrl,txpert_macro_pearson_delta,,constant_vector,5000
RCL1+ctrl,trishift_pearson_delta,-0.076748680056145782,,20
RCL1+ctrl,systema_pearson,0.12322715161725853,,20
REV3L+ctrl,txpert_macro_pearson_delta,,constant_vector,5000
REV3L+ctrl,trishift_pearson_delta,0.36226958896878564,,20
REV3L+ctrl,systema_pearson,0.43395107737380156,,20
RHOQ+ctrl,txpert_macro_pearson_delta,,constant_vector,5000
RHOQ+ctrl,trishift_pearson_delta,0.44509738519232672,,20
RHOQ+ctrl,systema_pearson,0.76716031927141293,,20
RHPN1+ctrl,txpert_macro_pearson_delta,,constant_vector,5000
RHPN1+ctrl,trishift_pearson_delta,-0.54489382730870861,,20
RHPN1+ctrl,systema_pearson,-0.47675751328137711,,20
RMI1+ctrl,txpert_macro_pearson_delta,,constant_vector,5000
RMI1+ctrl,trishift_pearson_delta,0.26281724979521198,,20
RMI1+ctrl,systema_pearson,0.47168231782751985,,20
RNF4+ctrl,txpert_macro_pearson_delta,,constant_vector,5000
RNF4+ctrl,trishift_pearson_delta,0.088241473795290057,,20
RNF4+ctrl,systema_pearson,-0.32244658275302712,,20
RNGTT+ctrl,txpert_macro_pearson_delta,,constant_vector,5000
RNGTT+ctrl,trishift_pearson_delta,0.010925144690411481,,20
RNGTT+ctrl,systema_pearson,-0.65967733671808326,,20
RPAIN+ctrl,txpert_macro_pearson_delta,,constant_vector,5000
RPAIN+ctrl,trishift_pearson_delta,-0.30332495461320952,,20
RPAIN+ctrl,systema_pearson,0.12218247096356649,,20
RPAP3+ctrl,txpert_macro_pearson_delta,,constant_vector,5000
RPAP3+ctrl,trishift_pearson_delta,0.53740970620450013,,20
RPAP3+ctrl,systema_pearson,-0.56214080566305602,,20
RPE+ctrl,txpert_macro_pearson_delta,,constant_vector,5000
RPE+ctrl,trishift_pearson_delta,0.45416715391168211,,20
RPE+ctrl,systema_pearson,0.012349583748262487,,20
RPL11+ctrl,txpert_macro_pearson_delta,,constant_vector,5000
RPL11+ctrl,trishift_pearson_delta,-0.46193902258363434,,20
RPL11+ctrl,systema_pearson,-0.82032012400187548,,20
RPL15+ctrl,txpert_macro_pearson_delta,,constant_vector,5000
RPL15+ctrl,trishift_pearson_delta,-0.21715374519852379,,20
RPL15+ctrl,systema_pearson,-0.23369740065435243,,20
RPL28+ctrl,txpert_macro_pearson_delta,,constant_vector,5000
RPL28+ctrl,trishift_pearson_delta,0.70723163867919669,,20
RPL28+ctrl,systema_pearson,0.015930663602104898,,20
RPL37+ctrl,txpert_macro_pearson_delta,,constant_vector,5000
RPL37+ctrl,trishift_pearson_delta,0.28820278668673116,,19
RPL37+ctrl,systema_pearson,-0.89174795396599149,,19
RPL7+ctrl,txpert_macro_pearson_delta,,constant_vector,5000
RPL7+ctrl,trishift_pearson_delta,-0.067740300115133711,,20
RPL7+ctrl,systema_pearson,-0.8194473386026957,,20
RPL8+ctrl,txpert_macro_pearson_delta,,constant_vector,5000
RPL8+ctrl,trishift_pearson_delta,-0.28131531746834587,,20
RPL8+ctrl,systema_pearson,-0.85696511469379544,,20
RPN2+ctrl,txpert_macro_pearson_delta,,constant_vector,5000
RPN2+ctrl,trishift_pearson_delta,0.033987733914191215,,20
RPN2+ctrl,systema_pearson,0.11522435638166054,,20
RPP14+ctrl,txpert_macro_pearson_delta,,constant_vector,5000
RPP14+ctrl,trishift_pearson_delta,-0.0053186923651893283,,20
RPP14+ctrl,systema_pearson,0.22885852790541264,,20
RPP21+ctrl,txpert_macro_pearson_delta,,constant_vector,5000
RPP21+ctrl,trishift_pearson_delta,-0.17058638996230013,,20
RPP21+ctrl,systema_pearson,0.2453348669712557,,20
RPP38+ctrl,txpert_macro_pearson_delta,,constant_vector,5000
RPP38+ctrl,trishift_pearson_delta,0.29522390625305817,,20
RPP38+ctrl,systema_pearson,-0.71967933334971179,,20
RPP40+ctrl,txpert_macro_pearson_delta,,constant_vector,5000
RPP40+ctrl,trishift_pearson_delta,-0.26387090039836375,,20
RPP40+ctrl,systema_pearson,-0.19721167372031284,,20
RPRD1B+ctrl,txpert_macro_pearson_delta,,constant_vector,5000
RPRD1B+ctrl,trishift_pearson_delta,-0.080896500999345117,,20
RPRD1B+ctrl,systema_pearson,-0.48452777230640931,,20
RPS10+ctrl,txpert_macro_pearson_delta,,constant_vector,5000
RPS10+ctrl,trishift_pearson_delta,0.20206717062900439,,20
RPS10+ctrl,systema_pearson,-0.21487049252694301,,20
RPS10-NUDT3+ctrl,txpert_macro_pearson_delta,,constant_vector,5000
RPS10-NUDT3+ctrl,trishift_pearson_delta,-0.059740513459926994,,20
RPS10-NUDT3+ctrl,systema_pearson,-0.3615205921953879,,20
RPS11+ctrl,txpert_macro_pearson_delta,,constant_vector,5000
RPS11+ctrl,trishift_pearson_delta,-0.088323267180827655,,20
RPS11+ctrl,systema_pearson,-0.78472499634624804,,20
RPS12+ctrl,txpert_macro_pearson_delta,,constant_vector,5000
RPS12+ctrl,trishift_pearson_delta,-0.062986394683867686,,19
RPS12+ctrl,systema_pearson,-0.88395962595511579,,19
RPS13+ctrl,txpert_macro_pearson_delta,,constant_vector,5000
RPS13+ctrl,trishift_pearson_delta,0.22415162330978719,,20
RPS13+ctrl,systema_pearson,-0.64615515233508347,,20
RPS17+ctrl,txpert_macro_pearson_delta,,constant_vector,5000
RPS17+ctrl,trishift_pearson_delta,0.014132547591698274,,20
RPS17+ctrl,systema_pearson,-0.53384757790235748,,20
RPS19+ctrl,txpert_macro_pearson_delta,,constant_vector,5000
RPS19+ctrl,trishift_pearson_delta,0.57315705641249415,,20
RPS19+ctrl,systema_pearson,-0.82964417365852949,,20
RPS19BP1+ctrl,txpert_macro_pearson_delta,,constant_vector,5000
RPS19BP1+ctrl,trishift_pearson_delta,-0.073595037499298147,,20
RPS19BP1+ctrl,systema_pearson,0.36501053712628861,,20
RPS2+ctrl,txpert_macro_pearson_delta,,constant_vector,5000
RPS2+ctrl,trishift_pearson_delta,-0.46173615596304968,,20
RPS2+ctrl,systema_pearson,-0.72851522049174766,,20
RPS24+ctrl,txpert_macro_pearson_delta,,constant_vector,5000
RPS24+ctrl,trishift_pearson_delta,0.56769525773927665,,19
RPS24+ctrl,systema_pearson,-0.73150862820037266,,19
RPS27+ctrl,txpert_macro_pearson_delta,,constant_vector,5000
RPS27+ctrl,trishift_pearson_delta,-0.43758285671372787,,19
RPS27+ctrl,systema_pearson,-0.51631292401335105,,19
RPS28+ctrl,txpert_macro_pearson_delta,,constant_vector,5000
RPS28+ctrl,trishift_pearson_delta,0.094673949190737142,,19
RPS28+ctrl,systema_pearson,-0.68546443515222122,,19
RPS29+ctrl,txpert_macro_pearson_delta,,constant_vector,5000
RPS29+ctrl,trishift_pearson_delta,0.19740170886669392,,20
RPS29+ctrl,systema_pearson,-0.85482353937882938,,20
RRN3+ctrl,txpert_macro_pearson_delta,,constant_vector,5000
RRN3+ctrl,trishift_pearson_delta,-0.047148160082954818,,20
RRN3+ctrl,systema_pearson,-0.65888931406318541,,20
RRP7A+ctrl,txpert_macro_pearson_delta,,constant_vector,5000
RRP7A+ctrl,trishift_pearson_delta,0.19469777621848991,,20
RRP7A+ctrl,systema_pearson,0.016964484010540608,,20
RSRC2+ctrl,txpert_macro_pearson_delta,,constant_vector,5000
RSRC2+ctrl,trishift_pearson_delta,-0.55177183457974255,,20
RSRC2+ctrl,systema_pearson,-0.55139914247661737,,20
RUVBL1+ctrl,txpert_macro_pearson_delta,,constant_vector,5000
RUVBL1+ctrl,trishift_pearson_delta,0.55414821035669604,,20
RUVBL1+ctrl,systema_pearson,-0.51153837326811813,,20
SAP130+ctrl,txpert_macro_pearson_delta,,constant_vector,5000
SAP130+ctrl,trishift_pearson_delta,0.15457387950093737,,20
SAP130+ctrl,systema_pearson,-0.099237427539382944,,20
SBDS+ctrl,txpert_macro_pearson_delta,,constant_vector,5000
SBDS+ctrl,trishift_pearson_delta,0.48780950083648739,,20
SBDS+ctrl,systema_pearson,0.58361816769587505,,20
SDAD1+ctrl,txpert_macro_pearson_delta,,constant_vector,5000
SDAD1+ctrl,trishift_pearson_delta,-0.35281691571189977,,20
SDAD1+ctrl,systema_pearson,-0.76398862475298168,,20
SDC1+ctrl,txpert_macro_pearson_delta,,constant_vector,5000
SDC1+ctrl,trishift_pearson_delta,-0.34557874345715395,,20
SDC1+ctrl,systema_pearson,-0.24155645056365468,,20
SDHD+ctrl,txpert_macro_pearson_delta,,constant_vector,5000
SDHD+ctrl,trishift_pearson_delta,-0.38137699796209246,,20
SDHD+ctrl,systema_pearson,0.82395309511684867,,20
SEH1L+ctrl,txpert_macro_pearson_delta,,constant_vector,5000
SEH1L+ctrl,trishift_pearson_delta,0.36519848254628212,,20
SEH1L+ctrl,systema_pearson,0.46957758830267499,,20
SEM1+ctrl,txpert_macro_pearson_delta,,constant_vector,5000
SEM1+ctrl,trishift_pearson_delta,-0.53967296243189122,,20
SEM1+ctrl,systema_pearson,-0.6996032518603621,,20
SEPHS2+ctrl,txpert_macro_pearson_delta,,constant_vector,5000
SEPHS2+ctrl,trishift_pearson_delta,-0.43388348504133434,,20
SEPHS2+ctrl,systema_pearson,-0.29174084946984735,,20
SET+ctrl,txpert_macro_pearson_delta,,constant_vector,5000
SET+ctrl,trishift_pearson_delta,0.30965929184175284,,20
SET+ctrl,systema_pearson,0.19213602522010412,,20
SETD5+ctrl,txpert_macro_pearson_delta,,constant_vector,5000
SETD5+ctrl,trishift_pearson_delta,-0.27970884765349663,,20
SETD5+ctrl,systema_pearson,-0.10696525115749864,,20
SETDB1+ctrl,txpert_macro_pearson_delta,,constant_vector,5000
SETDB1+ctrl,trishift_pearson_delta,0.13702048787504167,,20
SETDB1+ctrl,systema_pearson,-0.23481084264537064,,20
SF3A2+ctrl,txpert_macro_pearson_delta,,constant_vector,5000
SF3A2+ctrl,trishift_pearson_delta,-0.056240782781247889,,20
SF3A2+ctrl,systema_pearson,-0.44870136154078927,,20
SF3B1+ctrl,txpert_macro_pearson_delta,,constant_vector,5000
SF3B1+ctrl,trishift_pearson_delta,-0.24032599999770801,,19
SF3B1+ctrl,systema_pearson,-0.57840279040099574,,19
SF3B4+ctrl,txpert_macro_pearson_delta,,constant_vector,5000
SF3B4+ctrl,trishift_pearson_delta,0.60701255802424292,,20
SF3B4+ctrl,systema_pearson,-0.69643951583333807,,20
SFSWAP+ctrl,txpert_macro_pearson_delta,,constant_vector,5000
SFSWAP+ctrl,trishift_pearson_delta,-0.092091716655187839,,20
SFSWAP+ctrl,systema_pearson,-0.40681742227516526,,20
SGPP1+ctrl,txpert_macro_pearson_delta,,constant_vector,5000
SGPP1+ctrl,trishift_pearson_delta,0.071688589031175406,,20
SGPP1+ctrl,systema_pearson,0.41752887315841886,,20
SIRT7+ctrl,txpert_macro_pearson_delta,,constant_vector,5000
SIRT7+ctrl,trishift_pearson_delta,-0.76875961637070234,,20
SIRT7+ctrl,systema_pearson,-0.75804540612331339,,20
SLBP+ctrl,txpert_macro_pearson_delta,,constant_vector,5000
SLBP+ctrl,trishift_pearson_delta,0.3805266778366253,,20
SLBP+ctrl,systema_pearson,-0.36243004015656277,,20
SLC39A9+ctrl,txpert_macro_pearson_delta,,constant_vector,5000
SLC39A9+ctrl,trishift_pearson_delta,-0.41299201188621415,,20
SLC39A9+ctrl,systema_pearson,-0.67637621100330025,,20
SLC7A5+ctrl,txpert_macro_pearson_delta,,constant_vector,5000
SLC7A5+ctrl,trishift_pearson_delta,0.041616553369876311,,20
SLC7A5+ctrl,systema_pearson,0.52737990934984469,,20
SLU7+ctrl,txpert_macro_pearson_delta,,constant_vector,5000
SLU7+ctrl,trishift_pearson_delta,-0.32938326520531197,,20
SLU7+ctrl,systema_pearson,-0.39104278431299605,,20
SMC1A+ctrl,txpert_macro_pearson_delta,,constant_vector,5000
SMC1A+ctrl,trishift_pearson_delta,0.28450055268609503,,20
SMC1A+ctrl,systema_pearson,-0.30356335991575939,,20
SMG5+ctrl,txpert_macro_pearson_delta,,constant_vector,5000
SMG5+ctrl,trishift_pearson_delta,-0.17835715578646413,,20
SMG5+ctrl,systema_pearson,-0.51242806945971386,,20
SMG9+ctrl,txpert_macro_pearson_delta,,constant_vector,5000
SMG9+ctrl,trishift_pearson_delta,0.13109012327945668,,20
SMG9+ctrl,systema_pearson,-0.065490996468907783,,20
SMUG1+ctrl,txpert_macro_pearson_delta,,constant_vector,5000
SMUG1+ctrl,trishift_pearson_delta,0.66452149520846937,,20
SMUG1+ctrl,systema_pearson,0.79726769348364368,,20
SNAPC1+ctrl,txpert_macro_pearson_delta,,constant_vector,5000
SNAPC1+ctrl,trishift_pearson_delta,0.36070472728223635,,20
SNAPC1+ctrl,systema_pearson,-0.39855527064476409,,20
SNRNP27+ctrl,txpert_macro_pearson_delta,,constant_vector,5000
SNRNP27+ctrl,trishift_pearson_delta,0.27738531969559638,,20
SNRNP27+ctrl,systema_pearson,-0.54679964668768355,,20
SNRNP35+ctrl,txpert_macro_pearson_delta,,constant_vector,5000
SNRNP35+ctrl,trishift_pearson_delta,0.89355259136487197,,20
SNRNP35+ctrl,systema_pearson,-0.33049399786813011,,20
SNRNP48+ctrl,txpert_macro_pearson_delta,,constant_vector,5000
SNRNP48+ctrl,trishift_pearson_delta,-0.1577179832004505,,20
SNRNP48+ctrl,systema_pearson,-0.39154017113192935,,20
SNRPA+ctrl,txpert_macro_pearson_delta,,constant_vector,5000
SNRPA+ctrl,trishift_pearson_delta,-0.014729220215585868,,20
SNRPA+ctrl,systema_pearson,-0.88262848169118546,,20
SNRPD3+ctrl,txpert_macro_pearson_delta,,constant_vector,5000
SNRPD3+ctrl,trishift_pearson_delta,-0.079008536166760457,,20
SNRPD3+ctrl,systema_pearson,-0.69703372782945139,,20
SOD1+ctrl,txpert_macro_pearson_delta,,constant_vector,5000
SOD1+ctrl,trishift_pearson_delta,-0.52237398212653896,,19
SOD1+ctrl,systema_pearson,0.33275283521508681,,19
SPDL1+ctrl,txpert_macro_pearson_delta,,constant_vector,5000
SPDL1+ctrl,trishift_pearson_delta,0.064137291753734726,,20
SPDL1+ctrl,systema_pearson,0.15117431710864301,,20
SPDYE2+ctrl,txpert_macro_pearson_delta,,constant_vector,5000
SPDYE2+ctrl,trishift_pearson_delta,-0.32586060718264898,,20
SPDYE2+ctrl,systema_pearson,-0.43817957166609978,,20
SRA1+ctrl,txpert_macro_pearson_delta,,constant_vector,5000
SRA1+ctrl,trishift_pearson_delta,-0.097178849254493563,,20
SRA1+ctrl,systema_pearson,0.58618686145209065,,20
SRBD1+ctrl,txpert_macro_pearson_delta,,constant_vector,5000
SRBD1+ctrl,trishift_pearson_delta,-0.21959041246502883,,20
SRBD1+ctrl,systema_pearson,-0.90748455426250785,,20
SRCAP+ctrl,txpert_macro_pearson_delta,,constant_vector,5000
SRCAP+ctrl,trishift_pearson_delta,0.14181216473205333,,20
SRCAP+ctrl,systema_pearson,0.6806828549702798,,20
SRF+ctrl,txpert_macro_pearson_delta,,constant_vector,5000
SRF+ctrl,trishift_pearson_delta,0.18764803456691007,,20
SRF+ctrl,systema_pearson,-0.38125820968374247,,20
SRFBP1+ctrl,txpert_macro_pearson_delta,,constant_vector,5000
SRFBP1+ctrl,trishift_pearson_delta,-0.37049769072996064,,20
SRFBP1+ctrl,systema_pearson,0.1061121090161823,,20
SRP14+ctrl,txpert_macro_pearson_delta,,constant_vector,5000
SRP14+ctrl,trishift_pearson_delta,0.22928803945152401,,20
SRP14+ctrl,systema_pearson,0.35208162021083839,,20
SRP54+ctrl,txpert_macro_pearson_delta,,constant_vector,5000
SRP54+ctrl,trishift_pearson_delta,-0.079030426317655236,,20
SRP54+ctrl,systema_pearson,-0.67347234494065866,,20
SRSF2+ctrl,txpert_macro_pearson_delta,,constant_vector,5000
SRSF2+ctrl,trishift_pearson_delta,-0.72203356744171743,,19
SRSF2+ctrl,systema_pearson,-0.67747727588481677,,19
SRSF6+ctrl,txpert_macro_pearson_delta,,constant_vector,5000
SRSF6+ctrl,trishift_pearson_delta,0.37760091553013164,,20
SRSF6+ctrl,systema_pearson,0.3666430441533397,,20
SRSF7+ctrl,txpert_macro_pearson_delta,,constant_vector,5000
SRSF7+ctrl,trishift_pearson_delta,-0.2131594307142346,,19
SRSF7+ctrl,systema_pearson,0.5126216691559129,,19
STRIP1+ctrl,txpert_macro_pearson_delta,,constant_vector,5000
STRIP1+ctrl,trishift_pearson_delta,-0.53385575749414693,,20
STRIP1+ctrl,systema_pearson,-0.055141391474783273,,20
STT3B+ctrl,txpert_macro_pearson_delta,,constant_vector,5000
STT3B+ctrl,trishift_pearson_delta,0.5509559213819808,,20
STT3B+ctrl,systema_pearson,-0.86521913306645049,,20
STXBP4+ctrl,txpert_macro_pearson_delta,,constant_vector,5000
STXBP4+ctrl,trishift_pearson_delta,0.49737346797400395,,20
STXBP4+ctrl,systema_pearson,0.8614998838591601,,20
SUGP1+ctrl,txpert_macro_pearson_delta,,constant_vector,5000
SUGP1+ctrl,trishift_pearson_delta,-0.49689185923656437,,20
SUGP1+ctrl,systema_pearson,-0.66376769276072445,,20
SUPT16H+ctrl,txpert_macro_pearson_delta,,constant_vector,5000
SUPT16H+ctrl,trishift_pearson_delta,0.012117843481750707,,19
SUPT16H+ctrl,systema_pearson,-0.77528103919932834,,19
SUPT20H+ctrl,txpert_macro_pearson_delta,,constant_vector,5000
SUPT20H+ctrl,trishift_pearson_delta,-0.034994112250202755,,20
SUPT20H+ctrl,systema_pearson,0.42090695253344607,,20
SUPT4H1+ctrl,txpert_macro_pearson_delta,,constant_vector,5000
SUPT4H1+ctrl,trishift_pearson_delta,0.73796255813248379,,20
SUPT4H1+ctrl,systema_pearson,0.71293506679192542,,20
SYNGR3+ctrl,txpert_macro_pearson_delta,,constant_vector,5000
SYNGR3+ctrl,trishift_pearson_delta,0.22233311227507946,,20
SYNGR3+ctrl,systema_pearson,-0.90689537573443835,,20
TAF10+ctrl,txpert_macro_pearson_delta,,constant_vector,5000
TAF10+ctrl,trishift_pearson_delta,0.21592179971639919,,20
TAF10+ctrl,systema_pearson,-0.50958165708779279,,20
TAF12+ctrl,txpert_macro_pearson_delta,,constant_vector,5000
TAF12+ctrl,trishift_pearson_delta,-0.13630509439322,,20
TAF12+ctrl,systema_pearson,-0.5468678878147607,,20
TAF1C+ctrl,txpert_macro_pearson_delta,,constant_vector,5000
TAF1C+ctrl,trishift_pearson_delta,0.19355758678930216,,20
TAF1C+ctrl,systema_pearson,-0.20534060501324128,,20
TAMM41+ctrl,txpert_macro_pearson_delta,,constant_vector,5000
TAMM41+ctrl,trishift_pearson_delta,0.15527939312933448,,20
TAMM41+ctrl,systema_pearson,0.44607542223056701,,20
TBC1D28+ctrl,txpert_macro_pearson_delta,,constant_vector,5000
TBC1D28+ctrl,trishift_pearson_delta,-0.22750822724571473,,20
TBC1D28+ctrl,systema_pearson,0.9305714057881409,,20
TBCC+ctrl,txpert_macro_pearson_delta,,constant_vector,5000
TBCC+ctrl,trishift_pearson_delta,0.46038453359933512,,20
TBCC+ctrl,systema_pearson,0.36640820273802382,,20
TBP+ctrl,txpert_macro_pearson_delta,,constant_vector,5000
TBP+ctrl,trishift_pearson_delta,-0.22257236032485292,,20
TBP+ctrl,systema_pearson,-0.47275226773050871,,20
TBX1+ctrl,txpert_macro_pearson_delta,,constant_vector,5000
TBX1+ctrl,trishift_pearson_delta,0.32474058184330928,,20
TBX1+ctrl,systema_pearson,-0.085707283531973391,,20
TCOF1+ctrl,txpert_macro_pearson_delta,,constant_vector,5000
TCOF1+ctrl,trishift_pearson_delta,0.58513842309147945,,20
TCOF1+ctrl,systema_pearson,-0.65610322598478021,,20
TELO2+ctrl,txpert_macro_pearson_delta,,constant_vector,5000
TELO2+ctrl,trishift_pearson_delta,-0.07305253251303695,,20
TELO2+ctrl,systema_pearson,-0.71963765264467361,,20
TFAP4+ctrl,txpert_macro_pearson_delta,,constant_vector,5000
TFAP4+ctrl,trishift_pearson_delta,-0.58519990730273486,,20
TFAP4+ctrl,systema_pearson,-0.36330806170658847,,20
TFRC+ctrl,txpert_macro_pearson_delta,,constant_vector,5000
TFRC+ctrl,trishift_pearson_delta,0.04332389292773936,,20
TFRC+ctrl,systema_pearson,-0.17289054104557031,,20
THAP11+ctrl,txpert_macro_pearson_delta,,constant_vector,5000
THAP11+ctrl,trishift_pearson_delta,0.2184139550018869,,20
THAP11+ctrl,systema_pearson,0.37050093139164358,,20
THOC2+ctrl,txpert_macro_pearson_delta,,constant_vector,5000
THOC2+ctrl,trishift_pearson_delta,0.6936776524677134,,20
THOC2+ctrl,systema_pearson,-0.3906396580909261,,20
THOC6+ctrl,txpert_macro_pearson_delta,,constant_vector,5000
THOC6+ctrl,trishift_pearson_delta,0.44801341723703048,,20
THOC6+ctrl,systema_pearson,-0.23721650816172038,,20
TIMM23B+ctrl,txpert_macro_pearson_delta,,constant_vector,5000
TIMM23B+ctrl,trishift_pearson_delta,0.12674491946668257,,20
TIMM23B+ctrl,systema_pearson,-0.39193765623681748,,20
TIMM8A+ctrl,txpert_macro_pearson_delta,,constant_vector,5000
TIMM8A+ctrl,trishift_pearson_delta,0.3870284481530844,,20
TIMM8A+ctrl,systema_pearson,0.74804730714482082,,20
TIPIN+ctrl,txpert_macro_pearson_delta,,constant_vector,5000
TIPIN+ctrl,trishift_pearson_delta,0.30861579869912742,,20
TIPIN+ctrl,systema_pearson,0.43158925207233734,,20
TLCD1+ctrl,txpert_macro_pearson_delta,,constant_vector,5000
TLCD1+ctrl,trishift_pearson_delta,0.27926633833527204,,20
TLCD1+ctrl,systema_pearson,0.36385284185315803,,20
TLN1+ctrl,txpert_macro_pearson_delta,,constant_vector,5000
TLN1+ctrl,trishift_pearson_delta,-0.36413933929583475,,20
TLN1+ctrl,systema_pearson,-0.041677321418335203,,20
TMEM127+ctrl,txpert_macro_pearson_delta,,constant_vector,5000
TMEM127+ctrl,trishift_pearson_delta,-0.20092369157445394,,20
TMEM127+ctrl,systema_pearson,0.82873109125119049,,20
TMEM161B+ctrl,txpert_macro_pearson_delta,,constant_vector,5000
TMEM161B+ctrl,trishift_pearson_delta,-0.10180688836498226,,20
TMEM161B+ctrl,systema_pearson,0.075602185679870773,,20
TMEM214+ctrl,txpert_macro_pearson_delta,,constant_vector,5000
TMEM214+ctrl,trishift_pearson_delta,0.023295023523716474,,20
TMEM214+ctrl,systema_pearson,-0.14689045971056014,,20
TMEM240+ctrl,txpert_macro_pearson_delta,,constant_vector,5000
TMEM240+ctrl,trishift_pearson_delta,-0.71477938377081074,,20
TMEM240+ctrl,systema_pearson,-0.79966224943940367,,20
TMX2+ctrl,txpert_macro_pearson_delta,,constant_vector,5000
TMX2+ctrl,trishift_pearson_delta,0.60345877366147194,,20
TMX2+ctrl,systema_pearson,-0.76420801141926964,,20
TNPO3+ctrl,txpert_macro_pearson_delta,,constant_vector,5000
TNPO3+ctrl,trishift_pearson_delta,-0.18584766098264663,,20
TNPO3+ctrl,systema_pearson,-0.31362438875389853,,20
TOMM20+ctrl,txpert_macro_pearson_delta,,constant_vector,5000
TOMM20+ctrl,trishift_pearson_delta,0.6529523253412951,,20
TOMM20+ctrl,systema_pearson,-0.49015450503638602,,20
TOMM22+ctrl,txpert_macro_pearson_delta,,constant_vector,5000
TOMM22+ctrl,trishift_pearson_delta,-0.60481625937044203,,20
TOMM22+ctrl,systema_pearson,-0.77489808243760561,,20
TOP1+ctrl,txpert_macro_pearson_delta,,constant_vector,5000
TOP1+ctrl,trishift_pearson_delta,-0.22674085307255479,,19
TOP1+ctrl,systema_pearson,0.505756285631493,,19
TOX4+ctrl,txpert_macro_pearson_delta,,constant_vector,5000
TOX4+ctrl,trishift_pearson_delta,-0.26541506927466169,,20
TOX4+ctrl,systema_pearson,0.70985952931952967,,20
TPR+ctrl,txpert_macro_pearson_delta,,constant_vector,5000
TPR+ctrl,trishift_pearson_delta,0.083709198245414951,,20
TPR+ctrl,systema_pearson,-0.6687897163969394,,20
TRAPPC1+ctrl,txpert_macro_pearson_delta,,constant_vector,5000
TRAPPC1+ctrl,trishift_pearson_delta,0.79730535864038909,,20
TRAPPC1+ctrl,systema_pearson,0.75000366880963454,,20
TRAPPC8+ctrl,txpert_macro_pearson_delta,,constant_vector,5000
TRAPPC8+ctrl,trishift_pearson_delta,0.19188685657403176,,20
TRAPPC8+ctrl,systema_pearson,-0.61211267231064403,,20
TSEN34+ctrl,txpert_macro_pearson_delta,,constant_vector,5000
TSEN34+ctrl,trishift_pearson_delta,0.37515008318374354,,20
TSEN34+ctrl,systema_pearson,0.13964978328064159,,20
TSG101+ctrl,txpert_macro_pearson_delta,,constant_vector,5000
TSG101+ctrl,trishift_pearson_delta,0.39695883628016743,,20
TSG101+ctrl,systema_pearson,0.5170812117882605,,20
TSPYL5+ctrl,txpert_macro_pearson_delta,,constant_vector,5000
TSPYL5+ctrl,trishift_pearson_delta,0.14850496871290644,,20
TSPYL5+ctrl,systema_pearson,-0.60969436587637682,,20
TTC1+ctrl,txpert_macro_pearson_delta,,constant_vector,5000
TTC1+ctrl,trishift_pearson_delta,0.082190481865690446,,20
TTC1+ctrl,systema_pearson,-0.52690271287175183,,20
TTF2+ctrl,txpert_macro_pearson_delta,,constant_vector,5000
TTF2+ctrl,trishift_pearson_delta,0.21231443468186989,,20
TTF2+ctrl,systema_pearson,0.11034891631124925,,20
TUBB2A+ctrl,txpert_macro_pearson_delta,,constant_vector,5000
TUBB2A+ctrl,trishift_pearson_delta,-0.21972728204479405,,20
TUBB2A+ctrl,systema_pearson,-0.58580443435204699,,20
TUBGCP3+ctrl,txpert_macro_pearson_delta,,constant_vector,5000
TUBGCP3+ctrl,trishift_pearson_delta,0.21787203887748338,,20
TUBGCP3+ctrl,systema_pearson,0.31276774674927132,,20
TWF1+ctrl,txpert_macro_pearson_delta,,constant_vector,5000
TWF1+ctrl,trishift_pearson_delta,-0.44110351354175276,,20
TWF1+ctrl,systema_pearson,0.47354128357397068,,20
TWNK+ctrl,txpert_macro_pearson_delta,,constant_vector,5000
TWNK+ctrl,trishift_pearson_delta,-0.22486610496413295,,20
TWNK+ctrl,systema_pearson,-0.77119619839104614,,20
TWSG1+ctrl,txpert_macro_pearson_delta,,constant_vector,5000
TWSG1+ctrl,trishift_pearson_delta,0.064769277419300525,,20
TWSG1+ctrl,systema_pearson,-0.59864222227712371,,20
TXNL4A+ctrl,txpert_macro_pearson_delta,,constant_vector,5000
TXNL4A+ctrl,trishift_pearson_delta,0.36355891036889526,,20
TXNL4A+ctrl,systema_pearson,-0.89341008406432187,,20
U2SURP+ctrl,txpert_macro_pearson_delta,,constant_vector,5000
U2SURP+ctrl,trishift_pearson_delta,-0.10793071025448975,,20
U2SURP+ctrl,systema_pearson,-0.43357449887374039,,20
UBA1+ctrl,txpert_macro_pearson_delta,,constant_vector,5000
UBA1+ctrl,trishift_pearson_delta,0.017106938187286484,,20
UBA1+ctrl,systema_pearson,-0.52626817594518904,,20
UBE2L3+ctrl,txpert_macro_pearson_delta,,constant_vector,5000
UBE2L3+ctrl,trishift_pearson_delta,0.54301510429250444,,20
UBE2L3+ctrl,systema_pearson,0.30290204435291107,,20
UBE2Z+ctrl,txpert_macro_pearson_delta,,constant_vector,5000
UBE2Z+ctrl,trishift_pearson_delta,-0.19753057518981862,,20
UBE2Z+ctrl,systema_pearson,0.064585020534711463,,20
UBL5+ctrl,txpert_macro_pearson_delta,,constant_vector,5000
UBL5+ctrl,trishift_pearson_delta,0.015576166871866283,,20
UBL5+ctrl,systema_pearson,-0.39874539883654286,,20
UBR5+ctrl,txpert_macro_pearson_delta,,constant_vector,5000
UBR5+ctrl,trishift_pearson_delta,-0.34956953063616208,,20
UBR5+ctrl,systema_pearson,-0.073751949103200737,,20
UPF2+ctrl,txpert_macro_pearson_delta,,constant_vector,5000
UPF2+ctrl,trishift_pearson_delta,-0.16569966760274338,,20
UPF2+ctrl,systema_pearson,-0.56002209565088423,,20
UQCRFS1+ctrl,txpert_macro_pearson_delta,,constant_vector,5000
UQCRFS1+ctrl,trishift_pearson_delta,0.28660282649103347,,20
UQCRFS1+ctrl,systema_pearson,-0.37548143496856379,,20
UQCRQ+ctrl,txpert_macro_pearson_delta,,constant_vector,5000
UQCRQ+ctrl,trishift_pearson_delta,0.53857806422341936,,20
UQCRQ+ctrl,systema_pearson,0.060360365215921315,,20
URB1+ctrl,txpert_macro_pearson_delta,,constant_vector,5000
URB1+ctrl,trishift_pearson_delta,0.24540847937324417,,20
URB1+ctrl,systema_pearson,-0.35252767868777868,,20
USF2+ctrl,txpert_macro_pearson_delta,,constant_vector,5000
USF2+ctrl,trishift_pearson_delta,0.20065819384604391,,20
USF2+ctrl,systema_pearson,-0.10915663274497579,,20
USP36+ctrl,txpert_macro_pearson_delta,,constant_vector,5000
USP36+ctrl,trishift_pearson_delta,0.45100500391538478,,20
USP36+ctrl,systema_pearson,-0.68329672535207697,,20
USP39+ctrl,txpert_macro_pearson_delta,,constant_vector,5000
USP39+ctrl,trishift_pearson_delta,-0.17934688831462464,,20
USP39+ctrl,systema_pearson,0.099607447504793584,,20
USP5+ctrl,txpert_macro_pearson_delta,,constant_vector,5000
USP5+ctrl,trishift_pearson_delta,0.77234669181182147,,20
USP5+ctrl,systema_pearson,0.68966808189141482,,20
USP8+ctrl,txpert_macro_pearson_delta,,constant_vector,5000
USP8+ctrl,trishift_pearson_delta,0.56711514839704757,,20
USP8+ctrl,systema_pearson,-0.86346209280827679,,20
USPL1+ctrl,txpert_macro_pearson_delta,,constant_vector,5000
USPL1+ctrl,trishift_pearson_delta,0.19682192996784242,,20
USPL1+ctrl,systema_pearson,-0.87868727376516576,,20
UTP15+ctrl,txpert_macro_pearson_delta,,constant_vector,5000
UTP15+ctrl,trishift_pearson_delta,0.15899772530888284,,20
UTP15+ctrl,systema_pearson,-0.75488218815675912,,20
UTP25+ctrl,txpert_macro_pearson_delta,,constant_vector,5000
UTP25+ctrl,trishift_pearson_delta,0.095566265081515486,,20
UTP25+ctrl,systema_pearson,-0.2911814935880177,,20
UTP6+ctrl,txpert_macro_pearson_delta,,constant_vector,5000
UTP6+ctrl,trishift_pearson_delta,0.51219113723344245,,20
UTP6+ctrl,systema_pearson,-0.69317651768036348,,20
VHL+ctrl,txpert_macro_pearson_delta,,constant_vector,5000
VHL+ctrl,trishift_pearson_delta,0.43653913023723762,,20
VHL+ctrl,systema_pearson,0.35748743670569066,,20
VPS25+ctrl,txpert_macro_pearson_delta,,constant_vector,5000
VPS25+ctrl,trishift_pearson_delta,0.48799473886640177,,20
VPS25+ctrl,systema_pearson,0.80524059606564891,,20
VPS33A+ctrl,txpert_macro_pearson_delta,,constant_vector,5000
VPS33A+ctrl,trishift_pearson_delta,0.32937391997434351,,20
VPS33A+ctrl,systema_pearson,0.75084662521932477,,20
VPS37A+ctrl,txpert_macro_pearson_delta,,constant_vector,5000
VPS37A+ctrl,trishift_pearson_delta,0.44815567398070283,,20
VPS37A+ctrl,systema_pearson,-0.2711806305153005,,20
VPS41+ctrl,txpert_macro_pearson_delta,,constant_vector,5000
VPS41+ctrl,trishift_pearson_delta,-0.15117520167546508,,20
VPS41+ctrl,systema_pearson,0.50238553549578191,,20
WDR1+ctrl,txpert_macro_pearson_delta,,constant_vector,5000
WDR1+ctrl,trishift_pearson_delta,-0.37837664639014751,,20
WDR1+ctrl,systema_pearson,-0.18302133683727162,,20
WDR12+ctrl,txpert_macro_pearson_delta,,constant_vector,5000
WDR12+ctrl,trishift_pearson_delta,-0.38078444188951727,,20
WDR12+ctrl,systema_pearson,-0.72016922365709557,,20
WDR18+ctrl,txpert_macro_pearson_delta,,constant_vector,5000
WDR18+ctrl,trishift_pearson_delta,0.3233750108457909,,20
WDR18+ctrl,systema_pearson,-0.5842347237142107,,20
WDR24+ctrl,txpert_macro_pearson_delta,,constant_vector,5000
WDR24+ctrl,trishift_pearson_delta,-0.32149226646146623,,20
WDR24+ctrl,systema_pearson,0.0039993238518309226,,20
WDR25+ctrl,txpert_macro_pearson_delta,,constant_vector,5000
WDR25+ctrl,trishift_pearson_delta,0.73597491116514424,,20
WDR25+ctrl,systema_pearson,-0.42399412084170418,,20
WDR36+ctrl,txpert_macro_pearson_delta,,constant_vector,5000
WDR36+ctrl,trishift_pearson_delta,0.09559102499474402,,20
WDR36+ctrl,systema_pearson,-0.064680981270344814,,20
WDR43+ctrl,txpert_macro_pearson_delta,,constant_vector,5000
WDR43+ctrl,trishift_pearson_delta,-0.62544062133375578,,20
WDR43+ctrl,systema_pearson,-0.64912774252921934,,20
WDR61+ctrl,txpert_macro_pearson_delta,,constant_vector,5000
WDR61+ctrl,trishift_pearson_delta,-0.54580266292726687,,20
WDR61+ctrl,systema_pearson,-0.60784697006201827,,20
WDR7+ctrl,txpert_macro_pearson_delta,,constant_vector,5000
WDR7+ctrl,trishift_pearson_delta,0.41295681594784861,,20
WDR7+ctrl,systema_pearson,-0.53872922293704095,,20
WDTC1+ctrl,txpert_macro_pearson_delta,,constant_vector,5000
WDTC1+ctrl,trishift_pearson_delta,-0.37366185564635646,,20
WDTC1+ctrl,systema_pearson,0.28300909763033266,,20
XPO1+ctrl,txpert_macro_pearson_delta,,constant_vector,5000
XPO1+ctrl,trishift_pearson_delta,0.56494397036624677,,20
XPO1+ctrl,systema_pearson,0.37168105830544546,,20
XRCC3+ctrl,txpert_macro_pearson_delta,,constant_vector,5000
XRCC3+ctrl,trishift_pearson_delta,-0.38417105577111793,,20
XRCC3+ctrl,systema_pearson,-0.48445852403014072,,20
YBX1+ctrl,txpert_macro_pearson_delta,,constant_vector,5000
YBX1+ctrl,trishift_pearson_delta,0.095809553413840801,,20
YBX1+ctrl,systema_pearson,-0.37353154539675315,,20
ZBTB11+ctrl,txpert_macro_pearson_delta,,constant_vector,5000
ZBTB11+ctrl,trishift_pearson_delta,0.22312173533992222,,20
ZBTB11+ctrl,systema_pearson,-0.44888543228570404,,20
ZBTB4+ctrl,txpert_macro_pearson_delta,,constant_vector,5000
ZBTB4+ctrl,trishift_pearson_delta,0.33031235161015482,,20
ZBTB4+ctrl,systema_pearson,-0.91372222672518244,,20
ZFC3H1+ctrl,txpert_macro_pearson_delta,,constant_vector,5000
ZFC3H1+ctrl,trishift_pearson_delta,-0.34249304029176697,,20
ZFC3H1+ctrl,systema_pearson,-0.29580368164383825,,20
ZNF131+ctrl,txpert_macro_pearson_delta,,constant_vector,5000
ZNF131+ctrl,trishift_pearson_delta,0.4327121102867702,,20
ZNF131+ctrl,systema_pearson,-0.543671400545228,,20
ZNF24+ctrl,txpert_macro_pearson_delta,,constant_vector,5000
ZNF24+ctrl,trishift_pearson_delta,0.041998312549137939,,20
ZNF24+ctrl,systema_pearson,0.12780145629772835,,20
ZNF292+ctrl,txpert_macro_pearson_delta,,constant_vector,5000
ZNF292+ctrl,trishift_pearson_delta,-0.54933639609318385,,20
ZNF292+ctrl,systema_pearson,-0.11403165416293685,,20
ZNF559+ctrl,txpert_macro_pearson_delta,,constant_vector,5000
ZNF559+ctrl,trishift_pearson_delta,0.024416324692873258,,20
ZNF559+ctrl,systema_pearson,-0.35228476010109017,,20
ZNF687+ctrl,txpert_macro_pearson_delta,,constant_vector,5000
ZNF687+ctrl,trishift_pearson_delta,0.79846860122772279,,20
ZNF687+ctrl,systema_pearson,0.81138465001409321,,20
ZNF706+ctrl,txpert_macro_pearson_delta,,constant_vector,5000
ZNF706+ctrl,trishift_pearson_delta,0.6362588469592203,,20
ZNF706+ctrl,systema_pearson,-0.31628575123276076,,20
ZNF763+ctrl,txpert_macro_pearson_delta,,constant_vector,5000
ZNF763+ctrl,trishift_pearson_delta,-0.71749051456432167,,20
ZNF763+ctrl,systema_pearson,-0.35595553864671081,,20
ZNF84+ctrl,txpert_macro_pearson_delta,,constant_vector,5000
ZNF84+ctrl,trishift_pearson_delta,-0.14644805432097782,,20
ZNF84+ctrl,systema_pearson,0.18087693200927396,,20
ZNHIT6+ctrl,txpert_macro_pearson_delta,,constant_vector,5000
ZNHIT6+ctrl,trishift_pearson_delta,0.26778419296439221,,20
ZNHIT6+ctrl,systema_pearson,-0.057861652573347661,,20
ZRANB2+ctrl,txpert_macro_pearson_delta,,constant_vector,5000
ZRANB2+ctrl,trishift_pearson_delta,-0.38878179261769391,,20
ZRANB2+ctrl,systema_pearson,-0.10126218783466678,,20
ZW10+ctrl,txpert_macro_pearson_delta,,constant_vector,5000
ZW10+ctrl,trishift_pearson_delta,-0.19253578765817642,,20
ZW10+ctrl,systema_pearson,0.61877760214323563,,20
